{"id":"AE","name":"United Arab Emirates","month":"2015-01","access_date":"2015-02-01","data":{"chrome":{"4":0.019116,"5":0.009558,"6":0.014337,"7":0.014337,"8":0.004779,"9":0.004779,"10":0.028674,"11":0.071685,"12":0.033453,"13":0.023895,"14":0.04779,"15":0.019116,"16":0.023895,"17":0.004779,"18":0.009558,"19":0.009558,"20":0.004779,"21":0.014337,"22":0.086022,"23":0.009558,"24":0.009558,"25":0.023895,"26":0.04779,"27":0.038232,"28":0.052569,"29":0.071685,"30":0.057348,"31":0.181602,"32":0.105138,"33":0.66906,"34":0.157707,"35":0.468342,"36":0.831546,"37":0.4779,"38":0.9558,"39":19.474425,"40":5.581872,"41":0.57348,"42":0.038232,"43":null},"firefox":{"2":null,"3":0.014337,"3.5":null,"3.6":0.028674,"4":0.009558,"5":null,"6":0.014337,"7":null,"8":0.004779,"9":0.004779,"10":0.009558,"11":0.019116,"12":0.023895,"13":0.004779,"14":0.004779,"15":0.004779,"16":0.019116,"17":0.004779,"18":0.009558,"19":0.009558,"20":0.009558,"21":0.009558,"22":0.014337,"23":0.014337,"24":0.009558,"25":0.014337,"26":0.019116,"27":0.009558,"28":0.014337,"29":0.023895,"30":0.057348,"31":0.076464,"32":0.066906,"33":0.090801,"34":1.973727,"35":1.968948,"36":0.186381,"37":null,"38":null},"opera":{"9":null,"9.5-9.6":null,"10.0-10.1":0,"10.5":null,"10.6":null,"11":null,"11.1":null,"11.5":null,"11.6":null,"12":null,"12.1":0.052569,"15":null,"16":null,"17":null,"18":null,"19":null,"20":0.009558,"21":null,"22":null,"23":null,"24":null,"25":0.004779,"26":0.606933,"27":0.100359,"28":null,"29":null},"safari":{"3.1":null,"3.2":null,"4":0.019116,"5":0.076464,"5.1":0.243729,"6":0.105138,"6.1":0.181602,"7":0.367983,"7.1":0.492237,"8":1.084833},"android":{"2.1":0,"2.2":0,"2.3":0.168750867762,"3":0,"4":0.344699639836,"4.1":1.0740872768,"4.2-4.3":1.75948772074,"4.4":3.14308488296,"4.4.3-4.4.4":1.29962161191,"37":0},"ios_saf":{"3.2":0,"4.0-4.1":0,"4.2-4.3":0,"5.0-5.1":0.0362455966006,"6.0-6.1":0.115731554058,"7.0-7.1":1.65457969044,"8":0.398701562607,"8.1":4.1173725963},"op_mob":{"10":0,"11":0,"11.1":0,"11.5":0,"12":0.00647109859155,"12.1":0.0194132957746,"0":null},"ie":{"5.5":null,"6":0.0194056363636,"7":0.0485140909091,"8":1.52819386364,"9":1.14978395455,"10":1.11097268182,"11":4.78834077273,"0":null},"ie_mob":{"10":0.232740577778,"11":0.383337422222},"bb":{"7":0.20231375,"10":null},"and_uc":{"0":22.643477},"op_mini":{"5.0-8.0":2.50107960563},"and_chr":{"0":10.546889},"and_ff":{"0":0.083536}},"total":97.73786475}