{"id":"AF","name":"Afghanistan","month":"2015-01","access_date":"2015-02-01","data":{"chrome":{"4":0.032382,"5":0.013878,"6":0.027756,"7":0.009252,"8":0.041634,"9":null,"10":0.055512,"11":0.124902,"12":0.06939,"13":0.009252,"14":0.027756,"15":0.02313,"16":0.032382,"17":0.009252,"18":0.041634,"19":0.09252,"20":0.013878,"21":0.050886,"22":0.037008,"23":0.027756,"24":0.041634,"25":0.083268,"26":0.018504,"27":0.027756,"28":0.060138,"29":0.078642,"30":0.11565,"31":0.129528,"32":0.04626,"33":0.402462,"34":0.101772,"35":0.143406,"36":0.684648,"37":0.152658,"38":0.296064,"39":11.116278,"40":3.427866,"41":0.448722,"42":0.027756,"43":null},"firefox":{"2":0.013878,"3":0.083268,"3.5":0.041634,"3.6":0.097146,"4":0.282186,"5":0.050886,"6":0.041634,"7":0.02313,"8":0.120276,"9":0.18504,"10":0.16191,"11":0.152658,"12":0.152658,"13":0.06939,"14":0.06939,"15":0.11565,"16":0.04626,"17":0.124902,"18":0.124902,"19":0.064764,"20":0.124902,"21":0.074016,"22":0.152658,"23":0.04626,"24":0.53199,"25":0.152658,"26":0.171162,"27":0.134154,"28":0.04626,"29":0.411714,"30":0.448722,"31":0.333072,"32":0.291438,"33":0.758664,"34":4.41783,"35":3.83958,"36":0.351576,"37":0.004626,"38":null},"opera":{"9":null,"9.5-9.6":null,"10.0-10.1":0.013878,"10.5":null,"10.6":0.009252,"11":0.018504,"11.1":0.050886,"11.5":0.004626,"11.6":0.02313,"12":0.032382,"12.1":0.120276,"15":0.018504,"16":0.018504,"17":0.018504,"18":0.009252,"19":0.009252,"20":0.037008,"21":0.009252,"22":0.013878,"23":0.004626,"24":0.013878,"25":0.013878,"26":0.841932,"27":0.097146,"28":null,"29":null},"safari":{"3.1":null,"3.2":null,"4":0,"5":0.02313,"5.1":0.106398,"6":0.11565,"6.1":0.055512,"7":0.124902,"7.1":0.32382,"8":0.34695},"android":{"2.1":0,"2.2":0,"2.3":0.272884436961,"3":0,"4":0.557408494456,"4.1":1.73689004189,"4.2-4.3":2.84524057495,"4.4":5.08263429979,"4.4.3-4.4.4":2.10159815195,"37":0},"ios_saf":{"3.2":0,"4.0-4.1":0,"4.2-4.3":0,"5.0-5.1":0.032008890878,"6.0-6.1":0.102203827014,"7.0-7.1":1.46117779061,"8":0.352097799658,"8.1":3.63609769184},"op_mob":{"10":0,"11":0,"11.1":0,"11.5":0,"12":0.0287760153649,"12.1":0.0863280460948,"0":null},"ie":{"5.5":null,"6":0.0927665008881,"7":0.129873101243,"8":2.10579957016,"9":1.22451781172,"10":1.62341376554,"11":5.25986060036,"0":null},"ie_mob":{"10":0.156323688889,"11":0.257474311111},"bb":{"7":0.013435,"10":null},"and_uc":{"0":5.77705},"op_mini":{"5.0-8.0":11.1219299385},"and_chr":{"0":10.45129},"and_ff":{"0":0.386928}},"total":91.8269343499}