{"id":"AI","name":"Anguilla","month":"2015-01","access_date":"2015-02-01","data":{"chrome":{"4":null,"5":0.023967,"6":null,"7":null,"8":null,"9":null,"10":null,"11":0.039945,"12":0.031956,"13":null,"14":null,"15":null,"16":null,"17":null,"18":null,"19":null,"20":0.031956,"21":null,"22":null,"23":0.023967,"24":null,"25":null,"26":0.127824,"27":0.199725,"28":0.063912,"29":0.007989,"30":null,"31":0.127824,"32":0.111846,"33":0.143802,"34":0.295593,"35":0.143802,"36":1.5978,"37":0.143802,"38":1.03857,"39":26.147997,"40":7.102221,"41":1.11846,"42":0.015978,"43":null},"firefox":{"2":0.015978,"3":null,"3.5":null,"3.6":null,"4":0.055923,"5":null,"6":null,"7":null,"8":null,"9":null,"10":null,"11":null,"12":null,"13":null,"14":null,"15":0.007989,"16":0.015978,"17":null,"18":null,"19":null,"20":null,"21":0.015978,"22":null,"23":null,"24":0.007989,"25":null,"26":null,"27":null,"28":0.007989,"29":0.023967,"30":0.07989,"31":0.271626,"32":0.583197,"33":0.351516,"34":5.927838,"35":5.656212,"36":0.071901,"37":null,"38":null},"opera":{"9":null,"9.5-9.6":null,"10.0-10.1":0,"10.5":null,"10.6":null,"11":null,"11.1":null,"11.5":null,"11.6":null,"12":null,"12.1":0.063912,"15":null,"16":null,"17":null,"18":null,"19":null,"20":null,"21":null,"22":null,"23":null,"24":null,"25":null,"26":0.231681,"27":null,"28":null,"29":null},"safari":{"3.1":null,"3.2":null,"4":0.055923,"5":0.183747,"5.1":0.303582,"6":0.063912,"6.1":2.340777,"7":0.591186,"7.1":2.292843,"8":2.852073},"android":{"2.1":0,"2.2":0,"2.3":0.113399133778,"3":0,"4":0.231635197433,"4.1":0.721777424949,"4.2-4.3":1.18236063655,"4.4":2.1121260462,"4.4.3-4.4.4":0.873334561088,"37":0},"ios_saf":{"3.2":0,"4.0-4.1":0,"4.2-4.3":0,"5.0-5.1":0.0318184169768,"6.0-6.1":0.101595647189,"7.0-7.1":1.4524828241,"8":0.350002586744,"8.1":3.61446052499},"op_mob":{"10":0,"11":0,"11.1":0,"11.5":0,"12":0.00312593341869,"12.1":0.00937780025608,"0":null},"ie":{"5.5":null,"6":null,"7":0.039945,"8":0.463362,"9":0.687054,"10":1.318185,"11":15.690396,"0":null},"ie_mob":{"10":0.0493812222222,"11":0.0813337777778},"bb":{"7":0.283551,"10":null},"and_uc":{"0":0.102561},"op_mini":{"5.0-8.0":1.20817326633},"and_chr":{"0":6.839717},"and_ff":{"0":0.08044}},"total":98.254139}