{"id":"AL","name":"Albania","month":"2015-01","access_date":"2015-02-01","data":{"chrome":{"4":0.013978,"5":0.055912,"6":0.034945,"7":0.013978,"8":0.055912,"9":0.034945,"10":0.083868,"11":0.104835,"12":0.06989,"13":0.034945,"14":0.048923,"15":0.020967,"16":0.055912,"17":0.013978,"18":0.020967,"19":null,"20":null,"21":0.027956,"22":0.090857,"23":0.020967,"24":0.034945,"25":0.020967,"26":0.06989,"27":0.160747,"28":0.118813,"29":0.076879,"30":0.104835,"31":0.251604,"32":0.195692,"33":0.482241,"34":0.377406,"35":0.524175,"36":0.76879,"37":0.601054,"38":0.642988,"39":32.932168,"40":11.273257,"41":0.342461,"42":0.027956,"43":null},"firefox":{"2":0.006989,"3":0.034945,"3.5":0.020967,"3.6":0.090857,"4":0.034945,"5":0.006989,"6":0.034945,"7":0.027956,"8":0.013978,"9":0.027956,"10":0.041934,"11":0.041934,"12":0.111824,"13":0.013978,"14":0.048923,"15":0.041934,"16":0.034945,"17":0.020967,"18":0.041934,"19":0.034945,"20":0.055912,"21":0.048923,"22":0.034945,"23":0.027956,"24":0.062901,"25":0.048923,"26":0.083868,"27":0.083868,"28":0.048923,"29":0.125802,"30":0.13978,"31":0.272571,"32":0.356439,"33":0.34945,"34":5.38153,"35":5.416475,"36":0.167736,"37":0.006989,"38":null},"opera":{"9":null,"9.5-9.6":null,"10.0-10.1":0,"10.5":null,"10.6":null,"11":null,"11.1":null,"11.5":null,"11.6":null,"12":null,"12.1":0.083868,"15":null,"16":null,"17":null,"18":null,"19":null,"20":null,"21":null,"22":null,"23":null,"24":null,"25":0.013978,"26":0.608043,"27":0.111824,"28":null,"29":null},"safari":{"3.1":null,"3.2":null,"4":0.027956,"5":0.048923,"5.1":0.104835,"6":0.027956,"6.1":0.062901,"7":0.090857,"7.1":0.104835,"8":0.328483},"android":{"2.1":0,"2.2":0,"2.3":0.144153943532,"3":0,"4":0.29445663347,"4.1":0.917529602669,"4.2-4.3":1.50302689938,"4.4":2.68495259754,"4.4.3-4.4.4":1.11019032341,"37":0},"ios_saf":{"3.2":0,"4.0-4.1":0,"4.2-4.3":0,"5.0-5.1":0.04869352982,"6.0-6.1":0.155477586443,"7.0-7.1":2.22281692266,"8":0.53562882802,"8.1":5.53141413306},"op_mob":{"10":0,"11":0,"11.1":0,"11.5":0,"12":0.00575983866837,"12.1":0.0172795160051,"0":null},"ie":{"5.5":null,"6":0.0283732537313,"7":0.0638398208955,"8":0.936317373134,"9":0.602931641791,"10":0.390132238806,"11":2.25567367164,"0":null},"ie_mob":{"10":0.420870888889,"11":0.693199111111},"bb":{"7":0.0948465,"10":null},"and_uc":{"0":0.343254},"op_mini":{"5.0-8.0":2.22617764533},"and_chr":{"0":9.780759},"and_ff":{"0":0.129473}},"total":98.0091265}