{"id":"as","name":"Asia","month":"2015-01","access_date":"2015-02-01","data":{"chrome":{"4":0.021856,"5":0.021856,"6":0.02732,"7":0.016392,"8":0.021856,"9":0.010928,"10":0.038248,"11":0.098352,"12":0.05464,"13":0.038248,"14":0.032784,"15":0.043712,"16":0.02732,"17":0.021856,"18":0.038248,"19":0.010928,"20":0.016392,"21":0.049176,"22":0.092888,"23":0.032784,"24":0.032784,"25":0.043712,"26":0.071032,"27":0.076496,"28":0.065568,"29":0.071032,"30":0.2732,"31":1.644664,"32":0.125672,"33":0.595576,"34":0.344232,"35":0.513616,"36":0.590112,"37":0.622896,"38":1.049088,"39":19.364416,"40":5.786376,"41":0.32784,"42":0.02732,"43":null},"firefox":{"2":null,"3":0.032784,"3.5":0.010928,"3.6":0.071032,"4":0.032784,"5":0.016392,"6":0.016392,"7":0.02732,"8":0.16392,"9":0.021856,"10":0.02732,"11":0.071032,"12":0.071032,"13":0.032784,"14":0.038248,"15":0.038248,"16":0.049176,"17":0.032784,"18":0.032784,"19":0.032784,"20":0.032784,"21":0.032784,"22":0.032784,"23":0.038248,"24":0.043712,"25":0.043712,"26":0.043712,"27":0.05464,"28":0.049176,"29":0.103816,"30":0.1366,"31":0.202168,"32":0.185776,"33":0.267736,"34":2.966952,"35":2.70468,"36":0.278664,"37":0.005464,"38":null},"opera":{"9":null,"9.5-9.6":null,"10.0-10.1":0.005464,"10.5":null,"10.6":null,"11":null,"11.1":null,"11.5":null,"11.6":0.010928,"12":0.010928,"12.1":0.098352,"15":0.005464,"16":null,"17":null,"18":0.005464,"19":0.005464,"20":0.010928,"21":0.005464,"22":null,"23":null,"24":0.010928,"25":0.016392,"26":0.46444,"27":0.071032,"28":null,"29":null},"safari":{"3.1":null,"3.2":null,"4":0.021856,"5":0.043712,"5.1":0.114744,"6":0.032784,"6.1":0.065568,"7":0.114744,"7.1":0.142064,"8":0.338768},"android":{"2.1":0,"2.2":0,"2.3":0.200557796304,"3":0,"4":0.409670190554,"4.1":1.27653611581,"4.2-4.3":2.09112394251,"4.4":3.73550777002,"4.4.3-4.4.4":1.5445801848,"37":0},"ios_saf":{"3.2":0,"4.0-4.1":0,"4.2-4.3":0,"5.0-5.1":0.0251973134869,"6.0-6.1":0.0804545799055,"7.0-7.1":1.15023525777,"8":0.277170448356,"8.1":2.86232640048},"op_mob":{"10":0,"11":0,"11.1":0,"11.5":0,"12":0.0163900025608,"12.1":0.0491700076825,"0":null},"ie":{"5.5":null,"6":0.143877570591,"7":0.109346953649,"8":2.773959561,"9":1.57689817368,"10":1.20281649014,"11":4.96665373681,"0":null},"ie_mob":{"10":0.25704,"11":0.42336},"bb":{"7":0.103194,"10":null},"and_uc":{"0":10.16064},"op_mini":{"5.0-8.0":6.33473598976},"and_chr":{"0":10.8192},"and_ff":{"0":0.131544}},"total":94.7020984859}