{"id":"na","name":"North America","month":"2015-01","access_date":"2015-02-01","data":{"chrome":{"4":0.007103,"5":0.007103,"6":null,"7":null,"8":null,"9":null,"10":0.035515,"11":0.085236,"12":0.021309,"13":0.021309,"14":0.021309,"15":0.014206,"16":0.007103,"17":0.007103,"18":0.035515,"19":null,"20":0.007103,"21":0.177575,"22":0.042618,"23":0.014206,"24":0.021309,"25":0.014206,"26":0.028412,"27":0.085236,"28":0.063927,"29":0.092339,"30":0.042618,"31":0.277017,"32":0.113648,"33":0.163369,"34":0.220193,"35":0.447489,"36":1.264334,"37":1.377982,"38":0.674785,"39":19.071555,"40":5.419589,"41":0.170472,"42":0.028412,"43":null},"firefox":{"2":0.007103,"3":0.035515,"3.5":0.007103,"3.6":0.127854,"4":0.014206,"5":null,"6":0.049721,"7":null,"8":null,"9":0.007103,"10":0.014206,"11":0.021309,"12":0.028412,"13":0.014206,"14":0.014206,"15":0.014206,"16":0.042618,"17":0.028412,"18":0.014206,"19":0.014206,"20":0.021309,"21":0.028412,"22":0.028412,"23":0.028412,"24":0.085236,"25":0.021309,"26":0.049721,"27":0.241502,"28":0.049721,"29":0.056824,"30":0.078133,"31":0.63927,"32":0.390665,"33":0.248605,"34":4.915276,"35":4.112637,"36":0.049721,"37":null,"38":null},"opera":{"9":null,"9.5-9.6":null,"10.0-10.1":0.028412,"10.5":null,"10.6":null,"11":null,"11.1":null,"11.5":null,"11.6":null,"12":null,"12.1":0.078133,"15":null,"16":null,"17":null,"18":null,"19":null,"20":null,"21":null,"22":null,"23":null,"24":null,"25":0.007103,"26":0.198884,"27":0.035515,"28":null,"29":null},"safari":{"3.1":null,"3.2":null,"4":0.099442,"5":0.220193,"5.1":0.760021,"6":0.156266,"6.1":0.561137,"7":0.760021,"7.1":1.186201,"8":2.209033},"android":{"2.1":0,"2.2":0,"2.3":0.0840335228953,"3":0,"4":0.171651414066,"4.1":0.534867399281,"4.2-4.3":0.876178911704,"4.4":1.56517414682,"4.4.3-4.4.4":0.647177605236,"37":0},"ios_saf":{"3.2":0,"4.0-4.1":0,"4.2-4.3":0,"5.0-5.1":0.076428005431,"6.0-6.1":0.244033280499,"7.0-7.1":3.48887140581,"8":0.840708059741,"8.1":8.68195324852},"op_mob":{"10":0,"11":0,"11.1":0,"11.5":0,"12":0.000764125480154,"12.1":0.00229237644046,"0":null},"ie":{"5.5":null,"6":0.101672229551,"7":0.246918271768,"8":4.20487292216,"9":2.88313393799,"10":2.20047753958,"11":12.3749627968,"0":null},"ie_mob":{"10":0.205751377778,"11":0.338884622222},"bb":{"7":0.063734,"10":null},"and_uc":{"0":0.237554},"op_mini":{"5.0-8.0":0.295334498079},"and_chr":{"0":10.431195},"and_ff":{"0":0.124571}},"total":98.8045186979}