{"id":"af","name":"Africa","month":"2015-01","access_date":"2015-02-01","data":{"chrome":{"4":0.035046,"5":0.040887,"6":0.035046,"7":0.023364,"8":0.029205,"9":0.029205,"10":0.052569,"11":0.093456,"12":0.064251,"13":0.040887,"14":0.046728,"15":0.05841,"16":0.040887,"17":0.023364,"18":0.040887,"19":0.227799,"20":0.017523,"21":0.023364,"22":0.05841,"23":0.029205,"24":0.683397,"25":0.046728,"26":0.087615,"27":0.070092,"28":0.064251,"29":0.075933,"30":0.332937,"31":0.227799,"32":0.099297,"33":1.238292,"34":0.17523,"35":0.724284,"36":0.724284,"37":0.519849,"38":0.706761,"39":17.213427,"40":5.110875,"41":0.221958,"42":0.017523,"43":null},"firefox":{"2":0.221958,"3":0.087615,"3.5":0.040887,"3.6":0.157707,"4":0.05841,"5":0.035046,"6":0.029205,"7":0.035046,"8":0.046728,"9":0.040887,"10":0.070092,"11":0.093456,"12":0.186912,"13":0.099297,"14":0.075933,"15":0.297891,"16":0.093456,"17":0.05841,"18":0.268686,"19":0.070092,"20":0.070092,"21":0.286209,"22":0.05841,"23":0.29205,"24":0.075933,"25":0.502326,"26":0.099297,"27":0.093456,"28":0.075933,"29":0.23364,"30":0.379665,"31":0.367983,"32":0.385506,"33":0.624987,"34":5.78259,"35":5.689134,"36":0.397188,"37":0.011682,"38":null},"opera":{"9":null,"9.5-9.6":null,"10.0-10.1":0.216117,"10.5":null,"10.6":null,"11":null,"11.1":null,"11.5":0.011682,"11.6":0.023364,"12":0.017523,"12.1":0.128502,"15":0.011682,"16":0.005841,"17":0.011682,"18":0.011682,"19":0.011682,"20":0.017523,"21":0.011682,"22":0.011682,"23":null,"24":0.011682,"25":0.017523,"26":0.730125,"27":0.128502,"28":null,"29":null},"safari":{"3.1":null,"3.2":null,"4":0.023364,"5":0.262845,"5.1":0.11682,"6":0.040887,"6.1":0.05841,"7":0.11682,"7.1":0.128502,"8":0.274527},"android":{"2.1":0,"2.2":0,"2.3":0.141813359959,"3":0,"4":0.289675631006,"4.1":0.90263195462,"4.2-4.3":1.47862271047,"4.4":2.64135784189,"4.4.3-4.4.4":1.09216450205,"37":0},"ios_saf":{"3.2":0,"4.0-4.1":0,"4.2-4.3":0,"5.0-5.1":0.0119211002715,"6.0-6.1":0.0380638640249,"7.0-7.1":0.544187770291,"8":0.131132102987,"8.1":1.35419516243},"op_mob":{"10":0,"11":0,"11.1":0,"11.5":0,"12":0.0421544737516,"12.1":0.126463421255,"0":null},"ie":{"5.5":null,"6":0.0777203371298,"7":0.0956557995444,"8":2.05062120273,"9":1.26743934396,"10":1.32124573121,"11":3.05500709795,"0":null},"ie_mob":{"10":0.348801466667,"11":0.574496533333},"bb":{"7":0.5136365,"10":null},"and_uc":{"0":2.374789},"op_mini":{"5.0-8.0":16.292704105},"and_chr":{"0":7.354124},"and_ff":{"0":0.174678}},"total":93.5407740125}