{"id":"oc","name":"Oceania","month":"2015-01","access_date":"2015-02-01","data":{"chrome":{"4":null,"5":null,"6":null,"7":null,"8":null,"9":null,"10":null,"11":0.078078,"12":null,"13":null,"14":null,"15":null,"16":null,"17":null,"18":0.03549,"19":null,"20":0.007098,"21":0.03549,"22":0.042588,"23":0.021294,"24":0.014196,"25":0.028392,"26":0.056784,"27":0.17745,"28":0.042588,"29":0.049686,"30":0.099372,"31":0.631722,"32":0.205842,"33":0.347802,"34":0.31941,"35":0.539448,"36":0.53235,"37":0.823368,"38":0.965328,"39":21.939918,"40":5.969418,"41":0.163254,"42":0.014196,"43":null},"firefox":{"2":null,"3":0.007098,"3.5":null,"3.6":0.042588,"4":0.014196,"5":null,"6":0.056784,"7":null,"8":null,"9":null,"10":0.014196,"11":0.021294,"12":0.028392,"13":0.007098,"14":0.007098,"15":0.014196,"16":0.03549,"17":0.021294,"18":0.014196,"19":0.014196,"20":0.021294,"21":0.014196,"22":0.014196,"23":0.014196,"24":0.07098,"25":0.021294,"26":0.042588,"27":0.056784,"28":0.042588,"29":0.063882,"30":0.085176,"31":0.191646,"32":0.127764,"33":0.227136,"34":5.202834,"35":4.343976,"36":0.056784,"37":0.014196,"38":0.007098},"opera":{"9":null,"9.5-9.6":null,"10.0-10.1":0,"10.5":null,"10.6":null,"11":null,"11.1":null,"11.5":null,"11.6":null,"12":null,"12.1":0.092274,"15":null,"16":null,"17":null,"18":null,"19":null,"20":null,"21":null,"22":null,"23":null,"24":null,"25":0.03549,"26":0.21294,"27":0.028392,"28":null,"29":null},"safari":{"3.1":null,"3.2":null,"4":0.042588,"5":0.21294,"5.1":0.92274,"6":0.262626,"6.1":0.660114,"7":1.036308,"7.1":1.49058,"8":2.832102},"android":{"2.1":0,"2.2":0,"2.3":0.0858130934292,"3":0,"4":0.175286460986,"4.1":0.54619423922,"4.2-4.3":0.894733675565,"4.4":1.59831970226,"4.4.3-4.4.4":0.660882828542,"37":0},"ios_saf":{"3.2":0,"4.0-4.1":0,"4.2-4.3":0,"5.0-5.1":0.0886877234235,"6.0-6.1":0.283178344966,"7.0-7.1":4.04851677803,"8":0.975564957659,"8.1":10.0746141959},"op_mob":{"10":0,"11":0,"11.1":0,"11.5":0,"12":0.000408732394366,"12.1":0.0012261971831,"0":null},"ie":{"5.5":null,"6":0.0286531019592,"7":0.214898264694,"8":2.0343702391,"9":2.16330919792,"10":1.64039008717,"11":11.8337311092,"0":null},"ie_mob":{"10":0.180891333333,"11":0.297938666667},"bb":{"7":0.0108825,"10":null},"and_uc":{"0":0.31922},"op_mini":{"5.0-8.0":0.157975070423},"and_chr":{"0":8.421756},"and_ff":{"0":0.127688}},"total":98.7515105}