{"id":"AM","name":"Armenia","month":"2015-01","access_date":"2015-02-01","data":{"chrome":{"4":0.081351,"5":0.135585,"6":0.036156,"7":0.027117,"8":0.054234,"9":0.027117,"10":0.072312,"11":0.045195,"12":0.298287,"13":0.054234,"14":0.036156,"15":0.072312,"16":0.099429,"17":0.153663,"18":0.162702,"19":0.018078,"20":0.063273,"21":0.018078,"22":0.099429,"23":0.027117,"24":0.198858,"25":0.045195,"26":0.09039,"27":0.316365,"28":0.488106,"29":0.036156,"30":0.099429,"31":0.171741,"32":0.135585,"33":0.343482,"34":0.262131,"35":0.479067,"36":0.560418,"37":0.587535,"38":1.301616,"39":42.320598,"40":13.5585,"41":0.325404,"42":0.045195,"43":null},"firefox":{"2":null,"3":0.018078,"3.5":0.018078,"3.6":0.117507,"4":null,"5":null,"6":null,"7":null,"8":null,"9":0.018078,"10":0.009039,"11":0.018078,"12":0.072312,"13":0.009039,"14":0.018078,"15":0.018078,"16":0.018078,"17":null,"18":null,"19":null,"20":0.018078,"21":0.009039,"22":null,"23":null,"24":0.009039,"25":0.018078,"26":0.036156,"27":0.018078,"28":0.018078,"29":0.027117,"30":0.09039,"31":0.171741,"32":0.153663,"33":0.126546,"34":8.189334,"35":6.987147,"36":0.036156,"37":null,"38":null},"opera":{"9":null,"9.5-9.6":null,"10.0-10.1":0,"10.5":null,"10.6":null,"11":null,"11.1":null,"11.5":null,"11.6":0.018078,"12":0.045195,"12.1":0.677925,"15":0.018078,"16":0.036156,"17":null,"18":0.063273,"19":0.009039,"20":0.036156,"21":0.018078,"22":0.009039,"23":0.009039,"24":0.018078,"25":0.027117,"26":1.699332,"27":0.325404,"28":0.018078,"29":null},"safari":{"3.1":null,"3.2":null,"4":0,"5":0.036156,"5.1":0.072312,"6":0.018078,"6.1":0.027117,"7":0.081351,"7.1":0.09039,"8":0.379638},"android":{"2.1":0,"2.2":0,"2.3":0.0488399143737,"3":0,"4":0.0997630478439,"4.1":0.310862582957,"4.2-4.3":0.509231334702,"4.4":0.909672338809,"4.4.3-4.4.4":0.376136781314,"37":0},"ios_saf":{"3.2":0,"4.0-4.1":0,"4.2-4.3":0,"5.0-5.1":0.0120814604244,"6.0-6.1":0.0385758911797,"7.0-7.1":0.551508070602,"8":0.132896064669,"8.1":1.37241151312},"op_mob":{"10":0,"11":0,"11.1":0,"11.5":0,"12":0.00258399487836,"12.1":0.00775198463508,"0":null},"ie":{"5.5":null,"6":0.0553223076923,"7":0.0553223076923,"8":0.885156923077,"9":0.23973,"10":0.322713461538,"11":1.19865,"0":null},"ie_mob":{"10":0.101652444444,"11":0.167427555556},"bb":{"7":0.00792825,"10":null},"and_uc":{"0":0.34596},"op_mini":{"5.0-8.0":0.998714020487},"and_chr":{"0":3.339518},"and_ff":{"0":0.055738}},"total":95.06993425}