{"id":"AO","name":"Angola","month":"2015-01","access_date":"2015-02-01","data":{"chrome":{"4":null,"5":0.005001,"6":null,"7":null,"8":null,"9":null,"10":0.015003,"11":0.095019,"12":0.025005,"13":0.025005,"14":0.010002,"15":0.010002,"16":0.005001,"17":null,"18":0.010002,"19":null,"20":0.015003,"21":0.055011,"22":0.020004,"23":0.035007,"24":0.010002,"25":0.035007,"26":0.040008,"27":0.060012,"28":0.020004,"29":0.060012,"30":0.05001,"31":0.470094,"32":0.120024,"33":0.525105,"34":0.245049,"35":0.25005,"36":2.370474,"37":0.240048,"38":0.390078,"39":13.707741,"40":3.890778,"41":0.165033,"42":0.015003,"43":null},"firefox":{"2":null,"3":0.020004,"3.5":0.010002,"3.6":0.05001,"4":0.040008,"5":0.025005,"6":0.025005,"7":0.020004,"8":0.030006,"9":0.040008,"10":0.030006,"11":0.120024,"12":0.095019,"13":0.045009,"14":0.060012,"15":0.040008,"16":0.055011,"17":0.020004,"18":0.025005,"19":0.025005,"20":0.025005,"21":0.040008,"22":0.030006,"23":0.030006,"24":0.020004,"25":0.025005,"26":0.090018,"27":0.025005,"28":0.025005,"29":0.080016,"30":0.165033,"31":0.120024,"32":0.220044,"33":0.310062,"34":2.835567,"35":2.145429,"36":0.080016,"37":0.005001,"38":null},"opera":{"9":null,"9.5-9.6":null,"10.0-10.1":0,"10.5":null,"10.6":0.010002,"11":0.010002,"11.1":null,"11.5":0.010002,"11.6":0.030006,"12":0.025005,"12.1":0.205041,"15":0.035007,"16":0.020004,"17":0.015003,"18":0.020004,"19":0.215043,"20":0.010002,"21":0.010002,"22":0.020004,"23":0.010002,"24":0.015003,"25":0.020004,"26":1.045209,"27":0.165033,"28":null,"29":null},"safari":{"3.1":null,"3.2":null,"4":0.010002,"5":0.080016,"5.1":0.265053,"6":0.090018,"6.1":0.20004,"7":0.220044,"7.1":0.490098,"8":0.780156},"android":{"2.1":0,"2.2":0,"2.3":0.177061603183,"3":0,"4":0.361675597023,"4.1":1.12698451694,"4.2-4.3":1.8461399384,"4.4":3.29787725359,"4.4.3-4.4.4":1.36362609086,"37":0},"ios_saf":{"3.2":0,"4.0-4.1":0,"4.2-4.3":0,"5.0-5.1":0.0313801252137,"6.0-6.1":0.100196189279,"7.0-7.1":1.43247518958,"8":0.345181377351,"8.1":3.56467211858},"op_mob":{"10":0,"11":0,"11.1":0,"11.5":0,"12":0.0592455108835,"12.1":0.17773653265,"0":null},"ie":{"5.5":0.00507938557994,"6":0.0355556990596,"7":0.111746482759,"8":2.15365948589,"9":1.35619594984,"10":2.40254937931,"11":8.4063831348,"0":null},"ie_mob":{"10":0.530671622222,"11":0.874047377778},"bb":{"7":0.0524895,"10":null},"and_uc":{"0":1.469706},"op_mini":{"5.0-8.0":22.8983899565},"and_chr":{"0":9.258474},"and_ff":{"0":0.209958}},"total":97.7109690172}