{"id":"AR","name":"Argentina","month":"2015-01","access_date":"2015-02-01","data":{"chrome":{"4":0.00762,"5":null,"6":null,"7":0.00762,"8":0.00762,"9":0.00762,"10":0.00762,"11":0.06858,"12":0.04572,"13":0.03048,"14":0.00762,"15":null,"16":null,"17":null,"18":0.09144,"19":null,"20":null,"21":0.03048,"22":0.06858,"23":0.03048,"24":0.02286,"25":0.03048,"26":0.08382,"27":0.13716,"28":0.06096,"29":0.05334,"30":0.06858,"31":0.37338,"32":0.18288,"33":0.38862,"34":0.59436,"35":0.9525,"36":0.82296,"37":0.99822,"38":1.31826,"39":35.8902,"40":11.53668,"41":0.21336,"42":0.01524,"43":null},"firefox":{"2":0.00762,"3":0.02286,"3.5":0.03048,"3.6":0.06858,"4":0.02286,"5":0.01524,"6":0.01524,"7":0.01524,"8":null,"9":0.00762,"10":0.02286,"11":0.01524,"12":0.10668,"13":0.01524,"14":0.01524,"15":0.05334,"16":0.0381,"17":0.02286,"18":0.02286,"19":0.02286,"20":0.0381,"21":0.01524,"22":0.02286,"23":0.01524,"24":0.02286,"25":0.02286,"26":0.0381,"27":0.03048,"28":0.0381,"29":0.06858,"30":0.08382,"31":0.12954,"32":0.1143,"33":0.19812,"34":4.90728,"35":4.23672,"36":0.0381,"37":null,"38":null},"opera":{"9":null,"9.5-9.6":null,"10.0-10.1":0,"10.5":null,"10.6":null,"11":null,"11.1":null,"11.5":null,"11.6":null,"12":null,"12.1":0.08382,"15":null,"16":null,"17":null,"18":null,"19":null,"20":0.00762,"21":null,"22":null,"23":null,"24":null,"25":0.00762,"26":0.48006,"27":0.09144,"28":null,"29":null},"safari":{"3.1":null,"3.2":null,"4":0.02286,"5":0.04572,"5.1":0.09144,"6":0.01524,"6.1":0.05334,"7":0.05334,"7.1":0.09144,"8":0.25908},"android":{"2.1":0,"2.2":0,"2.3":0.135856704312,"3":0,"4":0.277508244353,"4.1":0.864718264887,"4.2-4.3":1.41651540041,"4.4":2.53041160164,"4.4.3-4.4.4":1.04628978439,"37":0},"ios_saf":{"3.2":0,"4.0-4.1":0,"4.2-4.3":0,"5.0-5.1":0.00567580810621,"6.0-6.1":0.0181227557075,"7.0-7.1":0.259095661269,"8":0.0624338891683,"8.1":0.644751885749},"op_mob":{"10":0,"11":0,"11.1":0,"11.5":0,"12":0.00330944942382,"12.1":0.00992834827145,"0":null},"ie":{"5.5":null,"6":0.123412897959,"7":0.185119346939,"8":2.18286563265,"9":1.48095477551,"10":1.04129632653,"11":4.42743771429,"0":null},"ie_mob":{"10":0.650956444444,"11":1.07216355556},"bb":{"7":0.08211,"10":null},"and_uc":{"0":0.14756},"op_mini":{"5.0-8.0":1.2791022023},"and_chr":{"0":11.8235},"and_ff":{"0":0.11424}},"total":97.9050166939}