{"id":"AS","name":"American Samoa","month":"2015-01","access_date":"2015-02-01","data":{"chrome":{"4":null,"5":null,"6":null,"7":null,"8":null,"9":null,"10":null,"11":0.017276,"12":null,"13":null,"14":null,"15":null,"16":0.008638,"17":null,"18":null,"19":0.008638,"20":0.017276,"21":null,"22":0.008638,"23":0.008638,"24":0.04319,"25":null,"26":null,"27":0.051828,"28":0.146846,"29":0.04319,"30":null,"31":0.90699,"32":0.146846,"33":0.21595,"34":0.112294,"35":0.120932,"36":0.423262,"37":0.293692,"38":0.483728,"39":24.583748,"40":9.71775,"41":0.04319,"42":null,"43":null},"firefox":{"2":null,"3":0.008638,"3.5":null,"3.6":0.146846,"4":0.017276,"5":null,"6":0.138208,"7":0.025914,"8":0.051828,"9":null,"10":0.034552,"11":0.008638,"12":0.17276,"13":null,"14":0.008638,"15":0.060466,"16":0.095018,"17":0.034552,"18":0.034552,"19":0.051828,"20":0.017276,"21":0.04319,"22":0.025914,"23":0.017276,"24":0.017276,"25":0.017276,"26":0.112294,"27":0.025914,"28":0.21595,"29":0.328244,"30":0.08638,"31":0.811972,"32":0.146846,"33":0.449176,"34":4.543588,"35":4.768176,"36":0.04319,"37":null,"38":null},"opera":{"9":null,"9.5-9.6":null,"10.0-10.1":0,"10.5":null,"10.6":null,"11":0.008638,"11.1":null,"11.5":null,"11.6":null,"12":0.008638,"12.1":0.025914,"15":null,"16":null,"17":null,"18":null,"19":null,"20":null,"21":null,"22":null,"23":null,"24":null,"25":null,"26":0.103656,"27":0.017276,"28":null,"29":null},"safari":{"3.1":null,"3.2":null,"4":0.958818,"5":1.710324,"5.1":4.414018,"6":1.503012,"6.1":0.639212,"7":0.587384,"7.1":0.30233,"8":0.138208},"android":{"2.1":0,"2.2":0,"2.3":0.110172935113,"3":0,"4":0.225045189733,"4.1":0.701242899795,"4.2-4.3":1.1487225462,"4.4":2.0520361848,"4.4.3-4.4.4":0.848488244353,"37":0},"ios_saf":{"3.2":0,"4.0-4.1":0,"4.2-4.3":0,"5.0-5.1":0.0277571024842,"6.0-6.1":0.0886279412652,"7.0-7.1":1.26708738007,"8":0.305328127326,"8.1":3.15310944886},"op_mob":{"10":0,"11":0,"11.1":0,"11.5":0,"12":0.000505736235595,"12.1":0.00151720870679,"0":null},"ie":{"5.5":null,"6":0.017276,"7":0.380072,"8":16.006214,"9":1.200682,"10":1.649858,"11":6.184808,"0":null},"ie_mob":{"10":0.211987733333,"11":0.349156266667},"bb":{"7":0.0017025,"10":null},"and_uc":{"0":0.19749},"op_mini":{"5.0-8.0":0.195467055058},"and_chr":{"0":2.703678},"and_ff":{"0":0.008172}},"total":99.4158245}