{"id":"AT","name":"Austria","month":"2015-01","access_date":"2015-02-01","data":{"chrome":{"4":0.008181,"5":null,"6":null,"7":null,"8":null,"9":null,"10":null,"11":0.08181,"12":0.008181,"13":0.008181,"14":null,"15":null,"16":null,"17":null,"18":0.024543,"19":null,"20":0.016362,"21":0.016362,"22":0.08181,"23":0.016362,"24":0.016362,"25":0.016362,"26":0.032724,"27":0.073629,"28":0.032724,"29":0.024543,"30":0.024543,"31":0.278154,"32":0.098172,"33":0.16362,"34":0.139077,"35":0.319059,"36":0.319059,"37":0.384507,"38":0.539946,"39":18.775395,"40":5.702157,"41":0.204525,"42":0.016362,"43":null},"firefox":{"2":null,"3":0.032724,"3.5":0.008181,"3.6":0.08181,"4":0.016362,"5":0.008181,"6":0.008181,"7":0.008181,"8":0.016362,"9":0.016362,"10":0.08181,"11":0.024543,"12":0.08181,"13":0.016362,"14":0.024543,"15":0.024543,"16":0.08181,"17":0.065448,"18":0.024543,"19":0.032724,"20":0.049086,"21":0.040905,"22":0.024543,"23":0.040905,"24":0.114534,"25":0.024543,"26":0.073629,"27":0.049086,"28":0.08181,"29":0.147258,"30":0.179982,"31":0.515403,"32":0.269973,"33":0.580851,"34":13.400478,"35":11.240694,"36":0.073629,"37":0.016362,"38":0.016362},"opera":{"9":null,"9.5-9.6":null,"10.0-10.1":0,"10.5":null,"10.6":null,"11":null,"11.1":null,"11.5":null,"11.6":0.016362,"12":0.016362,"12.1":0.556308,"15":null,"16":null,"17":null,"18":null,"19":null,"20":0.016362,"21":0.008181,"22":0.008181,"23":0.016362,"24":0.016362,"25":0.032724,"26":1.096254,"27":0.16362,"28":null,"29":null},"safari":{"3.1":null,"3.2":null,"4":0.057267,"5":0.237249,"5.1":0.89991,"6":0.155439,"6.1":0.49086,"7":0.523584,"7.1":1.022625,"8":2.577015},"android":{"2.1":0,"2.2":0,"2.3":0.0927604092402,"3":0,"4":0.189477423614,"4.1":0.590413410472,"4.2-4.3":0.967170143737,"4.4":1.72771757495,"4.4.3-4.4.4":0.714387037988,"37":0},"ios_saf":{"3.2":0,"4.0-4.1":0,"4.2-4.3":0,"5.0-5.1":0.0311997924168,"6.0-6.1":0.099620389822,"7.0-7.1":1.42424315559,"8":0.343197716585,"8.1":3.54418694559},"op_mob":{"10":0,"11":0,"11.1":0,"11.5":0,"12":0.000326069142125,"12.1":0.000978207426376,"0":null},"ie":{"5.5":null,"6":0.0245658200837,"7":0.106451887029,"8":1.33474289121,"9":2.01439724686,"10":1.57221248536,"11":12.5613226695,"0":null},"ie_mob":{"10":0.137435555556,"11":0.226364444444},"bb":{"7":0.01500675,"10":null},"and_uc":{"0":0.030923},"op_mini":{"5.0-8.0":0.126025723431},"and_chr":{"0":7.711592},"and_ff":{"0":0.187357}},"total":98.70232775}