{"id":"AU","name":"Australia","month":"2015-01","access_date":"2015-02-01","data":{"chrome":{"4":null,"5":null,"6":null,"7":null,"8":null,"9":null,"10":null,"11":0.084396,"12":null,"13":null,"14":null,"15":null,"16":null,"17":null,"18":0.042198,"19":null,"20":null,"21":0.028132,"22":0.035165,"23":0.021099,"24":0.014066,"25":0.028132,"26":0.056264,"27":0.203957,"28":0.042198,"29":0.049231,"30":0.098462,"31":0.611871,"32":0.218023,"33":0.365716,"34":0.323518,"35":0.569673,"36":0.520442,"37":0.900224,"38":0.963521,"39":21.148231,"40":5.668598,"41":0.14066,"42":0.014066,"43":null},"firefox":{"2":null,"3":null,"3.5":null,"3.6":0.035165,"4":0.007033,"5":null,"6":0.07033,"7":null,"8":null,"9":null,"10":0.014066,"11":0.021099,"12":0.021099,"13":null,"14":0.007033,"15":0.014066,"16":0.028132,"17":0.021099,"18":0.014066,"19":0.014066,"20":0.021099,"21":0.014066,"22":0.014066,"23":0.014066,"24":0.077363,"25":0.014066,"26":0.049231,"27":0.049231,"28":0.042198,"29":0.063297,"30":0.084396,"31":0.196924,"32":0.133627,"33":0.232089,"34":5.077826,"35":4.184635,"36":0.049231,"37":0.014066,"38":0.007033},"opera":{"9":null,"9.5-9.6":null,"10.0-10.1":0,"10.5":null,"10.6":null,"11":null,"11.1":null,"11.5":null,"11.6":null,"12":null,"12.1":0.084396,"15":null,"16":null,"17":null,"18":null,"19":null,"20":null,"21":null,"22":null,"23":null,"24":0.007033,"25":0.042198,"26":0.196924,"27":0.028132,"28":null,"29":null},"safari":{"3.1":null,"3.2":null,"4":0.042198,"5":0.203957,"5.1":0.949455,"6":0.28132,"6.1":0.689234,"7":1.097148,"7.1":1.533194,"8":2.918695},"android":{"2.1":0,"2.2":0,"2.3":0.077515464271,"3":0,"4":0.158337275359,"4.1":0.493380419507,"4.2-4.3":0.808218110883,"4.4":1.44377144353,"4.4.3-4.4.4":0.596979286448,"37":0},"ios_saf":{"3.2":0,"4.0-4.1":0,"4.2-4.3":0,"5.0-5.1":0.0963891554863,"6.0-6.1":0.30776888243,"7.0-7.1":4.40008039606,"8":1.06028071035,"8.1":10.9494698557},"op_mob":{"10":0,"11":0,"11.1":0,"11.5":0,"12":0.000250732394366,"12.1":0.000752197183099,"0":null},"ie":{"5.5":null,"6":0.0283926826255,"7":0.241337802317,"8":2.14364753822,"9":2.27141461004,"10":1.66807010425,"11":12.0313992625,"0":null},"ie_mob":{"10":0.173734333333,"11":0.286150666667},"bb":{"7":0.011868,"10":null},"and_uc":{"0":0.142416},"op_mini":{"5.0-8.0":0.0969080704225},"and_chr":{"0":8.410679},"and_ff":{"0":0.124614}},"total":98.851317}