{"id":"AW","name":"Aruba","month":"2015-01","access_date":"2015-02-01","data":{"chrome":{"4":null,"5":null,"6":null,"7":null,"8":null,"9":null,"10":null,"11":0.091308,"12":0.013044,"13":null,"14":null,"15":null,"16":null,"17":null,"18":0.013044,"19":null,"20":null,"21":0.03261,"22":0.06522,"23":0.013044,"24":0.084786,"25":0.019566,"26":0.045654,"27":0.169572,"28":0.045654,"29":0.013044,"30":0.026088,"31":0.254358,"32":0.078264,"33":0.189138,"34":0.215226,"35":0.29349,"36":0.436974,"37":0.339144,"38":0.48915,"39":22.494378,"40":6.013284,"41":0.182616,"42":0.006522,"43":null},"firefox":{"2":null,"3":null,"3.5":null,"3.6":0.019566,"4":0.013044,"5":null,"6":null,"7":null,"8":null,"9":null,"10":null,"11":0.013044,"12":0.013044,"13":0.006522,"14":0.019566,"15":0.006522,"16":0.013044,"17":null,"18":null,"19":null,"20":null,"21":0.026088,"22":0.006522,"23":0.006522,"24":0.013044,"25":null,"26":null,"27":null,"28":0.013044,"29":0.006522,"30":0.03261,"31":0.06522,"32":0.052176,"33":0.176094,"34":3.795804,"35":3.55449,"36":0.039132,"37":0.013044,"38":null},"opera":{"9":null,"9.5-9.6":null,"10.0-10.1":0,"10.5":null,"10.6":null,"11":null,"11.1":null,"11.5":null,"11.6":null,"12":null,"12.1":0.045654,"15":null,"16":null,"17":null,"18":null,"19":null,"20":null,"21":null,"22":null,"23":null,"24":null,"25":0.013044,"26":0.534804,"27":0.045654,"28":null,"29":null},"safari":{"3.1":null,"3.2":null,"4":0.019566,"5":0.143484,"5.1":0.71742,"6":0.169572,"6.1":0.410886,"7":0.515238,"7.1":0.9783,"8":2.700108},"android":{"2.1":0,"2.2":0,"2.3":0.17389571499,"3":0,"4":0.355208782752,"4.1":1.10683386366,"4.2-4.3":1.81313067762,"4.4":3.23891071047,"4.4.3-4.4.4":1.33924425051,"37":0},"ios_saf":{"3.2":0,"4.0-4.1":0,"4.2-4.3":0,"5.0-5.1":0.0749079977874,"6.0-6.1":0.23917992276,"7.0-7.1":3.41948439022,"8":0.823987975661,"8.1":8.50928571357},"op_mob":{"10":0,"11":0,"11.1":0,"11.5":0,"12":0.000374074263764,"12.1":0.00112222279129,"0":null},"ie":{"5.5":null,"6":0.026088,"7":0.150006,"8":2.15226,"9":3.241434,"10":2.132694,"11":10.552596,"0":null},"ie_mob":{"10":0.0801485777778,"11":0.132009422222},"bb":{"7":0.2895435,"10":null},"and_uc":{"0":0.05217},"op_mini":{"5.0-8.0":0.144579702945},"and_chr":{"0":12.27913},"and_ff":{"0":0.128686}},"total":98.2804835}