{"id":"AZ","name":"Azerbaijan","month":"2015-01","access_date":"2015-02-01","data":{"chrome":{"4":0.037176,"5":0.142508,"6":0.06196,"7":0.03098,"8":0.241644,"9":0.136312,"10":0.105332,"11":0.111528,"12":0.142508,"13":0.136312,"14":0.1549,"15":0.086744,"16":0.074352,"17":0.12392,"18":0.018588,"19":null,"20":0.012392,"21":0.018588,"22":0.235448,"23":0.018588,"24":0.043372,"25":0.024784,"26":0.086744,"27":0.09294,"28":0.229252,"29":0.043372,"30":0.167292,"31":0.210664,"32":0.161096,"33":0.241644,"34":0.229252,"35":0.377956,"36":0.644384,"37":0.706344,"38":0.706344,"39":26.562252,"40":7.912292,"41":0.111528,"42":0.018588,"43":null},"firefox":{"2":null,"3":0.006196,"3.5":0.006196,"3.6":0.055764,"4":0.018588,"5":null,"6":0.012392,"7":null,"8":null,"9":0.024784,"10":0.006196,"11":0.012392,"12":0.018588,"13":0.012392,"14":0.018588,"15":0.012392,"16":0.012392,"17":0.006196,"18":null,"19":0.012392,"20":null,"21":0.006196,"22":0.006196,"23":null,"24":null,"25":0.012392,"26":0.006196,"27":0.006196,"28":0.012392,"29":0.012392,"30":0.043372,"31":0.12392,"32":0.117724,"33":0.099136,"34":1.17724,"35":1.009948,"36":0.018588,"37":null,"38":null},"opera":{"9":null,"9.5-9.6":0.006196,"10.0-10.1":0,"10.5":0.012392,"10.6":0.018588,"11":0.074352,"11.1":0.024784,"11.5":0.043372,"11.6":0.130116,"12":0.241644,"12.1":2.980276,"15":0.12392,"16":0.105332,"17":0.06196,"18":0.161096,"19":0.068156,"20":0.18588,"21":0.086744,"22":0.043372,"23":0.037176,"24":0.049568,"25":0.068156,"26":4.640804,"27":0.811676,"28":0.024784,"29":null},"safari":{"3.1":null,"3.2":null,"4":0.006196,"5":0.012392,"5.1":0.099136,"6":0.012392,"6.1":0.037176,"7":0.080548,"7.1":0.080548,"8":0.18588},"android":{"2.1":0,"2.2":0,"2.3":0.19794156961,"3":0,"4":0.404326144559,"4.1":1.25988401889,"4.2-4.3":2.06384574949,"4.4":3.68677899795,"4.4.3-4.4.4":1.52443151951,"37":0},"ios_saf":{"3.2":0,"4.0-4.1":0,"4.2-4.3":0,"5.0-5.1":0.0262557489691,"6.0-6.1":0.0838341458312,"7.0-7.1":1.19855190908,"8":0.28881323866,"8.1":2.98256095746},"op_mob":{"10":0,"11":0,"11.1":0,"11.5":0,"12":0.0143100537772,"12.1":0.0429301613316,"0":null},"ie":{"5.5":null,"6":0.0313584642234,"7":0.0376301570681,"8":0.846678534031,"9":0.439018499127,"10":0.558180663176,"11":1.68081368237,"0":null},"ie_mob":{"10":0.281665066667,"11":0.463918933333},"bb":{"7":0.073227,"10":null},"and_uc":{"0":0.448872},"op_mini":{"5.0-8.0":5.53083578489},"and_chr":{"0":15.37834},"and_ff":{"0":0.05706}},"total":93.463891}