{"id":"BA","name":"Bosnia and Herzegovina","month":"2015-01","access_date":"2015-02-01","data":{"chrome":{"4":0.01785,"5":0.008925,"6":0.026775,"7":null,"8":0.05355,"9":null,"10":0.01785,"11":0.080325,"12":0.026775,"13":null,"14":0.01785,"15":0.008925,"16":0.01785,"17":0.026775,"18":0.0357,"19":null,"20":null,"21":null,"22":0.08925,"23":0.0357,"24":0.026775,"25":0.026775,"26":0.0714,"27":0.2856,"28":0.098175,"29":0.0357,"30":0.08925,"31":0.48195,"32":0.240975,"33":0.365925,"34":0.4998,"35":0.526575,"36":1.079925,"37":1.026375,"38":1.097775,"39":36.36045,"40":12.61995,"41":0.26775,"42":0.026775,"43":null},"firefox":{"2":null,"3":0.0357,"3.5":0.01785,"3.6":0.062475,"4":0.008925,"5":0.01785,"6":null,"7":0.008925,"8":0.01785,"9":0.01785,"10":0.026775,"11":0.026775,"12":0.05355,"13":0.044625,"14":0.026775,"15":0.044625,"16":0.08925,"17":0.062475,"18":0.0357,"19":0.044625,"20":0.0357,"21":0.026775,"22":0.01785,"23":0.026775,"24":0.0357,"25":0.01785,"26":0.05355,"27":0.0357,"28":0.044625,"29":0.062475,"30":0.1071,"31":0.1785,"32":0.1785,"33":0.2856,"34":10.647525,"35":11.33475,"36":0.330225,"37":0.008925,"38":null},"opera":{"9":null,"9.5-9.6":null,"10.0-10.1":0,"10.5":null,"10.6":null,"11":0.008925,"11.1":null,"11.5":null,"11.6":0.008925,"12":0.008925,"12.1":0.401625,"15":0.008925,"16":0.008925,"17":0.008925,"18":0.01785,"19":0.01785,"20":0.08925,"21":0.01785,"22":0.008925,"23":0.01785,"24":0.008925,"25":0.026775,"26":2.3205,"27":0.419475,"28":null,"29":null},"safari":{"3.1":null,"3.2":null,"4":0,"5":0.0357,"5.1":0.098175,"6":0.01785,"6.1":0.05355,"7":0.062475,"7.1":0.116025,"8":0.294525},"android":{"2.1":0,"2.2":0,"2.3":0.0791558701232,"3":0,"4":0.161688056982,"4.1":0.50382148614,"4.2-4.3":0.825321868583,"4.4":1.47432497433,"4.4.3-4.4.4":0.60961274384,"37":0},"ios_saf":{"3.2":0,"4.0-4.1":0,"4.2-4.3":0,"5.0-5.1":0.00503486623755,"6.0-6.1":0.0160762395655,"7.0-7.1":0.229837227195,"8":0.0553835286131,"8.1":0.571943138389},"op_mob":{"10":0,"11":0,"11.1":0,"11.5":0,"12":0.00103233034571,"12.1":0.00309699103713,"0":null},"ie":{"5.5":null,"6":0.044625,"7":0.044625,"8":0.812175,"9":0.562275,"10":0.4998,"11":2.6061,"0":null},"ie_mob":{"10":0.18275,"11":0.301},"bb":{"7":0.009675,"10":null},"and_uc":{"0":0.069875},"op_mini":{"5.0-8.0":0.398995678617},"and_chr":{"0":5.2307},"and_ff":{"0":0.0559}},"total":99.196275}