{"id":"BB","name":"Barbados","month":"2015-01","access_date":"2015-02-01","data":{"chrome":{"4":null,"5":null,"6":null,"7":0.008157,"8":null,"9":null,"10":null,"11":0.122355,"12":0.048942,"13":null,"14":0.008157,"15":null,"16":null,"17":null,"18":0.024471,"19":null,"20":0.008157,"21":0.106041,"22":0.342594,"23":null,"24":0.008157,"25":0.032628,"26":0.08157,"27":0.065256,"28":0.040785,"29":0.048942,"30":0.057099,"31":1.14198,"32":0.154983,"33":0.318123,"34":0.261024,"35":0.546519,"36":1.272492,"37":0.587304,"38":0.791229,"39":34.063632,"40":8.205942,"41":0.48942,"42":0.024471,"43":null},"firefox":{"2":0.008157,"3":0.008157,"3.5":null,"3.6":0.057099,"4":null,"5":null,"6":null,"7":0.048942,"8":null,"9":0.016314,"10":null,"11":0.048942,"12":0.016314,"13":null,"14":null,"15":null,"16":0.024471,"17":null,"18":0.040785,"19":0.008157,"20":null,"21":0.016314,"22":null,"23":0.008157,"24":0.048942,"25":null,"26":0.106041,"27":0.016314,"28":0.040785,"29":0.016314,"30":0.048942,"31":0.16314,"32":0.106041,"33":0.154983,"34":5.921982,"35":5.612016,"36":0.24471,"37":0.032628,"38":0.008157},"opera":{"9":null,"9.5-9.6":null,"10.0-10.1":0,"10.5":null,"10.6":null,"11":null,"11.1":null,"11.5":null,"11.6":null,"12":null,"12.1":0.179454,"15":null,"16":null,"17":null,"18":null,"19":null,"20":null,"21":null,"22":null,"23":null,"24":null,"25":null,"26":0.65256,"27":0.106041,"28":null,"29":null},"safari":{"3.1":null,"3.2":null,"4":0.073413,"5":0.106041,"5.1":0.285495,"6":0.073413,"6.1":0.261024,"7":0.236553,"7.1":0.628089,"8":1.248021},"android":{"2.1":0,"2.2":0,"2.3":0.143332040041,"3":0,"4":0.292777768994,"4.1":0.91229824538,"4.2-4.3":1.49445728953,"4.4":2.66964415811,"4.4.3-4.4.4":1.10386049795,"37":0},"ios_saf":{"3.2":0,"4.0-4.1":0,"4.2-4.3":0,"5.0-5.1":0.0189753189178,"6.0-6.1":0.0605878604043,"7.0-7.1":0.866206663582,"8":0.208728508096,"8.1":2.155529649},"op_mob":{"10":0,"11":0,"11.1":0,"11.5":0,"12":0.000462519846351,"12.1":0.00138755953905,"0":null},"ie":{"5.5":null,"6":0.0655833712375,"7":0.13936466388,"8":1.0493339398,"9":1.03293809699,"10":1.2214902893,"11":11.1983606388,"0":null},"ie_mob":{"10":0.251344244444,"11":0.413978755556},"bb":{"7":0.2054945,"10":null},"and_uc":{"0":0.195358},"op_mini":{"5.0-8.0":0.178763920615},"and_chr":{"0":6.682344},"and_ff":{"0":0.156655}},"total":98.2525955}