{"id":"BD","name":"Bangladesh","month":"2015-01","access_date":"2015-02-01","data":{"chrome":{"4":0.021588,"5":0.009252,"6":0.01542,"7":0.003084,"8":0.012336,"9":0.006168,"10":0.027756,"11":0.027756,"12":0.04626,"13":0.009252,"14":0.01542,"15":0.009252,"16":0.018504,"17":0.006168,"18":0.01542,"19":0.009252,"20":0.009252,"21":0.009252,"22":0.009252,"23":0.009252,"24":0.012336,"25":0.012336,"26":0.01542,"27":0.024672,"28":0.01542,"29":0.018504,"30":0.018504,"31":0.095604,"32":0.018504,"33":0.163452,"34":0.043176,"35":0.06168,"36":0.271392,"37":0.181956,"38":0.166536,"39":4.604412,"40":1.452564,"41":0.357744,"42":0.024672,"43":null},"firefox":{"2":0.003084,"3":0.052428,"3.5":0.021588,"3.6":0.10794,"4":0.058596,"5":0.021588,"6":0.021588,"7":1.107156,"8":0.040092,"9":0.055512,"10":0.052428,"11":2.109456,"12":0.12336,"13":0.064764,"14":0.067848,"15":0.06168,"16":0.067848,"17":0.043176,"18":0.049344,"19":0.06168,"20":0.055512,"21":0.055512,"22":0.033924,"23":0.043176,"24":0.043176,"25":0.049344,"26":0.074016,"27":0.052428,"28":0.055512,"29":0.206628,"30":0.16962,"31":0.191208,"32":0.209712,"33":0.607548,"34":3.87042,"35":4.555068,"36":5.53578,"37":0.021588,"38":0.006168},"opera":{"9":null,"9.5-9.6":0.006168,"10.0-10.1":0.104856,"10.5":null,"10.6":0.049344,"11":0.006168,"11.1":0.006168,"11.5":0.009252,"11.6":0.037008,"12":0.01542,"12.1":0.098688,"15":0.009252,"16":0.006168,"17":0.009252,"18":0.012336,"19":0.006168,"20":0.01542,"21":0.006168,"22":0.012336,"23":null,"24":0.01542,"25":0.012336,"26":0.5397,"27":0.080184,"28":null,"29":null},"safari":{"3.1":null,"3.2":null,"4":0.009252,"5":0.021588,"5.1":0.021588,"6":0.012336,"6.1":0.006168,"7":0.033924,"7.1":0.018504,"8":0.055512},"android":{"2.1":0,"2.2":0,"2.3":0.084200524846,"3":0,"4":0.171992541273,"4.1":0.535930354825,"4.2-4.3":0.877920164271,"4.4":1.56828465708,"4.4.3-4.4.4":0.6484637577,"37":0},"ios_saf":{"3.2":0,"4.0-4.1":0,"4.2-4.3":0,"5.0-5.1":0.00400436608669,"6.0-6.1":0.0127858706628,"7.0-7.1":0.182795799256,"8":0.0440480269536,"8.1":0.454881937041},"op_mob":{"10":0,"11":0,"11.1":0,"11.5":0,"12":0.112568747759,"12.1":0.337706243278,"0":null},"ie":{"5.5":null,"6":0.0301734580645,"7":0.0100578193548,"8":0.365434103226,"9":0.107283406452,"10":0.140809470968,"11":0.378844529032,"0":null},"ie_mob":{"10":0.227305866667,"11":0.374386133333},"bb":{"7":0.012103,"10":null},"and_uc":{"0":13.271804},"op_mini":{"5.0-8.0":43.507821009},"and_chr":{"0":2.591704},"and_ff":{"0":0.255892}},"total":95.4221617871}