{"id":"BE","name":"Belgium","month":"2015-01","access_date":"2015-02-01","data":{"chrome":{"4":null,"5":null,"6":null,"7":null,"8":null,"9":null,"10":null,"11":0.050508,"12":null,"13":null,"14":null,"15":null,"16":null,"17":null,"18":0.033672,"19":null,"20":null,"21":0.016836,"22":0.04209,"23":0.025254,"24":null,"25":0.008418,"26":0.025254,"27":0.025254,"28":0.025254,"29":0.025254,"30":0.033672,"31":0.319884,"32":0.143106,"33":0.260958,"34":0.25254,"35":0.538752,"36":0.513498,"37":0.513498,"38":0.867054,"39":26.314668,"40":7.44993,"41":0.202032,"42":0.016836,"43":null},"firefox":{"2":0.008418,"3":0.016836,"3.5":null,"3.6":0.04209,"4":null,"5":null,"6":null,"7":null,"8":null,"9":0.008418,"10":0.016836,"11":0.016836,"12":0.033672,"13":0.016836,"14":0.04209,"15":0.016836,"16":0.075762,"17":0.025254,"18":0.016836,"19":0.008418,"20":0.033672,"21":0.016836,"22":0.016836,"23":0.033672,"24":0.12627,"25":0.025254,"26":0.033672,"27":0.143106,"28":0.04209,"29":0.092598,"30":0.08418,"31":0.25254,"32":0.134688,"33":0.218868,"34":7.500438,"35":6.557622,"36":0.04209,"37":0.008418,"38":null},"opera":{"9":null,"9.5-9.6":null,"10.0-10.1":0,"10.5":null,"10.6":null,"11":null,"11.1":null,"11.5":null,"11.6":null,"12":0.008418,"12.1":0.21045,"15":null,"16":null,"17":null,"18":null,"19":null,"20":null,"21":null,"22":null,"23":null,"24":null,"25":null,"26":0.488244,"27":0.08418,"28":null,"29":null},"safari":{"3.1":null,"3.2":null,"4":0.067344,"5":0.277794,"5.1":0.942816,"6":0.193614,"6.1":0.572424,"7":0.665022,"7.1":1.330044,"8":3.022062},"android":{"2.1":0,"2.2":0,"2.3":0.0587066556468,"3":0,"4":0.119917386653,"4.1":0.373663689733,"4.2-4.3":0.612107310062,"4.4":1.09344624025,"4.4.3-4.4.4":0.452124717659,"37":0},"ios_saf":{"3.2":0,"4.0-4.1":0,"4.2-4.3":0,"5.0-5.1":0.0378634667605,"6.0-6.1":0.120897385095,"7.0-7.1":1.72843404405,"8":0.416498134366,"8.1":4.30115696973},"op_mob":{"10":0,"11":0,"11.1":0,"11.5":0,"12":0.000153946222791,"12.1":0.000461838668374,"0":null},"ie":{"5.5":null,"6":0.0168686532196,"7":0.101211919317,"8":1.88085483398,"9":2.80863076106,"10":1.66156234213,"11":15.2745654903,"0":null},"ie_mob":{"10":0.281490533333,"11":0.463631466667},"bb":{"7":0.0162155,"10":null},"and_uc":{"0":0.018984},"op_mini":{"5.0-8.0":0.0595002151088},"and_chr":{"0":5.592356},"and_ff":{"0":0.07119}},"total":98.8371155}