{"id":"BF","name":"Burkina Faso","month":"2015-01","access_date":"2015-02-01","data":{"chrome":{"4":0.04629,"5":0.009258,"6":0.013887,"7":0.013887,"8":0.009258,"9":null,"10":0.018516,"11":0.083322,"12":0.04629,"13":0.018516,"14":0.04629,"15":0.037032,"16":0.013887,"17":0.013887,"18":0.041661,"19":0.027774,"20":0.004629,"21":0.083322,"22":0.009258,"23":0.004629,"24":0.004629,"25":0.083322,"26":0.027774,"27":0.055548,"28":0.04629,"29":0.023145,"30":0.064806,"31":0.162015,"32":0.027774,"33":0.083322,"34":0.069435,"35":0.101838,"36":0.365691,"37":0.074064,"38":0.236079,"39":7.707285,"40":2.245065,"41":0.333288,"42":null,"43":null},"firefox":{"2":0.004629,"3":0.064806,"3.5":0.037032,"3.6":0.148128,"4":0.060177,"5":0.083322,"6":0.037032,"7":0.041661,"8":0.078693,"9":0.04629,"10":0.115725,"11":0.175902,"12":0.222192,"13":0.106467,"14":0.09258,"15":0.129612,"16":0.314772,"17":0.050919,"18":0.064806,"19":0.055548,"20":0.097209,"21":0.078693,"22":0.069435,"23":0.069435,"24":0.152757,"25":0.09258,"26":0.087951,"27":0.134241,"28":0.087951,"29":0.245337,"30":0.634173,"31":0.384207,"32":0.347175,"33":0.898026,"34":9.651465,"35":7.503609,"36":0.208305,"37":0.032403,"38":null},"opera":{"9":null,"9.5-9.6":null,"10.0-10.1":0,"10.5":null,"10.6":null,"11":null,"11.1":0.009258,"11.5":0.027774,"11.6":0.013887,"12":0.018516,"12.1":0.09258,"15":0.013887,"16":0.009258,"17":0.013887,"18":0.023145,"19":0.004629,"20":null,"21":0.004629,"22":0.009258,"23":null,"24":null,"25":0.013887,"26":0.578625,"27":0.09258,"28":null,"29":null},"safari":{"3.1":0.004629,"3.2":null,"4":0.004629,"5":0.064806,"5.1":0.152757,"6":0.060177,"6.1":0.023145,"7":0.087951,"7.1":0.134241,"8":0.097209},"android":{"2.1":0,"2.2":0,"2.3":0.245621785524,"3":0,"4":0.501720329671,"4.1":1.56336520359,"4.2-4.3":2.56098544148,"4.4":4.57485126591,"4.4.3-4.4.4":1.89163697382,"37":0},"ios_saf":{"3.2":0,"4.0-4.1":0,"4.2-4.3":0,"5.0-5.1":0.00554223674947,"6.0-6.1":0.0176962647088,"7.0-7.1":0.252998246002,"8":0.0609646042442,"8.1":0.629578648295},"op_mob":{"10":0,"11":0,"11.1":0,"11.5":0,"12":0.0658411702945,"12.1":0.197523510883,"0":null},"ie":{"5.5":null,"6":0.0883546506884,"7":0.0697536715961,"8":1.13000947986,"9":0.669635247323,"10":2.08795990311,"11":5.03621508924,"0":null},"ie_mob":{"10":0.231311066667,"11":0.380982933333},"bb":{"7":0.06579475,"10":null},"and_uc":{"0":6.987671},"op_mini":{"5.0-8.0":25.4476123188},"and_chr":{"0":4.100265},"and_ff":{"0":0.306147}},"total":95.6835897918}