{"id":"BG","name":"Bulgaria","month":"2015-01","access_date":"2015-02-01","data":{"chrome":{"4":0.008695,"5":null,"6":null,"7":0.01739,"8":null,"9":null,"10":0.026085,"11":0.113035,"12":0.008695,"13":0.01739,"14":0.01739,"15":0.01739,"16":0.043475,"17":null,"18":0.05217,"19":null,"20":null,"21":0.008695,"22":0.060865,"23":0.060865,"24":0.008695,"25":0.03478,"26":0.130425,"27":0.06956,"28":0.05217,"29":0.060865,"30":0.06956,"31":0.269545,"32":0.1739,"33":0.217375,"34":0.460835,"35":0.48692,"36":0.686905,"37":0.90428,"38":0.617345,"39":29.31954,"40":9.51233,"41":0.130425,"42":0.008695,"43":null},"firefox":{"2":0.01739,"3":0.060865,"3.5":0.026085,"3.6":0.147815,"4":0.026085,"5":0.01739,"6":0.01739,"7":0.008695,"8":0.01739,"9":0.01739,"10":0.043475,"11":0.06956,"12":0.078255,"13":0.026085,"14":0.03478,"15":0.026085,"16":0.043475,"17":0.043475,"18":0.043475,"19":0.03478,"20":0.078255,"21":0.03478,"22":0.03478,"23":0.05217,"24":0.060865,"25":0.060865,"26":0.06956,"27":0.147815,"28":0.08695,"29":0.078255,"30":0.147815,"31":0.5217,"32":0.43475,"33":0.3478,"34":11.886065,"35":11.242635,"36":0.113035,"37":0.01739,"38":0.01739},"opera":{"9":null,"9.5-9.6":null,"10.0-10.1":0,"10.5":null,"10.6":null,"11":null,"11.1":null,"11.5":null,"11.6":0.026085,"12":0.03478,"12.1":0.81733,"15":null,"16":null,"17":null,"18":0.03478,"19":0.008695,"20":0.03478,"21":0.01739,"22":0.008695,"23":null,"24":0.01739,"25":0.01739,"26":2.05202,"27":0.356495,"28":null,"29":null},"safari":{"3.1":null,"3.2":null,"4":0.026085,"5":0.03478,"5.1":0.10434,"6":0.008695,"6.1":0.043475,"7":0.15651,"7.1":0.095645,"8":0.408665},"android":{"2.1":0,"2.2":0,"2.3":0.0826913116016,"3":0,"4":0.16890974076,"4.1":0.526324319815,"4.2-4.3":0.862184291581,"4.4":1.54017466632,"4.4.3-4.4.4":0.636840669918,"37":0},"ios_saf":{"3.2":0,"4.0-4.1":0,"4.2-4.3":0,"5.0-5.1":0.00932898471286,"6.0-6.1":0.0297872845218,"7.0-7.1":0.425859968822,"8":0.102618831841,"8.1":1.0597399301},"op_mob":{"10":0,"11":0,"11.1":0,"11.5":0,"12":0.00109279129321,"12.1":0.00327837387964,"0":null},"ie":{"5.5":null,"6":0.0800128582494,"7":0.160025716499,"8":2.56041146398,"9":1.49357335399,"10":0.995715569326,"11":6.18766103796,"0":null},"ie_mob":{"10":0.187833,"11":0.309372},"bb":{"7":0.0045675,"10":null},"and_uc":{"0":0.04959},"op_mini":{"5.0-8.0":0.422363834827},"and_chr":{"0":6.61878},"and_ff":{"0":0.10701}},"total":98.8288775}