{"id":"BH","name":"Bahrain","month":"2015-01","access_date":"2015-02-01","data":{"chrome":{"4":0.02968,"5":0.01696,"6":0.01272,"7":0.00848,"8":null,"9":0.01696,"10":0.0212,"11":0.0848,"12":0.01696,"13":0.02968,"14":0.05936,"15":0.01696,"16":0.02968,"17":null,"18":0.01696,"19":0.00848,"20":0.01696,"21":0.01696,"22":0.05088,"23":null,"24":0.0424,"25":0.01272,"26":0.0212,"27":0.06784,"28":0.05936,"29":0.0424,"30":0.03816,"31":0.16112,"32":0.05936,"33":0.32224,"34":0.1484,"35":0.14416,"36":0.3816,"37":0.28832,"38":0.37736,"39":14.2676,"40":4.00256,"41":0.318,"42":0.02968,"43":null},"firefox":{"2":0.00848,"3":0.03816,"3.5":0.02544,"3.6":0.07208,"4":0.03392,"5":0.05936,"6":0.0424,"7":0.01272,"8":0.00848,"9":0.01272,"10":0.0212,"11":0.01696,"12":0.02968,"13":0.00424,"14":0.02544,"15":0.01696,"16":0.0424,"17":0.00848,"18":0.01696,"19":0.02544,"20":0.02544,"21":0.106,"22":0.01272,"23":0.0212,"24":0.0212,"25":null,"26":0.01272,"27":0.02968,"28":0.02544,"29":0.02544,"30":0.03392,"31":0.05936,"32":0.05088,"33":0.0848,"34":2.06912,"35":1.89952,"36":0.12296,"37":null,"38":null},"opera":{"9":0.00424,"9.5-9.6":0.00848,"10.0-10.1":0.00848,"10.5":null,"10.6":0.00424,"11":0.0212,"11.1":0.0212,"11.5":0.03392,"11.6":0.01272,"12":0.02968,"12.1":0.08904,"15":null,"16":null,"17":null,"18":null,"19":null,"20":0.00424,"21":null,"22":0.00848,"23":null,"24":null,"25":null,"26":0.36464,"27":0.05088,"28":null,"29":null},"safari":{"3.1":null,"3.2":null,"4":0.0212,"5":0.07632,"5.1":0.27136,"6":0.16112,"6.1":0.17808,"7":0.32648,"7.1":0.32224,"8":0.75048},"android":{"2.1":0,"2.2":0,"2.3":0.372968279261,"3":0,"4":0.761845158111,"4.1":2.37391658316,"4.2-4.3":3.8887687885,"4.4":6.946755154,"4.4.3-4.4.4":2.87238603696,"37":0},"ios_saf":{"3.2":0,"4.0-4.1":0,"4.2-4.3":0,"5.0-5.1":0.0467896449764,"6.0-6.1":0.149398515539,"7.0-7.1":2.13590624962,"8":0.51468609474,"8.1":5.31513949512},"op_mob":{"10":0,"11":0,"11.1":0,"11.5":0,"12":0.00837818181818,"12.1":0.0251345454545,"0":null},"ie":{"5.5":0.00852732472968,"6":0.0895369096617,"7":0.0980642343913,"8":2.73300757586,"9":1.76089255668,"10":1.91864806418,"11":5.61097967213,"0":null},"ie_mob":{"10":0.226304,"11":0.372736},"bb":{"7":0.11088,"10":null},"and_uc":{"0":8.74368},"op_mini":{"5.0-8.0":3.23816727273},"and_chr":{"0":18.24736},"and_ff":{"0":0.14976}},"total":97.8494163376}