{"id":"BJ","name":"Benin","month":"2015-01","access_date":"2015-02-01","data":{"chrome":{"4":0.100871,"5":0.037163,"6":0.15927,"7":0.063708,"8":0.207051,"9":0.037163,"10":0.233596,"11":0.100871,"12":0.966238,"13":0.435338,"14":0.254832,"15":0.122107,"16":0.228287,"17":0.026545,"18":0.079635,"19":0.042472,"20":0.021236,"21":0.090253,"22":0.031854,"23":0.026545,"24":0.069017,"25":0.05309,"26":0.270759,"27":0.355703,"28":0.148652,"29":0.451265,"30":0.196433,"31":0.456574,"32":0.037163,"33":0.260141,"34":0.392866,"35":0.260141,"36":0.748569,"37":0.653007,"38":0.504355,"39":15.125341,"40":4.932061,"41":0.403484,"42":0.026545,"43":null},"firefox":{"2":0.015927,"3":0.047781,"3.5":0.058399,"3.6":0.079635,"4":0.05309,"5":0.069017,"6":0.090253,"7":0.084944,"8":0.058399,"9":0.100871,"10":0.127416,"11":0.334467,"12":0.196433,"13":0.116798,"14":0.111489,"15":0.164579,"16":0.15927,"17":0.090253,"18":0.063708,"19":0.084944,"20":0.116798,"21":0.100871,"22":0.074326,"23":0.084944,"24":0.138034,"25":0.153961,"26":0.084944,"27":0.143343,"28":0.069017,"29":0.238905,"30":0.499046,"31":0.408793,"32":0.451265,"33":0.615844,"34":6.705267,"35":5.919535,"36":0.228287,"37":0.026545,"38":null},"opera":{"9":null,"9.5-9.6":null,"10.0-10.1":0,"10.5":null,"10.6":0.005309,"11":0.005309,"11.1":null,"11.5":0.031854,"11.6":0.021236,"12":0.021236,"12.1":0.084944,"15":0.021236,"16":0.021236,"17":null,"18":0.021236,"19":0.010618,"20":0.015927,"21":null,"22":0.005309,"23":null,"24":null,"25":0.026545,"26":0.440647,"27":0.074326,"28":null,"29":null},"safari":{"3.1":null,"3.2":null,"4":0.005309,"5":0.047781,"5.1":0.090253,"6":0.074326,"6.1":0.026545,"7":0.095562,"7.1":0.079635,"8":0.100871},"android":{"2.1":0,"2.2":0,"2.3":0.14572634846,"3":0,"4":0.297668512731,"4.1":0.927537848255,"4.2-4.3":1.51942164271,"4.4":2.71423957084,"4.4.3-4.4.4":1.122300077,"37":0},"ios_saf":{"3.2":0,"4.0-4.1":0,"4.2-4.3":0,"5.0-5.1":0.00701880790506,"6.0-6.1":0.0224109305039,"7.0-7.1":0.320402424017,"8":0.0772068869556,"8.1":0.797311950619},"op_mob":{"10":0,"11":0,"11.1":0,"11.5":0,"12":0.0620100947503,"12.1":0.186030284251,"0":null},"ie":{"5.5":null,"6":0.188808302354,"7":0.0593397521685,"8":0.668920842627,"9":0.458534448575,"10":0.938646988848,"11":1.99057895911,"0":null},"ie_mob":{"10":0.304810755556,"11":0.502041244444},"bb":{"7":0.1102385,"10":null},"and_uc":{"0":6.642456},"op_mini":{"5.0-8.0":23.966901621},"and_chr":{"0":3.728503},"and_ff":{"0":0.168876}},"total":96.0327907937}