{"id":"BN","name":"Brunei Darussalam","month":"2015-01","access_date":"2015-02-01","data":{"chrome":{"4":null,"5":0.005336,"6":0.037352,"7":null,"8":0.016008,"9":null,"10":0.016008,"11":0.05336,"12":0.032016,"13":0.021344,"14":0.085376,"15":0.010672,"16":0.010672,"17":null,"18":0.005336,"19":null,"20":0.010672,"21":0.021344,"22":0.16008,"23":0.016008,"24":0.005336,"25":0.042688,"26":0.02668,"27":0.048024,"28":0.037352,"29":0.032016,"30":0.02668,"31":0.245456,"32":0.117392,"33":0.576288,"34":0.29348,"35":0.245456,"36":0.805736,"37":0.378856,"38":0.677672,"39":18.553272,"40":4.898448,"41":0.357512,"42":0.016008,"43":null},"firefox":{"2":null,"3":0.010672,"3.5":0.069368,"3.6":0.085376,"4":0.016008,"5":0.016008,"6":0.021344,"7":0.021344,"8":0.005336,"9":0.069368,"10":0.037352,"11":0.090712,"12":0.05336,"13":0.021344,"14":0.010672,"15":0.005336,"16":0.05336,"17":0.010672,"18":0.005336,"19":0.016008,"20":0.010672,"21":0.02668,"22":0.037352,"23":0.016008,"24":0.016008,"25":0.032016,"26":0.016008,"27":0.048024,"28":0.02668,"29":0.074704,"30":0.096048,"31":0.117392,"32":0.197432,"33":0.261464,"34":8.873768,"35":4.407536,"36":0.474904,"37":null,"38":null},"opera":{"9":null,"9.5-9.6":null,"10.0-10.1":0,"10.5":null,"10.6":0.005336,"11":null,"11.1":null,"11.5":null,"11.6":null,"12":0.005336,"12.1":0.176088,"15":null,"16":null,"17":null,"18":null,"19":null,"20":null,"21":null,"22":0.010672,"23":null,"24":0.010672,"25":null,"26":0.34684,"27":0.112056,"28":null,"29":null},"safari":{"3.1":null,"3.2":null,"4":0.069368,"5":0.21344,"5.1":0.490912,"6":0.149408,"6.1":0.490912,"7":0.4002,"7.1":0.490912,"8":1.232616},"android":{"2.1":0,"2.2":0,"2.3":0.230971431622,"3":0,"4":0.471794725257,"4.1":1.47011674251,"4.2-4.3":2.40823293634,"4.4":4.30197974538,"4.4.3-4.4.4":1.77880841889,"37":0},"ios_saf":{"3.2":0,"4.0-4.1":0,"4.2-4.3":0,"5.0-5.1":0.042913209293,"6.0-6.1":0.137021124409,"7.0-7.1":1.95895036106,"8":0.472045302223,"8.1":4.87479000302},"op_mob":{"10":0,"11":0,"11.1":0,"11.5":0,"12":0.0367745352113,"12.1":0.110323605634,"0":null},"ie":{"5.5":null,"6":0.010683650655,"7":0.0480764279476,"8":1.04699776419,"9":0.774564672489,"10":0.454055152838,"11":2.5427088559,"0":null},"ie_mob":{"10":0.0845738666667,"11":0.139298133333},"bb":{"7":0.010494,"10":null},"and_uc":{"0":2.714448},"op_mini":{"5.0-8.0":14.2133578592},"and_chr":{"0":10.0116},"and_ff":{"0":0.153912}},"total":97.941868524}