{"id":"BO","name":"Bolivia","month":"2015-01","access_date":"2015-02-01","data":{"chrome":{"4":0.02304,"5":0.00576,"6":null,"7":null,"8":0.04608,"9":0.01152,"10":0.01152,"11":0.27648,"12":0.03456,"13":0.04032,"14":0.02304,"15":0.01728,"16":0.00576,"17":0.00576,"18":0.12672,"19":0.01152,"20":null,"21":0.01728,"22":0.04032,"23":0.0576,"24":0.01728,"25":0.0864,"26":0.09216,"27":0.05184,"28":0.06336,"29":0.06336,"30":0.0576,"31":0.19584,"32":0.1152,"33":0.36864,"34":0.29952,"35":0.46656,"36":0.6624,"37":0.59328,"38":0.77184,"39":19.07136,"40":5.65056,"41":0.07488,"42":0.00576,"43":null},"firefox":{"2":0.01152,"3":0.02304,"3.5":0.04608,"3.6":0.16128,"4":0.05184,"5":0.04032,"6":0.02304,"7":0.01728,"8":0.10944,"9":0.04608,"10":0.02304,"11":0.04032,"12":0.144,"13":0.05184,"14":0.0576,"15":0.06336,"16":0.0864,"17":0.10944,"18":0.0576,"19":0.06336,"20":0.09216,"21":0.06912,"22":0.07488,"23":0.08064,"24":0.08064,"25":0.0864,"26":0.12672,"27":0.09792,"28":0.1152,"29":0.20736,"30":0.45504,"31":0.39168,"32":0.432,"33":0.76608,"34":6.86592,"35":5.328,"36":0.06336,"37":0.01152,"38":null},"opera":{"9":null,"9.5-9.6":null,"10.0-10.1":0,"10.5":null,"10.6":null,"11":null,"11.1":null,"11.5":null,"11.6":null,"12":null,"12.1":0.06912,"15":null,"16":null,"17":null,"18":null,"19":null,"20":0.00576,"21":null,"22":null,"23":null,"24":0.00576,"25":0.00576,"26":0.31104,"27":0.06336,"28":null,"29":null},"safari":{"3.1":null,"3.2":null,"4":0.01152,"5":0.0576,"5.1":0.15552,"6":0.0576,"6.1":0.0864,"7":0.12672,"7.1":0.12096,"8":0.30528},"android":{"2.1":0,"2.2":0,"2.3":0.246439334702,"3":0,"4":0.503390299795,"4.1":1.568568846,"4.2-4.3":2.56950965092,"4.4":4.5900786037,"4.4.3-4.4.4":1.89793326489,"37":0},"ios_saf":{"3.2":0,"4.0-4.1":0,"4.2-4.3":0,"5.0-5.1":0.02258078246,"6.0-6.1":0.0721000422408,"7.0-7.1":1.0307929116,"8":0.24838860706,"8.1":2.56509765664},"op_mob":{"10":0,"11":0,"11.1":0,"11.5":0,"12":0.0120848143406,"12.1":0.0362544430218,"0":null},"ie":{"5.5":null,"6":0.0753967377666,"7":0.0695969887077,"8":2.67368431619,"9":1.07875332497,"10":1.4557370138,"11":3.86263287327,"0":null},"ie_mob":{"10":0.323559111111,"11":0.532920888889},"bb":{"7":0.05512,"10":null},"and_uc":{"0":1.04728},"op_mini":{"5.0-8.0":4.67078074264},"and_chr":{"0":19.80296},"and_ff":{"0":0.45792}},"total":98.8858812547}