{"id":"BR","name":"Brazil","month":"2015-01","access_date":"2015-02-01","data":{"chrome":{"4":null,"5":0.007891,"6":null,"7":null,"8":null,"9":null,"10":0.007891,"11":0.031564,"12":0.015782,"13":0.007891,"14":0.007891,"15":null,"16":null,"17":null,"18":0.031564,"19":null,"20":null,"21":0.015782,"22":0.086801,"23":0.007891,"24":0.015782,"25":0.047346,"26":0.047346,"27":0.023673,"28":0.031564,"29":0.063128,"30":0.031564,"31":0.307749,"32":0.15782,"33":1.641328,"34":0.410332,"35":0.781209,"36":1.767584,"37":1.073176,"38":1.475617,"39":33.994428,"40":11.071073,"41":0.370877,"42":0.047346,"43":null},"firefox":{"2":null,"3":0.015782,"3.5":null,"3.6":0.031564,"4":0.007891,"5":null,"6":null,"7":null,"8":null,"9":0.007891,"10":0.015782,"11":0.015782,"12":0.031564,"13":0.015782,"14":0.023673,"15":0.031564,"16":0.015782,"17":0.023673,"18":0.007891,"19":0.015782,"20":0.031564,"21":0.015782,"22":0.015782,"23":0.023673,"24":0.039455,"25":0.015782,"26":0.031564,"27":0.031564,"28":0.031564,"29":0.055237,"30":0.086801,"31":0.23673,"32":0.142038,"33":0.220948,"34":3.748225,"35":3.424694,"36":0.07891,"37":null,"38":null},"opera":{"9":null,"9.5-9.6":null,"10.0-10.1":0,"10.5":null,"10.6":null,"11":null,"11.1":null,"11.5":null,"11.6":null,"12":null,"12.1":0.039455,"15":null,"16":null,"17":null,"18":null,"19":null,"20":0.007891,"21":null,"22":0.007891,"23":0.007891,"24":0.015782,"25":0.023673,"26":0.47346,"27":0.086801,"28":null,"29":null},"safari":{"3.1":null,"3.2":null,"4":0.023673,"5":0.023673,"5.1":0.102583,"6":0.023673,"6.1":0.055237,"7":0.094692,"7.1":0.134147,"8":0.355095},"android":{"2.1":0,"2.2":0,"2.3":0.104442270431,"3":0,"4":0.213339424435,"4.1":0.664767626489,"4.2-4.3":1.08897154004,"4.4":1.94529916016,"4.4.3-4.4.4":0.804353978439,"37":0},"ios_saf":{"3.2":0,"4.0-4.1":0,"4.2-4.3":0,"5.0-5.1":0.0131904237152,"6.0-6.1":0.0421167915116,"7.0-7.1":0.602131272051,"8":0.145094660867,"8.1":1.49838585186},"op_mob":{"10":0,"11":0,"11.1":0,"11.5":0,"12":0.00198748271447,"12.1":0.00596244814341,"0":null},"ie":{"5.5":null,"6":0.0240366006583,"7":0.0560854015359,"8":2.92445308009,"9":1.45020823971,"10":1.37809843774,"11":8.74932263961,"0":null},"ie_mob":{"10":0.347375733333,"11":0.572148266667},"bb":{"7":0.004218,"10":null},"and_uc":{"0":0.31635},"op_mini":{"5.0-8.0":0.768162069142},"and_chr":{"0":11.48552},"and_ff":{"0":0.088578}},"total":98.8408223993}