{"id":"BS","name":"Bahamas","month":"2015-01","access_date":"2015-02-01","data":{"chrome":{"4":null,"5":null,"6":null,"7":null,"8":null,"9":null,"10":null,"11":0.10808,"12":null,"13":null,"14":null,"15":null,"16":null,"17":null,"18":0.05404,"19":null,"20":0.00772,"21":0.09264,"22":0.03088,"23":null,"24":0.01544,"25":0.01544,"26":0.04632,"27":0.0386,"28":0.193,"29":0.0386,"30":0.02316,"31":0.29336,"32":0.21616,"33":0.23932,"34":0.25476,"35":0.3474,"36":1.17344,"37":0.78744,"38":0.772,"39":26.8656,"40":7.43436,"41":0.24704,"42":0.01544,"43":null},"firefox":{"2":null,"3":0.01544,"3.5":0.01544,"3.6":0.03088,"4":0.01544,"5":null,"6":null,"7":null,"8":0.00772,"9":null,"10":null,"11":0.01544,"12":0.0386,"13":0.00772,"14":null,"15":null,"16":0.03088,"17":0.00772,"18":null,"19":null,"20":0.02316,"21":0.01544,"22":null,"23":0.02316,"24":0.01544,"25":0.01544,"26":0.01544,"27":0.04632,"28":0.00772,"29":0.01544,"30":0.0386,"31":0.17756,"32":0.13124,"33":0.10808,"34":3.82912,"35":3.30416,"36":0.193,"37":null,"38":null},"opera":{"9":null,"9.5-9.6":null,"10.0-10.1":0,"10.5":null,"10.6":null,"11":null,"11.1":null,"11.5":null,"11.6":null,"12":null,"12.1":0.06176,"15":null,"16":null,"17":null,"18":null,"19":null,"20":null,"21":null,"22":null,"23":null,"24":null,"25":null,"26":0.35512,"27":0.05404,"28":null,"29":null},"safari":{"3.1":null,"3.2":null,"4":0.06176,"5":0.32424,"5.1":0.78744,"6":0.13124,"6.1":0.60216,"7":0.45548,"7.1":0.89552,"8":1.76016},"android":{"2.1":0,"2.2":0,"2.3":0.152276143737,"3":0,"4":0.311047478439,"4.1":0.969226829569,"4.2-4.3":1.58771334702,"4.4":2.83623338809,"4.4.3-4.4.4":1.17274281314,"37":0},"ios_saf":{"3.2":0,"4.0-4.1":0,"4.2-4.3":0,"5.0-5.1":0.0304804103389,"6.0-6.1":0.0973234154682,"7.0-7.1":1.39140399477,"8":0.335284513728,"8.1":3.46246766569},"op_mob":{"10":0,"11":0,"11.1":0,"11.5":0,"12":0.000274417413572,"12.1":0.000823252240717,"0":null},"ie":{"5.5":null,"6":0.0466476254631,"7":0.279885752779,"8":2.37125429438,"9":1.53159703604,"10":2.26240983496,"11":16.5754562479,"0":null},"ie_mob":{"10":0.294576,"11":0.485184},"bb":{"7":0.11685,"10":null},"and_uc":{"0":0.171},"op_mini":{"5.0-8.0":0.106062330346},"and_chr":{"0":9.23444},"and_ff":{"0":0.10032}},"total":98.8667407915}