{"id":"BT","name":"Bhutan","month":"2015-01","access_date":"2015-02-01","data":{"chrome":{"4":0.035427,"5":0.111342,"6":0.075915,"7":0.025305,"8":null,"9":0.005061,"10":0.055671,"11":0.055671,"12":0.05061,"13":0.015183,"14":0.121464,"15":null,"16":0.015183,"17":null,"18":0.020244,"19":null,"20":0.035427,"21":0.010122,"22":0.005061,"23":0.020244,"24":0.020244,"25":0.025305,"26":0.010122,"27":0.035427,"28":0.040488,"29":0.040488,"30":0.080976,"31":0.136647,"32":0.091098,"33":0.561771,"34":0.20244,"35":0.394758,"36":3.84636,"37":0.323904,"38":0.379575,"39":19.899852,"40":5.607588,"41":0.70854,"42":0.035427,"43":null},"firefox":{"2":null,"3":0.045549,"3.5":0.010122,"3.6":0.040488,"4":0.020244,"5":0.30366,"6":0.025305,"7":0.136647,"8":null,"9":0.005061,"10":0.263172,"11":0.015183,"12":0.106281,"13":0.015183,"14":0.030366,"15":0.060732,"16":0.263172,"17":0.030366,"18":0.035427,"19":0.015183,"20":0.010122,"21":0.05061,"22":null,"23":0.030366,"24":0.020244,"25":null,"26":0.030366,"27":0.080976,"28":0.025305,"29":0.096159,"30":0.116403,"31":0.086037,"32":0.187257,"33":0.268233,"34":3.740079,"35":3.502212,"36":0.40488,"37":0.020244,"38":0.040488},"opera":{"9":null,"9.5-9.6":null,"10.0-10.1":0.025305,"10.5":null,"10.6":null,"11":null,"11.1":null,"11.5":null,"11.6":null,"12":null,"12.1":0.015183,"15":null,"16":null,"17":null,"18":null,"19":null,"20":0.030366,"21":null,"22":null,"23":null,"24":null,"25":0.005061,"26":0.177135,"27":0.035427,"28":null,"29":null},"safari":{"3.1":null,"3.2":null,"4":0.020244,"5":0.025305,"5.1":0.217623,"6":0.020244,"6.1":0.222684,"7":0.096159,"7.1":0.182196,"8":0.278355},"android":{"2.1":0,"2.2":0,"2.3":0.12250900462,"3":0,"4":0.250243511807,"4.1":0.779761105236,"4.2-4.3":1.27734507187,"4.4":2.28180278747,"4.4.3-4.4.4":0.943493518994,"37":0},"ios_saf":{"3.2":0,"4.0-4.1":0,"4.2-4.3":0,"5.0-5.1":0.0198762089913,"6.0-6.1":0.0634643866036,"7.0-7.1":0.90733150518,"8":0.218638298904,"8.1":2.25786760032},"op_mob":{"10":0,"11":0,"11.1":0,"11.5":0,"12":0.0223488169014,"12.1":0.0670464507042,"0":null},"ie":{"5.5":null,"6":0.010122,"7":0.010122,"8":1.042566,"9":0.298599,"10":0.870492,"11":2.231901,"0":null},"ie_mob":{"10":1.09898237778,"11":1.81008862222},"bb":{"7":0.004939,"10":null},"and_uc":{"0":11.275737},"op_mini":{"5.0-8.0":8.63781773239},"and_chr":{"0":8.622042},"and_ff":{"0":0.083963}},"total":89.791449}