{"id":"BW","name":"Botswana","month":"2015-01","access_date":"2015-02-01","data":{"chrome":{"4":null,"5":null,"6":null,"7":0.005858,"8":0.005858,"9":null,"10":null,"11":0.05858,"12":0.02929,"13":null,"14":0.005858,"15":0.005858,"16":0.052722,"17":0.005858,"18":0.076154,"19":0.017574,"20":0.017574,"21":0.070296,"22":0.035148,"23":0.011716,"24":0.011716,"25":0.070296,"26":0.046864,"27":0.052722,"28":0.052722,"29":0.128876,"30":0.046864,"31":0.228462,"32":0.169882,"33":0.251894,"34":0.20503,"35":0.304616,"36":0.837694,"37":0.562368,"38":0.738108,"39":14.76216,"40":4.575098,"41":0.49793,"42":0.023432,"43":null},"firefox":{"2":null,"3":0.02929,"3.5":0.005858,"3.6":0.23432,"4":0.035148,"5":0.017574,"6":0.017574,"7":0.023432,"8":0.017574,"9":0.017574,"10":0.076154,"11":0.128876,"12":0.193314,"13":0.05858,"14":0.064438,"15":0.064438,"16":0.14645,"17":0.046864,"18":0.11716,"19":0.041006,"20":0.046864,"21":0.05858,"22":0.02929,"23":0.064438,"24":0.052722,"25":0.02929,"26":0.386628,"27":0.310474,"28":0.046864,"29":0.32219,"30":0.298758,"31":0.287042,"32":0.240178,"33":0.796688,"34":5.207762,"35":5.453798,"36":0.55651,"37":0.011716,"38":0.017574},"opera":{"9":null,"9.5-9.6":null,"10.0-10.1":0,"10.5":null,"10.6":null,"11":null,"11.1":null,"11.5":0.017574,"11.6":0.005858,"12":0.011716,"12.1":0.134734,"15":null,"16":null,"17":null,"18":0.011716,"19":null,"20":0.017574,"21":null,"22":null,"23":null,"24":0.011716,"25":0.011716,"26":0.872842,"27":0.2929,"28":null,"29":null},"safari":{"3.1":null,"3.2":null,"4":0.046864,"5":0.105444,"5.1":0.240178,"6":0.164024,"6.1":0.111302,"7":0.093728,"7.1":0.181598,"8":0.287042},"android":{"2.1":0,"2.2":0,"2.3":0.101842594456,"3":0,"4":0.208029185832,"4.1":0.648220873717,"4.2-4.3":1.06186591376,"4.4":1.89687865503,"4.4.3-4.4.4":0.784332777207,"37":0},"ios_saf":{"3.2":0,"4.0-4.1":0,"4.2-4.3":0,"5.0-5.1":0.00816819229609,"6.0-6.1":0.0260808946998,"7.0-7.1":0.372870813235,"8":0.089850115257,"8.1":0.927877984512},"op_mob":{"10":0,"11":0,"11.1":0,"11.5":0,"12":0.0225715134443,"12.1":0.0677145403329,"0":null},"ie":{"5.5":null,"6":0.064586076599,"7":0.258344306396,"8":2.83591590885,"9":2.73022960169,"10":3.02967413864,"11":6.39989304481,"0":null},"ie_mob":{"10":0.696316222222,"11":1.14687377778},"bb":{"7":0.3717445,"10":null},"and_uc":{"0":12.55026},"op_mini":{"5.0-8.0":8.72388994622},"and_chr":{"0":4.827798},"and_ff":{"0":0.095266}},"total":92.083689577}