{"id":"BY","name":"Belarus","month":"2015-01","access_date":"2015-02-01","data":{"chrome":{"4":0.017368,"5":0.026052,"6":0.034736,"7":0.026052,"8":0.060788,"9":0.017368,"10":0.04342,"11":0.078156,"12":0.060788,"13":0.052104,"14":0.034736,"15":0.052104,"16":0.04342,"17":0.13026,"18":0.060788,"19":0.017368,"20":0.026052,"21":0.034736,"22":0.147628,"23":0.026052,"24":0.069472,"25":0.026052,"26":0.112892,"27":0.104208,"28":0.321308,"29":0.034736,"30":0.069472,"31":0.191048,"32":0.095524,"33":0.112892,"34":0.17368,"35":0.364728,"36":0.277888,"37":0.338676,"38":0.47762,"39":24.983868,"40":7.529028,"41":0.138944,"42":0.026052,"43":null},"firefox":{"2":0.008684,"3":0.060788,"3.5":0.052104,"3.6":0.147628,"4":0.017368,"5":0.008684,"6":0.026052,"7":0.017368,"8":0.008684,"9":0.026052,"10":0.026052,"11":0.034736,"12":0.078156,"13":0.017368,"14":0.017368,"15":0.026052,"16":0.017368,"17":0.017368,"18":0.034736,"19":0.069472,"20":0.017368,"21":0.026052,"22":0.026052,"23":0.04342,"24":0.08684,"25":0.069472,"26":0.052104,"27":0.052104,"28":0.052104,"29":0.052104,"30":0.095524,"31":0.277888,"32":0.243152,"33":0.460252,"34":6.16564,"35":5.245136,"36":0.04342,"37":0.008684,"38":null},"opera":{"9":null,"9.5-9.6":0.034736,"10.0-10.1":0.060788,"10.5":0.026052,"10.6":0.052104,"11":0.069472,"11.1":0.04342,"11.5":0.121576,"11.6":0.295256,"12":0.6513,"12.1":9.865024,"15":0.069472,"16":0.147628,"17":0.069472,"18":0.13026,"19":0.069472,"20":0.243152,"21":0.08684,"22":0.164996,"23":0.078156,"24":0.13026,"25":0.199732,"26":9.72608,"27":1.56312,"28":0.026052,"29":null},"safari":{"3.1":null,"3.2":null,"4":0,"5":0.034736,"5.1":0.08684,"6":0.026052,"6.1":0.069472,"7":0.08684,"7.1":0.138944,"8":0.503672},"android":{"2.1":0,"2.2":0,"2.3":0.0739233950719,"3":0,"4":0.150999920739,"4.1":0.470517154415,"4.2-4.3":0.770765256674,"4.4":1.37686702669,"4.4.3-4.4.4":0.569315246407,"37":0},"ios_saf":{"3.2":0,"4.0-4.1":0,"4.2-4.3":0,"5.0-5.1":0.00761964397063,"6.0-6.1":0.0243293895203,"7.0-7.1":0.347830063361,"8":0.083816083677,"8.1":0.865564819471},"op_mob":{"10":0,"11":0,"11.1":0,"11.5":0,"12":0.00643677336748,"12.1":0.0193103201024,"0":null},"ie":{"5.5":null,"6":0.114156896359,"7":0.131719495798,"8":1.99335503641,"9":0.737629176471,"10":0.605909680672,"11":2.68707771429,"0":null},"ie_mob":{"10":0.269458311111,"11":0.443813688889},"bb":{"7":0.002303,"10":null},"and_uc":{"0":0.373744},"op_mini":{"5.0-8.0":2.48781290653},"and_chr":{"0":5.06938},"and_ff":{"0":0.067116}},"total":94.789215}