{"id":"CA","name":"Canada","month":"2015-01","access_date":"2015-02-01","data":{"chrome":{"4":null,"5":null,"6":null,"7":null,"8":null,"9":null,"10":null,"11":0.063648,"12":null,"13":null,"14":null,"15":null,"16":null,"17":0.015912,"18":0.015912,"19":0.007956,"20":0.023868,"21":0.031824,"22":0.047736,"23":0.023868,"24":0.015912,"25":0.015912,"26":0.03978,"27":0.031824,"28":0.03978,"29":0.143208,"30":0.063648,"31":0.525096,"32":0.206856,"33":0.254592,"34":0.262548,"35":0.485316,"36":0.986544,"37":1.487772,"38":0.867204,"39":22.252932,"40":6.348888,"41":0.230724,"42":0.023868,"43":null},"firefox":{"2":null,"3":0.047736,"3.5":null,"3.6":0.071604,"4":0.007956,"5":null,"6":null,"7":null,"8":null,"9":null,"10":0.015912,"11":0.015912,"12":0.031824,"13":null,"14":0.007956,"15":0.015912,"16":0.063648,"17":0.015912,"18":0.007956,"19":0.015912,"20":0.023868,"21":0.015912,"22":0.015912,"23":0.015912,"24":0.047736,"25":0.031824,"26":0.055692,"27":0.07956,"28":0.055692,"29":0.055692,"30":0.07956,"31":0.771732,"32":0.485316,"33":0.23868,"34":6.134076,"35":5.298696,"36":0.055692,"37":0.007956,"38":null},"opera":{"9":null,"9.5-9.6":null,"10.0-10.1":0,"10.5":null,"10.6":null,"11":null,"11.1":null,"11.5":null,"11.6":null,"12":null,"12.1":0.103428,"15":null,"16":null,"17":null,"18":null,"19":null,"20":null,"21":null,"22":null,"23":null,"24":null,"25":0.007956,"26":0.214812,"27":0.031824,"28":null,"29":null},"safari":{"3.1":null,"3.2":null,"4":0.135252,"5":0.294372,"5.1":1.058148,"6":0.214812,"6.1":0.819468,"7":0.970632,"7.1":1.623024,"8":2.856204},"android":{"2.1":0,"2.2":0,"2.3":0.0498589100616,"3":0,"4":0.101844503491,"4.1":0.31734841807,"4.2-4.3":0.519855934292,"4.4":0.928651737166,"4.4.3-4.4.4":0.38398449692,"37":0},"ios_saf":{"3.2":0,"4.0-4.1":0,"4.2-4.3":0,"5.0-5.1":0.0626773903249,"6.0-6.1":0.200127807704,"7.0-7.1":2.86116788816,"8":0.689451293573,"8.1":7.11993162024},"op_mob":{"10":0,"11":0,"11.1":0,"11.5":0,"12":0.000141326504481,"12.1":0.000423979513444,"0":null},"ie":{"5.5":null,"6":0.0578747534247,"7":0.173624260274,"8":3.37327134247,"9":2.42247182192,"10":1.81892082192,"11":13.881673,"0":null},"ie_mob":{"10":0.069496,"11":0.114464},"bb":{"7":0.128772,"10":null},"and_uc":{"0":0.055188},"op_mini":{"5.0-8.0":0.0546226939821},"and_chr":{"0":6.425428},"and_ff":{"0":0.104244}},"total":98.546324}