{"id":"CD","name":"Congo, Democratic Republic of the","month":"2015-01","access_date":"2015-02-01","data":{"chrome":{"4":0.005367,"5":0.008945,"6":0.007156,"7":0.010734,"8":0.003578,"9":null,"10":0.010734,"11":0.066193,"12":0.012523,"13":0.012523,"14":0.039358,"15":0.007156,"16":0.008945,"17":null,"18":0.003578,"19":0.003578,"20":null,"21":0.007156,"22":0.003578,"23":0.003578,"24":null,"25":0.010734,"26":0.01789,"27":0.007156,"28":0.008945,"29":0.016101,"30":0.010734,"31":0.059037,"32":0.030413,"33":0.05367,"34":0.033991,"35":0.055459,"36":0.266561,"37":0.080505,"38":0.084083,"39":4.154058,"40":0.80505,"41":0.037569,"42":0.001789,"43":null},"firefox":{"2":0.005367,"3":0.262983,"3.5":0.016101,"3.6":0.059037,"4":0.03578,"5":0.008945,"6":0.010734,"7":0.030413,"8":0.030413,"9":0.026835,"10":0.026835,"11":0.037569,"12":0.075138,"13":0.023257,"14":0.028624,"15":0.028624,"16":0.03578,"17":0.012523,"18":0.014312,"19":0.026835,"20":0.030413,"21":0.028624,"22":0.062615,"23":0.026835,"24":0.023257,"25":0.023257,"26":0.021468,"27":0.032202,"28":0.019679,"29":0.069771,"30":0.200368,"31":0.114496,"32":0.103762,"33":0.277295,"34":3.599468,"35":1.425833,"36":0.064404,"37":0.007156,"38":0.001789},"opera":{"9":null,"9.5-9.6":0.007156,"10.0-10.1":0.001789,"10.5":null,"10.6":0.003578,"11":0.010734,"11.1":0.003578,"11.5":0.005367,"11.6":0.021468,"12":0.014312,"12.1":0.082294,"15":0.008945,"16":0.014312,"17":0.008945,"18":0.010734,"19":0.008945,"20":0.010734,"21":0.003578,"22":0.01789,"23":0.014312,"24":0.032202,"25":0.019679,"26":0.46514,"27":0.037569,"28":null,"29":null},"safari":{"3.1":null,"3.2":null,"4":0.003578,"5":0.019679,"5.1":0.116285,"6":0.037569,"6.1":0.028624,"7":0.075138,"7.1":0.069771,"8":0.109129},"android":{"2.1":0,"2.2":0,"2.3":0.25418608922,"3":0,"4":0.519214239117,"4.1":1.61787638778,"4.2-4.3":2.65028149897,"4.4":4.73436649589,"4.4.3-4.4.4":1.95759428901,"37":0},"ios_saf":{"3.2":0,"4.0-4.1":0,"4.2-4.3":0,"5.0-5.1":0.00781378678467,"6.0-6.1":0.0249492841195,"7.0-7.1":0.356692512521,"8":0.0859516546314,"8.1":0.887618761943},"op_mob":{"10":0,"11":0,"11.1":0,"11.5":0,"12":0.127233702945,"12.1":0.381701108835,"0":null},"ie":{"5.5":null,"6":0.0629648044693,"7":0.0341808938547,"8":0.593668156425,"9":0.393979776536,"10":0.618854078212,"11":1.50395932961,"0":null},"ie_mob":{"10":1.10428826667,"11":1.81882773333},"bb":{"7":0.172431,"10":null},"and_uc":{"0":5.345361},"op_mini":{"5.0-8.0":49.1758261882},"and_chr":{"0":3.715273},"and_ff":{"0":0.197064}},"total":92.4824140391}