{"id":"CF","name":"Central African Republic","month":"2015-01","access_date":"2015-02-01","data":{"chrome":{"4":0.003599,"5":0.025193,"6":null,"7":null,"8":0.028792,"9":null,"10":0.03599,"11":0.028792,"12":null,"13":null,"14":null,"15":null,"16":0.028792,"17":null,"18":null,"19":0.010797,"20":null,"21":null,"22":0.003599,"23":0.010797,"24":null,"25":0.010797,"26":null,"27":null,"28":null,"29":null,"30":0.025193,"31":0.370697,"32":0.010797,"33":null,"34":0.010797,"35":0.147559,"36":0.053985,"37":0.352702,"38":0.050386,"39":6.265859,"40":2.026237,"41":0.021594,"42":null,"43":null},"firefox":{"2":0.014396,"3":0.043188,"3.5":0.025193,"3.6":0.111569,"4":0.03599,"5":0.003599,"6":0.043188,"7":0.043188,"8":0.363499,"9":0.03599,"10":0.028792,"11":0.043188,"12":0.075579,"13":0.115168,"14":0.032391,"15":0.003599,"16":0.165554,"17":0.061183,"18":0.03599,"19":0.050386,"20":0.140361,"21":0.007198,"22":0.032391,"23":0.050386,"24":0.385093,"25":0.100772,"26":0.017995,"27":0.007198,"28":0.010797,"29":0.320311,"30":0.834968,"31":0.194346,"32":0.259128,"33":0.64782,"34":6.211874,"35":5.294129,"36":0.226737,"37":0.010797,"38":null},"opera":{"9":null,"9.5-9.6":null,"10.0-10.1":0,"10.5":null,"10.6":null,"11":0.010797,"11.1":0.028792,"11.5":0.075579,"11.6":null,"12":0.010797,"12.1":0.050386,"15":null,"16":null,"17":0.003599,"18":null,"19":0.010797,"20":null,"21":0.007198,"22":0.043188,"23":null,"24":0.010797,"25":0.104371,"26":1.320833,"27":0.176351,"28":null,"29":null},"safari":{"3.1":null,"3.2":null,"4":0,"5":0.075579,"5.1":0.021594,"6":0.079178,"6.1":0.025193,"7":0.230336,"7.1":0.230336,"8":0.345504},"android":{"2.1":0,"2.2":0,"2.3":0.15613839692,"3":0,"4":0.318936725462,"4.1":0.993809796509,"4.2-4.3":1.62798328542,"4.4":2.90817014168,"4.4.3-4.4.4":1.202487654,"37":0},"ios_saf":{"3.2":0,"4.0-4.1":0,"4.2-4.3":0,"5.0-5.1":0.00491711133461,"6.0-6.1":0.0157002502263,"7.0-7.1":0.224461819169,"8":0.0540882246807,"8.1":0.558566594589},"op_mob":{"10":0,"11":0,"11.1":0,"11.5":0,"12":0.129872274008,"12.1":0.389616822023,"0":null},"ie":{"5.5":null,"6":0.0111335150555,"7":0.0111335150555,"8":1.35828883677,"9":0.36740599683,"10":1.34715532171,"11":3.93013081458,"0":null},"ie_mob":{"10":0.0628720444444,"11":0.103553955556},"bb":{"7":0.019203,"10":null},"and_uc":{"0":1.574646},"op_mini":{"5.0-8.0":50.195633904},"and_chr":{"0":3.558009},"and_ff":{"0":0.115218}},"total":99.707223}