{"id":"CG","name":"Congo, Republic of the","month":"2015-01","access_date":"2015-02-01","data":{"chrome":{"4":0.10101,"5":null,"6":null,"7":null,"8":null,"9":0.161616,"10":0.047138,"11":0.074074,"12":0.10101,"13":0.013468,"14":0.006734,"15":0.047138,"16":0.053872,"17":0.013468,"18":0.013468,"19":null,"20":null,"21":0.16835,"22":0.013468,"23":0.020202,"24":null,"25":0.020202,"26":0.208754,"27":0.047138,"28":0.026936,"29":0.026936,"30":0.175084,"31":0.801346,"32":0.060606,"33":0.10101,"34":0.094276,"35":0.060606,"36":0.700336,"37":0.188552,"38":0.451178,"39":13.427596,"40":4.134676,"41":0.215488,"42":null,"43":null},"firefox":{"2":0.020202,"3":0.195286,"3.5":0.087542,"3.6":0.141414,"4":0.127946,"5":0.222222,"6":0.020202,"7":0.148148,"8":0.040404,"9":0.013468,"10":0.06734,"11":0.3367,"12":0.282828,"13":0.121212,"14":0.208754,"15":0.080808,"16":0.215488,"17":0.053872,"18":0.175084,"19":0.074074,"20":0.060606,"21":0.047138,"22":0.040404,"23":0.208754,"24":0.094276,"25":0.114478,"26":0.087542,"27":0.026936,"28":0.060606,"29":0.350168,"30":0.464646,"31":0.525252,"32":0.478114,"33":0.821548,"34":9.777768,"35":8.740732,"36":0.40404,"37":null,"38":null},"opera":{"9":null,"9.5-9.6":0.013468,"10.0-10.1":0,"10.5":null,"10.6":null,"11":0.040404,"11.1":null,"11.5":0.040404,"11.6":0.053872,"12":0.020202,"12.1":0.316498,"15":0.006734,"16":null,"17":0.026936,"18":0.013468,"19":null,"20":0.053872,"21":0.013468,"22":0.047138,"23":null,"24":0.006734,"25":0.417508,"26":1.07744,"27":0.148148,"28":null,"29":null},"safari":{"3.1":null,"3.2":null,"4":0,"5":0.074074,"5.1":0.276094,"6":0.276094,"6.1":0.255892,"7":0.175084,"7.1":0.30303,"8":0.30303},"android":{"2.1":0,"2.2":0,"2.3":0.120137160986,"3":0,"4":0.245398655852,"4.1":0.764664489117,"4.2-4.3":1.25261494867,"4.4":2.23762579466,"4.4.3-4.4.4":0.925226950719,"37":0},"ios_saf":{"3.2":0,"4.0-4.1":0,"4.2-4.3":0,"5.0-5.1":0.0143043113748,"6.0-6.1":0.045673415267,"7.0-7.1":0.65297926662,"8":0.157347425123,"8.1":1.62491958162},"op_mob":{"10":0,"11":0,"11.1":0,"11.5":0,"12":0.0344832727273,"12.1":0.103449818182,"0":null},"ie":{"5.5":null,"6":0.108192933333,"7":0.0338102916667,"8":2.01509338333,"9":2.32614806667,"10":3.671797675,"11":8.07389765,"0":null},"ie_mob":{"10":0.227023288889,"11":0.373920711111},"bb":{"7":0.313536,"10":null},"and_uc":{"0":3.475024},"op_mini":{"5.0-8.0":13.3277849091},"and_chr":{"0":4.693006},"and_ff":{"0":0.42458}},"total":97.71397}