{"id":"CH","name":"Switzerland","month":"2015-01","access_date":"2015-02-01","data":{"chrome":{"4":null,"5":null,"6":null,"7":null,"8":null,"9":null,"10":null,"11":0.064368,"12":null,"13":null,"14":null,"15":null,"16":null,"17":null,"18":0.008046,"19":null,"20":null,"21":0.048276,"22":0.072414,"23":0.008046,"24":0.008046,"25":0.016092,"26":0.024138,"27":0.016092,"28":0.032184,"29":0.024138,"30":0.024138,"31":0.225288,"32":0.136782,"33":0.209196,"34":0.24138,"35":0.370116,"36":0.337932,"37":0.386208,"38":0.579312,"39":19.278216,"40":5.519556,"41":0.168966,"42":0.024138,"43":null},"firefox":{"2":null,"3":0.016092,"3.5":null,"3.6":0.056322,"4":0.048276,"5":0.008046,"6":null,"7":null,"8":0.008046,"9":0.008046,"10":0.024138,"11":0.016092,"12":0.048276,"13":0.008046,"14":0.016092,"15":0.024138,"16":0.08046,"17":0.064368,"18":0.016092,"19":0.024138,"20":0.024138,"21":0.024138,"22":0.016092,"23":0.024138,"24":0.096552,"25":0.032184,"26":0.056322,"27":0.257472,"28":0.056322,"29":0.072414,"30":0.104598,"31":0.418392,"32":0.185058,"33":0.354024,"34":9.09198,"35":7.56324,"36":0.056322,"37":0.008046,"38":0.008046},"opera":{"9":null,"9.5-9.6":null,"10.0-10.1":0,"10.5":null,"10.6":null,"11":null,"11.1":null,"11.5":null,"11.6":null,"12":null,"12.1":0.24138,"15":null,"16":null,"17":null,"18":null,"19":null,"20":null,"21":null,"22":null,"23":null,"24":0.008046,"25":0.016092,"26":0.611496,"27":0.096552,"28":null,"29":null},"safari":{"3.1":null,"3.2":null,"4":0.104598,"5":0.418392,"5.1":1.81035,"6":0.345978,"6.1":1.198854,"7":1.070118,"7.1":2.228742,"8":4.401162},"android":{"2.1":0,"2.2":0,"2.3":0.0548173234086,"3":0,"4":0.111972826489,"4.1":0.34890836653,"4.2-4.3":0.571555030801,"4.4":1.0210051232,"4.4.3-4.4.4":0.422171329569,"37":0},"ios_saf":{"3.2":0,"4.0-4.1":0,"4.2-4.3":0,"5.0-5.1":0.0551345183546,"6.0-6.1":0.176043549834,"7.0-7.1":2.51684239928,"8":0.606479701901,"8.1":6.26308783063},"op_mob":{"10":0,"11":0,"11.1":0,"11.5":0,"12":0.000115088348271,"12.1":0.000345265044814,"0":null},"ie":{"5.5":null,"6":0.0242075906096,"7":0.0806919686985,"8":1.21037953048,"9":2.40462066722,"10":1.75908491763,"11":14.1130253254,"0":null},"ie_mob":{"10":0.160184577778,"11":0.263833422222},"bb":{"7":0.018563,"10":null},"and_uc":{"0":0.042988},"op_mini":{"5.0-8.0":0.0444816466069},"and_chr":{"0":6.535326},"and_ff":{"0":0.138734}},"total":98.235573}