{"id":"CI","name":"Cote d'Ivoire","month":"2015-01","access_date":"2015-02-01","data":{"chrome":{"4":0.084602,"5":0.06043,"6":0.042301,"7":0.06043,"8":0.054387,"9":0.163161,"10":0.090645,"11":0.320279,"12":0.338408,"13":0.138989,"14":0.132946,"15":0.114817,"16":0.114817,"17":0.024172,"18":0.030215,"19":0.018129,"20":0.012086,"21":0.012086,"22":0.024172,"23":0.036258,"24":0.012086,"25":0.066473,"26":0.090645,"27":0.102731,"28":0.114817,"29":0.072516,"30":0.163161,"31":0.235677,"32":0.084602,"33":0.284021,"34":0.175247,"35":0.235677,"36":0.960837,"37":0.471354,"38":0.416967,"39":18.443236,"40":5.692506,"41":0.205462,"42":0.024172,"43":null},"firefox":{"2":0.018129,"3":0.066473,"3.5":0.030215,"3.6":0.090645,"4":0.054387,"5":0.042301,"6":0.030215,"7":0.030215,"8":0.024172,"9":0.036258,"10":0.078559,"11":0.084602,"12":0.169204,"13":0.06043,"14":0.084602,"15":0.102731,"16":0.145032,"17":0.108774,"18":0.072516,"19":0.084602,"20":0.108774,"21":0.072516,"22":0.114817,"23":0.108774,"24":0.108774,"25":0.06043,"26":0.12086,"27":0.102731,"28":0.066473,"29":0.247763,"30":0.549913,"31":0.767461,"32":0.507612,"33":0.924579,"34":8.707963,"35":7.197213,"36":0.374666,"37":0.054387,"38":null},"opera":{"9":null,"9.5-9.6":null,"10.0-10.1":0,"10.5":null,"10.6":null,"11":null,"11.1":null,"11.5":0.012086,"11.6":0.024172,"12":0.012086,"12.1":0.084602,"15":0.018129,"16":0.012086,"17":0.006043,"18":0.012086,"19":0.012086,"20":0.018129,"21":0.006043,"22":0.018129,"23":0.006043,"24":0.006043,"25":0.036258,"26":1.099826,"27":0.157118,"28":null,"29":null},"safari":{"3.1":null,"3.2":null,"4":0.024172,"5":0.072516,"5.1":0.163161,"6":0.072516,"6.1":0.114817,"7":0.217548,"7.1":0.096688,"8":0.229634},"android":{"2.1":0,"2.2":0,"2.3":0.27996628152,"3":0,"4":0.571874252772,"4.1":1.78196547906,"4.2-4.3":2.91907971253,"4.4":5.2145378501,"4.4.3-4.4.4":2.15613842402,"37":0},"ios_saf":{"3.2":0,"4.0-4.1":0,"4.2-4.3":0,"5.0-5.1":0.00744041758021,"6.0-6.1":0.0237571228,"7.0-7.1":0.339648535854,"8":0.0818445933823,"8.1":0.845205330383},"op_mob":{"10":0,"11":0,"11.1":0,"11.5":0,"12":0.0256470345711,"12.1":0.0769411037132,"0":null},"ie":{"5.5":null,"6":0.0609490306748,"7":0.0365694184049,"8":0.621680112883,"9":0.585110694479,"10":0.938615072393,"11":2.69394715583,"0":null},"ie_mob":{"10":0.246653,"11":0.406252},"bb":{"7":0.1286025,"10":null},"and_uc":{"0":2.536437},"op_mini":{"5.0-8.0":9.91257886172},"and_chr":{"0":6.330637},"and_ff":{"0":0.300732}},"total":92.9901119847}