{"id":"CK","name":"Cook Islands","month":"2015-01","access_date":"2015-02-01","data":{"chrome":{"4":null,"5":null,"6":null,"7":null,"8":null,"9":null,"10":null,"11":0.009208,"12":0.009208,"13":null,"14":null,"15":null,"16":null,"17":null,"18":null,"19":null,"20":null,"21":null,"22":null,"23":null,"24":null,"25":null,"26":null,"27":null,"28":0.04604,"29":null,"30":null,"31":0.009208,"32":0.082872,"33":0.018416,"34":0.009208,"35":0.018416,"36":0.395944,"37":0.055248,"38":0.073664,"39":7.09016,"40":2.0718,"41":0.027624,"42":null,"43":null},"firefox":{"2":null,"3":null,"3.5":null,"3.6":0.027624,"4":null,"5":null,"6":null,"7":null,"8":null,"9":null,"10":0.027624,"11":null,"12":null,"13":0.018416,"14":null,"15":null,"16":0.202576,"17":null,"18":null,"19":null,"20":null,"21":null,"22":null,"23":null,"24":null,"25":null,"26":0.036832,"27":null,"28":null,"29":0.027624,"30":0.027624,"31":1.731104,"32":0.018416,"33":0.18416,"34":2.458536,"35":2.25596,"36":0.055248,"37":null,"38":null},"opera":{"9":null,"9.5-9.6":null,"10.0-10.1":0,"10.5":null,"10.6":null,"11":null,"11.1":null,"11.5":null,"11.6":null,"12":null,"12.1":null,"15":null,"16":null,"17":null,"18":null,"19":null,"20":null,"21":null,"22":null,"23":null,"24":null,"25":null,"26":0.082872,"27":null,"28":null,"29":null},"safari":{"3.1":null,"3.2":null,"4":0.036832,"5":null,"5.1":0.101288,"6":0.009208,"6.1":0.13812,"7":0.119704,"7.1":0.174952,"8":0.681392},"android":{"2.1":0,"2.2":0,"2.3":0.0420525166324,"3":0,"4":0.0858987425051,"4.1":0.26766127885,"4.2-4.3":0.438462258727,"4.4":0.783253034908,"4.4.3-4.4.4":0.323864168378,"37":0},"ios_saf":{"3.2":0,"4.0-4.1":0,"4.2-4.3":0,"5.0-5.1":0.0122042715478,"6.0-6.1":0.0389680249422,"7.0-7.1":0.557114290657,"8":0.134246987026,"8.1":1.38636242583},"op_mob":{"10":0,"11":0,"11.1":0,"11.5":0,"12":0.000184563380282,"12.1":0.000553690140845,"0":null},"ie":{"5.5":null,"6":null,"7":0.0184519219766,"8":8.5155619922,"9":0.858014371912,"10":1.58686528999,"11":3.10914885306,"0":null},"ie_mob":{"10":0.1074128,"11":0.1769152},"bb":{"7":0.00198,"10":null},"and_uc":{"0":0.144936},"op_mini":{"5.0-8.0":0.0713337464789},"and_chr":{"0":3.27948},"and_ff":{"0":0.068112}},"total":40.3421664291}