{"id":"CM","name":"Cameroon","month":"2015-01","access_date":"2015-02-01","data":{"chrome":{"4":0.050304,"5":0.012576,"6":0.018864,"7":0.025152,"8":0.03144,"9":0.006288,"10":0.03144,"11":0.069168,"12":0.075456,"13":0.044016,"14":0.025152,"15":0.050304,"16":0.037728,"17":0.012576,"18":0.03144,"19":0.025152,"20":0.012576,"21":0.018864,"22":0.03144,"23":0.025152,"24":0.018864,"25":0.069168,"26":0.037728,"27":0.037728,"28":0.06288,"29":0.06288,"30":0.056592,"31":0.25152,"32":0.056592,"33":0.182352,"34":0.132048,"35":0.150912,"36":0.452736,"37":0.138336,"38":0.270384,"39":8.847216,"40":2.16936,"41":0.213792,"42":0.006288,"43":null},"firefox":{"2":0.069168,"3":0.207504,"3.5":0.056592,"3.6":0.352128,"4":0.119472,"5":0.069168,"6":0.06288,"7":0.069168,"8":0.150912,"9":0.075456,"10":0.201216,"11":0.28296,"12":0.389856,"13":0.207504,"14":0.176064,"15":0.289248,"16":0.34584,"17":0.276672,"18":0.201216,"19":0.34584,"20":0.3144,"21":0.257808,"22":0.213792,"23":0.257808,"24":0.364704,"25":0.339552,"26":0.352128,"27":0.34584,"28":0.295536,"29":0.855168,"30":1.307904,"31":1.270176,"32":1.1004,"33":1.961856,"34":14.24232,"35":10.104816,"36":0.804864,"37":0.044016,"38":0.012576},"opera":{"9":null,"9.5-9.6":null,"10.0-10.1":0,"10.5":null,"10.6":null,"11":0.012576,"11.1":null,"11.5":0.03144,"11.6":0.044016,"12":0.056592,"12.1":0.106896,"15":0.006288,"16":0.006288,"17":null,"18":0.012576,"19":0.012576,"20":0.056592,"21":0.012576,"22":0.025152,"23":0.012576,"24":0.012576,"25":0.025152,"26":0.874032,"27":0.106896,"28":null,"29":null},"safari":{"3.1":null,"3.2":null,"4":0.018864,"5":0.075456,"5.1":0.100608,"6":0.06288,"6.1":0.050304,"7":0.09432,"7.1":0.09432,"8":0.119472},"android":{"2.1":0,"2.2":0,"2.3":0.10558353347,"3":0,"4":0.215670629979,"4.1":0.6720316846,"4.2-4.3":1.10087096509,"4.4":1.96655586037,"4.4.3-4.4.4":0.813143326489,"37":0},"ios_saf":{"3.2":0,"4.0-4.1":0,"4.2-4.3":0,"5.0-5.1":0.0054263220356,"6.0-6.1":0.017326151061,"7.0-7.1":0.247706840994,"8":0.0596895423916,"8.1":0.616411143518},"op_mob":{"10":0,"11":0,"11.1":0,"11.5":0,"12":0.0533273239437,"12.1":0.159981971831,"0":null},"ie":{"5.5":null,"6":0.0977611940299,"7":0.1107960199,"8":0.899402985075,"9":0.514875621891,"10":3.31084577114,"11":2.90676616915,"0":null},"ie_mob":{"10":0.280462222222,"11":0.461937777778},"bb":{"7":0.085376,"10":null},"and_uc":{"0":3.574656},"op_mini":{"5.0-8.0":20.6110107042},"and_chr":{"0":2.557728},"and_ff":{"0":0.31552}},"total":96.0388797612}