{"id":"CN","name":"China","month":"2015-01","access_date":"2015-02-01","data":{"chrome":{"4":null,"5":null,"6":null,"7":null,"8":null,"9":null,"10":null,"11":0.062904,"12":0.023589,"13":null,"14":0.015726,"15":null,"16":null,"17":0.102219,"18":0.023589,"19":null,"20":0.125808,"21":0.581862,"22":0.031452,"23":0.031452,"24":0.031452,"25":0.062904,"26":0.133671,"27":0.117945,"28":0.086493,"29":0.15726,"30":2.799228,"31":23.604726,"32":0.267342,"33":0.998601,"34":2.264544,"35":0.432465,"36":0.330246,"37":0.47178,"38":3.719199,"39":4.222431,"40":0.448191,"41":0.141534,"42":null,"43":null},"firefox":{"2":null,"3":0.031452,"3.5":null,"3.6":0.015726,"4":null,"5":null,"6":null,"7":null,"8":2.484708,"9":null,"10":null,"11":0.047178,"12":null,"13":null,"14":null,"15":null,"16":0.007863,"17":0.007863,"18":null,"19":null,"20":null,"21":0.007863,"22":0.007863,"23":null,"24":0.015726,"25":0.015726,"26":0.015726,"27":0.015726,"28":0.015726,"29":0.015726,"30":0.031452,"31":0.07863,"32":0.07863,"33":0.141534,"34":1.242354,"35":0.872793,"36":0.007863,"37":null,"38":null},"opera":{"9":null,"9.5-9.6":null,"10.0-10.1":0,"10.5":null,"10.6":null,"11":null,"11.1":null,"11.5":null,"11.6":null,"12":null,"12.1":0.039315,"15":null,"16":null,"17":null,"18":null,"19":null,"20":null,"21":null,"22":null,"23":0.007863,"24":0.007863,"25":0.015726,"26":0.15726,"27":0.031452,"28":null,"29":null},"safari":{"3.1":null,"3.2":null,"4":0.031452,"5":0.023589,"5.1":0.023589,"6":0.023589,"6.1":0.023589,"7":0.070767,"7.1":0.086493,"8":0.259479},"android":{"2.1":0,"2.2":0,"2.3":0.164483836858,"3":0,"4":0.335983571971,"4.1":1.04692792844,"4.2-4.3":1.71499735113,"4.4":3.06360890452,"4.4.3-4.4.4":1.26675940708,"37":0},"ios_saf":{"3.2":0,"4.0-4.1":0,"4.2-4.3":0,"5.0-5.1":0.0160484551946,"6.0-6.1":0.0512424358845,"7.0-7.1":0.732597902042,"8":0.176533007141,"8.1":1.82304819974},"op_mob":{"10":0,"11":0,"11.1":0,"11.5":0,"12":0.000175119078105,"12.1":0.000525357234315,"0":null},"ie":{"5.5":null,"6":1.70743072448,"7":0.165235231401,"8":11.8528739325,"9":4.60455511505,"10":2.08196391566,"11":5.05619808088,"0":null},"ie_mob":{"10":0.0460167333333,"11":0.0757922666667},"bb":{"7":0.00267125,"10":null},"and_uc":{"0":7.039278},"op_mini":{"5.0-8.0":0.0676835236876},"and_chr":{"0":1.161925},"and_ff":{"0":0.023507}},"total":91.52682925}