{"id":"CO","name":"Colombia","month":"2015-01","access_date":"2015-02-01","data":{"chrome":{"4":0.007633,"5":null,"6":null,"7":null,"8":0.015266,"9":null,"10":null,"11":0.083963,"12":0.022899,"13":0.022899,"14":null,"15":0.007633,"16":null,"17":null,"18":0.07633,"19":null,"20":0.007633,"21":0.030532,"22":0.236623,"23":0.022899,"24":0.015266,"25":0.022899,"26":0.106862,"27":0.061064,"28":0.091596,"29":0.061064,"30":0.061064,"31":0.343485,"32":0.15266,"33":0.267155,"34":0.389283,"35":0.702236,"36":0.778566,"37":1.076253,"38":1.496068,"39":38.01234,"40":12.457056,"41":0.236623,"42":0.015266,"43":null},"firefox":{"2":null,"3":0.022899,"3.5":0.022899,"3.6":0.045798,"4":0.015266,"5":0.007633,"6":0.007633,"7":null,"8":0.007633,"9":null,"10":0.015266,"11":0.015266,"12":0.030532,"13":0.007633,"14":0.022899,"15":0.007633,"16":0.022899,"17":0.015266,"18":0.007633,"19":0.022899,"20":0.015266,"21":0.022899,"22":0.007633,"23":0.022899,"24":0.015266,"25":0.015266,"26":0.022899,"27":0.015266,"28":0.030532,"29":0.038165,"30":0.068697,"31":0.145027,"32":0.122128,"33":0.251889,"34":3.228759,"35":2.969237,"36":0.030532,"37":null,"38":null},"opera":{"9":null,"9.5-9.6":null,"10.0-10.1":0,"10.5":null,"10.6":null,"11":null,"11.1":null,"11.5":null,"11.6":null,"12":null,"12.1":0.038165,"15":null,"16":null,"17":null,"18":null,"19":null,"20":0.007633,"21":null,"22":null,"23":null,"24":null,"25":0.007633,"26":0.488512,"27":0.091596,"28":null,"29":null},"safari":{"3.1":null,"3.2":null,"4":0.022899,"5":0.053431,"5.1":0.206091,"6":0.083963,"6.1":0.183192,"7":0.290054,"7.1":0.442714,"8":0.908327},"android":{"2.1":0,"2.2":0,"2.3":0.13485824538,"3":0,"4":0.275468738193,"4.1":0.858363144764,"4.2-4.3":1.40610492813,"4.4":2.51181471253,"4.4.3-4.4.4":1.03860023101,"37":0},"ios_saf":{"3.2":0,"4.0-4.1":0,"4.2-4.3":0,"5.0-5.1":0.0142069991954,"6.0-6.1":0.0453626991854,"7.0-7.1":0.648537050991,"8":0.15627699115,"8.1":1.61386525948},"op_mob":{"10":0,"11":0,"11.1":0,"11.5":0,"12":0.00362475288092,"12.1":0.0108742586428,"0":null},"ie":{"5.5":null,"6":0.0394939227421,"7":0.0947854145811,"8":1.66664353972,"9":0.932056576714,"10":1.08213348313,"11":3.43597127856,"0":null},"ie_mob":{"10":0.3970248,"11":0.6539232},"bb":{"7":0.15444675,"10":null},"and_uc":{"0":0.248535},"op_mini":{"5.0-8.0":1.40096698848},"and_chr":{"0":12.523813},"and_ff":{"0":0.120717}},"total":98.4938419655}