{"id":"CR","name":"Costa Rica","month":"2015-01","access_date":"2015-02-01","data":{"chrome":{"4":null,"5":null,"6":null,"7":null,"8":null,"9":null,"10":null,"11":0.055512,"12":0.006168,"13":null,"14":null,"15":null,"16":null,"17":null,"18":0.03084,"19":0.006168,"20":null,"21":0.03084,"22":0.043176,"23":0.006168,"24":0.012336,"25":0.018504,"26":0.037008,"27":0.049344,"28":0.055512,"29":0.024672,"30":0.037008,"31":0.191208,"32":0.141864,"33":0.1542,"34":0.234384,"35":0.419424,"36":0.536616,"37":0.641472,"38":0.95604,"39":24.931056,"40":7.0932,"41":0.104856,"42":0.024672,"43":null},"firefox":{"2":null,"3":0.018504,"3.5":null,"3.6":0.067848,"4":0.012336,"5":0.012336,"6":null,"7":0.006168,"8":null,"9":0.006168,"10":0.024672,"11":0.024672,"12":0.043176,"13":null,"14":0.012336,"15":0.012336,"16":0.055512,"17":0.018504,"18":0.012336,"19":0.006168,"20":0.03084,"21":0.024672,"22":0.012336,"23":0.024672,"24":0.024672,"25":0.012336,"26":0.03084,"27":0.018504,"28":0.03084,"29":0.055512,"30":0.06168,"31":0.203544,"32":0.117192,"33":0.21588,"34":5.730072,"35":4.74936,"36":0.067848,"37":0.006168,"38":null},"opera":{"9":null,"9.5-9.6":null,"10.0-10.1":0,"10.5":null,"10.6":null,"11":null,"11.1":null,"11.5":0.006168,"11.6":null,"12":0.006168,"12.1":0.141864,"15":null,"16":null,"17":null,"18":null,"19":null,"20":null,"21":0.012336,"22":null,"23":null,"24":null,"25":0.012336,"26":0.481104,"27":0.086352,"28":null,"29":null},"safari":{"3.1":null,"3.2":null,"4":0.055512,"5":0.166536,"5.1":0.425592,"6":0.178872,"6.1":0.357744,"7":0.388584,"7.1":0.771,"8":1.683864},"android":{"2.1":0,"2.2":0,"2.3":0.278925535934,"3":0,"4":0.56974836961,"4.1":1.77534120739,"4.2-4.3":2.90822833676,"4.4":5.19515334702,"4.4.3-4.4.4":2.14812320329,"37":0},"ios_saf":{"3.2":0,"4.0-4.1":0,"4.2-4.3":0,"5.0-5.1":0.0366200148848,"6.0-6.1":0.116927065071,"7.0-7.1":1.67167155667,"8":0.402820163733,"8.1":4.15990519964},"op_mob":{"10":0,"11":0,"11.1":0,"11.5":0,"12":0.00878268886044,"12.1":0.0263480665813,"0":null},"ie":{"5.5":null,"6":0.0125318095238,"7":0.181711238095,"8":1.04014019048,"9":0.883492571429,"10":1.02134247619,"11":5.14430780952,"0":null},"ie_mob":{"10":0.503780266667,"11":0.829755733333},"bb":{"7":0.01437,"10":null},"and_uc":{"0":0.452176},"op_mini":{"5.0-8.0":3.39450924456},"and_chr":{"0":12.036656},"and_ff":{"0":0.149448}},"total":97.3291360952}