{"id":"CU","name":"Cuba","month":"2015-01","access_date":"2015-02-01","data":{"chrome":{"4":0.04885,"5":0.10747,"6":0.08793,"7":0.00977,"8":0.03908,"9":0.05862,"10":0.05862,"11":0.05862,"12":0.05862,"13":0.01954,"14":0.06839,"15":0.02931,"16":0.00977,"17":0.06839,"18":0.11724,"19":0.01954,"20":0.02931,"21":0.17586,"22":0.14655,"23":0.2931,"24":0.06839,"25":0.22471,"26":0.16609,"27":0.25402,"28":0.1954,"29":0.22471,"30":0.26379,"31":0.42988,"32":0.24425,"33":0.977,"34":0.88907,"35":0.31264,"36":0.28333,"37":0.54712,"38":1.26033,"39":2.99939,"40":0.88907,"41":0.45919,"42":null,"43":null},"firefox":{"2":0.05862,"3":0.32241,"3.5":1.18217,"3.6":0.88907,"4":0.6839,"5":0.1954,"6":0.2931,"7":0.45919,"8":0.2931,"9":0.23448,"10":0.50804,"11":0.42988,"12":0.5862,"13":0.23448,"14":0.30287,"15":0.55689,"16":0.49827,"17":0.79137,"18":0.65459,"19":0.56666,"20":1.08447,"21":0.71321,"22":1.89538,"23":0.83045,"24":1.84653,"25":5.09994,"26":2.50112,"27":1.45573,"28":1.28964,"29":3.26318,"30":3.44881,"31":3.82984,"32":3.47812,"33":5.94016,"34":16.27682,"35":10.3562,"36":0.3908,"37":0.0977,"38":0.06839},"opera":{"9":null,"9.5-9.6":0.01954,"10.0-10.1":0.01954,"10.5":null,"10.6":null,"11":0.00977,"11.1":0.00977,"11.5":0.03908,"11.6":0.03908,"12":0.02931,"12.1":0.14655,"15":null,"16":null,"17":0.00977,"18":0.00977,"19":null,"20":0.05862,"21":null,"22":0.01954,"23":0.00977,"24":0.02931,"25":0.04885,"26":0.13678,"27":0.01954,"28":null,"29":null},"safari":{"3.1":null,"3.2":null,"4":0.07816,"5":0.01954,"5.1":0.05862,"6":0.04885,"6.1":0.00977,"7":0.05862,"7.1":0.04885,"8":0.16609},"android":{"2.1":0,"2.2":0,"2.3":0.0121275174538,"3":0,"4":0.0247723223819,"4.1":0.0771907864476,"4.2-4.3":0.126448049281,"4.4":0.225882197125,"4.4.3-4.4.4":0.0933991273101,"37":0},"ios_saf":{"3.2":0,"4.0-4.1":0,"4.2-4.3":0,"5.0-5.1":0.00391994669617,"6.0-6.1":0.0125163210299,"7.0-7.1":0.17894212813,"8":0.0431194136578,"8.1":0.445292190486},"op_mob":{"10":0,"11":0,"11.1":0,"11.5":0,"12":0.000250320102433,"12.1":0.000750960307298,"0":null},"ie":{"5.5":0.0399802722513,"6":0.329837246073,"7":0.219891497382,"8":3.69817518325,"9":0.829590649215,"10":1.62919609424,"11":2.79861905759,"0":null},"ie_mob":{"10":0.045356,"11":0.074704},"bb":{"7":0.005405,"10":null},"and_uc":{"0":0.03128},"op_mini":{"5.0-8.0":0.0967487195903},"and_chr":{"0":0.59741},"and_ff":{"0":0.08924}},"total":98.673275}