{"id":"CV","name":"Cape Verde","month":"2015-01","access_date":"2015-02-01","data":{"chrome":{"4":null,"5":null,"6":null,"7":null,"8":null,"9":null,"10":0.015866,"11":0.118995,"12":0.087263,"13":0.039665,"14":0.007933,"15":0.007933,"16":null,"17":null,"18":0.015866,"19":0.047598,"20":0.031732,"21":0.015866,"22":0.023799,"23":null,"24":0.015866,"25":0.031732,"26":0.174526,"27":0.023799,"28":0.111062,"29":0.055531,"30":0.150727,"31":0.277655,"32":0.15866,"33":1.784925,"34":0.428382,"35":0.523578,"36":2.070513,"37":0.436315,"38":0.523578,"39":31.533675,"40":10.035245,"41":0.39665,"42":0.039665,"43":null},"firefox":{"2":null,"3":0.023799,"3.5":0.087263,"3.6":0.047598,"4":0.015866,"5":null,"6":0.055531,"7":0.015866,"8":0.007933,"9":0.07933,"10":0.039665,"11":0.039665,"12":0.372851,"13":0.071397,"14":0.047598,"15":0.031732,"16":0.031732,"17":0.023799,"18":0.047598,"19":0.007933,"20":0.023799,"21":0.023799,"22":0.031732,"23":0.023799,"24":0.023799,"25":null,"26":0.118995,"27":0.198325,"28":0.063464,"29":0.174526,"30":0.372851,"31":0.150727,"32":0.277655,"33":0.547377,"34":4.672537,"35":3.910969,"36":0.095196,"37":0.023799,"38":null},"opera":{"9":null,"9.5-9.6":null,"10.0-10.1":0,"10.5":null,"10.6":null,"11":null,"11.1":null,"11.5":null,"11.6":0.007933,"12":0.015866,"12.1":0.055531,"15":0.007933,"16":0.007933,"17":0.031732,"18":0.071397,"19":0.015866,"20":null,"21":0.007933,"22":null,"23":null,"24":0.007933,"25":null,"26":0.698104,"27":0.095196,"28":null,"29":null},"safari":{"3.1":null,"3.2":null,"4":0.015866,"5":0.095196,"5.1":0.142794,"6":0.063464,"6.1":0.174526,"7":0.174526,"7.1":0.412516,"8":0.729836},"android":{"2.1":0,"2.2":0,"2.3":0.168096334497,"3":0,"4":0.343362654825,"4.1":1.0699212191,"4.2-4.3":1.75266320329,"4.4":3.13089381314,"4.4.3-4.4.4":1.29458077515,"37":0},"ios_saf":{"3.2":0,"4.0-4.1":0,"4.2-4.3":0,"5.0-5.1":0.018591774213,"6.0-6.1":0.0593632088907,"7.0-7.1":0.84869818425,"8":0.204509516343,"8.1":2.1119603163},"op_mob":{"10":0,"11":0,"11.1":0,"11.5":0,"12":0.00698704225352,"12.1":0.0209611267606,"0":null},"ie":{"5.5":null,"6":0.0238408750733,"7":0.0397347917889,"8":1.86753521408,"9":1.31919508739,"10":2.00263350616,"11":8.25688973372,"0":null},"ie_mob":{"10":0.303757133333,"11":0.500305866667},"bb":{"7":0.008268,"10":null},"and_uc":{"0":0.95082},"op_mini":{"5.0-8.0":2.70049183099},"and_chr":{"0":5.700094},"and_ff":{"0":0.078546}},"total":98.5798872082}