{"id":"CY","name":"Cyprus","month":"2015-01","access_date":"2015-02-01","data":{"chrome":{"4":null,"5":null,"6":null,"7":null,"8":null,"9":null,"10":null,"11":0.050358,"12":0.016786,"13":null,"14":0.067144,"15":null,"16":0.016786,"17":null,"18":0.016786,"19":null,"20":0.016786,"21":0.025179,"22":0.075537,"23":0.016786,"24":0.025179,"25":0.041965,"26":0.058751,"27":0.050358,"28":0.08393,"29":0.025179,"30":0.16786,"31":0.310541,"32":0.260183,"33":0.260183,"34":0.293755,"35":0.478401,"36":0.780549,"37":0.679833,"38":0.981981,"39":36.501157,"40":9.928919,"41":0.201432,"42":0.016786,"43":null},"firefox":{"2":null,"3":0.041965,"3.5":null,"3.6":0.041965,"4":0.016786,"5":null,"6":0.016786,"7":null,"8":null,"9":0.008393,"10":0.008393,"11":0.008393,"12":0.033572,"13":null,"14":0.008393,"15":0.016786,"16":0.033572,"17":0.008393,"18":null,"19":0.058751,"20":0.016786,"21":0.025179,"22":0.016786,"23":0.016786,"24":0.016786,"25":0.025179,"26":0.025179,"27":0.016786,"28":0.033572,"29":0.033572,"30":0.041965,"31":0.159467,"32":0.092323,"33":0.142681,"34":6.563326,"35":6.152069,"36":0.117502,"37":0.016786,"38":null},"opera":{"9":null,"9.5-9.6":null,"10.0-10.1":0,"10.5":null,"10.6":null,"11":null,"11.1":null,"11.5":null,"11.6":null,"12":null,"12.1":0.184646,"15":0.008393,"16":null,"17":null,"18":0.008393,"19":null,"20":null,"21":null,"22":null,"23":null,"24":null,"25":0.025179,"26":0.688226,"27":0.125895,"28":null,"29":null},"safari":{"3.1":null,"3.2":null,"4":0.041965,"5":0.125895,"5.1":0.352506,"6":0.067144,"6.1":0.184646,"7":0.201432,"7.1":0.50358,"8":0.898051},"android":{"2.1":0,"2.2":0,"2.3":0.0914881268994,"3":0,"4":0.186878590965,"4.1":0.582315423819,"4.2-4.3":0.953904640657,"4.4":1.70402056263,"4.4.3-4.4.4":0.704588655031,"37":0},"ios_saf":{"3.2":0,"4.0-4.1":0,"4.2-4.3":0,"5.0-5.1":0.0193000005029,"6.0-6.1":0.0616245630092,"7.0-7.1":0.881028093131,"8":0.212300005532,"8.1":2.19241233783},"op_mob":{"10":0,"11":0,"11.1":0,"11.5":0,"12":0.000419754161332,"12.1":0.00125926248399,"0":null},"ie":{"5.5":null,"6":0.0339496601539,"7":0.0933615654233,"8":2.66504832208,"9":1.19672552043,"10":0.984540144464,"11":9.36161878745,"0":null},"ie_mob":{"10":0.0910633333333,"11":0.149986666667},"bb":{"7":0.011249,"10":null},"and_uc":{"0":0.245871},"op_mini":{"5.0-8.0":0.162234983355},"and_chr":{"0":7.831293},"and_ff":{"0":0.067494}},"total":99.165895}