{"id":"CZ","name":"Czech Republic","month":"2015-01","access_date":"2015-02-01","data":{"chrome":{"4":null,"5":null,"6":null,"7":null,"8":null,"9":null,"10":null,"11":0.102806,"12":0.028038,"13":0.018692,"14":null,"15":0.037384,"16":null,"17":null,"18":0.028038,"19":null,"20":0.037384,"21":0.009346,"22":0.074768,"23":null,"24":null,"25":0.009346,"26":0.037384,"27":0.04673,"28":0.028038,"29":0.028038,"30":0.037384,"31":0.196266,"32":0.074768,"33":0.149536,"34":0.224304,"35":0.23365,"36":3.243062,"37":4.785152,"38":0.457954,"39":22.720126,"40":6.981462,"41":0.102806,"42":0.009346,"43":null},"firefox":{"2":0.009346,"3":0.018692,"3.5":0.009346,"3.6":0.056076,"4":0.009346,"5":null,"6":null,"7":null,"8":null,"9":0.018692,"10":0.018692,"11":0.018692,"12":0.074768,"13":0.009346,"14":0.009346,"15":0.018692,"16":0.028038,"17":0.037384,"18":0.037384,"19":0.018692,"20":0.04673,"21":0.018692,"22":0.018692,"23":0.04673,"24":0.09346,"25":0.065422,"26":0.074768,"27":0.037384,"28":0.09346,"29":0.056076,"30":0.09346,"31":3.392598,"32":2.130888,"33":0.289726,"34":10.766592,"35":9.402076,"36":0.04673,"37":0.009346,"38":null},"opera":{"9":null,"9.5-9.6":null,"10.0-10.1":0,"10.5":null,"10.6":null,"11":null,"11.1":null,"11.5":null,"11.6":0.028038,"12":0.037384,"12.1":1.26171,"15":0.018692,"16":0.009346,"17":0.018692,"18":0.028038,"19":0.009346,"20":0.084114,"21":0.037384,"22":null,"23":null,"24":null,"25":0.018692,"26":2.38323,"27":0.411224,"28":null,"29":null},"safari":{"3.1":null,"3.2":null,"4":0.018692,"5":0.056076,"5.1":0.112152,"6":0.028038,"6.1":0.121498,"7":1.12152,"7.1":0.242996,"8":1.35517},"android":{"2.1":0,"2.2":0,"2.3":0.0421207558522,"3":0,"4":0.0860381316222,"4.1":0.268095616632,"4.2-4.3":0.4391737577,"4.4":0.784524030801,"4.4.3-4.4.4":0.324389707392,"37":0},"ios_saf":{"3.2":0,"4.0-4.1":0,"4.2-4.3":0,"5.0-5.1":0.00628360937343,"6.0-6.1":0.0200634544906,"7.0-7.1":0.286841255959,"8":0.0691197031077,"8.1":0.713795977069},"op_mob":{"10":0,"11":0,"11.1":0,"11.5":0,"12":0.000726852752881,"12.1":0.00218055825864,"0":null},"ie":{"5.5":null,"6":0.0940487244094,"7":0.10345359685,"8":2.40764734488,"9":1.57061369764,"10":1.1944188,"11":12.5460998362,"0":null},"ie_mob":{"10":0.129215866667,"11":0.212826133333},"bb":{"7":0.00981,"10":null},"and_uc":{"0":0.052974},"op_mini":{"5.0-8.0":0.280928588988},"and_chr":{"0":2.782942},"and_ff":{"0":0.066708}},"total":98.674242}