{"id":"DE","name":"Germany","month":"2015-01","access_date":"2015-02-01","data":{"chrome":{"4":null,"5":null,"6":null,"7":null,"8":null,"9":null,"10":null,"11":0.113862,"12":null,"13":null,"14":null,"15":null,"16":null,"17":null,"18":0.040665,"19":null,"20":null,"21":0.024399,"22":0.065064,"23":0.008133,"24":0.016266,"25":0.016266,"26":0.032532,"27":0.024399,"28":0.040665,"29":0.032532,"30":0.032532,"31":0.268389,"32":0.097596,"33":0.146394,"34":0.130128,"35":0.284655,"36":0.333453,"37":0.422916,"38":0.414783,"39":14.793927,"40":4.302357,"41":0.203325,"42":0.024399,"43":null},"firefox":{"2":0.016266,"3":0.024399,"3.5":0.016266,"3.6":0.138261,"4":0.016266,"5":0.016266,"6":0.016266,"7":0.016266,"8":0.016266,"9":0.024399,"10":0.065064,"11":0.032532,"12":0.105729,"13":0.032532,"14":0.032532,"15":0.040665,"16":0.08133,"17":0.073197,"18":0.040665,"19":0.032532,"20":0.056931,"21":0.048798,"22":0.040665,"23":0.056931,"24":0.203325,"25":0.056931,"26":0.130128,"27":0.105729,"28":0.130128,"29":0.146394,"30":0.24399,"31":0.780768,"32":0.40665,"33":0.805167,"34":17.770605,"35":14.159553,"36":0.113862,"37":0.024399,"38":0.016266},"opera":{"9":null,"9.5-9.6":null,"10.0-10.1":0.008133,"10.5":null,"10.6":null,"11":null,"11.1":null,"11.5":null,"11.6":0.048798,"12":0.016266,"12.1":0.748236,"15":null,"16":null,"17":null,"18":0.008133,"19":0.008133,"20":0.024399,"21":null,"22":0.016266,"23":0.016266,"24":0.024399,"25":0.040665,"26":1.333812,"27":0.195192,"28":null,"29":null},"safari":{"3.1":null,"3.2":null,"4":0.065064,"5":0.16266,"5.1":0.609975,"6":0.089463,"6.1":0.341586,"7":0.365985,"7.1":0.821433,"8":1.927521},"android":{"2.1":0,"2.2":0,"2.3":0.0987269216632,"3":0,"4":0.201664944251,"4.1":0.628389837885,"4.2-4.3":1.02938022587,"4.4":1.83884740349,"4.4.3-4.4.4":0.760337666838,"37":0},"ios_saf":{"3.2":0,"4.0-4.1":0,"4.2-4.3":0,"5.0-5.1":0.029368775621,"6.0-6.1":0.0937739853163,"7.0-7.1":1.34065884502,"8":0.323056531831,"8.1":3.33618986221},"op_mob":{"10":0,"11":0,"11.1":0,"11.5":0,"12":0.000430294494238,"12.1":0.00129088348271,"0":null},"ie":{"5.5":null,"6":0.0491126566362,"7":0.155523412681,"8":1.41608159968,"9":1.5879758979,"10":1.04773667491,"11":10.9766787582,"0":null},"ie_mob":{"10":0.160810933333,"11":0.264865066667},"bb":{"7":0.01073525,"10":null},"and_uc":{"0":0.16803},"op_mini":{"5.0-8.0":0.166308822023},"and_chr":{"0":7.916183},"and_ff":{"0":0.28005}},"total":98.75914925}