{"id":"DJ","name":"Djibouti","month":"2015-01","access_date":"2015-02-01","data":{"chrome":{"4":0.01073,"5":0.016095,"6":0.06438,"7":null,"8":0.048285,"9":0.08584,"10":0.037555,"11":0.30044,"12":0.037555,"13":0.069745,"14":0.037555,"15":0.091205,"16":0.03219,"17":0.02146,"18":0.069745,"19":0.07511,"20":0.03219,"21":0.12876,"22":0.05365,"23":0.08584,"24":0.123395,"25":0.101935,"26":0.048285,"27":0.101935,"28":0.11803,"29":0.069745,"30":0.20387,"31":0.18241,"32":0.101935,"33":0.60088,"34":0.112665,"35":0.26825,"36":1.056905,"37":0.27898,"38":0.36482,"39":16.61004,"40":5.906865,"41":0.92278,"42":0.026825,"43":null},"firefox":{"2":0.005365,"3":0.037555,"3.5":0.03219,"3.6":0.112665,"4":0.25752,"5":0.03219,"6":0.04292,"7":0.05365,"8":0.059015,"9":0.08584,"10":0.13949,"11":0.2146,"12":0.273615,"13":0.1073,"14":0.059015,"15":0.048285,"16":0.134125,"17":0.07511,"18":0.123395,"19":0.11803,"20":0.06438,"21":0.19314,"22":0.112665,"23":0.11803,"24":0.20387,"25":0.155585,"26":0.19314,"27":0.23606,"28":0.11803,"29":0.26825,"30":0.327265,"31":0.40774,"32":0.509675,"33":0.627705,"34":6.31997,"35":5.896135,"36":0.3219,"37":0.01073,"38":0.005365},"opera":{"9":null,"9.5-9.6":null,"10.0-10.1":0.005365,"10.5":null,"10.6":null,"11":null,"11.1":0.016095,"11.5":0.037555,"11.6":0.026825,"12":0.059015,"12.1":0.12876,"15":0.02146,"16":0.005365,"17":null,"18":0.005365,"19":null,"20":0.02146,"21":0.06438,"22":null,"23":null,"24":0.005365,"25":null,"26":0.47212,"27":0.123395,"28":null,"29":null},"safari":{"3.1":null,"3.2":null,"4":0,"5":0.091205,"5.1":0.09657,"6":0.005365,"6.1":0.080475,"7":0.048285,"7.1":0.16095,"8":0.16095},"android":{"2.1":0,"2.2":0,"2.3":0.163566485113,"3":0,"4":0.334109739733,"4.1":1.04108904979,"4.2-4.3":1.7054325462,"4.4":3.0465226848,"4.4.3-4.4.4":1.25969449435,"37":0},"ios_saf":{"3.2":0,"4.0-4.1":0,"4.2-4.3":0,"5.0-5.1":0.0166599884341,"6.0-6.1":0.0531950507895,"7.0-7.1":0.760513857991,"8":0.183259872775,"8.1":1.89251623001},"op_mob":{"10":0,"11":0,"11.1":0,"11.5":0,"12":0.0290800256082,"12.1":0.0872400768246,"0":null},"ie":{"5.5":null,"6":0.0654183870968,"7":0.0708699193548,"8":0.834084435484,"9":0.403413387097,"10":0.626926209677,"11":2.72576612903,"0":null},"ie_mob":{"10":0.255646,"11":0.421064},"bb":{"7":0.0301275,"10":null},"and_uc":{"0":9.76131},"op_mini":{"5.0-8.0":11.2394298976},"and_chr":{"0":4.787665},"and_ff":{"0":0.30591}},"total":90.3372259677}