{"id":"DK","name":"Denmark","month":"2015-01","access_date":"2015-02-01","data":{"chrome":{"4":null,"5":null,"6":null,"7":null,"8":null,"9":null,"10":null,"11":0.031456,"12":null,"13":null,"14":null,"15":null,"16":null,"17":null,"18":0.086504,"19":null,"20":null,"21":0.055048,"22":0.031456,"23":null,"24":0.015728,"25":0.023592,"26":0.015728,"27":0.023592,"28":0.015728,"29":0.015728,"30":0.023592,"31":0.267376,"32":0.125824,"33":0.23592,"34":0.173008,"35":0.448248,"36":0.448248,"37":0.487568,"38":0.975136,"39":26.981384,"40":7.769632,"41":0.173008,"42":0.015728,"43":null},"firefox":{"2":null,"3":0.007864,"3.5":null,"3.6":0.015728,"4":null,"5":null,"6":null,"7":null,"8":null,"9":null,"10":0.015728,"11":null,"12":0.023592,"13":null,"14":null,"15":0.055048,"16":0.031456,"17":0.031456,"18":null,"19":null,"20":0.015728,"21":0.015728,"22":0.007864,"23":0.015728,"24":0.062912,"25":0.015728,"26":0.023592,"27":0.3932,"28":0.023592,"29":0.023592,"30":0.055048,"31":0.3932,"32":0.086504,"33":0.15728,"34":5.001504,"35":4.191512,"36":0.031456,"37":null,"38":null},"opera":{"9":null,"9.5-9.6":null,"10.0-10.1":0,"10.5":null,"10.6":null,"11":null,"11.1":null,"11.5":null,"11.6":null,"12":null,"12.1":0.102232,"15":null,"16":null,"17":null,"18":null,"19":0.007864,"20":null,"21":null,"22":null,"23":null,"24":0.007864,"25":0.023592,"26":0.424656,"27":0.055048,"28":null,"29":null},"safari":{"3.1":null,"3.2":null,"4":0.03932,"5":0.110096,"5.1":0.51116,"6":0.173008,"6.1":0.605528,"7":0.935816,"7.1":1.895224,"8":4.568984},"android":{"2.1":0,"2.2":0,"2.3":0.0469667802875,"3":0,"4":0.0959368829569,"4.1":0.298940217659,"4.2-4.3":0.489701026694,"4.4":0.874784106776,"4.4.3-4.4.4":0.361710985626,"37":0},"ios_saf":{"3.2":0,"4.0-4.1":0,"4.2-4.3":0,"5.0-5.1":0.0749638684502,"6.0-6.1":0.239358316806,"7.0-7.1":3.42203483697,"8":0.824602552952,"8.1":8.51563242482},"op_mob":{"10":0,"11":0,"11.1":0,"11.5":0,"12":0.000103928297055,"12.1":0.000311784891165,"0":null},"ie":{"5.5":null,"6":0.0157669306931,"7":0.0473007920792,"8":0.993316633663,"9":2.04181752475,"10":1.4742080198,"11":14.537110099,"0":null},"ie_mob":{"10":0.199312533333,"11":0.328279466667},"bb":{"7":0.001602,"10":null},"and_uc":{"0":0.017088},"op_mini":{"5.0-8.0":0.0401682868118},"and_chr":{"0":5.459808},"and_ff":{"0":0.07476}},"total":99.07025}