{"id":"DM","name":"Dominica","month":"2015-01","access_date":"2015-02-01","data":{"chrome":{"4":null,"5":null,"6":null,"7":null,"8":null,"9":null,"10":null,"11":0.041688,"12":0.006948,"13":null,"14":null,"15":null,"16":null,"17":null,"18":0.159804,"19":null,"20":0.013896,"21":0.10422,"22":0.06948,"23":null,"24":0.006948,"25":null,"26":0.055584,"27":0.03474,"28":0.097272,"29":0.020844,"30":0.27792,"31":1.118628,"32":0.298764,"33":0.326556,"34":0.396036,"35":0.5211,"36":1.340964,"37":0.284868,"38":0.548892,"39":28.723032,"40":8.379288,"41":0.597528,"42":0.076428,"43":null},"firefox":{"2":null,"3":null,"3.5":null,"3.6":0.013896,"4":null,"5":null,"6":0.118116,"7":null,"8":null,"9":null,"10":null,"11":0.062532,"12":0.020844,"13":0.027792,"14":0.020844,"15":null,"16":null,"17":null,"18":null,"19":null,"20":null,"21":null,"22":0.013896,"23":0.027792,"24":0.013896,"25":null,"26":0.027792,"27":0.013896,"28":0.020844,"29":null,"30":0.03474,"31":0.055584,"32":0.097272,"33":0.159804,"34":4.669056,"35":4.050684,"36":0.180648,"37":null,"38":null},"opera":{"9":null,"9.5-9.6":null,"10.0-10.1":0,"10.5":null,"10.6":null,"11":null,"11.1":null,"11.5":null,"11.6":null,"12":null,"12.1":0.111168,"15":null,"16":null,"17":null,"18":null,"19":null,"20":null,"21":null,"22":null,"23":null,"24":null,"25":null,"26":1.49382,"27":0.229284,"28":null,"29":null},"safari":{"3.1":null,"3.2":null,"4":0,"5":0.076428,"5.1":0.1737,"6":0.013896,"6.1":0.222336,"7":0.55584,"7.1":0.569736,"8":0.819864},"android":{"2.1":0,"2.2":0,"2.3":0.162315324435,"3":0,"4":0.331554051335,"4.1":1.03312550103,"4.2-4.3":1.69238726899,"4.4":3.02321907598,"4.4.3-4.4.4":1.25005877823,"37":0},"ios_saf":{"3.2":0,"4.0-4.1":0,"4.2-4.3":0,"5.0-5.1":0.0166563137886,"6.0-6.1":0.053183317711,"7.0-7.1":0.760346113648,"8":0.183219451675,"8.1":1.89209880318},"op_mob":{"10":0,"11":0,"11.1":0,"11.5":0,"12":0.000711221510883,"12.1":0.00213366453265,"0":null},"ie":{"5.5":null,"6":0.0905013376963,"7":0.0835396963351,"8":0.515161460733,"9":0.981591431937,"10":0.99551471466,"11":7.96411771728,"0":null},"ie_mob":{"10":3.55117155556,"11":5.84898844444},"bb":{"7":0.262472,"10":null},"and_uc":{"0":0.2289},"op_mini":{"5.0-8.0":0.274887113956},"and_chr":{"0":9.878192},"and_ff":{"0":0.149548}},"total":98.6230223586}