{"id":"DO","name":"Dominican Republic","month":"2015-01","access_date":"2015-02-01","data":{"chrome":{"4":0.007483,"5":null,"6":null,"7":null,"8":0.007483,"9":0.007483,"10":0.007483,"11":0.134694,"12":0.014966,"13":0.014966,"14":0.007483,"15":null,"16":null,"17":0.014966,"18":0.082313,"19":null,"20":0.014966,"21":0.029932,"22":0.07483,"23":0.022449,"24":0.014966,"25":0.044898,"26":0.07483,"27":0.052381,"28":0.067347,"29":0.112245,"30":0.059864,"31":0.254422,"32":0.194558,"33":0.329252,"34":0.463946,"35":0.770749,"36":1.002722,"37":1.189797,"38":1.466668,"39":35.304794,"40":9.80273,"41":0.194558,"42":0.014966,"43":null},"firefox":{"2":0.014966,"3":0.067347,"3.5":0.007483,"3.6":0.059864,"4":0.022449,"5":0.014966,"6":null,"7":0.014966,"8":0.014966,"9":null,"10":0.007483,"11":0.029932,"12":0.044898,"13":0.014966,"14":0.022449,"15":0.014966,"16":0.022449,"17":0.014966,"18":0.014966,"19":0.022449,"20":0.022449,"21":0.014966,"22":0.014966,"23":0.022449,"24":0.044898,"25":0.014966,"26":0.029932,"27":0.022449,"28":0.037415,"29":0.052381,"30":0.067347,"31":0.231973,"32":0.172109,"33":0.172109,"34":4.220412,"35":3.674153,"36":0.052381,"37":0.007483,"38":null},"opera":{"9":null,"9.5-9.6":null,"10.0-10.1":0,"10.5":null,"10.6":null,"11":null,"11.1":null,"11.5":null,"11.6":null,"12":null,"12.1":0.044898,"15":null,"16":null,"17":null,"18":0.014966,"19":null,"20":0.007483,"21":0.014966,"22":null,"23":null,"24":0.007483,"25":0.014966,"26":0.853062,"27":0.142177,"28":null,"29":null},"safari":{"3.1":null,"3.2":null,"4":0.097279,"5":0.104762,"5.1":0.239456,"6":0.07483,"6.1":0.14966,"7":0.261905,"7.1":0.291837,"8":0.860545},"android":{"2.1":0,"2.2":0,"2.3":0.174538961704,"3":0,"4":0.356522713244,"4.1":1.11092808326,"4.2-4.3":1.8198375154,"4.4":3.2508915616,"4.4.3-4.4.4":1.34419816478,"37":0},"ios_saf":{"3.2":0,"4.0-4.1":0,"4.2-4.3":0,"5.0-5.1":0.0230577755205,"6.0-6.1":0.0736230727145,"7.0-7.1":1.05256722639,"8":0.253635530725,"8.1":2.61928239465},"op_mob":{"10":0,"11":0,"11.1":0,"11.5":0,"12":0.00155338540333,"12.1":0.00466015620999,"0":null},"ie":{"5.5":null,"6":0.147101709402,"7":0.0735508547009,"8":2.13297478632,"9":0.890782573599,"10":1.13595208927,"11":4.2250879867,"0":null},"ie_mob":{"10":0.292866933333,"11":0.482369066667},"bb":{"7":0.27372375,"10":null},"and_uc":{"0":0.15102},"op_mini":{"5.0-8.0":0.600383458387},"and_chr":{"0":11.0546},"and_ff":{"0":0.120816}},"total":98.00535975}