{"id":"DZ","name":"Algeria","month":"2015-01","access_date":"2015-02-01","data":{"chrome":{"4":0.199019,"5":0.147101,"6":0.095183,"7":0.069224,"8":0.077877,"9":0.034612,"10":0.095183,"11":0.233631,"12":0.138448,"13":0.095183,"14":0.17306,"15":0.302855,"16":0.129795,"17":0.034612,"18":0.181713,"19":0.017306,"20":0.034612,"21":0.034612,"22":0.103836,"23":0.051918,"24":0.034612,"25":0.103836,"26":0.121142,"27":0.112489,"28":0.112489,"29":0.138448,"30":0.441303,"31":0.415344,"32":0.147101,"33":1.678682,"34":0.337467,"35":0.43265,"36":1.419092,"37":0.917218,"38":1.029707,"39":25.941694,"40":9.371199,"41":0.458609,"42":0.043265,"43":null},"firefox":{"2":0.034612,"3":0.380732,"3.5":0.08653,"3.6":0.501874,"4":0.103836,"5":0.043265,"6":0.060571,"7":0.043265,"8":0.112489,"9":0.095183,"10":0.112489,"11":0.155754,"12":0.398038,"13":0.121142,"14":0.155754,"15":0.190366,"16":0.17306,"17":0.147101,"18":0.129795,"19":0.17306,"20":0.147101,"21":0.138448,"22":0.129795,"23":0.181713,"24":0.138448,"25":0.17306,"26":0.224978,"27":0.190366,"28":0.155754,"29":0.449956,"30":0.709546,"31":0.752811,"32":0.804729,"33":1.254685,"34":10.12401,"35":9.968256,"36":0.536486,"37":0.025959,"38":null},"opera":{"9":null,"9.5-9.6":null,"10.0-10.1":0,"10.5":null,"10.6":null,"11":null,"11.1":null,"11.5":null,"11.6":0.043265,"12":0.034612,"12.1":0.190366,"15":0.025959,"16":0.017306,"17":0.017306,"18":0.025959,"19":0.017306,"20":0.043265,"21":0.017306,"22":0.017306,"23":0.008653,"24":0.017306,"25":0.034612,"26":1.419092,"27":0.276896,"28":null,"29":null},"safari":{"3.1":null,"3.2":null,"4":0.051918,"5":0.025959,"5.1":0.077877,"6":0.017306,"6.1":0.017306,"7":0.095183,"7.1":0.043265,"8":0.112489},"android":{"2.1":0,"2.2":0,"2.3":0.110885482546,"3":0,"4":0.226500677618,"4.1":0.705778213552,"4.2-4.3":1.15615195072,"4.4":2.06530780287,"4.4.3-4.4.4":0.85397587269,"37":0},"ios_saf":{"3.2":0,"4.0-4.1":0,"4.2-4.3":0,"5.0-5.1":0.00675667555064,"6.0-6.1":0.021573946495,"7.0-7.1":0.308436311978,"8":0.074323431057,"8.1":0.767534634919},"op_mob":{"10":0,"11":0,"11.1":0,"11.5":0,"12":0.00209035083227,"12.1":0.0062710524968,"0":null},"ie":{"5.5":null,"6":0.169484944737,"7":0.282474907895,"8":2.63643247368,"9":0.781513911842,"10":0.649692288158,"11":2.63643247368,"0":null},"ie_mob":{"10":0.0966846666667,"11":0.159245333333},"bb":{"7":0.01178625,"10":null},"and_uc":{"0":0.680235},"op_mini":{"5.0-8.0":0.807920596671},"and_chr":{"0":3.927295},"and_ff":{"0":0.18858}},"total":96.81232625}