{"id":"EC","name":"Ecuador","month":"2015-01","access_date":"2015-02-01","data":{"chrome":{"4":0.016612,"5":null,"6":0.008306,"7":0.016612,"8":0.008306,"9":0.033224,"10":0.016612,"11":0.099672,"12":0.024918,"13":0.033224,"14":0.016612,"15":null,"16":0.008306,"17":null,"18":0.049836,"19":null,"20":0.008306,"21":0.033224,"22":0.20765,"23":0.024918,"24":0.016612,"25":0.024918,"26":0.099672,"27":0.049836,"28":0.033224,"29":0.074754,"30":0.058142,"31":0.199344,"32":0.149508,"33":0.24918,"34":0.323934,"35":0.755846,"36":0.921966,"37":1.029944,"38":1.212676,"39":33.05788,"40":10.183156,"41":0.215956,"42":0.016612,"43":null},"firefox":{"2":null,"3":0.033224,"3.5":null,"3.6":0.091366,"4":0.04153,"5":0.016612,"6":0.016612,"7":0.016612,"8":0.016612,"9":0.033224,"10":0.049836,"11":0.049836,"12":0.091366,"13":0.107978,"14":0.08306,"15":0.058142,"16":0.08306,"17":0.049836,"18":0.04153,"19":0.058142,"20":0.099672,"21":0.08306,"22":0.066448,"23":0.08306,"24":0.08306,"25":0.107978,"26":0.091366,"27":0.074754,"28":0.132896,"29":0.257486,"30":0.307322,"31":0.390382,"32":0.406994,"33":0.70601,"34":9.900752,"35":8.272776,"36":0.116284,"37":null,"38":null},"opera":{"9":null,"9.5-9.6":null,"10.0-10.1":0,"10.5":null,"10.6":null,"11":null,"11.1":null,"11.5":null,"11.6":null,"12":null,"12.1":0.04153,"15":null,"16":null,"17":null,"18":null,"19":0.008306,"20":0.008306,"21":null,"22":null,"23":null,"24":null,"25":0.016612,"26":0.74754,"27":0.141202,"28":null,"29":null},"safari":{"3.1":null,"3.2":null,"4":0.049836,"5":0.107978,"5.1":0.307322,"6":0.141202,"6.1":0.232568,"7":0.340546,"7.1":0.45683,"8":0.847212},"android":{"2.1":0,"2.2":0,"2.3":0.100698038604,"3":0,"4":0.205691254209,"4.1":0.640935857084,"4.2-4.3":1.04993215606,"4.4":1.87556062423,"4.4.3-4.4.4":0.775518069815,"37":0},"ios_saf":{"3.2":0,"4.0-4.1":0,"4.2-4.3":0,"5.0-5.1":0.0135179257769,"6.0-6.1":0.0431624998491,"7.0-7.1":0.617081453887,"8":0.148697183546,"8.1":1.53558893694},"op_mob":{"10":0,"11":0,"11.1":0,"11.5":0,"12":0.00158338028169,"12.1":0.00475014084507,"0":null},"ie":{"5.5":null,"6":0.0703755657419,"7":0.0527816743064,"8":1.46908993486,"9":0.791725114596,"10":1.31954185766,"11":3.58915385283,"0":null},"ie_mob":{"10":0.367334488889,"11":0.605021511111},"bb":{"7":0.1816815,"10":null},"and_uc":{"0":0.16093},"op_mini":{"5.0-8.0":0.611976478873},"and_chr":{"0":6.382444},"and_ff":{"0":0.171094}},"total":97.6312335}