{"id":"EE","name":"Estonia","month":"2015-01","access_date":"2015-02-01","data":{"chrome":{"4":null,"5":0.045615,"6":null,"7":null,"8":null,"9":null,"10":null,"11":0.054738,"12":0.018246,"13":null,"14":null,"15":null,"16":null,"17":null,"18":0.082107,"19":0.009123,"20":null,"21":0.027369,"22":0.018246,"23":0.009123,"24":0.009123,"25":0.009123,"26":0.063861,"27":0.036492,"28":0.063861,"29":0.018246,"30":0.018246,"31":0.437904,"32":0.118599,"33":0.218952,"34":0.301059,"35":0.437904,"36":0.556503,"37":0.848439,"38":1.09476,"39":32.979645,"40":9.205107,"41":0.428781,"42":0.027369,"43":null},"firefox":{"2":0.009123,"3":0.018246,"3.5":null,"3.6":0.063861,"4":null,"5":null,"6":null,"7":null,"8":null,"9":0.018246,"10":0.027369,"11":0.036492,"12":0.045615,"13":0.027369,"14":0.018246,"15":0.036492,"16":0.054738,"17":0.118599,"18":0.018246,"19":0.018246,"20":0.766332,"21":0.018246,"22":0.018246,"23":0.045615,"24":0.082107,"25":0.027369,"26":0.045615,"27":0.063861,"28":0.063861,"29":0.118599,"30":0.136845,"31":0.556503,"32":0.282813,"33":0.337551,"34":10.829001,"35":9.679503,"36":0.145968,"37":0.018246,"38":0.009123},"opera":{"9":null,"9.5-9.6":null,"10.0-10.1":0,"10.5":null,"10.6":null,"11":null,"11.1":null,"11.5":null,"11.6":0.027369,"12":0.018246,"12.1":0.611241,"15":null,"16":null,"17":null,"18":null,"19":null,"20":0.018246,"21":null,"22":null,"23":null,"24":null,"25":0.009123,"26":1.213359,"27":0.209829,"28":null,"29":null},"safari":{"3.1":null,"3.2":null,"4":0.027369,"5":0.155091,"5.1":0.428781,"6":0.082107,"6.1":0.264567,"7":0.374043,"7.1":0.793701,"8":1.888461},"android":{"2.1":0,"2.2":0,"2.3":0.0421960356263,"3":0,"4":0.0861919021561,"4.1":0.268574767043,"4.2-4.3":0.439958665298,"4.4":0.785926161191,"4.4.3-4.4.4":0.324969468686,"37":0},"ios_saf":{"3.2":0,"4.0-4.1":0,"4.2-4.3":0,"5.0-5.1":0.0102511888766,"6.0-6.1":0.0327318662376,"7.0-7.1":0.467957779946,"8":0.112763077643,"8.1":1.1644990873},"op_mob":{"10":0,"11":0,"11.1":0,"11.5":0,"12":0.000217846350832,"12.1":0.000653539052497,"0":null},"ie":{"5.5":null,"6":0.0182968953975,"7":0.0457422384937,"8":1.33567336402,"9":1.23504043933,"10":1.28993112552,"11":9.19418993724,"0":null},"ie_mob":{"10":0.160685888889,"11":0.264659111111},"bb":{"7":0.0013155,"10":null},"and_uc":{"0":0.04385},"op_mini":{"5.0-8.0":0.0841976145967},"and_chr":{"0":4.300306},"and_ff":{"0":0.085069}},"total":98.8122145}