{"id":"EG","name":"Egypt","month":"2015-01","access_date":"2015-02-01","data":{"chrome":{"4":0.007956,"5":0.055692,"6":0.015912,"7":0.023868,"8":0.015912,"9":0.047736,"10":0.087516,"11":0.071604,"12":0.055692,"13":0.031824,"14":0.055692,"15":0.047736,"16":0.063648,"17":0.03978,"18":0.031824,"19":0.771732,"20":0.023868,"21":0.015912,"22":0.087516,"23":0.031824,"24":2.362932,"25":0.055692,"26":0.087516,"27":0.087516,"28":0.07956,"29":0.087516,"30":0.83538,"31":0.175032,"32":0.111384,"33":3.150576,"34":0.175032,"35":1.813968,"36":0.684216,"37":0.588744,"38":1.058148,"39":21.32208,"40":5.624892,"41":0.222768,"42":0.023868,"43":null},"firefox":{"2":0.75582,"3":0.03978,"3.5":0.055692,"3.6":0.175032,"4":0.071604,"5":0.047736,"6":0.047736,"7":0.031824,"8":0.063648,"9":0.047736,"10":0.111384,"11":0.103428,"12":0.262548,"13":0.190944,"14":0.095472,"15":0.867204,"16":0.111384,"17":0.071604,"18":0.819468,"19":0.071604,"20":0.063648,"21":0.83538,"22":0.07956,"23":0.843336,"24":0.087516,"25":1.599156,"26":0.127296,"27":0.103428,"28":0.07956,"29":0.302328,"30":0.572832,"31":0.405756,"32":0.461448,"33":0.763776,"34":6.929676,"35":7.773012,"36":0.700128,"37":0.007956,"38":null},"opera":{"9":null,"9.5-9.6":null,"10.0-10.1":0.763776,"10.5":null,"10.6":null,"11":null,"11.1":null,"11.5":0.007956,"11.6":0.023868,"12":0.023868,"12.1":0.143208,"15":0.015912,"16":0.007956,"17":0.007956,"18":0.015912,"19":0.007956,"20":0.015912,"21":0.015912,"22":0.007956,"23":null,"24":null,"25":0.007956,"26":0.620568,"27":0.11934,"28":null,"29":null},"safari":{"3.1":null,"3.2":null,"4":0.007956,"5":0.779688,"5.1":0.047736,"6":0.015912,"6.1":0.023868,"7":0.063648,"7.1":0.03978,"8":0.135252},"android":{"2.1":0,"2.2":0,"2.3":0.13120066653,"3":0,"4":0.267997570021,"4.1":0.8350829154,"4.2-4.3":1.36796903491,"4.4":2.44369013963,"4.4.3-4.4.4":1.01043167351,"37":0},"ios_saf":{"3.2":0,"4.0-4.1":0,"4.2-4.3":0,"5.0-5.1":0.00817887800463,"6.0-6.1":0.0261150139797,"7.0-7.1":0.373358606457,"8":0.0899676580509,"8.1":0.929091843508},"op_mob":{"10":0,"11":0,"11.1":0,"11.5":0,"12":0.00342847631242,"12.1":0.0102854289373,"0":null},"ie":{"5.5":null,"6":0.0965569090909,"7":0.0321856363636,"8":2.89670727273,"9":1.92309177273,"10":1.97137022727,"11":1.57709618182,"0":null},"ie_mob":{"10":0.0756734222222,"11":0.124638577778},"bb":{"7":0.018907,"10":null},"and_uc":{"0":0.43946},"op_mini":{"5.0-8.0":1.32510609475},"and_chr":{"0":8.89656},"and_ff":{"0":0.157388}},"total":95.858895}