{"id":"ER","name":"Eritrea","month":"2015-01","access_date":"2015-02-01","data":{"chrome":{"4":0.065961,"5":null,"6":null,"7":null,"8":null,"9":null,"10":null,"11":null,"12":null,"13":null,"14":null,"15":null,"16":null,"17":null,"18":0.037692,"19":null,"20":0.113076,"21":null,"22":null,"23":null,"24":null,"25":0.244998,"26":0.009423,"27":0.028269,"28":null,"29":0.009423,"30":0.047115,"31":0.216729,"32":null,"33":0.263844,"34":0.113076,"35":0.084807,"36":0.056538,"37":0.037692,"38":0.310959,"39":7.934166,"40":2.176713,"41":0.065961,"42":null,"43":null},"firefox":{"2":0.037692,"3":0.131922,"3.5":0.414612,"3.6":2.44998,"4":9.102618,"5":0.489996,"6":0.508842,"7":11.345292,"8":0.395766,"9":0.442881,"10":0.386343,"11":0.56538,"12":0.716148,"13":0.075384,"14":0.744417,"15":0.292113,"16":0.687879,"17":0.160191,"18":2.92113,"19":0.876339,"20":1.809216,"21":1.356912,"22":1.762101,"23":0.433458,"24":5.908221,"25":0.772686,"26":0.75384,"27":0.499419,"28":0.706725,"29":3.024783,"30":3.844584,"31":1.027107,"32":2.007099,"33":5.210919,"34":8.395893,"35":5.201496,"36":0.433458,"37":null,"38":null},"opera":{"9":null,"9.5-9.6":null,"10.0-10.1":0,"10.5":null,"10.6":null,"11":0.047115,"11.1":null,"11.5":0.018846,"11.6":0.056538,"12":0.310959,"12.1":null,"15":0.018846,"16":null,"17":null,"18":null,"19":null,"20":null,"21":null,"22":null,"23":null,"24":null,"25":null,"26":0.065961,"27":null,"28":null,"29":null},"safari":{"3.1":null,"3.2":null,"4":0.009423,"5":0.009423,"5.1":null,"6":null,"6.1":null,"7":null,"7.1":null,"8":0.037692},"android":{"2.1":0,"2.2":0,"2.3":0.0235119206366,"3":0,"4":0.0480267194045,"4.1":0.149651703388,"4.2-4.3":0.24514798768,"4.4":0.437923450719,"4.4.3-4.4.4":0.181075218172,"37":0},"ios_saf":{"3.2":0,"4.0-4.1":0,"4.2-4.3":0,"5.0-5.1":0.00366168389822,"6.0-6.1":0.0116916924469,"7.0-7.1":0.16715265795,"8":0.0402785228804,"8.1":0.415954442824},"op_mob":{"10":0,"11":0,"11.1":0,"11.5":0,"12":0.000774258642766,"12.1":0.0023227759283,"0":null},"ie":{"5.5":null,"6":0.772686,"7":0.414612,"8":1.677294,"9":0.339228,"10":0.687879,"11":1.102491,"0":null},"ie_mob":{"10":0.0466472444444,"11":0.0768307555556},"bb":{"7":0.005193,"10":null},"and_uc":{"0":1.099185},"op_mini":{"5.0-8.0":0.299250965429},"and_chr":{"0":2.41878},"and_ff":{"0":0.089435}},"total":99.040772}