{"id":"ES","name":"Spain","month":"2015-01","access_date":"2015-02-01","data":{"chrome":{"4":null,"5":null,"6":null,"7":null,"8":null,"9":null,"10":null,"11":0.228896,"12":null,"13":null,"14":null,"15":null,"16":null,"17":null,"18":0.021459,"19":null,"20":null,"21":0.028612,"22":0.064377,"23":0.021459,"24":0.014306,"25":0.014306,"26":0.035765,"27":0.028612,"28":0.028612,"29":0.042918,"30":0.042918,"31":0.329038,"32":0.171672,"33":0.264661,"34":0.314732,"35":0.686688,"36":0.615158,"37":0.729606,"38":1.087256,"39":26.945351,"40":8.276021,"41":0.128754,"42":0.014306,"43":null},"firefox":{"2":0.007153,"3":0.028612,"3.5":0.007153,"3.6":0.114448,"4":0.014306,"5":0.007153,"6":0.007153,"7":0.007153,"8":0.007153,"9":0.007153,"10":0.064377,"11":0.021459,"12":0.050071,"13":0.007153,"14":0.014306,"15":0.028612,"16":0.064377,"17":0.021459,"18":0.021459,"19":0.021459,"20":0.042918,"21":0.042918,"22":0.014306,"23":0.021459,"24":0.050071,"25":0.035765,"26":0.042918,"27":0.114448,"28":0.042918,"29":0.064377,"30":0.121601,"31":0.243202,"32":0.243202,"33":0.350497,"34":6.823962,"35":5.972755,"36":0.035765,"37":null,"38":null},"opera":{"9":null,"9.5-9.6":null,"10.0-10.1":0,"10.5":null,"10.6":null,"11":null,"11.1":null,"11.5":null,"11.6":null,"12":null,"12.1":0.121601,"15":null,"16":null,"17":null,"18":null,"19":null,"20":0.007153,"21":null,"22":0.007153,"23":0.007153,"24":0.014306,"25":0.014306,"26":0.414874,"27":0.078683,"28":null,"29":null},"safari":{"3.1":null,"3.2":null,"4":0.057224,"5":0.171672,"5.1":0.507863,"6":0.078683,"6.1":0.271814,"7":0.329038,"7.1":0.64377,"8":1.452059},"android":{"2.1":0,"2.2":0,"2.3":0.161712522998,"3":0,"4":0.33032273655,"4.1":1.02928871273,"4.2-4.3":1.68610213552,"4.4":3.01199154209,"4.4.3-4.4.4":1.2454163501,"37":0},"ios_saf":{"3.2":0,"4.0-4.1":0,"4.2-4.3":0,"5.0-5.1":0.0312219377451,"6.0-6.1":0.099691099467,"7.0-7.1":1.4252540704,"8":0.343441315197,"8.1":3.54670257719},"op_mob":{"10":0,"11":0,"11.1":0,"11.5":0,"12":0.000342660691421,"12.1":0.00102798207426,"0":null},"ie":{"5.5":null,"6":0.0437389907652,"7":0.196825458443,"8":2.15779021108,"9":1.31945955475,"10":0.780012001979,"11":6.55355878298,"0":null},"ie_mob":{"10":0.236617333333,"11":0.389722666667},"bb":{"7":0.014235,"10":null},"and_uc":{"0":0.042705},"op_mini":{"5.0-8.0":0.132438357234},"and_chr":{"0":15.036743},"and_ff":{"0":0.190749}},"total":99.105197}