{"id":"ET","name":"Ethiopia","month":"2015-01","access_date":"2015-02-01","data":{"chrome":{"4":0.023472,"5":0.01956,"6":0.007824,"7":0.023472,"8":0.01956,"9":0.03912,"10":0.105624,"11":0.03912,"12":0.027384,"13":0.011736,"14":0.035208,"15":0.011736,"16":0.027384,"17":0.011736,"18":null,"19":0.011736,"20":0.003912,"21":0.007824,"22":0.007824,"23":0.01956,"24":0.007824,"25":0.07824,"26":0.035208,"27":0.050856,"28":0.03912,"29":0.043032,"30":0.043032,"31":0.105624,"32":0.066504,"33":0.301224,"34":0.066504,"35":0.109536,"36":0.379464,"37":0.15648,"38":0.246456,"39":7.104192,"40":1.93644,"41":0.324696,"42":0.01956,"43":null},"firefox":{"2":0.011736,"3":0.035208,"3.5":0.027384,"3.6":0.160392,"4":0.191688,"5":0.101712,"6":0.054768,"7":0.062592,"8":0.070416,"9":0.062592,"10":0.152568,"11":0.375552,"12":0.301224,"13":0.089976,"14":0.179952,"15":0.144744,"16":0.23472,"17":0.13692,"18":0.093888,"19":0.23472,"20":0.219072,"21":0.23472,"22":0.089976,"23":0.258192,"24":0.160392,"25":0.15648,"26":0.281664,"27":0.183864,"28":0.3912,"29":1.322256,"30":0.80196,"31":0.696336,"32":0.696336,"33":1.122744,"34":5.449416,"35":5.062128,"36":0.653304,"37":0.007824,"38":null},"opera":{"9":null,"9.5-9.6":null,"10.0-10.1":0,"10.5":null,"10.6":0.023472,"11":0.011736,"11.1":null,"11.5":0.007824,"11.6":0.03912,"12":0.01956,"12.1":0.144744,"15":0.023472,"16":0.011736,"17":0.043032,"18":0.015648,"19":0.01956,"20":0.03912,"21":0.027384,"22":0.031296,"23":0.01956,"24":0.01956,"25":0.031296,"26":0.805872,"27":0.105624,"28":null,"29":null},"safari":{"3.1":null,"3.2":null,"4":0.007824,"5":0.015648,"5.1":0.070416,"6":0.01956,"6.1":0.027384,"7":0.062592,"7.1":0.050856,"8":0.109536},"android":{"2.1":0,"2.2":0,"2.3":0.0598761675565,"3":0,"4":0.122306294867,"4.1":0.381107549897,"4.2-4.3":0.624301273101,"4.4":1.1152290924,"4.4.3-4.4.4":0.461131622177,"37":0},"ios_saf":{"3.2":0,"4.0-4.1":0,"4.2-4.3":0,"5.0-5.1":0.00928354178819,"6.0-6.1":0.0296421860605,"7.0-7.1":0.423785539173,"8":0.10211895967,"8.1":1.05457777331},"op_mob":{"10":0,"11":0,"11.1":0,"11.5":0,"12":0.0900338028169,"12.1":0.270101408451,"0":null},"ie":{"5.5":null,"6":0.066843017842,"7":0.424649760408,"8":1.69466709941,"9":0.357806742566,"10":0.538676084962,"11":1.50200193033,"0":null},"ie_mob":{"10":0.1241952,"11":0.2045568},"bb":{"7":0.013698,"10":null},"and_uc":{"0":11.317592},"op_mini":{"5.0-8.0":34.7980647887},"and_chr":{"0":2.156008},"and_ff":{"0":0.188728}},"total":92.0128146355}