{"id":"FI","name":"Finland","month":"2015-01","access_date":"2015-02-01","data":{"chrome":{"4":null,"5":null,"6":null,"7":null,"8":null,"9":null,"10":null,"11":0.035435,"12":null,"13":null,"14":null,"15":null,"16":null,"17":null,"18":0.021261,"19":null,"20":null,"21":0.021261,"22":0.028348,"23":0.014174,"24":0.155914,"25":null,"26":0.014174,"27":0.021261,"28":0.035435,"29":0.014174,"30":0.021261,"31":0.148827,"32":0.063783,"33":0.127566,"34":0.113392,"35":0.205523,"36":0.155914,"37":0.28348,"38":0.467742,"39":22.437442,"40":6.512953,"41":0.127566,"42":0.014174,"43":null},"firefox":{"2":null,"3":0.007087,"3.5":null,"3.6":0.028348,"4":0.021261,"5":0.007087,"6":null,"7":null,"8":null,"9":0.007087,"10":0.028348,"11":0.014174,"12":0.028348,"13":0.007087,"14":0.014174,"15":0.014174,"16":0.042522,"17":0.035435,"18":0.014174,"19":0.014174,"20":0.035435,"21":0.014174,"22":0.014174,"23":0.063783,"24":0.07087,"25":0.028348,"26":0.063783,"27":0.028348,"28":0.049609,"29":0.056696,"30":0.07087,"31":0.644917,"32":0.148827,"33":0.333089,"34":10.743892,"35":9.262709,"36":0.155914,"37":0.014174,"38":0.007087},"opera":{"9":null,"9.5-9.6":null,"10.0-10.1":0,"10.5":null,"10.6":null,"11":null,"11.1":null,"11.5":null,"11.6":null,"12":0.007087,"12.1":0.403959,"15":null,"16":null,"17":null,"18":null,"19":null,"20":null,"21":null,"22":null,"23":null,"24":0.007087,"25":0.014174,"26":0.694526,"27":0.127566,"28":null,"29":null},"safari":{"3.1":null,"3.2":null,"4":0.049609,"5":0.155914,"5.1":0.623656,"6":0.099218,"6.1":0.418133,"7":0.389785,"7.1":0.956745,"8":1.743402},"android":{"2.1":0,"2.2":0,"2.3":0.0882208330595,"3":0,"4":0.180204640041,"4.1":0.561519330801,"4.2-4.3":0.919838069815,"4.4":1.64316527926,"4.4.3-4.4.4":0.679425847023,"37":0},"ios_saf":{"3.2":0,"4.0-4.1":0,"4.2-4.3":0,"5.0-5.1":0.055658720004,"6.0-6.1":0.177717316504,"7.0-7.1":2.54077174475,"8":0.612245920044,"8.1":6.3226352987},"op_mob":{"10":0,"11":0,"11.1":0,"11.5":0,"12":0.000507257362356,"12.1":0.00152177208707,"0":null},"ie":{"5.5":null,"6":null,"7":0.028348,"8":0.595308,"9":1.672532,"10":1.289834,"11":7.604351,"0":null},"ie_mob":{"10":1.76074666667,"11":2.90005333333},"bb":{"7":0.0014565,"10":null},"and_uc":{"0":0.017478},"op_mini":{"5.0-8.0":0.196054970551},"and_chr":{"0":10.101199},"and_ff":{"0":0.235953}},"total":99.0088465}