{"id":"FJ","name":"Fiji","month":"2015-01","access_date":"2015-02-01","data":{"chrome":{"4":0.006688,"5":null,"6":null,"7":null,"8":0.006688,"9":null,"10":0.013376,"11":0.053504,"12":0.013376,"13":null,"14":null,"15":0.006688,"16":null,"17":null,"18":0.013376,"19":null,"20":0.020064,"21":0.006688,"22":0.013376,"23":0.020064,"24":null,"25":null,"26":0.026752,"27":0.013376,"28":0.020064,"29":0.026752,"30":0.026752,"31":0.23408,"32":0.06688,"33":0.153824,"34":0.10032,"35":0.207328,"36":0.588544,"37":0.147136,"38":0.274208,"39":15.98432,"40":5.076192,"41":0.1672,"42":0.020064,"43":null},"firefox":{"2":null,"3":0.03344,"3.5":0.006688,"3.6":0.555104,"4":0.107008,"5":0.080256,"6":0.020064,"7":0.006688,"8":0.10032,"9":0.013376,"10":0.060192,"11":0.03344,"12":0.675488,"13":0.093632,"14":0.073568,"15":0.147136,"16":0.120384,"17":0.060192,"18":0.093632,"19":0.046816,"20":0.093632,"21":0.053504,"22":0.046816,"23":0.020064,"24":0.040128,"25":0.662112,"26":0.03344,"27":1.498112,"28":0.314336,"29":0.073568,"30":0.20064,"31":0.214016,"32":0.294272,"33":0.528352,"34":8.834848,"35":7.965408,"36":0.46816,"37":0.006688,"38":null},"opera":{"9":null,"9.5-9.6":null,"10.0-10.1":0,"10.5":null,"10.6":null,"11":null,"11.1":null,"11.5":null,"11.6":null,"12":null,"12.1":0.053504,"15":null,"16":null,"17":null,"18":null,"19":null,"20":null,"21":null,"22":null,"23":null,"24":null,"25":null,"26":0.240768,"27":0.026752,"28":null,"29":null},"safari":{"3.1":null,"3.2":null,"4":0.046816,"5":0.073568,"5.1":0.207328,"6":0.093632,"6.1":0.107008,"7":0.140448,"7.1":0.20064,"8":0.461472},"android":{"2.1":0,"2.2":0,"2.3":0.257792954415,"3":0,"4":0.526581816838,"4.1":1.64083382834,"4.2-4.3":2.68788862423,"4.4":4.80154649692,"4.4.3-4.4.4":1.98537227926,"37":0},"ios_saf":{"3.2":0,"4.0-4.1":0,"4.2-4.3":0,"5.0-5.1":0.0152272722518,"6.0-6.1":0.048620413155,"7.0-7.1":0.69511162104,"8":0.16749999477,"8.1":1.72976469878},"op_mob":{"10":0,"11":0,"11.1":0,"11.5":0,"12":0.00871891421255,"12.1":0.0261567426376,"0":null},"ie":{"5.5":null,"6":0.0873896762067,"7":0.968008721059,"8":6.35255723195,"9":2.56118974114,"10":1.33773427424,"11":4.4299843554,"0":null},"ie_mob":{"10":0.4579392,"11":0.7542528},"bb":{"7":0.039744,"10":null},"and_uc":{"0":2.841696},"op_mini":{"5.0-8.0":3.36986034315},"and_chr":{"0":11.4028},"and_ff":{"0":0.245088}},"total":98.074496}