{"id":"FK","name":"Falkland Islands (Malvinas)","month":"2015-01","access_date":"2015-02-01","data":{"chrome":{"4":null,"5":null,"6":null,"7":null,"8":null,"9":null,"10":0.674778,"11":0.008651,"12":null,"13":null,"14":null,"15":null,"16":null,"17":null,"18":null,"19":null,"20":null,"21":null,"22":null,"23":null,"24":null,"25":null,"26":null,"27":0.233577,"28":null,"29":0.077859,"30":null,"31":null,"32":0.60557,"33":0.08651,"34":0.34604,"35":0.138416,"36":0.769939,"37":0.60557,"38":0.077859,"39":17.786456,"40":4.84456,"41":null,"42":null,"43":null},"firefox":{"2":null,"3":null,"3.5":null,"3.6":0.017302,"4":null,"5":null,"6":0.025953,"7":null,"8":null,"9":null,"10":null,"11":1.747502,"12":0.008651,"13":null,"14":null,"15":null,"16":null,"17":null,"18":0.008651,"19":null,"20":null,"21":null,"22":0.129765,"23":null,"24":null,"25":null,"26":null,"27":0.008651,"28":null,"29":0.060557,"30":0.08651,"31":0.008651,"32":0.138416,"33":0.415248,"34":7.820504,"35":4.515822,"36":null,"37":null,"38":null},"opera":{"9":null,"9.5-9.6":null,"10.0-10.1":0,"10.5":null,"10.6":null,"11":null,"11.1":null,"11.5":null,"11.6":null,"12":null,"12.1":0.077859,"15":null,"16":null,"17":null,"18":0.562315,"19":null,"20":null,"21":null,"22":null,"23":null,"24":null,"25":null,"26":0.484456,"27":0.103812,"28":null,"29":null},"safari":{"3.1":null,"3.2":0.103812,"4":0,"5":0.138416,"5.1":0.380644,"6":0.155718,"6.1":0.103812,"7":1.003516,"7.1":0.389295,"8":2.24926},"android":{"2.1":0,"2.2":0,"2.3":0.0449752998973,"3":0,"4":0.0918689775154,"4.1":0.28626458655,"4.2-4.3":0.468936776181,"4.4":0.837691604723,"4.4.3-4.4.4":0.346373755133,"37":0},"ios_saf":{"3.2":0,"4.0-4.1":0,"4.2-4.3":0,"5.0-5.1":0.0362618200744,"6.0-6.1":0.115783355325,"7.0-7.1":1.65532027778,"8":0.398880020819,"8.1":4.119215526},"op_mob":{"10":0,"11":0,"11.1":0,"11.5":0,"12":0.000549272727273,"12.1":0.00164781818182,"0":null},"ie":{"5.5":null,"6":0.025953,"7":0.155718,"8":3.365239,"9":11.07328,"10":3.797789,"11":20.805655,"0":null},"ie_mob":{"10":0.228820377778,"11":0.376880622222},"bb":{"7":0.0290035,"10":null},"and_uc":{"0":null},"op_mini":{"5.0-8.0":0.212293909091},"and_chr":{"0":4.078436},"and_ff":{"0":0.035074}},"total":99.5887945}