{"id":"FM","name":"Micronesia","month":"2015-01","access_date":"2015-02-01","data":{"chrome":{"4":null,"5":null,"6":null,"7":null,"8":null,"9":null,"10":null,"11":0.025404,"12":null,"13":null,"14":null,"15":null,"16":0.110084,"17":null,"18":null,"19":0.016936,"20":null,"21":0.16936,"22":null,"23":null,"24":0.97382,"25":null,"26":0.025404,"27":0.076212,"28":0.025404,"29":0.033872,"30":0.067744,"31":0.270976,"32":0.050808,"33":0.330252,"34":0.220168,"35":0.033872,"36":3.912216,"37":0.110084,"38":0.101616,"39":25.971356,"40":6.664316,"41":0.533484,"42":0.025404,"43":null},"firefox":{"2":null,"3":0.016936,"3.5":0.025404,"3.6":0.050808,"4":null,"5":null,"6":0.025404,"7":null,"8":0.008468,"9":null,"10":0.059276,"11":0.025404,"12":0.143956,"13":0.152424,"14":null,"15":0.067744,"16":0.050808,"17":null,"18":0.025404,"19":null,"20":2.218616,"21":0.025404,"22":0.101616,"23":null,"24":0.16936,"25":0.101616,"26":0.2117,"27":0.067744,"28":0.04234,"29":0.101616,"30":0.067744,"31":0.067744,"32":0.118552,"33":0.558888,"34":11.270908,"35":9.645052,"36":0.38106,"37":null,"38":null},"opera":{"9":null,"9.5-9.6":null,"10.0-10.1":0,"10.5":null,"10.6":null,"11":null,"11.1":null,"11.5":null,"11.6":null,"12":null,"12.1":null,"15":null,"16":null,"17":null,"18":null,"19":null,"20":null,"21":null,"22":null,"23":null,"24":null,"25":null,"26":0.237104,"27":0.016936,"28":null,"29":null},"safari":{"3.1":null,"3.2":null,"4":0.118552,"5":0.237104,"5.1":1.18552,"6":0.08468,"6.1":0.135488,"7":0.406464,"7.1":0.440336,"8":0.482676},"android":{"2.1":0,"2.2":0,"2.3":0.116556573306,"3":0,"4":0.238084754004,"4.1":0.74187430308,"4.2-4.3":1.21528180698,"4.4":2.17093522793,"4.4.3-4.4.4":0.897651334702,"37":0},"ios_saf":{"3.2":0,"4.0-4.1":0,"4.2-4.3":0,"5.0-5.1":0.0220878869556,"6.0-6.1":0.0705262355426,"7.0-7.1":1.00829266419,"8":0.242966756512,"8.1":2.5091064568},"op_mob":{"10":0,"11":0,"11.1":0,"11.5":0,"12":0.003695631242,"12.1":0.011086893726,"0":null},"ie":{"5.5":null,"6":0.08468,"7":0.025404,"8":1.033096,"9":1.177052,"10":2.320232,"11":10.559596,"0":null},"ie_mob":{"10":0.0700294222222,"11":0.115342577778},"bb":{"7":0.00383,"10":null},"and_uc":{"0":0.738424},"op_mini":{"5.0-8.0":1.42836147503},"and_chr":{"0":2.102272},"and_ff":{"0":0.070472}},"total":97.872586}