{"id":"FO","name":"Faroe Islands","month":"2015-01","access_date":"2015-02-01","data":{"chrome":{"4":null,"5":null,"6":null,"7":null,"8":null,"9":null,"10":0.008024,"11":0.032096,"12":0.04012,"13":null,"14":null,"15":null,"16":null,"17":null,"18":null,"19":null,"20":null,"21":null,"22":0.024072,"23":null,"24":0.008024,"25":null,"26":0.008024,"27":0.016048,"28":0.056168,"29":0.008024,"30":null,"31":0.184552,"32":0.12036,"33":0.064192,"34":0.08024,"35":0.064192,"36":0.216648,"37":0.072216,"38":0.232696,"39":25.8774,"40":6.892616,"41":0.112336,"42":0.016048,"43":null},"firefox":{"2":null,"3":null,"3.5":null,"3.6":0.024072,"4":null,"5":null,"6":null,"7":null,"8":null,"9":null,"10":null,"11":0.088264,"12":null,"13":null,"14":null,"15":null,"16":0.016048,"17":null,"18":null,"19":0.016048,"20":0.016048,"21":0.024072,"22":null,"23":null,"24":0.048144,"25":null,"26":0.016048,"27":null,"28":0.008024,"29":0.016048,"30":0.056168,"31":0.970904,"32":0.032096,"33":0.056168,"34":3.899664,"35":2.696064,"36":0.024072,"37":null,"38":null},"opera":{"9":null,"9.5-9.6":null,"10.0-10.1":0,"10.5":null,"10.6":null,"11":null,"11.1":null,"11.5":null,"11.6":null,"12":null,"12.1":0.04012,"15":null,"16":null,"17":null,"18":null,"19":null,"20":null,"21":null,"22":null,"23":null,"24":null,"25":null,"26":0.216648,"27":0.024072,"28":null,"29":null},"safari":{"3.1":null,"3.2":null,"4":0.056168,"5":0.112336,"5.1":0.569704,"6":0.2006,"6.1":0.72216,"7":0.433296,"7.1":1.580728,"8":1.829472},"android":{"2.1":0,"2.2":0,"2.3":0.0467447753593,"3":0,"4":0.0954834036961,"4.1":0.297527172074,"4.2-4.3":0.487386283368,"4.4":0.87064913347,"4.4.3-4.4.4":0.360001232033,"37":0},"ios_saf":{"3.2":0,"4.0-4.1":0,"4.2-4.3":0,"5.0-5.1":0.0675588100171,"6.0-6.1":0.215714095142,"7.0-7.1":3.08400041517,"8":0.743146910188,"8.1":7.67444376949},"op_mob":{"10":0,"11":0,"11.1":0,"11.5":0,"12":9.10832266325e-5,"12.1":0.000273249679898,"0":null},"ie":{"5.5":null,"6":null,"7":0.12036,"8":1.789352,"9":2.639896,"10":3.321936,"11":23.534392,"0":null},"ie_mob":{"10":0.346370844444,"11":0.570493155556},"bb":{"7":0.01729,"10":null},"and_uc":{"0":null},"op_mini":{"5.0-8.0":0.0352036670935},"and_chr":{"0":4.738752},"and_ff":{"0":0.041496}},"total":99.025914}