{"id":"FR","name":"France","month":"2015-01","access_date":"2015-02-01","data":{"chrome":{"4":null,"5":null,"6":null,"7":null,"8":null,"9":null,"10":null,"11":0.066696,"12":0.008337,"13":null,"14":null,"15":null,"16":0.033348,"17":null,"18":0.016674,"19":null,"20":0.058359,"21":0.025011,"22":0.041685,"23":0.200088,"24":0.075033,"25":0.058359,"26":0.066696,"27":0.041685,"28":0.075033,"29":0.116718,"30":0.08337,"31":0.50022,"32":0.200088,"33":0.275121,"34":0.308469,"35":0.616938,"36":0.91707,"37":1.117158,"38":0.858711,"39":22.534911,"40":6.986406,"41":0.150066,"42":0.016674,"43":null},"firefox":{"2":null,"3":0.033348,"3.5":0.016674,"3.6":0.100044,"4":0.016674,"5":0.008337,"6":0.008337,"7":0.008337,"8":0.008337,"9":0.016674,"10":0.066696,"11":0.025011,"12":0.066696,"13":0.016674,"14":0.041685,"15":0.041685,"16":0.100044,"17":0.108381,"18":0.025011,"19":0.025011,"20":0.050022,"21":0.033348,"22":0.033348,"23":0.041685,"24":0.25011,"25":0.058359,"26":0.108381,"27":0.208425,"28":0.075033,"29":0.116718,"30":0.150066,"31":0.908733,"32":0.458535,"33":0.366828,"34":10.613001,"35":9.946041,"36":0.08337,"37":0.008337,"38":null},"opera":{"9":null,"9.5-9.6":null,"10.0-10.1":0,"10.5":null,"10.6":null,"11":null,"11.1":null,"11.5":null,"11.6":null,"12":0.033348,"12.1":0.158403,"15":null,"16":null,"17":null,"18":null,"19":null,"20":0.008337,"21":null,"22":0.008337,"23":null,"24":0.008337,"25":0.016674,"26":0.425187,"27":0.075033,"28":null,"29":null},"safari":{"3.1":null,"3.2":null,"4":0.116718,"5":0.275121,"5.1":0.967092,"6":0.158403,"6.1":0.541905,"7":0.650286,"7.1":1.158843,"8":2.292675},"android":{"2.1":0,"2.2":0,"2.3":0.0654231712526,"3":0,"4":0.133636904312,"4.1":0.416413834086,"4.2-4.3":0.682137330595,"4.4":1.21854532238,"4.4.3-4.4.4":0.503851437372,"37":0},"ios_saf":{"3.2":0,"4.0-4.1":0,"4.2-4.3":0,"5.0-5.1":0.0356836682088,"6.0-6.1":0.113937326561,"7.0-7.1":1.62892815227,"8":0.392520350297,"8.1":4.05353950267},"op_mob":{"10":0,"11":0,"11.1":0,"11.5":0,"12":0.000225708066581,"12.1":0.000677124199744,"0":null},"ie":{"5.5":null,"6":0.068429800885,"7":0.265165478429,"8":1.91603442478,"9":1.65942267146,"10":1.11198426438,"11":10.4440983601,"0":null},"ie_mob":{"10":0.255067244444,"11":0.420110755556},"bb":{"7":0.02120325,"10":null},"and_uc":{"0":0.151333},"op_mini":{"5.0-8.0":0.0872361677337},"and_chr":{"0":6.521569},"and_ff":{"0":0.094791}},"total":98.84958425}