{"id":"GA","name":"Gabon","month":"2015-01","access_date":"2015-02-01","data":{"chrome":{"4":0.011126,"5":null,"6":0.016689,"7":0.016689,"8":null,"9":null,"10":0.016689,"11":0.100134,"12":0.033378,"13":0.011126,"14":0.016689,"15":0.022252,"16":0.011126,"17":0.016689,"18":0.038941,"19":0.016689,"20":0.016689,"21":0.089008,"22":0.011126,"23":0.027815,"24":0.027815,"25":0.050067,"26":0.127949,"27":0.022252,"28":0.027815,"29":0.033378,"30":0.033378,"31":0.339343,"32":0.089008,"33":0.200268,"34":0.089008,"35":0.133512,"36":0.495107,"37":0.144638,"38":0.27815,"39":11.548788,"40":3.28217,"41":0.400536,"42":0.005563,"43":null},"firefox":{"2":0.033378,"3":0.05563,"3.5":0.100134,"3.6":0.127949,"4":0.083445,"5":0.027815,"6":0.033378,"7":0.011126,"8":0.05563,"9":0.027815,"10":0.05563,"11":0.122386,"12":0.100134,"13":0.044504,"14":0.061193,"15":0.050067,"16":0.100134,"17":0.105697,"18":0.089008,"19":0.061193,"20":0.061193,"21":0.072319,"22":0.033378,"23":0.077882,"24":0.061193,"25":0.066756,"26":0.033378,"27":0.072319,"28":0.050067,"29":0.116823,"30":0.428351,"31":0.267024,"32":0.545174,"33":0.828887,"34":7.159581,"35":5.540748,"36":0.127949,"37":0.011126,"38":null},"opera":{"9":null,"9.5-9.6":null,"10.0-10.1":0,"10.5":null,"10.6":null,"11":null,"11.1":null,"11.5":0.022252,"11.6":0.033378,"12":0.011126,"12.1":0.089008,"15":0.011126,"16":null,"17":0.016689,"18":0.016689,"19":null,"20":null,"21":0.011126,"22":0.005563,"23":0.016689,"24":0.016689,"25":0.011126,"26":0.656434,"27":0.116823,"28":null,"29":null},"safari":{"3.1":null,"3.2":null,"4":0.027815,"5":0.072319,"5.1":0.200268,"6":0.144638,"6.1":0.161327,"7":0.272587,"7.1":0.350469,"8":0.495107},"android":{"2.1":0,"2.2":0,"2.3":0.19464262577,"3":0,"4":0.397587543634,"4.1":1.23888647587,"4.2-4.3":2.02944917864,"4.4":3.62533421458,"4.4.3-4.4.4":1.4990249615,"37":0},"ios_saf":{"3.2":0,"4.0-4.1":0,"4.2-4.3":0,"5.0-5.1":0.0143967106507,"6.0-6.1":0.0459684445338,"7.0-7.1":0.657197212511,"8":0.158363817158,"8.1":1.63541581515},"op_mob":{"10":0,"11":0,"11.1":0,"11.5":0,"12":0.0435064609475,"12.1":0.130519382843,"0":null},"ie":{"5.5":null,"6":0.269718578125,"7":0.140478426107,"8":3.64681994173,"9":1.6632645651,"10":2.38251410677,"11":8.92880876335,"0":null},"ie_mob":{"10":0.7341756,"11":1.2092304},"bb":{"7":0.922896,"10":null},"and_uc":{"0":1.371033},"op_mini":{"5.0-8.0":16.8152471562},"and_chr":{"0":6.046518},"and_ff":{"0":0.252909}},"total":93.5151483812}