{"id":"GB","name":"United Kingdom","month":"2015-01","access_date":"2015-02-01","data":{"chrome":{"4":null,"5":null,"6":null,"7":null,"8":null,"9":null,"10":null,"11":0.127528,"12":0.006712,"13":null,"14":null,"15":null,"16":null,"17":null,"18":0.013424,"19":null,"20":null,"21":0.087256,"22":0.046984,"23":0.013424,"24":0.013424,"25":0.03356,"26":0.03356,"27":0.03356,"28":0.03356,"29":0.040272,"30":0.040272,"31":0.36916,"32":0.147664,"33":0.208072,"34":0.187936,"35":0.40272,"36":0.43628,"37":0.557096,"38":0.610792,"39":21.44484,"40":6.362976,"41":0.181224,"42":0.020136,"43":null},"firefox":{"2":null,"3":0.013424,"3.5":null,"3.6":0.060408,"4":null,"5":null,"6":0.013424,"7":0.006712,"8":null,"9":null,"10":0.013424,"11":0.013424,"12":0.020136,"13":0.006712,"14":0.006712,"15":0.006712,"16":0.03356,"17":0.020136,"18":0.013424,"19":0.013424,"20":0.020136,"21":0.026848,"22":0.013424,"23":0.026848,"24":0.060408,"25":0.020136,"26":0.040272,"27":0.073832,"28":0.03356,"29":0.040272,"30":0.06712,"31":0.221496,"32":0.127528,"33":0.174512,"34":4.711824,"35":4.141304,"36":0.053696,"37":null,"38":null},"opera":{"9":null,"9.5-9.6":null,"10.0-10.1":0,"10.5":null,"10.6":null,"11":null,"11.1":null,"11.5":null,"11.6":null,"12":null,"12.1":0.120816,"15":null,"16":null,"17":null,"18":null,"19":null,"20":null,"21":null,"22":null,"23":null,"24":0.006712,"25":0.013424,"26":0.342312,"27":0.060408,"28":null,"29":null},"safari":{"3.1":null,"3.2":null,"4":0.060408,"5":0.187936,"5.1":0.718184,"6":0.174512,"6.1":0.516824,"7":0.724896,"7.1":1.228296,"8":2.859312},"android":{"2.1":0,"2.2":0,"2.3":0.0819130595483,"3":0,"4":0.167320041068,"4.1":0.521370800821,"4.2-4.3":0.854069815195,"4.4":1.52567926078,"4.4.3-4.4.4":0.630847022587,"37":0},"ios_saf":{"3.2":0,"4.0-4.1":0,"4.2-4.3":0,"5.0-5.1":0.0889486175199,"6.0-6.1":0.284011375239,"7.0-7.1":4.06042636468,"8":0.978434792718,"8.1":10.1042508498},"op_mob":{"10":0,"11":0,"11.1":0,"11.5":0,"12":0.00210499359795,"12.1":0.00631498079385,"0":null},"ie":{"5.5":null,"6":0.0269604630617,"7":0.23590405179,"8":2.07595565575,"9":2.46014225438,"10":1.54348651028,"11":11.3570950647,"0":null},"ie_mob":{"10":0.3204704,"11":0.5278336},"bb":{"7":0.30003,"10":null},"and_uc":{"0":0.207144},"op_mini":{"5.0-8.0":0.813580025608},"and_chr":{"0":10.243616},"and_ff":{"0":0.095352}},"total":98.074582}