{"id":"GD","name":"Grenada","month":"2015-01","access_date":"2015-02-01","data":{"chrome":{"4":null,"5":null,"6":null,"7":null,"8":null,"9":null,"10":0.007566,"11":0.090792,"12":0.022698,"13":null,"14":null,"15":null,"16":null,"17":null,"18":0.083226,"19":null,"20":0.07566,"21":0.007566,"22":0.15132,"23":null,"24":0.015132,"25":0.022698,"26":0.022698,"27":0.022698,"28":0.090792,"29":0.083226,"30":0.060528,"31":0.461526,"32":0.295074,"33":0.408564,"34":0.181584,"35":0.317772,"36":1.346748,"37":0.469092,"38":0.612846,"39":32.813742,"40":8.632806,"41":0.7566,"42":0.03783,"43":null},"firefox":{"2":null,"3":null,"3.5":null,"3.6":0.052962,"4":null,"5":0.015132,"6":null,"7":0.015132,"8":null,"9":null,"10":0.007566,"11":null,"12":0.052962,"13":null,"14":0.015132,"15":null,"16":0.015132,"17":0.03783,"18":0.015132,"19":null,"20":null,"21":0.030264,"22":null,"23":0.015132,"24":null,"25":0.030264,"26":0.060528,"27":null,"28":0.030264,"29":null,"30":0.052962,"31":0.181584,"32":0.136188,"33":0.121056,"34":4.887636,"35":3.919188,"36":0.136188,"37":null,"38":null},"opera":{"9":null,"9.5-9.6":null,"10.0-10.1":0,"10.5":null,"10.6":null,"11":null,"11.1":null,"11.5":null,"11.6":null,"12":null,"12.1":0.105924,"15":null,"16":null,"17":null,"18":null,"19":null,"20":0.022698,"21":null,"22":null,"23":null,"24":null,"25":0.007566,"26":0.696072,"27":0.181584,"28":null,"29":null},"safari":{"3.1":null,"3.2":null,"4":0,"5":0.121056,"5.1":0.3783,"6":0.090792,"6.1":0.295074,"7":0.249678,"7.1":0.400998,"8":1.278654},"android":{"2.1":0,"2.2":0,"2.3":0.223726332854,"3":0,"4":0.456995495072,"4.1":1.4240022039,"4.2-4.3":2.33269162218,"4.4":4.16703548871,"4.4.3-4.4.4":1.72301085729,"37":0},"ios_saf":{"3.2":0,"4.0-4.1":0,"4.2-4.3":0,"5.0-5.1":0.018097474203,"6.0-6.1":0.0577849176305,"7.0-7.1":0.826133822388,"8":0.199072216233,"8.1":2.05580956955},"op_mob":{"10":0,"11":0,"11.1":0,"11.5":0,"12":0.00034904993598,"12.1":0.00104714980794,"0":null},"ie":{"5.5":null,"6":0.0152283821656,"7":0.0228425732484,"8":1.16497123567,"9":0.708119770701,"10":1.12690028025,"11":10.111645758,"0":null},"ie_mob":{"10":0.307116711111,"11":0.505839288889},"bb":{"7":0.2561785,"10":null},"and_uc":{"0":0.321288},"op_mini":{"5.0-8.0":0.134907800256},"and_chr":{"0":9.322876},"and_ff":{"0":0.180116}},"total":98.4112005}