{"id":"GE","name":"Georgia","month":"2015-01","access_date":"2015-02-01","data":{"chrome":{"4":0.064148,"5":0.100804,"6":0.018328,"7":0.018328,"8":0.054984,"9":0.04582,"10":0.027492,"11":0.04582,"12":0.174116,"13":0.009164,"14":0.027492,"15":0.146624,"16":0.036656,"17":0.064148,"18":0.04582,"19":0.009164,"20":null,"21":0.018328,"22":0.054984,"23":0.027492,"24":0.09164,"25":0.027492,"26":0.036656,"27":0.082476,"28":0.128296,"29":0.04582,"30":0.174116,"31":0.2291,"32":0.128296,"33":0.971384,"34":0.329904,"35":0.59566,"36":1.301288,"37":0.6873,"38":0.73312,"39":44.463728,"40":16.256936,"41":0.513184,"42":0.04582,"43":null},"firefox":{"2":null,"3":null,"3.5":0.009164,"3.6":0.064148,"4":null,"5":null,"6":null,"7":null,"8":null,"9":null,"10":0.018328,"11":0.027492,"12":0.018328,"13":0.009164,"14":0.018328,"15":null,"16":0.018328,"17":0.018328,"18":0.018328,"19":0.018328,"20":0.036656,"21":0.009164,"22":0.018328,"23":0.009164,"24":0.018328,"25":0.027492,"26":0.018328,"27":0.027492,"28":0.018328,"29":0.018328,"30":0.027492,"31":0.082476,"32":0.073312,"33":0.082476,"34":1.97026,"35":1.933604,"36":0.04582,"37":null,"38":null},"opera":{"9":null,"9.5-9.6":null,"10.0-10.1":0,"10.5":null,"10.6":0.009164,"11":0.027492,"11.1":0.018328,"11.5":0.027492,"11.6":0.054984,"12":0.13746,"12.1":2.694216,"15":0.311576,"16":0.174116,"17":0.13746,"18":0.265756,"19":0.146624,"20":0.394052,"21":0.174116,"22":0.04582,"23":0.027492,"24":0.04582,"25":0.073312,"26":7.37702,"27":1.292124,"28":0.04582,"29":null},"safari":{"3.1":null,"3.2":null,"4":0,"5":0.018328,"5.1":0.082476,"6":0.018328,"6.1":0.027492,"7":0.054984,"7.1":0.054984,"8":0.210772},"android":{"2.1":0,"2.2":0,"2.3":0.0332146061602,"3":0,"4":0.067845949076,"4.1":0.211408606982,"4.2-4.3":0.346313429158,"4.4":0.618641716632,"4.4.3-4.4.4":0.255799691992,"37":0},"ios_saf":{"3.2":0,"4.0-4.1":0,"4.2-4.3":0,"5.0-5.1":0.0082047897013,"6.0-6.1":0.0261977495726,"7.0-7.1":0.37454145268,"8":0.0902526867143,"8.1":0.932035321332},"op_mob":{"10":0,"11":0,"11.1":0,"11.5":0,"12":0.0032498028169,"12.1":0.0097494084507,"0":null},"ie":{"5.5":null,"6":0.0278915930233,"7":0.0185943953488,"8":0.660101034884,"9":0.241727139535,"10":0.223132744186,"11":2.02678909302,"0":null},"ie_mob":{"10":0.103589688889,"11":0.170618311111},"bb":{"7":0.005016,"10":null},"and_uc":{"0":0.203984},"op_mini":{"5.0-8.0":1.25604878873},"and_chr":{"0":3.207252},"and_ff":{"0":0.035112}},"total":97.59216}