{"id":"GF","name":"French Guiana","month":"2015-01","access_date":"2015-02-01","data":{"chrome":{"4":null,"5":null,"6":null,"7":null,"8":null,"9":null,"10":null,"11":0.07874,"12":0.015748,"13":null,"14":null,"15":null,"16":null,"17":null,"18":0.015748,"19":null,"20":null,"21":0.015748,"22":0.023622,"23":0.094488,"24":0.023622,"25":0.007874,"26":0.015748,"27":0.007874,"28":0.086614,"29":0.102362,"30":0.023622,"31":0.598424,"32":0.149606,"33":0.27559,"34":0.385826,"35":0.188976,"36":0.90551,"37":0.464566,"38":0.43307,"39":22.842474,"40":7.67715,"41":0.149606,"42":0.015748,"43":null},"firefox":{"2":null,"3":0.023622,"3.5":null,"3.6":0.031496,"4":null,"5":null,"6":null,"7":0.007874,"8":null,"9":0.007874,"10":0.015748,"11":0.031496,"12":0.07874,"13":0.015748,"14":null,"15":0.023622,"16":0.023622,"17":0.070866,"18":0.007874,"19":0.031496,"20":0.015748,"21":0.047244,"22":0.031496,"23":0.015748,"24":0.070866,"25":0.015748,"26":0.062992,"27":0.047244,"28":0.031496,"29":0.055118,"30":0.047244,"31":0.212598,"32":0.19685,"33":0.401574,"34":8.921242,"35":7.874,"36":0.19685,"37":null,"38":null},"opera":{"9":null,"9.5-9.6":null,"10.0-10.1":0,"10.5":null,"10.6":null,"11":null,"11.1":null,"11.5":null,"11.6":null,"12":0.023622,"12.1":0.062992,"15":null,"16":null,"17":null,"18":0.141732,"19":null,"20":null,"21":null,"22":null,"23":0.007874,"24":null,"25":null,"26":1.14173,"27":0.11811,"28":null,"29":null},"safari":{"3.1":null,"3.2":null,"4":0.055118,"5":0.244094,"5.1":0.74803,"6":0.070866,"6.1":0.535432,"7":0.338582,"7.1":0.803148,"8":1.511808},"android":{"2.1":0,"2.2":0,"2.3":0.11196227577,"3":0,"4":0.228700193634,"4.1":0.712631925873,"4.2-4.3":1.16737917864,"4.4":2.08536371458,"4.4.3-4.4.4":0.862268711499,"37":0},"ios_saf":{"3.2":0,"4.0-4.1":0,"4.2-4.3":0,"5.0-5.1":0.0186105716585,"6.0-6.1":0.0594232288042,"7.0-7.1":0.849556271146,"8":0.204716288243,"8.1":2.11409564015},"op_mob":{"10":0,"11":0,"11.1":0,"11.5":0,"12":0.00069142637644,"12.1":0.00207427912932,"0":null},"ie":{"5.5":null,"6":0.0249389893563,"7":0.124694946782,"8":1.23032347491,"9":1.27188845717,"10":1.77898124075,"11":11.970714891,"0":null},"ie_mob":{"10":0.0738903111111,"11":0.121701688889},"bb":{"7":0.017008,"10":null},"and_uc":{"0":0.055276},"op_mini":{"5.0-8.0":0.267236294494},"and_chr":{"0":14.218666},"and_ff":{"0":0.146694}},"total":98.735118}