{"id":"GG","name":"Guernsey","month":"2015-01","access_date":"2015-02-01","data":{"chrome":{"4":null,"5":null,"6":null,"7":null,"8":null,"9":null,"10":null,"11":0.21359,"12":null,"13":null,"14":null,"15":null,"16":null,"17":null,"18":null,"19":null,"20":null,"21":0.03286,"22":0.057505,"23":null,"24":0.057505,"25":0.01643,"26":0.008215,"27":null,"28":null,"29":null,"30":null,"31":0.566835,"32":0.271095,"33":0.09858,"34":0.073935,"35":0.23002,"36":0.59148,"37":0.123225,"38":0.23002,"39":22.862345,"40":6.317335,"41":0.090365,"42":0.008215,"43":null},"firefox":{"2":0.01643,"3":null,"3.5":0.01643,"3.6":0.024645,"4":0.008215,"5":null,"6":null,"7":null,"8":null,"9":null,"10":0.03286,"11":0.01643,"12":0.024645,"13":null,"14":null,"15":null,"16":0.008215,"17":null,"18":0.008215,"19":null,"20":0.041075,"21":null,"22":0.01643,"23":null,"24":0.008215,"25":0.008215,"26":0.008215,"27":0.03286,"28":0.057505,"29":0.024645,"30":0.073935,"31":0.106795,"32":0.21359,"33":0.09858,"34":4.53468,"35":3.82819,"36":0.024645,"37":0.01643,"38":null},"opera":{"9":null,"9.5-9.6":null,"10.0-10.1":0,"10.5":null,"10.6":null,"11":null,"11.1":null,"11.5":null,"11.6":null,"12":null,"12.1":0.073935,"15":null,"16":null,"17":null,"18":null,"19":null,"20":null,"21":null,"22":null,"23":null,"24":null,"25":null,"26":0.34503,"27":0.057505,"28":null,"29":null},"safari":{"3.1":null,"3.2":0.06572,"4":0.11501,"5":0.27931,"5.1":1.536205,"6":0.31217,"6.1":1.010445,"7":1.158315,"7.1":3.474945,"8":4.066425},"android":{"2.1":0,"2.2":0,"2.3":0.0372381421971,"3":0,"4":0.0760646411704,"4.1":0.237018127823,"4.2-4.3":0.388264989733,"4.4":0.693582458932,"4.4.3-4.4.4":0.286786640144,"37":0},"ios_saf":{"3.2":0,"4.0-4.1":0,"4.2-4.3":0,"5.0-5.1":0.0604862410741,"6.0-6.1":0.193131506588,"7.0-7.1":2.76114384693,"8":0.665348651815,"8.1":6.8710247536},"op_mob":{"10":0,"11":0,"11.1":0,"11.5":0,"12":4.11395646607e-5,"12.1":0.000123418693982,"0":null},"ie":{"5.5":null,"6":0.01643,"7":0.31217,"8":2.77667,"9":3.474945,"10":1.70872,"11":19.362755,"0":null},"ie_mob":{"10":0.301427,"11":0.496468},"bb":{"7":0.05399625,"10":null},"and_uc":{"0":0.00357},"op_mini":{"5.0-8.0":0.0159004417414},"and_chr":{"0":4.36043},"and_ff":{"0":0.141015}},"total":98.88941125}