{"id":"GH","name":"Ghana","month":"2015-01","access_date":"2015-02-01","data":{"chrome":{"4":null,"5":0.004777,"6":0.004777,"7":0.009554,"8":0.009554,"9":0.009554,"10":0.014331,"11":0.066878,"12":0.009554,"13":0.028662,"14":0.019108,"15":0.009554,"16":0.019108,"17":0.004777,"18":0.014331,"19":0.009554,"20":0.014331,"21":0.014331,"22":0.028662,"23":0.019108,"24":0.009554,"25":0.038216,"26":0.023885,"27":0.033439,"28":0.04777,"29":0.042993,"30":0.028662,"31":0.157641,"32":0.042993,"33":0.348721,"34":0.076432,"35":0.186303,"36":0.745212,"37":0.219742,"38":0.401268,"39":9.415467,"40":2.53181,"41":0.554132,"42":0.038216,"43":null},"firefox":{"2":0.004777,"3":0.028662,"3.5":0.028662,"3.6":0.114648,"4":0.100317,"5":0.033439,"6":0.033439,"7":0.028662,"8":0.042993,"9":0.042993,"10":0.105094,"11":0.171972,"12":0.162418,"13":0.109871,"14":0.152864,"15":0.200634,"16":0.257958,"17":0.090763,"18":0.148087,"19":0.124202,"20":0.152864,"21":0.186303,"22":0.100317,"23":0.176749,"24":0.124202,"25":0.105094,"26":0.171972,"27":0.243627,"28":0.253181,"29":0.726104,"30":0.769097,"31":0.759543,"32":0.874191,"33":1.179919,"34":7.241932,"35":7.700524,"36":1.24202,"37":0.038216,"38":0.023885},"opera":{"9":null,"9.5-9.6":null,"10.0-10.1":0,"10.5":null,"10.6":0.009554,"11":0.009554,"11.1":0.004777,"11.5":0.014331,"11.6":0.052547,"12":0.028662,"12.1":0.224519,"15":0.023885,"16":0.009554,"17":0.019108,"18":0.019108,"19":0.014331,"20":0.023885,"21":0.009554,"22":0.023885,"23":0.004777,"24":0.023885,"25":0.023885,"26":1.485647,"27":0.195857,"28":null,"29":null},"safari":{"3.1":null,"3.2":null,"4":0.009554,"5":0.038216,"5.1":0.157641,"6":0.042993,"6.1":0.066878,"7":0.119425,"7.1":0.167195,"8":0.472923},"android":{"2.1":0,"2.2":0,"2.3":0.137360610062,"3":0,"4":0.280580203491,"4.1":0.87429051807,"4.2-4.3":1.43219593429,"4.4":2.55842273717,"4.4.3-4.4.4":1.05787199692,"37":0},"ios_saf":{"3.2":0,"4.0-4.1":0,"4.2-4.3":0,"5.0-5.1":0.0091322392638,"6.0-6.1":0.0291590797546,"7.0-7.1":0.416878711656,"8":0.100454631902,"8.1":1.03739033742},"op_mob":{"10":0,"11":0,"11.1":0,"11.5":0,"12":0.0765594161332,"12.1":0.229678248399,"0":null},"ie":{"5.5":null,"6":0.0387283932961,"7":0.019364196648,"8":0.779408915084,"9":0.430853375419,"10":0.813296259218,"11":2.23656471285,"0":null},"ie_mob":{"10":0.562343,"11":0.926212},"bb":{"7":0.094014,"10":null},"and_uc":{"0":5.447589},"op_mini":{"5.0-8.0":29.5902143355},"and_chr":{"0":3.638389},"and_ff":{"0":0.287265}},"total":95.7055028525}