{"id":"GI","name":"Gibraltar","month":"2015-01","access_date":"2015-02-01","data":{"chrome":{"4":null,"5":null,"6":null,"7":null,"8":null,"9":null,"10":null,"11":0.028336,"12":null,"13":null,"14":null,"15":null,"16":null,"17":null,"18":0.120428,"19":null,"20":null,"21":0.10626,"22":0.028336,"23":null,"24":null,"25":null,"26":0.028336,"27":0.14168,"28":0.021252,"29":0.028336,"30":0.063756,"31":0.162932,"32":0.042504,"33":0.14168,"34":0.134596,"35":0.31878,"36":1.161776,"37":1.331792,"38":0.311696,"39":22.612128,"40":7.395696,"41":0.198352,"42":0.021252,"43":null},"firefox":{"2":null,"3":null,"3.5":null,"3.6":0.056672,"4":null,"5":null,"6":null,"7":null,"8":0.014168,"9":null,"10":0.021252,"11":null,"12":0.021252,"13":null,"14":null,"15":0.007084,"16":0.007084,"17":null,"18":null,"19":null,"20":null,"21":0.049588,"22":0.14168,"23":0.028336,"24":0.21252,"25":0.021252,"26":0.092092,"27":0.014168,"28":0.07084,"29":0.049588,"30":0.127512,"31":0.913836,"32":0.56672,"33":0.191268,"34":5.10048,"35":4.35666,"36":0.056672,"37":null,"38":0.007084},"opera":{"9":null,"9.5-9.6":null,"10.0-10.1":0,"10.5":null,"10.6":null,"11":null,"11.1":null,"11.5":null,"11.6":null,"12":null,"12.1":0.007084,"15":null,"16":null,"17":null,"18":null,"19":null,"20":null,"21":null,"22":null,"23":null,"24":null,"25":null,"26":0.092092,"27":0.028336,"28":null,"29":null},"safari":{"3.1":null,"3.2":null,"4":0.007084,"5":0.205436,"5.1":0.722568,"6":0.07084,"6.1":0.439208,"7":0.95634,"7.1":1.480556,"8":2.69192},"android":{"2.1":0,"2.2":0,"2.3":0.0861007379877,"3":0,"4":0.175874019302,"4.1":0.548025076386,"4.2-4.3":0.897732813142,"4.4":1.60367725257,"4.4.3-4.4.4":0.663098100616,"37":0},"ios_saf":{"3.2":0,"4.0-4.1":0,"4.2-4.3":0,"5.0-5.1":0.0913388683496,"6.0-6.1":0.291643404204,"7.0-7.1":4.16953921834,"8":1.00472755185,"8.1":10.3757749573},"op_mob":{"10":0,"11":0,"11.1":0,"11.5":0,"12":0.000141879641485,"12.1":0.000425638924456,"0":null},"ie":{"5.5":null,"6":0.007084,"7":0.03542,"8":1.52306,"9":0.765072,"10":1.66474,"11":12.85746,"0":null},"ie_mob":{"10":0.1343952,"11":0.2213568},"bb":{"7":0.01458,"10":null},"and_uc":{"0":0.052488},"op_mini":{"5.0-8.0":0.0548364814341},"and_chr":{"0":8.749284},"and_ff":{"0":0.052488}},"total":99.26954}