{"id":"GM","name":"Gambia","month":"2015-01","access_date":"2015-02-01","data":{"chrome":{"4":0.005029,"5":0.010058,"6":null,"7":0.015087,"8":null,"9":null,"10":null,"11":0.372146,"12":null,"13":null,"14":null,"15":0.010058,"16":0.020116,"17":null,"18":0.015087,"19":null,"20":null,"21":0.010058,"22":0.005029,"23":0.010058,"24":0.020116,"25":0.035203,"26":0.005029,"27":0.025145,"28":0.010058,"29":0.015087,"30":0.065377,"31":0.246421,"32":0.070406,"33":1.222047,"34":0.030174,"35":0.186073,"36":0.85493,"37":0.20116,"38":0.115667,"39":10.319508,"40":2.700573,"41":0.864988,"42":0.165957,"43":null},"firefox":{"2":0.085493,"3":0.035203,"3.5":0.015087,"3.6":0.186073,"4":0.090522,"5":0.015087,"6":0.030174,"7":0.070406,"8":0.045261,"9":0.015087,"10":0.040232,"11":0.191102,"12":0.20116,"13":0.10058,"14":0.105609,"15":0.155899,"16":0.090522,"17":0.060348,"18":0.080464,"19":0.090522,"20":0.070406,"21":0.070406,"22":0.030174,"23":0.130754,"24":0.020116,"25":0.065377,"26":0.10058,"27":0.372146,"28":0.261508,"29":0.558219,"30":0.543132,"31":0.487813,"32":0.25145,"33":0.593422,"34":7.558587,"35":9.630535,"36":2.675428,"37":null,"38":null},"opera":{"9":null,"9.5-9.6":null,"10.0-10.1":0,"10.5":null,"10.6":null,"11":null,"11.1":null,"11.5":null,"11.6":null,"12":null,"12.1":0.236363,"15":null,"16":null,"17":0.015087,"18":null,"19":0.010058,"20":0.030174,"21":0.035203,"22":null,"23":null,"24":null,"25":0.005029,"26":0.497871,"27":0.075435,"28":null,"29":null},"safari":{"3.1":null,"3.2":null,"4":0,"5":0.015087,"5.1":0.191102,"6":0.015087,"6.1":0.055319,"7":0.055319,"7.1":0.176015,"8":0.286653},"android":{"2.1":0,"2.2":0,"2.3":0.205791744456,"3":0,"4":0.420361335832,"4.1":1.30984982372,"4.2-4.3":2.14569591376,"4.4":3.83299315503,"4.4.3-4.4.4":1.58488902721,"37":0},"ios_saf":{"3.2":0,"4.0-4.1":0,"4.2-4.3":0,"5.0-5.1":0.0258469002313,"6.0-6.1":0.0825286989842,"7.0-7.1":1.17988832284,"8":0.284315902545,"8.1":2.9361171754},"op_mob":{"10":0,"11":0,"11.1":0,"11.5":0,"12":0.0514667170294,"12.1":0.154400151088,"0":null},"ie":{"5.5":null,"6":0.0151296186441,"7":0.0554752683616,"8":1.08933254237,"9":0.781696963277,"10":0.559795889831,"11":2.84436830508,"0":null},"ie_mob":{"10":0.415023266667,"11":0.683567733333},"bb":{"7":0.024855,"10":null},"and_uc":{"0":7.531065},"op_mini":{"5.0-8.0":19.8918861319},"and_chr":{"0":4.589219},"and_ff":{"0":0.278376}},"total":97.4252665876}