{"id":"GN","name":"Guinea","month":"2015-01","access_date":"2015-02-01","data":{"chrome":{"4":null,"5":0.01284,"6":0.005136,"7":null,"8":0.010272,"9":0.005136,"10":0.002568,"11":0.07704,"12":0.007704,"13":0.007704,"14":0.005136,"15":null,"16":0.005136,"17":null,"18":null,"19":0.005136,"20":null,"21":null,"22":0.010272,"23":null,"24":0.005136,"25":0.079608,"26":0.015408,"27":0.01284,"28":0.007704,"29":0.015408,"30":0.05136,"31":0.10272,"32":0.01284,"33":0.220848,"34":0.046224,"35":0.061632,"36":1.255752,"37":0.0642,"38":0.112992,"39":5.397936,"40":1.684608,"41":0.092448,"42":0.005136,"43":null},"firefox":{"2":0.002568,"3":0.120696,"3.5":0.138672,"3.6":0.079608,"4":0.02568,"5":0.023112,"6":0.015408,"7":0.007704,"8":0.02568,"9":0.028248,"10":0.035952,"11":0.14124,"12":0.069336,"13":0.035952,"14":0.020544,"15":0.05136,"16":0.023112,"17":0.028248,"18":0.01284,"19":0.056496,"20":0.03852,"21":0.043656,"22":0.074472,"23":0.048792,"24":0.061632,"25":0.028248,"26":0.061632,"27":0.041088,"28":0.041088,"29":0.14124,"30":0.328704,"31":0.264504,"32":0.236256,"33":0.490488,"34":3.726168,"35":2.776008,"36":0.095016,"37":0.007704,"38":null},"opera":{"9":null,"9.5-9.6":null,"10.0-10.1":0.005136,"10.5":null,"10.6":0.005136,"11":0.010272,"11.1":0.005136,"11.5":0.002568,"11.6":0.033384,"12":0.005136,"12.1":0.05136,"15":0.017976,"16":0.010272,"17":0.035952,"18":0.02568,"19":0.005136,"20":0.023112,"21":0.010272,"22":0.015408,"23":0.007704,"24":0.01284,"25":0.010272,"26":0.814056,"27":0.100152,"28":null,"29":null},"safari":{"3.1":null,"3.2":null,"4":0.007704,"5":0.007704,"5.1":0.059064,"6":0.028248,"6.1":0.023112,"7":0.069336,"7.1":0.033384,"8":0.223416},"android":{"2.1":0,"2.2":0,"2.3":0.324578483778,"3":0,"4":0.663001547433,"4.1":2.06591897495,"4.2-4.3":3.38423063655,"4.4":6.0454665462,"4.4.3-4.4.4":2.49971581109,"37":0},"ios_saf":{"3.2":0,"4.0-4.1":0,"4.2-4.3":0,"5.0-5.1":0.0111199702303,"6.0-6.1":0.0355058698582,"7.0-7.1":0.507616886654,"8":0.122319672533,"8.1":1.26318960072},"op_mob":{"10":0,"11":0,"11.1":0,"11.5":0,"12":0.117941367478,"12.1":0.353824102433,"0":null},"ie":{"5.5":null,"6":0.0051725334914,"7":0.0310352009484,"8":1.0526105655,"9":0.281903075282,"10":1.30347843983,"11":1.62158924956,"0":null},"ie_mob":{"10":0.216188622222,"11":0.356075377778},"bb":{"7":0.00929,"10":null},"and_uc":{"0":4.16192},"op_mini":{"5.0-8.0":45.5843385301},"and_chr":{"0":4.60996},"and_ff":{"0":0.215528}},"total":97.3489990646}