{"id":"GP","name":"Guadeloupe","month":"2015-01","access_date":"2015-02-01","data":{"chrome":{"4":0.03975,"5":null,"6":null,"7":null,"8":null,"9":null,"10":null,"11":0.0795,"12":0.0159,"13":null,"14":null,"15":null,"16":null,"17":0.03975,"18":0.0159,"19":0.0159,"20":null,"21":0.00795,"22":0.3339,"23":0.10335,"24":0.02385,"25":0.0159,"26":0.13515,"27":0.0159,"28":0.1431,"29":0.0159,"30":0.02385,"31":0.2226,"32":0.15105,"33":0.19875,"34":0.3498,"35":0.42135,"36":0.61215,"37":0.38955,"38":0.477,"39":22.57005,"40":6.78135,"41":0.32595,"42":0.02385,"43":null},"firefox":{"2":null,"3":0.0795,"3.5":null,"3.6":0.08745,"4":0.0159,"5":0.03975,"6":null,"7":0.00795,"8":null,"9":null,"10":0.00795,"11":0.00795,"12":0.0318,"13":0.1749,"14":0.0159,"15":0.02385,"16":0.0795,"17":0.0159,"18":0.00795,"19":0.0159,"20":0.21465,"21":0.0477,"22":0.00795,"23":0.0318,"24":0.0477,"25":0.0159,"26":0.02385,"27":0.00795,"28":0.10335,"29":0.0477,"30":0.08745,"31":0.2385,"32":0.15105,"33":0.18285,"34":7.3776,"35":6.71775,"36":0.0477,"37":null,"38":null},"opera":{"9":null,"9.5-9.6":null,"10.0-10.1":0.1272,"10.5":0.0159,"10.6":0.0159,"11":0.07155,"11.1":null,"11.5":null,"11.6":null,"12":0.0159,"12.1":0.08745,"15":null,"16":null,"17":null,"18":null,"19":null,"20":null,"21":null,"22":null,"23":0.00795,"24":null,"25":0.00795,"26":0.3498,"27":0.03975,"28":null,"29":null},"safari":{"3.1":null,"3.2":null,"4":0.11925,"5":0.51675,"5.1":1.0812,"6":0.2067,"6.1":0.73935,"7":0.5724,"7.1":1.3515,"8":2.48835},"android":{"2.1":0,"2.2":0,"2.3":0.111201765914,"3":0,"4":0.227146735113,"4.1":0.707791334702,"4.2-4.3":1.15944969199,"4.4":2.07119876797,"4.4.3-4.4.4":0.856411704312,"37":0},"ios_saf":{"3.2":0,"4.0-4.1":0,"4.2-4.3":0,"5.0-5.1":0.0264654731972,"6.0-6.1":0.0845037916122,"7.0-7.1":1.20812563613,"8":0.291120205169,"8.1":3.0063848939},"op_mob":{"10":0,"11":0,"11.1":0,"11.5":0,"12":0.000199487836108,"12.1":0.000598463508323,"0":null},"ie":{"5.5":null,"6":0.0242214344262,"7":2.34947913934,"8":3.10034360656,"9":1.15455504098,"10":1.63898372951,"11":11.4325170492,"0":null},"ie_mob":{"10":0.163407777778,"11":0.269142222222},"bb":{"7":0.0738,"10":null},"and_uc":{"0":0.04305},"op_mini":{"5.0-8.0":0.0771020486556},"and_chr":{"0":11.02115},"and_ff":{"0":0.13735}},"total":98.56315}