{"id":"GQ","name":"Equatorial Guinea","month":"2015-01","access_date":"2015-02-01","data":{"chrome":{"4":0.131575,"5":0.062325,"6":0.020775,"7":null,"8":null,"9":0.006925,"10":0.006925,"11":0.09695,"12":0.034625,"13":0.01385,"14":null,"15":null,"16":0.048475,"17":null,"18":0.01385,"19":null,"20":null,"21":0.0554,"22":0.006925,"23":null,"24":null,"25":0.15235,"26":0.159275,"27":null,"28":0.0277,"29":0.0277,"30":0.353175,"31":0.7479,"32":0.23545,"33":0.1939,"34":0.228525,"35":0.26315,"36":0.713275,"37":0.23545,"38":3.36555,"39":16.571525,"40":5.2353,"41":0.29085,"42":0.034625,"43":null},"firefox":{"2":0.0277,"3":0.145425,"3.5":0.006925,"3.6":0.117725,"4":0.0277,"5":0.117725,"6":0.12465,"7":0.103875,"8":0.12465,"9":null,"10":0.01385,"11":0.034625,"12":0.103875,"13":0.090025,"14":0.062325,"15":0.15235,"16":0.01385,"17":0.04155,"18":0.01385,"19":0.0277,"20":0.0554,"21":0.0277,"22":0.0277,"23":0.26315,"24":0.3601,"25":0.062325,"26":0.0554,"27":0.034625,"28":0.0277,"29":1.01105,"30":1.939,"31":0.59555,"32":0.3047,"33":0.70635,"34":7.9222,"35":5.297625,"36":0.1662,"37":0.006925,"38":null},"opera":{"9":null,"9.5-9.6":null,"10.0-10.1":0.01385,"10.5":null,"10.6":0.01385,"11":null,"11.1":null,"11.5":null,"11.6":0.006925,"12":null,"12.1":0.242375,"15":0.006925,"16":null,"17":0.01385,"18":0.01385,"19":0.01385,"20":null,"21":null,"22":null,"23":null,"24":null,"25":0.006925,"26":1.308825,"27":0.311625,"28":null,"29":null},"safari":{"3.1":null,"3.2":null,"4":0,"5":0.048475,"5.1":0.311625,"6":0.0554,"6.1":0.090025,"7":0.145425,"7.1":0.51245,"8":0.62325},"android":{"2.1":0,"2.2":0,"2.3":0.163138852669,"3":0,"4":0.3332362346,"4.1":1.03836719969,"4.2-4.3":1.7009738193,"4.4":3.03855777721,"4.4.3-4.4.4":1.25640111653,"37":0},"ios_saf":{"3.2":0,"4.0-4.1":0,"4.2-4.3":0,"5.0-5.1":0.0185975183546,"6.0-6.1":0.0593815498341,"7.0-7.1":0.848960399276,"8":0.204572701901,"8.1":2.11261283063},"op_mob":{"10":0,"11":0,"11.1":0,"11.5":0,"12":0.0164656209987,"12.1":0.0493968629962,"0":null},"ie":{"5.5":null,"6":0.105292588235,"7":0.0491365411765,"8":2.90607543529,"9":1.26351105882,"10":2.2673004,"11":8.24089990588,"0":null},"ie_mob":{"10":0.521588333333,"11":0.859086666667},"bb":{"7":0.06534375,"10":null},"and_uc":{"0":5.11065},"op_mini":{"5.0-8.0":6.36396251601},"and_chr":{"0":5.3831},"and_ff":{"0":0.636525}},"total":97.9010096794}