{"id":"GR","name":"Greece","month":"2015-01","access_date":"2015-02-01","data":{"chrome":{"4":null,"5":0.027276,"6":null,"7":null,"8":null,"9":null,"10":null,"11":0.13638,"12":null,"13":null,"14":null,"15":null,"16":0.027276,"17":0.018184,"18":0.018184,"19":null,"20":null,"21":0.018184,"22":0.345496,"23":0.036368,"24":0.018184,"25":0.009092,"26":0.145472,"27":0.04546,"28":0.04546,"29":0.036368,"30":0.081828,"31":0.327312,"32":0.163656,"33":0.290944,"34":0.381864,"35":0.600072,"36":0.490968,"37":0.609164,"38":0.718268,"39":33.32218,"40":12.292384,"41":0.200024,"42":0.027276,"43":null},"firefox":{"2":null,"3":0.027276,"3.5":null,"3.6":0.072736,"4":0.018184,"5":0.018184,"6":0.018184,"7":null,"8":0.018184,"9":0.009092,"10":0.027276,"11":0.018184,"12":0.154564,"13":0.009092,"14":0.009092,"15":0.018184,"16":0.04546,"17":0.018184,"18":0.054552,"19":0.036368,"20":0.036368,"21":0.018184,"22":0.027276,"23":0.027276,"24":0.018184,"25":0.018184,"26":0.04546,"27":0.054552,"28":0.04546,"29":0.072736,"30":0.118196,"31":0.254576,"32":0.254576,"33":0.327312,"34":10.964952,"35":12.519684,"36":0.127288,"37":null,"38":0.009092},"opera":{"9":null,"9.5-9.6":null,"10.0-10.1":0,"10.5":null,"10.6":null,"11":0.018184,"11.1":null,"11.5":null,"11.6":null,"12":0.145472,"12.1":0.300036,"15":null,"16":null,"17":null,"18":0.018184,"19":null,"20":0.018184,"21":null,"22":null,"23":0.009092,"24":null,"25":null,"26":0.86374,"27":0.163656,"28":null,"29":null},"safari":{"3.1":null,"3.2":null,"4":0.036368,"5":0.18184,"5.1":0.245484,"6":0.027276,"6.1":0.09092,"7":0.109104,"7.1":0.18184,"8":0.509152},"android":{"2.1":0,"2.2":0,"2.3":0.0655805330595,"3":0,"4":0.133958340041,"4.1":0.417415430801,"4.2-4.3":0.683778069815,"4.4":1.22147627926,"4.4.3-4.4.4":0.505063347023,"37":0},"ios_saf":{"3.2":0,"4.0-4.1":0,"4.2-4.3":0,"5.0-5.1":0.00988480780449,"6.0-6.1":0.031562017902,"7.0-7.1":0.451232805391,"8":0.108732885849,"8.1":1.12287948305},"op_mob":{"10":0,"11":0,"11.1":0,"11.5":0,"12":0.000362734955186,"12.1":0.00108820486556,"0":null},"ie":{"5.5":null,"6":0.0274386337308,"7":0.182924224872,"8":2.2225293322,"9":0.942059758092,"10":0.795720378194,"11":6.56697967291,"0":null},"ie_mob":{"10":0.135150755556,"11":0.222601244444},"bb":{"7":0.003178,"10":null},"and_uc":{"0":0.051756},"op_mini":{"5.0-8.0":0.140197060179},"and_chr":{"0":3.743996},"and_ff":{"0":0.061744}},"total":98.713298}