{"id":"GT","name":"Guatemala","month":"2015-01","access_date":"2015-02-01","data":{"chrome":{"4":null,"5":null,"6":null,"7":null,"8":null,"9":0.005458,"10":0.005458,"11":0.05458,"12":0.016374,"13":null,"14":null,"15":null,"16":null,"17":null,"18":0.043664,"19":null,"20":0.005458,"21":0.021832,"22":0.065496,"23":0.010916,"24":0.010916,"25":0.016374,"26":0.049122,"27":0.038206,"28":0.032748,"29":0.043664,"30":0.043664,"31":0.125534,"32":0.087328,"33":0.152824,"34":0.207404,"35":0.387518,"36":0.420266,"37":0.5458,"38":0.758662,"39":23.191042,"40":6.838874,"41":0.065496,"42":0.010916,"43":null},"firefox":{"2":null,"3":0.049122,"3.5":0.016374,"3.6":0.070954,"4":0.016374,"5":0.021832,"6":0.010916,"7":0.010916,"8":0.005458,"9":0.010916,"10":0.010916,"11":0.021832,"12":0.049122,"13":0.021832,"14":0.016374,"15":0.02729,"16":0.02729,"17":0.010916,"18":0.02729,"19":0.016374,"20":0.021832,"21":0.032748,"22":0.038206,"23":0.021832,"24":0.016374,"25":0.02729,"26":0.032748,"27":0.02729,"28":0.038206,"29":0.060038,"30":0.10916,"31":0.130992,"32":0.147366,"33":0.261984,"34":3.918844,"35":3.389418,"36":0.032748,"37":null,"38":null},"opera":{"9":null,"9.5-9.6":null,"10.0-10.1":0,"10.5":null,"10.6":null,"11":null,"11.1":null,"11.5":null,"11.6":null,"12":null,"12.1":0.038206,"15":null,"16":null,"17":null,"18":0.005458,"19":null,"20":0.005458,"21":null,"22":null,"23":null,"24":null,"25":0.005458,"26":0.343854,"27":0.065496,"28":null,"29":null},"safari":{"3.1":null,"3.2":null,"4":0.02729,"5":0.092786,"5.1":0.229236,"6":0.10916,"6.1":0.141908,"7":0.21832,"7.1":0.283816,"8":0.698624},"android":{"2.1":0,"2.2":0,"2.3":0.342117522998,"3":0,"4":0.69882773655,"4.1":2.17755371273,"4.2-4.3":3.56710213552,"4.4":6.37214154209,"4.4.3-4.4.4":2.6347913501,"37":0},"ios_saf":{"3.2":0,"4.0-4.1":0,"4.2-4.3":0,"5.0-5.1":0.0359321854571,"6.0-6.1":0.114730837775,"7.0-7.1":1.64027274666,"8":0.395254040028,"8.1":4.08177019008},"op_mob":{"10":0,"11":0,"11.1":0,"11.5":0,"12":0.00878158770807,"12.1":0.0263447631242,"0":null},"ie":{"5.5":null,"6":0.0548839727723,"7":0.0823259591584,"8":1.4708904703,"9":1.1580518255,"10":1.5422396349,"11":4.53341615099,"0":null},"ie_mob":{"10":0.5713836,"11":0.9411024},"bb":{"7":0.254352,"10":null},"and_uc":{"0":0.831186},"op_mini":{"5.0-8.0":3.39408364917},"and_chr":{"0":17.057646},"and_ff":{"0":0.190764}},"total":98.4477840136}