{"id":"GW","name":"Guinea-Bissau","month":"2015-01","access_date":"2015-02-01","data":{"chrome":{"4":null,"5":null,"6":null,"7":0.015374,"8":0.007687,"9":null,"10":null,"11":0.038435,"12":0.030748,"13":null,"14":0.061496,"15":0.023061,"16":0.023061,"17":null,"18":0.953188,"19":0.292106,"20":0.053809,"21":1.145363,"22":0.215236,"23":0.345915,"24":0.122992,"25":0.053809,"26":0.914753,"27":0.107618,"28":0.046122,"29":0.169114,"30":0.015374,"31":1.091554,"32":0.169114,"33":0.338228,"34":0.046122,"35":0.192175,"36":0.661082,"37":0.184488,"38":0.245984,"39":21.661966,"40":2.713511,"41":5.204099,"42":0.107618,"43":null},"firefox":{"2":0.023061,"3":0.146053,"3.5":null,"3.6":0.322854,"4":0.115305,"5":0.046122,"6":0.184488,"7":0.07687,"8":0.122992,"9":0.253671,"10":0.146053,"11":0.737952,"12":0.276732,"13":0.038435,"14":0.130679,"15":0.061496,"16":0.038435,"17":0.138366,"18":0.007687,"19":0.07687,"20":0.038435,"21":0.176801,"22":0.015374,"23":0.161427,"24":0.38435,"25":0.092244,"26":0.07687,"27":1.337538,"28":0.107618,"29":0.253671,"30":0.392037,"31":0.238297,"32":0.453533,"33":0.376663,"34":7.048979,"35":4.758253,"36":0.238297,"37":null,"38":null},"opera":{"9":null,"9.5-9.6":null,"10.0-10.1":0,"10.5":null,"10.6":null,"11":0.038435,"11.1":0.046122,"11.5":0.599586,"11.6":0.015374,"12":0.146053,"12.1":0.315167,"15":null,"16":null,"17":null,"18":0.023061,"19":null,"20":0.046122,"21":null,"22":null,"23":null,"24":null,"25":null,"26":0.891692,"27":0.107618,"28":null,"29":null},"safari":{"3.1":null,"3.2":null,"4":0,"5":0.584212,"5.1":0.368976,"6":0.023061,"6.1":0.007687,"7":0.046122,"7.1":0.107618,"8":0.46122},"android":{"2.1":0,"2.2":0,"2.3":0.0842300085216,"3":0,"4":0.172052766222,"4.1":0.536118016324,"4.2-4.3":0.878227577002,"4.4":1.56883380801,"4.4.3-4.4.4":0.648690823922,"37":0},"ios_saf":{"3.2":0,"4.0-4.1":0,"4.2-4.3":0,"5.0-5.1":0.00799558714674,"6.0-6.1":0.0255297694861,"7.0-7.1":0.364991539576,"8":0.0879514586141,"8.1":0.908270645178},"op_mob":{"10":0,"11":0,"11.1":0,"11.5":0,"12":0.0197537900128,"12.1":0.0592613700384,"0":null},"ie":{"5.5":0.092666276704,"6":0.108110656155,"7":0.131277225331,"8":2.00776932859,"9":1.80699239573,"10":2.45565633266,"11":8.49440869786,"0":null},"ie_mob":{"10":0.5277752,"11":0.8692768},"bb":{"7":0.01214325,"10":null},"and_uc":{"0":2.269053},"op_mini":{"5.0-8.0":7.63483983995},"and_chr":{"0":2.200204},"and_ff":{"0":0.453348}},"total":94.599264163}