{"id":"GY","name":"Guyana","month":"2015-01","access_date":"2015-02-01","data":{"chrome":{"4":null,"5":0.007639,"6":0.007639,"7":null,"8":0.015278,"9":0.022917,"10":null,"11":0.114585,"12":0.015278,"13":0.022917,"14":0.007639,"15":null,"16":0.038195,"17":null,"18":0.022917,"19":null,"20":0.15278,"21":0.053473,"22":0.137502,"23":0.015278,"24":0.061112,"25":0.07639,"26":0.099307,"27":0.091668,"28":0.221531,"29":0.099307,"30":0.030556,"31":0.481257,"32":0.160419,"33":0.572925,"34":0.496535,"35":0.465979,"36":2.543787,"37":0.634037,"38":0.649315,"39":26.980948,"40":7.623722,"41":0.634037,"42":0.045834,"43":null},"firefox":{"2":null,"3":0.022917,"3.5":null,"3.6":0.038195,"4":null,"5":0.007639,"6":0.007639,"7":null,"8":0.007639,"9":null,"10":0.007639,"11":0.091668,"12":0.030556,"13":0.022917,"14":0.015278,"15":0.045834,"16":0.030556,"17":null,"18":null,"19":0.022917,"20":0.015278,"21":0.084029,"22":0.129863,"23":0.030556,"24":0.015278,"25":0.015278,"26":0.045834,"27":0.053473,"28":0.007639,"29":0.061112,"30":0.129863,"31":0.106946,"32":0.236809,"33":0.297921,"34":6.859822,"35":6.157034,"36":0.389589,"37":0.007639,"38":null},"opera":{"9":null,"9.5-9.6":null,"10.0-10.1":0,"10.5":null,"10.6":null,"11":null,"11.1":null,"11.5":0.007639,"11.6":null,"12":0.015278,"12.1":0.129863,"15":null,"16":null,"17":0.007639,"18":null,"19":null,"20":null,"21":0.015278,"22":0.045834,"23":null,"24":null,"25":null,"26":1.627107,"27":0.313199,"28":0.015278,"29":null},"safari":{"3.1":null,"3.2":null,"4":0.007639,"5":0.061112,"5.1":0.15278,"6":null,"6.1":0.068751,"7":0.07639,"7.1":0.145141,"8":0.427784},"android":{"2.1":0,"2.2":0,"2.3":0.154565991992,"3":0,"4":0.315724846201,"4.1":0.983801550924,"4.2-4.3":1.61158854209,"4.4":2.87888316838,"4.4.3-4.4.4":1.19037790041,"37":0},"ios_saf":{"3.2":0,"4.0-4.1":0,"4.2-4.3":0,"5.0-5.1":0.0155109365383,"6.0-6.1":0.049526148245,"7.0-7.1":0.708060646887,"8":0.170620301921,"8.1":1.76198796641},"op_mob":{"10":0,"11":0,"11.1":0,"11.5":0,"12":0.0018501049936,"12.1":0.00555031498079,"0":null},"ie":{"5.5":null,"6":0.0153028153763,"7":0.0382570384407,"8":1.32369353005,"9":2.47905609096,"10":2.05822866811,"11":8.21761185707,"0":null},"ie_mob":{"10":0.183738266667,"11":0.302627733333},"bb":{"7":0.816906,"10":null},"and_uc":{"0":1.357575},"op_mini":{"5.0-8.0":0.715065580026},"and_chr":{"0":8.401606},"and_ff":{"0":0.151104}},"total":96.623593}