{"id":"HK","name":"Hong Kong","month":"2015-01","access_date":"2015-02-01","data":{"chrome":{"4":null,"5":null,"6":null,"7":null,"8":null,"9":null,"10":null,"11":0.112864,"12":0.014108,"13":null,"14":null,"15":null,"16":0.007054,"17":0.007054,"18":0.028216,"19":null,"20":0.014108,"21":0.049378,"22":0.03527,"23":0.014108,"24":0.042324,"25":0.098756,"26":0.084648,"27":0.098756,"28":0.056432,"29":0.063486,"30":0.183404,"31":0.938182,"32":0.239836,"33":0.430294,"34":0.409132,"35":0.507888,"36":0.663076,"37":0.782994,"38":1.185072,"39":23.715548,"40":6.764786,"41":0.239836,"42":0.03527,"43":null},"firefox":{"2":null,"3":0.007054,"3.5":null,"3.6":0.028216,"4":0.007054,"5":null,"6":null,"7":null,"8":null,"9":0.007054,"10":0.007054,"11":0.021162,"12":0.028216,"13":0.014108,"14":0.014108,"15":0.014108,"16":0.028216,"17":0.03527,"18":0.021162,"19":0.007054,"20":0.028216,"21":0.014108,"22":0.014108,"23":0.021162,"24":0.077594,"25":0.021162,"26":0.028216,"27":0.021162,"28":0.042324,"29":0.049378,"30":0.056432,"31":0.204566,"32":0.119918,"33":0.190458,"34":4.119536,"35":3.449406,"36":0.119918,"37":0.007054,"38":null},"opera":{"9":null,"9.5-9.6":null,"10.0-10.1":0,"10.5":null,"10.6":null,"11":null,"11.1":null,"11.5":null,"11.6":null,"12":null,"12.1":0.07054,"15":null,"16":null,"17":null,"18":null,"19":null,"20":null,"21":null,"22":null,"23":null,"24":null,"25":0.007054,"26":0.239836,"27":0.042324,"28":null,"29":null},"safari":{"3.1":null,"3.2":null,"4":0.03527,"5":0.148134,"5.1":0.451456,"6":0.162242,"6.1":0.303322,"7":0.67013,"7.1":0.797102,"8":1.97512},"android":{"2.1":0,"2.2":0,"2.3":0.170782100205,"3":0,"4":0.348848744969,"4.1":1.0870159269,"4.2-4.3":1.78066644764,"4.4":3.18091779055,"4.4.3-4.4.4":1.31526498973,"37":0},"ios_saf":{"3.2":0,"4.0-4.1":0,"4.2-4.3":0,"5.0-5.1":0.0442139993966,"6.0-6.1":0.141174524389,"7.0-7.1":2.01833028824,"8":0.486353993362,"8.1":5.02255519461},"op_mob":{"10":0,"11":0,"11.1":0,"11.5":0,"12":0.000414929577465,"12.1":0.00124478873239,"0":null},"ie":{"5.5":null,"6":0.0787750350076,"7":0.150388703196,"8":3.68810391172,"9":2.67835119026,"10":1.41795063014,"11":10.8065025297,"0":null},"ie_mob":{"10":0.0534208,"11":0.0879872},"bb":{"7":0.008838,"10":null},"and_uc":{"0":0.203274},"op_mini":{"5.0-8.0":0.16037028169},"and_chr":{"0":13.162072},"and_ff":{"0":0.238626}},"total":98.881408}