{"id":"HN","name":"Honduras","month":"2015-01","access_date":"2015-02-01","data":{"chrome":{"4":null,"5":null,"6":null,"7":0.013526,"8":null,"9":null,"10":0.006763,"11":0.06763,"12":0.013526,"13":null,"14":null,"15":null,"16":null,"17":0.006763,"18":0.108208,"19":null,"20":0.013526,"21":0.027052,"22":0.074393,"23":null,"24":0.006763,"25":0.033815,"26":0.047341,"27":0.060867,"28":0.047341,"29":0.081156,"30":0.033815,"31":0.196127,"32":0.142023,"33":0.182601,"34":0.324624,"35":0.628959,"36":0.973872,"37":1.048265,"38":1.305259,"39":28.972692,"40":8.007392,"41":0.175838,"42":0.006763,"43":null},"firefox":{"2":null,"3":0.027052,"3.5":0.006763,"3.6":0.040578,"4":0.013526,"5":0.006763,"6":0.006763,"7":null,"8":0.013526,"9":0.013526,"10":0.013526,"11":0.033815,"12":0.040578,"13":0.013526,"14":0.020289,"15":0.020289,"16":0.020289,"17":0.013526,"18":0.013526,"19":0.020289,"20":0.013526,"21":0.013526,"22":0.013526,"23":0.027052,"24":0.040578,"25":0.013526,"26":0.027052,"27":0.027052,"28":0.020289,"29":0.047341,"30":0.074393,"31":0.196127,"32":0.169075,"33":0.277283,"34":5.187221,"35":4.368898,"36":0.108208,"37":0.013526,"38":null},"opera":{"9":null,"9.5-9.6":null,"10.0-10.1":0,"10.5":null,"10.6":null,"11":null,"11.1":null,"11.5":null,"11.6":null,"12":null,"12.1":0.074393,"15":null,"16":null,"17":0.006763,"18":null,"19":null,"20":0.013526,"21":null,"22":null,"23":null,"24":0.013526,"25":0.13526,"26":0.892716,"27":0.13526,"28":null,"29":null},"safari":{"3.1":null,"3.2":null,"4":0.06763,"5":0.155549,"5.1":0.223179,"6":0.094682,"6.1":0.223179,"7":0.277283,"7.1":0.399017,"8":1.136184},"android":{"2.1":0,"2.2":0,"2.3":0.304968936653,"3":0,"4":0.622946027002,"4.1":1.94110560154,"4.2-4.3":3.17977090349,"4.4":5.68022711396,"4.4.3-4.4.4":2.34869441735,"37":0},"ios_saf":{"3.2":0,"4.0-4.1":0,"4.2-4.3":0,"5.0-5.1":0.0223793476818,"6.0-6.1":0.0714568645278,"7.0-7.1":1.02159759067,"8":0.2461728245,"8.1":2.54221537262},"op_mob":{"10":0,"11":0,"11.1":0,"11.5":0,"12":0.00450941869398,"12.1":0.0135282560819,"0":null},"ie":{"5.5":null,"6":0.21909981502,"7":0.0706773596838,"8":1.61851153676,"9":0.833992844269,"10":1.39941172174,"11":4.77778951462,"0":null},"ie_mob":{"10":0.251910533333,"11":0.414911466667},"bb":{"7":0.35364225,"10":null},"and_uc":{"0":0.560001},"op_mini":{"5.0-8.0":1.74289032522},"and_chr":{"0":9.711172},"and_ff":{"0":0.155376}},"total":97.5403550421}