{"id":"HR","name":"Croatia","month":"2015-01","access_date":"2015-02-01","data":{"chrome":{"4":null,"5":null,"6":null,"7":null,"8":0.008567,"9":null,"10":null,"11":0.068536,"12":0.017134,"13":null,"14":null,"15":null,"16":null,"17":null,"18":0.068536,"19":null,"20":null,"21":0.017134,"22":0.111371,"23":null,"24":0.017134,"25":0.017134,"26":0.08567,"27":0.077103,"28":0.059969,"29":0.034268,"30":0.042835,"31":0.419783,"32":0.231309,"33":0.34268,"34":0.402649,"35":0.625391,"36":0.873834,"37":0.839566,"38":0.933803,"39":31.398055,"40":9.320896,"41":0.154206,"42":0.017134,"43":null},"firefox":{"2":null,"3":0.034268,"3.5":0.008567,"3.6":0.077103,"4":0.017134,"5":null,"6":0.017134,"7":0.017134,"8":0.008567,"9":0.017134,"10":0.017134,"11":0.017134,"12":0.059969,"13":0.025701,"14":0.025701,"15":0.017134,"16":0.034268,"17":0.025701,"18":0.034268,"19":0.034268,"20":0.042835,"21":0.025701,"22":0.025701,"23":0.025701,"24":0.034268,"25":0.034268,"26":0.059969,"27":0.385515,"28":0.059969,"29":0.051402,"30":0.111371,"31":0.214175,"32":0.197041,"33":0.299845,"34":11.574017,"35":11.05143,"36":0.128505,"37":0.017134,"38":0.017134},"opera":{"9":null,"9.5-9.6":null,"10.0-10.1":0,"10.5":null,"10.6":null,"11":null,"11.1":null,"11.5":null,"11.6":0.008567,"12":0.025701,"12.1":0.573989,"15":null,"16":0.008567,"17":0.051402,"18":0.025701,"19":0.017134,"20":0.042835,"21":0.017134,"22":0.017134,"23":null,"24":0.008567,"25":0.025701,"26":1.816204,"27":0.334113,"28":null,"29":null},"safari":{"3.1":null,"3.2":null,"4":0.017134,"5":0.094237,"5.1":0.162773,"6":0.034268,"6.1":0.077103,"7":0.102804,"7.1":0.248443,"8":0.42835},"android":{"2.1":0,"2.2":0,"2.3":0.0895913365503,"3":0,"4":0.183004104517,"4.1":0.57024248809,"4.2-4.3":0.934127679671,"4.4":1.66869171869,"4.4.3-4.4.4":0.689980672485,"37":0},"ios_saf":{"3.2":0,"4.0-4.1":0,"4.2-4.3":0,"5.0-5.1":0.0146965009554,"6.0-6.1":0.0469256697174,"7.0-7.1":0.670882376949,"8":0.16166151051,"8.1":1.66947094187},"op_mob":{"10":0,"11":0,"11.1":0,"11.5":0,"12":0.0012440128041,"12.1":0.00373203841229,"0":null},"ie":{"5.5":null,"6":0.0343633654917,"7":0.0687267309833,"8":1.72675911596,"9":0.919220026902,"10":0.781766564935,"11":5.73009119573,"0":null},"ie_mob":{"10":0.285294377778,"11":0.469896622222},"bb":{"7":0.00465725,"10":null},"and_uc":{"0":0.048722},"op_mini":{"5.0-8.0":0.480810948784},"and_chr":{"0":6.434239},"and_ff":{"0":0.090279}},"total":98.94593525}