{"id":"HT","name":"Haiti","month":"2015-01","access_date":"2015-02-01","data":{"chrome":{"4":0.029382,"5":0.014691,"6":0.004897,"7":0.009794,"8":0.004897,"9":0.009794,"10":0.024485,"11":0.093043,"12":0.058764,"13":0.024485,"14":0.014691,"15":0.019588,"16":0.024485,"17":0.009794,"18":0.009794,"19":0.014691,"20":0.019588,"21":0.019588,"22":0.009794,"23":null,"24":0.053867,"25":0.044073,"26":0.029382,"27":0.068558,"28":0.068558,"29":0.04897,"30":0.053867,"31":0.088146,"32":0.083249,"33":0.19588,"34":0.117528,"35":0.137116,"36":0.901048,"37":0.332996,"38":0.494597,"39":14.34821,"40":4.45627,"41":0.205674,"42":0.019588,"43":null},"firefox":{"2":0.014691,"3":0.039176,"3.5":0.029382,"3.6":0.137116,"4":0.053867,"5":0.024485,"6":0.019588,"7":0.029382,"8":0.034279,"9":0.014691,"10":0.04897,"11":0.058764,"12":0.063661,"13":0.014691,"14":0.04897,"15":0.039176,"16":0.093043,"17":0.024485,"18":0.024485,"19":0.058764,"20":0.063661,"21":0.137116,"22":0.039176,"23":0.029382,"24":0.039176,"25":0.053867,"26":0.044073,"27":0.009794,"28":0.073455,"29":0.083249,"30":0.132219,"31":0.132219,"32":0.132219,"33":0.377069,"34":3.741308,"35":3.178153,"36":0.063661,"37":0.009794,"38":null},"opera":{"9":0.004897,"9.5-9.6":0.009794,"10.0-10.1":0.009794,"10.5":null,"10.6":0.009794,"11":0.034279,"11.1":0.024485,"11.5":0.044073,"11.6":0.039176,"12":0.058764,"12.1":0.171395,"15":null,"16":null,"17":null,"18":0.009794,"19":0.004897,"20":0.014691,"21":0.004897,"22":0.009794,"23":null,"24":0.004897,"25":0.024485,"26":0.724756,"27":0.14691,"28":null,"29":null},"safari":{"3.1":null,"3.2":null,"4":0.019588,"5":0.176292,"5.1":0.337893,"6":0.200777,"6.1":0.396657,"7":0.303614,"7.1":0.572949,"8":0.719859},"android":{"2.1":0,"2.2":0,"2.3":0.347450905441,"3":0,"4":0.709721991684,"4.1":2.21150031283,"4.2-4.3":3.62271086242,"4.4":6.47147894969,"4.4.3-4.4.4":2.67586597793,"37":0},"ios_saf":{"3.2":0,"4.0-4.1":0,"4.2-4.3":0,"5.0-5.1":0.0223791928995,"6.0-6.1":0.0714563703108,"7.0-7.1":1.02159052499,"8":0.246171121895,"8.1":2.5421977899},"op_mob":{"10":0,"11":0,"11.1":0,"11.5":0,"12":0.0363155877081,"12.1":0.108946763124,"0":null},"ie":{"5.5":0.00980209087154,"6":0.0490104543577,"7":0.0490104543577,"8":1.17625090458,"9":1.15174567741,"10":2.02413176497,"11":7.39567756258,"0":null},"ie_mob":{"10":0.38556,"11":0.63504},"bb":{"7":0.1964655,"10":null},"and_uc":{"0":3.612924},"op_mini":{"5.0-8.0":14.0359746492},"and_chr":{"0":7.152888},"and_ff":{"0":0.127575}},"total":93.5441224091}