{"id":"HU","name":"Hungary","month":"2015-01","access_date":"2015-02-01","data":{"chrome":{"4":0.3276,"5":null,"6":0.0091,"7":0.0273,"8":null,"9":0.0091,"10":0.0091,"11":0.0637,"12":0.0364,"13":null,"14":null,"15":null,"16":0.0182,"17":null,"18":0.0637,"19":null,"20":null,"21":null,"22":0.0546,"23":null,"24":0.0091,"25":0.0182,"26":0.0546,"27":0.0637,"28":0.0455,"29":0.0273,"30":0.0455,"31":0.1911,"32":0.1092,"33":0.2093,"34":0.3367,"35":0.3731,"36":0.4368,"37":0.5824,"38":0.7007,"39":29.6751,"40":7.7623,"41":0.1001,"42":0.0091,"43":null},"firefox":{"2":null,"3":0.0182,"3.5":0.0091,"3.6":0.0637,"4":0.0182,"5":0.0091,"6":0.0091,"7":0.0091,"8":0.0091,"9":0.0273,"10":0.0273,"11":0.0182,"12":0.0819,"13":0.0182,"14":0.0182,"15":0.0364,"16":0.0364,"17":0.0273,"18":0.0364,"19":0.0364,"20":0.0364,"21":0.0364,"22":0.0273,"23":0.0455,"24":0.0637,"25":0.0364,"26":0.0637,"27":0.0455,"28":0.0728,"29":0.0728,"30":0.1456,"31":0.3094,"32":0.2275,"33":3.4398,"34":17.9816,"35":11.3386,"36":0.0455,"37":0.0091,"38":null},"opera":{"9":null,"9.5-9.6":null,"10.0-10.1":0,"10.5":null,"10.6":0.0091,"11":null,"11.1":null,"11.5":null,"11.6":0.0182,"12":0.0273,"12.1":3.7583,"15":null,"16":null,"17":null,"18":0.0091,"19":null,"20":0.0273,"21":0.0091,"22":0.0091,"23":null,"24":0.0091,"25":0.0364,"26":1.8382,"27":0.3458,"28":0.0091,"29":null},"safari":{"3.1":null,"3.2":null,"4":0,"5":0.0364,"5.1":0.1092,"6":0.0182,"6.1":0.0728,"7":0.091,"7.1":0.1547,"8":0.5096},"android":{"2.1":0,"2.2":0,"2.3":0.0504190349076,"3":0,"4":0.102988644764,"4.1":0.320913572895,"4.2-4.3":0.525696098563,"4.4":0.939084394251,"4.4.3-4.4.4":0.38829825462,"37":0},"ios_saf":{"3.2":0,"4.0-4.1":0,"4.2-4.3":0,"5.0-5.1":0.00755853364176,"6.0-6.1":0.0241342653123,"7.0-7.1":0.345040430454,"8":0.0831438700593,"8.1":0.858622900533},"op_mob":{"10":0,"11":0,"11.1":0,"11.5":0,"12":0.00157874519846,"12.1":0.00473623559539,"0":null},"ie":{"5.5":null,"6":0.0366420212766,"7":0.0549630319149,"8":1.11758164894,"9":0.567951329787,"10":0.503827792553,"11":4.60773417553,"0":null},"ie_mob":{"10":0.25228,"11":0.41552},"bb":{"7":0.0117,"10":null},"and_uc":{"0":0.0522},"op_mini":{"5.0-8.0":0.610185019206},"and_chr":{"0":4.0286},"and_ff":{"0":0.0747}},"total":98.9599}