{"id":"ID","name":"Indonesia","month":"2015-01","access_date":"2015-02-01","data":{"chrome":{"4":0.078368,"5":0.07347,"6":0.117552,"7":0.058776,"8":0.029388,"9":0.034286,"10":0.07347,"11":0.12245,"12":0.07347,"13":0.034286,"14":0.053878,"15":0.044082,"16":0.034286,"17":0.02449,"18":0.039184,"19":0.009796,"20":0.019592,"21":0.029388,"22":0.034286,"23":0.039184,"24":0.029388,"25":0.04898,"26":0.078368,"27":0.068572,"28":0.07347,"29":0.07347,"30":0.07347,"31":0.191022,"32":0.107756,"33":1.239194,"34":0.210614,"35":0.450616,"36":0.548576,"37":0.622046,"38":0.744496,"39":10.290698,"40":2.610634,"41":0.259594,"42":0.019592,"43":null},"firefox":{"2":0.009796,"3":0.04898,"3.5":0.039184,"3.6":0.29388,"4":0.137144,"5":0.078368,"6":0.053878,"7":0.07347,"8":0.09796,"9":0.107756,"10":0.12245,"11":0.161634,"12":0.333064,"13":0.161634,"14":0.156736,"15":0.161634,"16":0.2449,"17":0.176328,"18":0.156736,"19":0.166532,"20":0.200818,"21":0.186124,"22":0.156736,"23":0.191022,"24":0.215512,"25":0.240002,"26":0.254696,"27":0.298778,"28":0.259594,"29":0.631842,"30":0.813068,"31":0.754292,"32":0.852252,"33":1.366542,"34":8.062108,"35":6.847404,"36":0.700414,"37":0.014694,"38":0.009796},"opera":{"9":null,"9.5-9.6":null,"10.0-10.1":0.019592,"10.5":null,"10.6":0.014694,"11":0.004898,"11.1":null,"11.5":0.009796,"11.6":0.019592,"12":0.02449,"12.1":0.132246,"15":0.009796,"16":0.009796,"17":0.014694,"18":0.019592,"19":0.014694,"20":0.029388,"21":0.014694,"22":0.009796,"23":0.004898,"24":0.014694,"25":0.034286,"26":0.548576,"27":0.07347,"28":null,"29":null},"safari":{"3.1":null,"3.2":null,"4":0.019592,"5":0.053878,"5.1":0.14694,"6":0.063674,"6.1":0.068572,"7":0.151838,"7.1":0.12245,"8":0.328166},"android":{"2.1":0,"2.2":0,"2.3":0.158825679055,"3":0,"4":0.324425913142,"4.1":1.01091415626,"4.2-4.3":1.65600234086,"4.4":2.95822236345,"4.4.3-4.4.4":1.22318354723,"37":0},"ios_saf":{"3.2":0,"4.0-4.1":0,"4.2-4.3":0,"5.0-5.1":0.0106755617017,"6.0-6.1":0.034086881223,"7.0-7.1":0.487330027155,"8":0.117431178719,"8.1":1.2127063512},"op_mob":{"10":0,"11":0,"11.1":0,"11.5":0,"12":0.0358511856594,"12.1":0.107553556978,"0":null},"ie":{"5.5":null,"6":0.0741222140992,"7":0.0317666631854,"8":0.598272156658,"9":0.232955530026,"10":0.227661086162,"11":0.518855498695,"0":null},"ie_mob":{"10":0.1387744,"11":0.2285696},"bb":{"7":1.1823885,"10":null},"and_uc":{"0":10.418284},"op_mini":{"5.0-8.0":13.8564832574},"and_chr":{"0":9.234222},"and_ff":{"0":0.38265}},"total":92.0430016488}