{"id":"IE","name":"Ireland","month":"2015-01","access_date":"2015-02-01","data":{"chrome":{"4":null,"5":null,"6":null,"7":null,"8":null,"9":null,"10":null,"11":0.20754,"12":0.006918,"13":null,"14":null,"15":null,"16":null,"17":null,"18":0.055344,"19":null,"20":0.006918,"21":0.027672,"22":0.110688,"23":0.006918,"24":0.006918,"25":0.027672,"26":0.027672,"27":0.027672,"28":0.06918,"29":0.027672,"30":0.089934,"31":0.643374,"32":0.17295,"33":0.269802,"34":0.249048,"35":0.394326,"36":0.463506,"37":0.505014,"38":0.76098,"39":27.91413,"40":7.969536,"41":0.17295,"42":0.020754,"43":null},"firefox":{"2":null,"3":0.013836,"3.5":0.013836,"3.6":0.041508,"4":0.013836,"5":null,"6":null,"7":null,"8":null,"9":null,"10":0.124524,"11":0.013836,"12":0.027672,"13":null,"14":0.013836,"15":0.006918,"16":0.062262,"17":0.006918,"18":0.013836,"19":0.006918,"20":0.013836,"21":0.006918,"22":0.013836,"23":0.013836,"24":0.03459,"25":0.013836,"26":0.027672,"27":0.013836,"28":0.062262,"29":0.027672,"30":0.076098,"31":0.179868,"32":0.117606,"33":0.166032,"34":4.94637,"35":4.213062,"36":0.048426,"37":null,"38":null},"opera":{"9":null,"9.5-9.6":null,"10.0-10.1":0,"10.5":null,"10.6":null,"11":null,"11.1":null,"11.5":null,"11.6":null,"12":null,"12.1":0.124524,"15":null,"16":null,"17":null,"18":null,"19":null,"20":0.013836,"21":null,"22":0.013836,"23":null,"24":null,"25":null,"26":0.387408,"27":0.062262,"28":null,"29":null},"safari":{"3.1":null,"3.2":null,"4":0.076098,"5":0.221376,"5.1":0.601866,"6":0.131442,"6.1":0.352818,"7":0.532686,"7.1":0.781734,"8":1.632648},"android":{"2.1":0,"2.2":0,"2.3":0.108494943532,"3":0,"4":0.22161763347,"4.1":0.690562602669,"4.2-4.3":1.13122689938,"4.4":2.02078259754,"4.4.3-4.4.4":0.835565323409,"37":0},"ios_saf":{"3.2":0,"4.0-4.1":0,"4.2-4.3":0,"5.0-5.1":0.0726159247712,"6.0-6.1":0.231861373831,"7.0-7.1":3.31485326763,"8":0.798775172483,"8.1":8.24891426129},"op_mob":{"10":0,"11":0,"11.1":0,"11.5":0,"12":0.000378837387964,"12.1":0.00113651216389,"0":null},"ie":{"5.5":null,"6":0.0209628160984,"7":0.0978264751258,"8":1.47438473225,"9":1.69798810397,"10":1.04115319955,"11":8.168510673,"0":null},"ie_mob":{"10":0.451752711111,"11":0.744063288889},"bb":{"7":0.0130985,"10":null},"and_uc":{"0":0.033902},"op_mini":{"5.0-8.0":0.146420650448},"and_chr":{"0":11.595464},"and_ff":{"0":0.12328}},"total":98.7887065}