{"id":"IL","name":"Israel","month":"2015-01","access_date":"2015-02-01","data":{"chrome":{"4":null,"5":null,"6":null,"7":null,"8":null,"9":null,"10":null,"11":0.0786,"12":0.01572,"13":0.00786,"14":0.00786,"15":0.06288,"16":null,"17":0.00786,"18":0.03144,"19":null,"20":null,"21":0.03144,"22":0.05502,"23":0.01572,"24":0.00786,"25":0.00786,"26":0.04716,"27":0.1179,"28":0.07074,"29":0.06288,"30":0.05502,"31":0.1179,"32":0.05502,"33":0.16506,"34":0.0786,"35":0.64452,"36":0.72312,"37":0.60522,"38":0.9432,"39":35.00058,"40":9.3927,"41":0.24366,"42":0.03144,"43":null},"firefox":{"2":null,"3":0.0393,"3.5":null,"3.6":0.16506,"4":null,"5":null,"6":null,"7":0.01572,"8":null,"9":null,"10":0.00786,"11":0.02358,"12":0.01572,"13":null,"14":null,"15":null,"16":0.03144,"17":null,"18":null,"19":0.02358,"20":0.00786,"21":0.00786,"22":null,"23":0.00786,"24":0.01572,"25":0.02358,"26":0.02358,"27":0.01572,"28":0.02358,"29":0.02358,"30":0.03144,"31":0.13362,"32":0.09432,"33":0.10218,"34":3.28548,"35":2.90034,"36":0.04716,"37":0.00786,"38":null},"opera":{"9":null,"9.5-9.6":0.01572,"10.0-10.1":0,"10.5":null,"10.6":null,"11":null,"11.1":null,"11.5":null,"11.6":null,"12":0.00786,"12.1":0.12576,"15":null,"16":null,"17":null,"18":null,"19":null,"20":null,"21":null,"22":null,"23":null,"24":null,"25":null,"26":0.38514,"27":0.05502,"28":null,"29":null},"safari":{"3.1":null,"3.2":null,"4":0.02358,"5":0.07074,"5.1":0.1572,"6":0.04716,"6.1":0.11004,"7":0.16506,"7.1":0.20436,"8":0.5895},"android":{"2.1":0,"2.2":0,"2.3":0.0700026078029,"3":0,"4":0.14299110883,"4.1":0.445561622177,"4.2-4.3":0.729885010267,"4.4":1.30384004107,"4.4.3-4.4.4":0.539119609856,"37":0},"ios_saf":{"3.2":0,"4.0-4.1":0,"4.2-4.3":0,"5.0-5.1":0.0304121914915,"6.0-6.1":0.0971055938851,"7.0-7.1":1.38828986423,"8":0.334534106407,"8.1":3.45471824399},"op_mob":{"10":0,"11":0,"11.1":0,"11.5":0,"12":0.00416491677337,"12.1":0.0124947503201,"0":null},"ie":{"5.5":null,"6":0.0396247933884,"7":0.10302446281,"8":3.38395735537,"9":2.2031385124,"10":1.6325414876,"11":12.7750333884,"0":null},"ie_mob":{"10":0.0428475555556,"11":0.0705724444444},"bb":{"7":0.815875,"10":null},"and_uc":{"0":0.17334},"op_mini":{"5.0-8.0":1.60974033291},"and_chr":{"0":7.64078},"and_ff":{"0":0.09844}},"total":96.858015}