{"id":"IM","name":"Isle of Man","month":"2015-01","access_date":"2015-02-01","data":{"chrome":{"4":null,"5":null,"6":null,"7":null,"8":null,"9":null,"10":null,"11":0.153774,"12":null,"13":null,"14":null,"15":null,"16":null,"17":null,"18":null,"19":null,"20":null,"21":0.008543,"22":0.017086,"23":null,"24":null,"25":null,"26":0.017086,"27":0.008543,"28":0.093973,"29":null,"30":0.017086,"31":0.102516,"32":0.102516,"33":0.102516,"34":0.068344,"35":0.136688,"36":0.179403,"37":0.08543,"38":0.239204,"39":19.426782,"40":5.817783,"41":0.042715,"42":null,"43":null},"firefox":{"2":null,"3":null,"3.5":null,"3.6":0.017086,"4":null,"5":null,"6":null,"7":null,"8":null,"9":null,"10":0.042715,"11":0.008543,"12":0.008543,"13":null,"14":null,"15":null,"16":0.017086,"17":null,"18":0.153774,"19":0.017086,"20":null,"21":null,"22":0.111059,"23":null,"24":0.008543,"25":null,"26":0.076887,"27":null,"28":null,"29":null,"30":0.042715,"31":0.196489,"32":0.068344,"33":0.111059,"34":5.142886,"35":4.220242,"36":0.017086,"37":null,"38":null},"opera":{"9":null,"9.5-9.6":null,"10.0-10.1":0,"10.5":null,"10.6":null,"11":null,"11.1":null,"11.5":null,"11.6":null,"12":null,"12.1":0.08543,"15":null,"16":null,"17":null,"18":null,"19":null,"20":null,"21":0.008543,"22":null,"23":null,"24":null,"25":null,"26":0.239204,"27":0.034172,"28":null,"29":null},"safari":{"3.1":null,"3.2":null,"4":0.059801,"5":0.572381,"5.1":0.777413,"6":1.272907,"6.1":0.563838,"7":0.982445,"7.1":1.161848,"8":2.588529},"android":{"2.1":0,"2.2":0,"2.3":0.0292592226899,"3":0,"4":0.0597664690965,"4.1":0.186232872382,"4.2-4.3":0.305072464066,"4.4":0.544970356263,"4.4.3-4.4.4":0.225337615503,"37":0},"ios_saf":{"3.2":0,"4.0-4.1":0,"4.2-4.3":0,"5.0-5.1":0.0475842454993,"6.0-6.1":0.151935661068,"7.0-7.1":2.17217906648,"8":0.523426700493,"8.1":5.40540332646},"op_mob":{"10":0,"11":0,"11.1":0,"11.5":0,"12":9.32778489117e-5,"12.1":0.000279833546735,"0":null},"ie":{"5.5":null,"6":null,"7":0.076887,"8":2.836276,"9":2.887534,"10":1.435224,"11":31.711616,"0":null},"ie_mob":{"10":0.668212577778,"11":1.10058542222},"bb":{"7":0.00837775,"10":null},"and_uc":{"0":0.002914},"op_mini":{"5.0-8.0":0.0360518886044},"and_chr":{"0":3.002081},"and_ff":{"0":0.052452}},"total":98.69639475}