{"id":"IN","name":"India","month":"2015-01","access_date":"2015-02-01","data":{"chrome":{"4":0.025677,"5":0.02853,"6":0.037089,"7":0.025677,"8":0.031383,"9":0.017118,"10":0.037089,"11":0.062766,"12":0.045648,"13":0.019971,"14":0.02853,"15":0.019971,"16":0.022824,"17":0.014265,"18":0.031383,"19":0.011412,"20":0.011412,"21":0.011412,"22":0.025677,"23":0.022824,"24":0.017118,"25":0.02853,"26":0.031383,"27":0.045648,"28":0.042795,"29":0.034236,"30":0.037089,"31":0.225387,"32":0.051354,"33":0.273888,"34":0.099855,"35":0.225387,"36":0.291006,"37":0.359478,"38":0.576306,"39":11.369205,"40":3.1383,"41":0.402273,"42":0.025677,"43":null},"firefox":{"2":0.008559,"3":0.054207,"3.5":0.019971,"3.6":0.08559,"4":0.039942,"5":0.022824,"6":0.022824,"7":0.017118,"8":0.022824,"9":0.025677,"10":0.037089,"11":0.059913,"12":0.08559,"13":0.039942,"14":0.048501,"15":0.042795,"16":0.048501,"17":0.037089,"18":0.037089,"19":0.037089,"20":0.039942,"21":0.031383,"22":0.025677,"23":0.034236,"24":0.042795,"25":0.031383,"26":0.037089,"27":0.05706,"28":0.045648,"29":0.099855,"30":0.116973,"31":0.188298,"32":0.116973,"33":0.22824,"34":2.325195,"35":2.290959,"36":0.325242,"37":0.005706,"38":null},"opera":{"9":null,"9.5-9.6":0.005706,"10.0-10.1":0.005706,"10.5":null,"10.6":0.005706,"11":0.002853,"11.1":null,"11.5":0.005706,"11.6":0.011412,"12":0.011412,"12.1":0.071325,"15":0.008559,"16":0.005706,"17":0.005706,"18":0.011412,"19":0.005706,"20":0.014265,"21":0.005706,"22":0.008559,"23":0.005706,"24":0.011412,"25":0.019971,"26":0.37089,"27":0.051354,"28":null,"29":null},"safari":{"3.1":null,"3.2":null,"4":0.002853,"5":0.008559,"5.1":0.037089,"6":0.008559,"6.1":0.011412,"7":0.031383,"7.1":0.02853,"8":0.094149},"android":{"2.1":0,"2.2":0,"2.3":0.163187876591,"3":0,"4":0.333336373511,"4.1":1.03867923347,"4.2-4.3":1.7014849692,"4.4":3.0394708768,"4.4.3-4.4.4":1.25677867043,"37":0},"ios_saf":{"3.2":0,"4.0-4.1":0,"4.2-4.3":0,"5.0-5.1":0.00516240108619,"6.0-6.1":0.0164834560998,"7.0-7.1":0.235659081163,"8":0.0567864119481,"8.1":0.586430649703},"op_mob":{"10":0,"11":0,"11.1":0,"11.5":0,"12":0.0395143994878,"12.1":0.118543198464,"0":null},"ie":{"5.5":null,"6":0.0834143789474,"7":0.0460217263158,"8":0.851401936842,"9":0.333657515789,"10":0.350915663158,"11":0.785245705263,"0":null},"ie_mob":{"10":0.329397288889,"11":0.542536711111},"bb":{"7":0.04824225,"10":null},"and_uc":{"0":30.317574},"op_mini":{"5.0-8.0":15.272315402},"and_chr":{"0":6.891836},"and_ff":{"0":0.107205}},"total":90.0599541763}