{"id":"IQ","name":"Iraq","month":"2015-01","access_date":"2015-02-01","data":{"chrome":{"4":0.057252,"5":0.105696,"6":0.105696,"7":null,"8":0.035232,"9":0.004404,"10":0.070464,"11":0.092484,"12":0.04404,"13":0.171756,"14":0.1101,"15":0.08808,"16":0.030828,"17":0.017616,"18":0.013212,"19":0.008808,"20":0.013212,"21":0.017616,"22":0.039636,"23":0.02202,"24":0.017616,"25":0.039636,"26":0.026424,"27":0.092484,"28":0.052848,"29":0.048444,"30":0.070464,"31":0.105696,"32":0.039636,"33":1.554612,"34":0.114504,"35":0.233412,"36":1.030536,"37":0.24222,"38":0.50646,"39":18.003552,"40":5.544636,"41":0.347916,"42":0.039636,"43":null},"firefox":{"2":null,"3":0.013212,"3.5":0.008808,"3.6":0.048444,"4":0.02202,"5":0.039636,"6":0.096888,"7":0.004404,"8":0.026424,"9":0.048444,"10":0.039636,"11":0.061656,"12":0.123312,"13":0.079272,"14":0.030828,"15":0.074868,"16":0.039636,"17":0.02202,"18":0.013212,"19":0.02202,"20":0.030828,"21":0.026424,"22":0.057252,"23":0.035232,"24":0.04404,"25":0.026424,"26":0.04404,"27":0.061656,"28":0.030828,"29":0.114504,"30":0.149736,"31":0.145332,"32":0.114504,"33":0.268644,"34":3.404292,"35":3.003528,"36":0.268644,"37":0.004404,"38":null},"opera":{"9":null,"9.5-9.6":null,"10.0-10.1":0,"10.5":null,"10.6":null,"11":null,"11.1":null,"11.5":0.004404,"11.6":0.008808,"12":0.008808,"12.1":0.105696,"15":0.013212,"16":null,"17":0.004404,"18":0.008808,"19":0.004404,"20":0.004404,"21":0.008808,"22":null,"23":null,"24":0.004404,"25":0.004404,"26":0.427188,"27":0.083676,"28":0.013212,"29":null},"safari":{"3.1":null,"3.2":null,"4":0.008808,"5":0.004404,"5.1":0.039636,"6":0.004404,"6.1":0.008808,"7":0.02202,"7.1":0.039636,"8":0.118908},"android":{"2.1":0,"2.2":0,"2.3":0.350589974538,"3":0,"4":0.716134023819,"4.1":2.23148026448,"4.2-4.3":3.65544049281,"4.4":6.52994597125,"4.4.3-4.4.4":2.7000412731,"37":0},"ios_saf":{"3.2":0,"4.0-4.1":0,"4.2-4.3":0,"5.0-5.1":0.0566854595193,"6.0-6.1":0.180995677763,"7.0-7.1":2.58764150297,"8":0.623540054712,"8.1":6.43926930504},"op_mob":{"10":0,"11":0,"11.1":0,"11.5":0,"12":0.00197758770807,"12.1":0.0059327631242,"0":null},"ie":{"5.5":null,"6":0.0179181917255,"7":0.0179181917255,"8":1.30802799596,"9":0.474832080727,"10":0.45243434107,"11":2.16810119879,"0":null},"ie_mob":{"10":0.0930179555556,"11":0.153206044444},"bb":{"7":0.01399,"10":null},"and_uc":{"0":0.402912},"op_mini":{"5.0-8.0":0.764337649168},"and_chr":{"0":26.953384},"and_ff":{"0":0.4197}},"total":98.074654}