{"id":"IR","name":"Iran","month":"2015-01","access_date":"2015-02-01","data":{"chrome":{"4":0.061128,"5":0.06792,"6":0.074712,"7":0.027168,"8":0.03396,"9":0.027168,"10":0.054336,"11":0.258096,"12":0.074712,"13":0.047544,"14":0.129048,"15":0.074712,"16":0.013584,"17":0.027168,"18":0.040752,"19":0.013584,"20":0.020376,"21":0.027168,"22":0.088296,"23":0.040752,"24":0.03396,"25":0.03396,"26":0.047544,"27":0.047544,"28":0.047544,"29":0.095088,"30":0.061128,"31":0.122256,"32":0.06792,"33":0.292056,"34":0.108672,"35":0.156216,"36":0.434688,"37":0.312432,"38":0.556944,"39":10.90116,"40":2.974896,"41":0.13584,"42":0.013584,"43":null},"firefox":{"2":0.020376,"3":0.142632,"3.5":0.081504,"3.6":0.244512,"4":0.285264,"5":0.074712,"6":0.061128,"7":0.095088,"8":0.122256,"9":0.108672,"10":0.095088,"11":0.122256,"12":0.278472,"13":0.122256,"14":0.149424,"15":0.156216,"16":0.156216,"17":0.108672,"18":0.108672,"19":0.074712,"20":0.115464,"21":0.129048,"22":0.122256,"23":0.149424,"24":0.230928,"25":0.149424,"26":0.210552,"27":0.163008,"28":0.163008,"29":0.393936,"30":0.740328,"31":0.57732,"32":0.991632,"33":1.371984,"34":9.563136,"35":7.491576,"36":0.618072,"37":0.013584,"38":0.006792},"opera":{"9":null,"9.5-9.6":0.013584,"10.0-10.1":0,"10.5":null,"10.6":0.006792,"11":0.013584,"11.1":0.006792,"11.5":0.020376,"11.6":0.040752,"12":0.054336,"12.1":0.27168,"15":0.013584,"16":0.013584,"17":0.020376,"18":0.03396,"19":0.020376,"20":0.027168,"21":0.013584,"22":0.013584,"23":0.013584,"24":0.013584,"25":0.027168,"26":0.692784,"27":0.088296,"28":null,"29":null},"safari":{"3.1":null,"3.2":null,"4":0.027168,"5":0.020376,"5.1":0.074712,"6":0.027168,"6.1":0.013584,"7":0.074712,"7.1":0.06792,"8":0.176592},"android":{"2.1":0,"2.2":0,"2.3":0.225721994251,"3":0,"4":0.461071940862,"4.1":1.43670444682,"4.2-4.3":2.35349946612,"4.4":4.20420586448,"4.4.3-4.4.4":1.73838028747,"37":0},"ios_saf":{"3.2":0,"4.0-4.1":0,"4.2-4.3":0,"5.0-5.1":0.0117882626974,"6.0-6.1":0.0376397159811,"7.0-7.1":0.538123851554,"8":0.129670889671,"8.1":1.3391052801},"op_mob":{"10":0,"11":0,"11.1":0,"11.5":0,"12":0.0167341766965,"12.1":0.0502025300896,"0":null},"ie":{"5.5":null,"6":0.977489110553,"7":1.53507092714,"8":8.37061097487,"9":2.86363007035,"10":2.35423433668,"11":5.8167485804,"0":null},"ie_mob":{"10":0.0787742222222,"11":0.129745777778},"bb":{"7":0.011228,"10":null},"and_uc":{"0":0.776336},"op_mini":{"5.0-8.0":6.46775929321},"and_chr":{"0":8.896488},"and_ff":{"0":0.869368}},"total":97.047308}