{"id":"IS","name":"Iceland","month":"2015-01","access_date":"2015-02-01","data":{"chrome":{"4":0.008748,"5":null,"6":null,"7":null,"8":null,"9":0.008748,"10":null,"11":0.026244,"12":0.034992,"13":null,"14":null,"15":0.008748,"16":0.008748,"17":null,"18":0.017496,"19":null,"20":null,"21":0.04374,"22":null,"23":null,"24":0.017496,"25":0.017496,"26":0.122472,"27":0.034992,"28":0.061236,"29":0.052488,"30":0.052488,"31":0.376164,"32":0.17496,"33":0.288684,"34":0.498636,"35":0.376164,"36":0.6561,"37":0.673596,"38":0.647352,"39":39.024828,"40":10.987488,"41":0.647352,"42":0.052488,"43":null},"firefox":{"2":null,"3":0.034992,"3.5":0.017496,"3.6":0.052488,"4":0.017496,"5":0.008748,"6":0.008748,"7":null,"8":0.008748,"9":0.026244,"10":0.008748,"11":null,"12":0.04374,"13":null,"14":0.008748,"15":0.008748,"16":0.08748,"17":0.008748,"18":0.008748,"19":0.017496,"20":0.026244,"21":0.008748,"22":null,"23":0.017496,"24":0.026244,"25":0.008748,"26":0.017496,"27":0.017496,"28":0.183708,"29":0.026244,"30":0.061236,"31":0.26244,"32":0.13122,"33":0.236196,"34":6.412284,"35":5.633712,"36":0.069984,"37":0.008748,"38":null},"opera":{"9":null,"9.5-9.6":null,"10.0-10.1":0,"10.5":null,"10.6":null,"11":null,"11.1":null,"11.5":null,"11.6":null,"12":null,"12.1":0.2187,"15":null,"16":null,"17":null,"18":null,"19":null,"20":null,"21":null,"22":null,"23":null,"24":null,"25":null,"26":0.621108,"27":0.078732,"28":null,"29":null},"safari":{"3.1":null,"3.2":null,"4":0.096228,"5":0.314928,"5.1":0.909792,"6":0.376164,"6.1":0.6561,"7":1.084752,"7.1":1.434672,"8":3.10554},"android":{"2.1":0,"2.2":0,"2.3":0.0269325252567,"3":0,"4":0.0550138312115,"4.1":0.171423608624,"4.2-4.3":0.280813059548,"4.4":0.501634238193,"4.4.3-4.4.4":0.207418737166,"37":0},"ios_saf":{"3.2":0,"4.0-4.1":0,"4.2-4.3":0,"5.0-5.1":0.0314940392236,"6.0-6.1":0.100559914714,"7.0-7.1":1.43767526421,"8":0.346434431459,"8.1":3.5776123504},"op_mob":{"10":0,"11":0,"11.1":0,"11.5":0,"12":0.000112215108835,"12.1":0.000336645326504,"0":null},"ie":{"5.5":null,"6":0.0528996705882,"7":0.0176332235294,"8":0.528996705882,"9":0.784678447059,"10":0.749412,"11":6.85932395294,"0":null},"ie_mob":{"10":0.125812088889,"11":0.207219911111},"bb":{"7":0.01252,"10":null},"and_uc":{"0":0.007512},"op_mini":{"5.0-8.0":0.0433711395647},"and_chr":{"0":5.244532},"and_ff":{"0":0.128956}},"total":98.832648}