{"id":"IT","name":"Italy","month":"2015-01","access_date":"2015-02-01","data":{"chrome":{"4":0.008021,"5":null,"6":null,"7":null,"8":null,"9":null,"10":null,"11":0.096252,"12":null,"13":null,"14":null,"15":null,"16":null,"17":null,"18":0.024063,"19":null,"20":null,"21":0.024063,"22":0.184483,"23":0.016042,"24":0.016042,"25":0.032084,"26":0.136357,"27":0.048126,"28":0.040105,"29":0.032084,"30":0.040105,"31":0.376987,"32":0.152399,"33":0.288756,"34":0.312819,"35":0.657722,"36":0.753974,"37":0.786058,"38":0.930436,"39":28.201836,"40":8.470176,"41":0.200525,"42":0.016042,"43":null},"firefox":{"2":0.008021,"3":0.016042,"3.5":0.008021,"3.6":0.128336,"4":0.016042,"5":0.008021,"6":null,"7":null,"8":0.008021,"9":0.008021,"10":0.024063,"11":0.032084,"12":0.048126,"13":0.008021,"14":0.016042,"15":0.016042,"16":0.08021,"17":0.016042,"18":0.016042,"19":0.024063,"20":0.048126,"21":0.032084,"22":0.016042,"23":0.024063,"24":0.032084,"25":0.024063,"26":0.048126,"27":0.08021,"28":0.048126,"29":0.064168,"30":0.112294,"31":0.304798,"32":0.224588,"33":0.264693,"34":7.443488,"35":6.344611,"36":0.048126,"37":null,"38":null},"opera":{"9":null,"9.5-9.6":null,"10.0-10.1":0,"10.5":null,"10.6":null,"11":null,"11.1":null,"11.5":null,"11.6":null,"12":0.008021,"12.1":0.168441,"15":null,"16":null,"17":null,"18":null,"19":null,"20":null,"21":null,"22":0.008021,"23":0.008021,"24":0.016042,"25":0.024063,"26":0.465218,"27":0.08021,"28":null,"29":null},"safari":{"3.1":null,"3.2":null,"4":0.088231,"5":0.288756,"5.1":0.954499,"6":0.104273,"6.1":0.433134,"7":0.465218,"7.1":0.994604,"8":2.638909},"android":{"2.1":0,"2.2":0,"2.3":0.108936635421,"3":0,"4":0.222519857187,"4.1":0.693373940144,"4.2-4.3":1.13583221766,"4.4":2.02900937064,"4.4.3-4.4.4":0.838966978953,"37":0},"ios_saf":{"3.2":0,"4.0-4.1":0,"4.2-4.3":0,"5.0-5.1":0.0304612345369,"6.0-6.1":0.0972621874686,"7.0-7.1":1.39052863623,"8":0.335073579905,"8.1":3.46028936186},"op_mob":{"10":0,"11":0,"11.1":0,"11.5":0,"12":0.000329411011524,"12.1":0.000988233034571,"0":null},"ie":{"5.5":null,"6":0.0564003423576,"7":0.161143835307,"8":2.19961335195,"9":1.37777979188,"10":1.12800684715,"11":9.36245683136,"0":null},"ie_mob":{"10":0.498664022222,"11":0.821328977778},"bb":{"7":0.01731625,"10":null},"and_uc":{"0":0.094992},"op_mini":{"5.0-8.0":0.127317355954},"and_chr":{"0":7.816242},"and_ff":{"0":0.102908}},"total":98.33990925}