{"id":"JE","name":"Jersey","month":"2015-01","access_date":"2015-02-01","data":{"chrome":{"4":null,"5":null,"6":null,"7":null,"8":null,"9":null,"10":null,"11":0.096516,"12":null,"13":null,"14":null,"15":null,"16":null,"17":null,"18":null,"19":null,"20":null,"21":0.056301,"22":0.08043,"23":0.008043,"24":0.016086,"25":0.032172,"26":0.008043,"27":0.016086,"28":0.024129,"29":0.048258,"30":0.024129,"31":0.08043,"32":0.08043,"33":0.120645,"34":0.056301,"35":1.439697,"36":0.217161,"37":0.120645,"38":0.289548,"39":21.024402,"40":6.780249,"41":0.152817,"42":0.048258,"43":null},"firefox":{"2":null,"3":null,"3.5":null,"3.6":0.016086,"4":null,"5":null,"6":0.016086,"7":null,"8":null,"9":null,"10":null,"11":0.024129,"12":0.032172,"13":null,"14":null,"15":0.008043,"16":0.040215,"17":null,"18":null,"19":null,"20":null,"21":null,"22":null,"23":0.008043,"24":0.016086,"25":null,"26":0.024129,"27":0.008043,"28":0.016086,"29":0.024129,"30":0.016086,"31":0.176946,"32":0.056301,"33":0.193032,"34":4.150188,"35":4.069758,"36":0.016086,"37":null,"38":null},"opera":{"9":null,"9.5-9.6":null,"10.0-10.1":0,"10.5":null,"10.6":null,"11":null,"11.1":null,"11.5":null,"11.6":null,"12":null,"12.1":0.064344,"15":null,"16":null,"17":null,"18":null,"19":null,"20":null,"21":null,"22":null,"23":null,"24":null,"25":null,"26":0.144774,"27":0.016086,"28":null,"29":null},"safari":{"3.1":null,"3.2":null,"4":0.072387,"5":0.538881,"5.1":2.726577,"6":0.386064,"6.1":1.68903,"7":1.44774,"7.1":2.581803,"8":6.000078},"android":{"2.1":0,"2.2":0,"2.3":0.0275991249487,"3":0,"4":0.0563754637577,"4.1":0.175666468275,"4.2-4.3":0.28776338809,"4.4":0.514050052361,"4.4.3-4.4.4":0.212552502567,"37":0},"ios_saf":{"3.2":0,"4.0-4.1":0,"4.2-4.3":0,"5.0-5.1":0.0716323408428,"6.0-6.1":0.228720807603,"7.0-7.1":3.26995352409,"8":0.787955749271,"8.1":8.1371825782},"op_mob":{"10":0,"11":0,"11.1":0,"11.5":0,"12":0.000110253521127,"12.1":0.00033076056338,"0":null},"ie":{"5.5":null,"6":null,"7":0.128688,"8":2.670276,"9":2.670276,"10":2.549631,"11":16.053828,"0":null},"ie_mob":{"10":0.2461906,"11":0.4054904},"bb":{"7":0.009785,"10":null},"and_uc":{"0":0.021527},"op_mini":{"5.0-8.0":0.0426129859155},"and_chr":{"0":4.605251},"and_ff":{"0":0.048925}},"total":98.622558}