{"id":"JO","name":"Jordan","month":"2015-01","access_date":"2015-02-01","data":{"chrome":{"4":0.02832,"5":0.02832,"6":0.079296,"7":0.033984,"8":0.090624,"9":0.02832,"10":0.079296,"11":0.096288,"12":0.050976,"13":0.062304,"14":0.135936,"15":0.067968,"16":0.05664,"17":0.02832,"18":0.05664,"19":0.022656,"20":0.016992,"21":0.016992,"22":0.050976,"23":0.045312,"24":0.016992,"25":0.039648,"26":0.05664,"27":0.101952,"28":0.073632,"29":0.067968,"30":0.079296,"31":0.22656,"32":0.152928,"33":0.606048,"34":0.186912,"35":0.504096,"36":1.115808,"37":0.781632,"38":0.804288,"39":25.14816,"40":7.074336,"41":0.243552,"42":0.022656,"43":null},"firefox":{"2":0.005664,"3":0.022656,"3.5":0.022656,"3.6":0.045312,"4":0.02832,"5":0.011328,"6":0.02832,"7":0.011328,"8":0.016992,"9":0.022656,"10":0.039648,"11":0.090624,"12":0.067968,"13":0.045312,"14":0.033984,"15":0.016992,"16":0.033984,"17":0.022656,"18":0.011328,"19":0.022656,"20":0.022656,"21":0.011328,"22":0.016992,"23":0.022656,"24":0.022656,"25":0.011328,"26":0.02832,"27":0.033984,"28":0.022656,"29":0.079296,"30":0.107616,"31":0.232224,"32":0.186912,"33":0.209568,"34":3.20016,"35":2.899968,"36":0.1416,"37":0.011328,"38":null},"opera":{"9":null,"9.5-9.6":null,"10.0-10.1":0,"10.5":null,"10.6":null,"11":null,"11.1":null,"11.5":0.016992,"11.6":0.011328,"12":0.011328,"12.1":0.118944,"15":null,"16":0.005664,"17":null,"18":null,"19":null,"20":0.005664,"21":0.022656,"22":0.005664,"23":0.011328,"24":0.011328,"25":0.011328,"26":0.674016,"27":0.164256,"28":null,"29":null},"safari":{"3.1":null,"3.2":null,"4":0.016992,"5":0.039648,"5.1":0.1416,"6":0.101952,"6.1":0.08496,"7":0.175584,"7.1":0.186912,"8":0.413472},"android":{"2.1":0,"2.2":0,"2.3":0.312699053799,"3":0,"4":0.63873598193,"4.1":1.99030724764,"4.2-4.3":3.26036928131,"4.4":5.82420512526,"4.4.3-4.4.4":2.40822731006,"37":0},"ios_saf":{"3.2":0,"4.0-4.1":0,"4.2-4.3":0,"5.0-5.1":0.0274917139696,"6.0-6.1":0.0877805603942,"7.0-7.1":1.25497262717,"8":0.302408853666,"8.1":3.1229622448},"op_mob":{"10":0,"11":0,"11.1":0,"11.5":0,"12":0.00820564404609,"12.1":0.0246169321383,"0":null},"ie":{"5.5":null,"6":0.0866697213622,"7":0.0808917399381,"8":2.26496871827,"9":0.837807306502,"10":0.664467863777,"11":3.53034665015,"0":null},"ie_mob":{"10":0.588057955556,"11":0.968566044444},"bb":{"7":0.030352,"10":null},"and_uc":{"0":0.906224},"op_mini":{"5.0-8.0":3.17148142382},"and_chr":{"0":16.536288},"and_ff":{"0":0.203792}},"total":97.605408}