{"id":"JP","name":"Japan","month":"2015-01","access_date":"2015-02-01","data":{"chrome":{"4":null,"5":null,"6":null,"7":null,"8":null,"9":null,"10":null,"11":0.048188,"12":0.006884,"13":null,"14":null,"15":null,"16":null,"17":0.027536,"18":0.006884,"19":null,"20":null,"21":0.020652,"22":0.013768,"23":0.013768,"24":null,"25":0.013768,"26":0.020652,"27":0.048188,"28":0.020652,"29":0.027536,"30":0.055072,"31":0.364852,"32":0.03442,"33":0.117028,"34":0.117028,"35":0.165216,"36":0.227172,"37":0.296012,"38":0.371736,"39":14.958932,"40":4.488368,"41":0.117028,"42":0.013768,"43":null},"firefox":{"2":null,"3":0.013768,"3.5":null,"3.6":0.048188,"4":null,"5":null,"6":null,"7":null,"8":null,"9":null,"10":0.013768,"11":0.013768,"12":0.03442,"13":0.006884,"14":0.013768,"15":0.013768,"16":0.061956,"17":0.013768,"18":0.006884,"19":0.013768,"20":0.013768,"21":0.013768,"22":0.06884,"23":0.013768,"24":0.03442,"25":0.020652,"26":0.027536,"27":0.048188,"28":0.075724,"29":0.041304,"30":0.048188,"31":0.20652,"32":0.130796,"33":0.151448,"34":4.619164,"35":4.23366,"36":0.048188,"37":null,"38":null},"opera":{"9":null,"9.5-9.6":null,"10.0-10.1":0,"10.5":null,"10.6":null,"11":null,"11.1":null,"11.5":null,"11.6":0.006884,"12":0.006884,"12.1":0.337316,"15":null,"16":null,"17":null,"18":null,"19":null,"20":null,"21":null,"22":null,"23":null,"24":null,"25":0.006884,"26":0.337316,"27":0.061956,"28":null,"29":null},"safari":{"3.1":null,"3.2":null,"4":0.158332,"5":0.296012,"5.1":0.922456,"6":0.1721,"6.1":0.48188,"7":0.440576,"7.1":0.874268,"8":1.115208},"android":{"2.1":0,"2.2":0,"2.3":0.152353524846,"3":0,"4":0.311205541273,"4.1":0.969719354825,"4.2-4.3":1.58852016427,"4.4":2.83767465708,"4.4.3-4.4.4":1.1733387577,"37":0},"ios_saf":{"3.2":0,"4.0-4.1":0,"4.2-4.3":0,"5.0-5.1":0.111893952328,"6.0-6.1":0.357275426732,"7.0-7.1":5.1078607712,"8":1.23083347561,"8.1":12.7107603741},"op_mob":{"10":0,"11":0,"11.1":0,"11.5":0,"12":0.000279282970551,"12.1":0.000837848911652,"0":null},"ie":{"5.5":null,"6":0.0970035646512,"7":0.415729562791,"8":2.70917098419,"9":2.93089341767,"10":1.5936299907,"11":22.04752448,"0":null},"ie_mob":{"10":0.0105944,"11":0.0174496},"bb":{"7":0.001558,"10":null},"and_uc":{"0":0.308484},"op_mini":{"5.0-8.0":0.107942868118},"and_chr":{"0":4.580496},"and_ff":{"0":0.059204}},"total":98.296054}