{"id":"KE","name":"Kenya","month":"2015-01","access_date":"2015-02-01","data":{"chrome":{"4":null,"5":0.002595,"6":null,"7":null,"8":null,"9":null,"10":0.00519,"11":0.023355,"12":0.007785,"13":null,"14":0.00519,"15":null,"16":0.00519,"17":0.002595,"18":0.002595,"19":0.00519,"20":0.00519,"21":0.00519,"22":0.01038,"23":0.00519,"24":0.007785,"25":0.01038,"26":0.01038,"27":0.012975,"28":0.01038,"29":0.018165,"30":0.023355,"31":0.08304,"32":0.038925,"33":0.085635,"34":0.0519,"35":0.06747,"36":0.2595,"37":0.111585,"38":0.137535,"39":6.360345,"40":1.943655,"41":0.230955,"42":0.01557,"43":null},"firefox":{"2":0.002595,"3":0.01557,"3.5":0.01038,"3.6":0.059685,"4":0.028545,"5":0.03114,"6":0.01557,"7":0.018165,"8":0.023355,"9":0.03633,"10":0.03633,"11":0.054495,"12":0.127155,"13":0.04671,"14":0.0519,"15":0.044115,"16":0.06747,"17":0.038925,"18":0.05709,"19":0.04671,"20":0.075255,"21":0.04152,"22":0.033735,"23":0.049305,"24":0.04671,"25":0.03114,"26":0.0519,"27":0.06228,"28":0.054495,"29":0.14532,"30":0.22836,"31":0.22836,"32":0.199815,"33":0.537165,"34":4.6191,"35":4.70214,"36":0.45153,"37":0.01038,"38":0.007785},"opera":{"9":null,"9.5-9.6":null,"10.0-10.1":0.002595,"10.5":null,"10.6":null,"11":null,"11.1":null,"11.5":0.002595,"11.6":0.01038,"12":0.00519,"12.1":0.049305,"15":0.002595,"16":0.002595,"17":null,"18":0.00519,"19":0.007785,"20":0.02076,"21":0.00519,"22":0.01038,"23":0.002595,"24":0.007785,"25":0.012975,"26":0.355515,"27":0.0519,"28":null,"29":null},"safari":{"3.1":null,"3.2":null,"4":0.012975,"5":0.02595,"5.1":0.085635,"6":0.02595,"6.1":0.075255,"7":0.07266,"7.1":0.106395,"8":0.267285},"android":{"2.1":0,"2.2":0,"2.3":0.154160087782,"3":0,"4":0.314895724333,"4.1":0.981217999487,"4.2-4.3":1.6073563655,"4.4":2.87132296201,"4.4.3-4.4.4":1.18725186088,"37":0},"ios_saf":{"3.2":0,"4.0-4.1":0,"4.2-4.3":0,"5.0-5.1":0.00462710097556,"6.0-6.1":0.0147742522378,"7.0-7.1":0.211223100674,"8":0.0508981107312,"8.1":0.525622435382},"op_mob":{"10":0,"11":0,"11.1":0,"11.5":0,"12":0.124074046095,"12.1":0.372222138284,"0":null},"ie":{"5.5":null,"6":0.0210975609756,"7":0.0131859756098,"8":0.448323170732,"9":0.255807926829,"10":0.356021341463,"11":1.17355182927,"0":null},"ie_mob":{"10":0.640614777778,"11":1.05513022222},"bb":{"7":0.0851575,"10":null},"and_uc":{"0":3.946865},"op_mini":{"5.0-8.0":47.9546188156},"and_chr":{"0":2.96644},"and_ff":{"0":0.155505}},"total":90.6731003049}