{"id":"KH","name":"Cambodia","month":"2015-01","access_date":"2015-02-01","data":{"chrome":{"4":0.024445,"5":0.009778,"6":0.014667,"7":0.004889,"8":0.009778,"9":0.019556,"10":0.014667,"11":0.107558,"12":0.019556,"13":0.014667,"14":0.009778,"15":0.009778,"16":0.024445,"17":null,"18":0.009778,"19":null,"20":0.053779,"21":0.063557,"22":0.029334,"23":0.034223,"24":0.029334,"25":0.039112,"26":0.019556,"27":0.044001,"28":0.068446,"29":0.09778,"30":0.078224,"31":0.234672,"32":0.078224,"33":0.596458,"34":0.171115,"35":0.215116,"36":0.855575,"37":0.396009,"38":0.513345,"39":12.926516,"40":3.930756,"41":0.674682,"42":0.053779,"43":null},"firefox":{"2":0.014667,"3":0.039112,"3.5":0.009778,"3.6":0.09778,"4":0.073335,"5":0.009778,"6":0.024445,"7":0.019556,"8":0.014667,"9":0.019556,"10":0.034223,"11":0.073335,"12":0.249339,"13":0.068446,"14":0.09778,"15":0.073335,"16":0.171115,"17":0.044001,"18":0.04889,"19":0.068446,"20":0.063557,"21":0.09778,"22":0.063557,"23":0.107558,"24":0.151559,"25":0.102669,"26":0.117336,"27":0.107558,"28":0.102669,"29":0.425343,"30":0.376453,"31":0.469344,"32":1.119581,"33":0.645348,"34":6.331255,"35":7.421502,"36":1.119581,"37":0.009778,"38":0.004889},"opera":{"9":null,"9.5-9.6":null,"10.0-10.1":0,"10.5":null,"10.6":null,"11":null,"11.1":null,"11.5":null,"11.6":0.004889,"12":0.004889,"12.1":0.058668,"15":0.009778,"16":0.004889,"17":null,"18":0.024445,"19":null,"20":0.014667,"21":0.09778,"22":null,"23":null,"24":0.014667,"25":0.014667,"26":0.572013,"27":0.088002,"28":null,"29":null},"safari":{"3.1":null,"3.2":null,"4":0.039112,"5":0.034223,"5.1":0.141781,"6":0.088002,"6.1":0.068446,"7":0.254228,"7.1":0.259117,"8":0.699127},"android":{"2.1":0,"2.2":0,"2.3":0.323194137474,"3":0,"4":0.660173806879,"4.1":2.05710770914,"4.2-4.3":3.36979669405,"4.4":6.01968227618,"4.4.3-4.4.4":2.48905437628,"37":0},"ios_saf":{"3.2":0,"4.0-4.1":0,"4.2-4.3":0,"5.0-5.1":0.123058775018,"6.0-6.1":0.392924509705,"7.0-7.1":5.61752513326,"8":1.35364652519,"8.1":13.9790450568},"op_mob":{"10":0,"11":0,"11.1":0,"11.5":0,"12":0.00231663764405,"12.1":0.00694991293214,"0":null},"ie":{"5.5":null,"6":0.032817659919,"7":0.032817659919,"8":1.4986731363,"9":0.388342309042,"10":0.629005148448,"11":1.47132508637,"0":null},"ie_mob":{"10":0.370717866667,"11":0.610594133333},"bb":{"7":0.01149975,"10":null},"and_uc":{"0":1.216418},"op_mini":{"5.0-8.0":0.895380449424},"and_chr":{"0":9.112701},"and_ff":{"0":0.35777}},"total":97.10176175}