{"id":"KI","name":"Kiribati","month":"2015-01","access_date":"2015-02-01","data":{"chrome":{"4":null,"5":null,"6":null,"7":null,"8":null,"9":0.0885,"10":null,"11":null,"12":0.0177,"13":null,"14":0.18585,"15":null,"16":null,"17":null,"18":2.92935,"19":1.3806,"20":0.11505,"21":3.0975,"22":0.55755,"23":0.0531,"24":0.0354,"25":null,"26":null,"27":0.15045,"28":0.7965,"29":0.2478,"30":0.04425,"31":0.32745,"32":1.21245,"33":1.01775,"34":0.06195,"35":0.177,"36":0.9027,"37":0.32745,"38":0.18585,"39":5.841,"40":1.3098,"41":13.4166,"42":0.1239,"43":null},"firefox":{"2":0.00885,"3":0.32745,"3.5":null,"3.6":0.75225,"4":null,"5":0.0531,"6":0.354,"7":0.00885,"8":0.53985,"9":0.3363,"10":0.6195,"11":1.92045,"12":0.75225,"13":0.00885,"14":0.23895,"15":0.0708,"16":0.00885,"17":0.13275,"18":null,"19":0.13275,"20":0.0354,"21":0.36285,"22":0.45135,"23":0.89385,"24":0.9204,"25":0.6018,"26":0.0531,"27":3.44265,"28":0.20355,"29":0.52215,"30":0.2124,"31":0.3363,"32":0.32745,"33":1.19475,"34":9.53145,"35":3.8763,"36":1.0443,"37":null,"38":null},"opera":{"9":null,"9.5-9.6":null,"10.0-10.1":0,"10.5":null,"10.6":null,"11":null,"11.1":0.2124,"11.5":1.239,"11.6":null,"12":0.5133,"12.1":4.73475,"15":null,"16":null,"17":null,"18":null,"19":null,"20":null,"21":null,"22":null,"23":null,"24":null,"25":0.02655,"26":0.2478,"27":0.07965,"28":null,"29":null},"safari":{"3.1":null,"3.2":null,"4":0.02655,"5":1.67265,"5.1":0.7257,"6":0.02655,"6.1":null,"7":0.00885,"7.1":0.0708,"8":0.0177},"android":{"2.1":0,"2.2":0,"2.3":0.0513451386037,"3":0,"4":0.104880354209,"4.1":0.326808157084,"4.2-4.3":0.535352156057,"4.4":0.95633362423,"4.4.3-4.4.4":0.395430569815,"37":0},"ios_saf":{"3.2":0,"4.0-4.1":0,"4.2-4.3":0,"5.0-5.1":0.011332641054,"6.0-6.1":0.0361849240672,"7.0-7.1":0.517325123202,"8":0.124659051594,"8.1":1.28734826008},"op_mob":{"10":0,"11":0,"11.1":0,"11.5":0,"12":0.00167861715749,"12.1":0.00503585147247,"0":null},"ie":{"5.5":null,"6":null,"7":0.510522083333,"8":1.45991402778,"9":2.50782777778,"10":2.43617555556,"11":2.75861055556,"0":null},"ie_mob":{"10":1.23729777778,"11":2.03790222222},"bb":{"7":0,"10":null},"and_uc":{"0":0.10005},"op_mini":{"5.0-8.0":0.64878553137},"and_chr":{"0":1.57845},"and_ff":{"0":1.38345}},"total":95.4943}