{"id":"KM","name":"Comoros","month":"2015-01","access_date":"2015-02-01","data":{"chrome":{"4":null,"5":0.022761,"6":null,"7":null,"8":0.007587,"9":0.257958,"10":0.113805,"11":0.166914,"12":0.068283,"13":0.083457,"14":0.07587,"15":null,"16":null,"17":null,"18":0.022761,"19":null,"20":null,"21":null,"22":0.015174,"23":null,"24":null,"25":0.485568,"26":0.030348,"27":0.015174,"28":0.053109,"29":0.015174,"30":0.030348,"31":1.001484,"32":0.166914,"33":0.288306,"34":0.068283,"35":0.144153,"36":6.160644,"37":0.098631,"38":0.288306,"39":25.135731,"40":7.670457,"41":0.204849,"42":null,"43":null},"firefox":{"2":0.197262,"3":0.144153,"3.5":0.022761,"3.6":0.091044,"4":0.068283,"5":0.015174,"6":null,"7":0.015174,"8":null,"9":0.007587,"10":0.113805,"11":0.295893,"12":0.22761,"13":0.091044,"14":0.447633,"15":0.022761,"16":0.068283,"17":null,"18":0.037935,"19":null,"20":0.060696,"21":0.144153,"22":0.030348,"23":0.030348,"24":0.053109,"25":0.015174,"26":0.128979,"27":0.030348,"28":0.083457,"29":0.128979,"30":0.515916,"31":0.318654,"32":0.515916,"33":0.705591,"34":9.627903,"35":5.697837,"36":0.037935,"37":0.106218,"38":null},"opera":{"9":null,"9.5-9.6":null,"10.0-10.1":0.015174,"10.5":null,"10.6":null,"11":null,"11.1":null,"11.5":0.015174,"11.6":0.060696,"12":null,"12.1":0.053109,"15":0.030348,"16":0.083457,"17":null,"18":0.045522,"19":0.030348,"20":0.022761,"21":null,"22":0.007587,"23":null,"24":null,"25":null,"26":0.963549,"27":0.144153,"28":null,"29":null},"safari":{"3.1":null,"3.2":null,"4":0.022761,"5":0.022761,"5.1":0.356589,"6":0.068283,"6.1":0.068283,"7":0.091044,"7.1":0.189675,"8":0.121392},"android":{"2.1":0,"2.2":0,"2.3":0.112753742402,"3":0,"4":0.23031688614,"4.1":0.717669554723,"4.2-4.3":1.17563143737,"4.4":2.10010524949,"4.4.3-4.4.4":0.868364129877,"37":0},"ios_saf":{"3.2":0,"4.0-4.1":0,"4.2-4.3":0,"5.0-5.1":0.0094894021925,"6.0-6.1":0.0302994947199,"7.0-7.1":0.43318288605,"8":0.104383424117,"8.1":1.07796279292},"op_mob":{"10":0,"11":0,"11.1":0,"11.5":0,"12":0.0167952215109,"12.1":0.0503856645327,"0":null},"ie":{"5.5":null,"6":0.0459331182266,"7":null,"8":1.49282634236,"9":0.390431504926,"10":2.70239845567,"11":4.67752253941,"0":null},"ie_mob":{"10":0.0984504,"11":0.1621536},"bb":{"7":0.0132715,"10":null},"and_uc":{"0":2.808732},"op_mini":{"5.0-8.0":6.49135311396},"and_chr":{"0":5.998275},"and_ff":{"0":0.101346}},"total":97.1127114606}