{"id":"KP","name":"North Korea","month":"2015-01","access_date":"2015-02-01","data":{"chrome":{"4":null,"5":null,"6":null,"7":0.038492,"8":null,"9":null,"10":null,"11":null,"12":null,"13":null,"14":0.202083,"15":0.250198,"16":null,"17":null,"18":null,"19":null,"20":null,"21":0.163591,"22":0.558134,"23":0.038492,"24":null,"25":0.914185,"26":null,"27":0.721725,"28":null,"29":0.336805,"30":0.269444,"31":0.952677,"32":0.394543,"33":0.375297,"34":0.452281,"35":0.125099,"36":1.260613,"37":1.530057,"38":0.519642,"39":32.91066,"40":1.404958,"41":0.250198,"42":0.038492,"43":null},"firefox":{"2":null,"3":null,"3.5":null,"3.6":0.067361,"4":null,"5":null,"6":null,"7":null,"8":null,"9":null,"10":null,"11":null,"12":null,"13":null,"14":null,"15":null,"16":null,"17":null,"18":null,"19":0.086607,"20":null,"21":0.019246,"22":0.086607,"23":0.086607,"24":0.28869,"25":null,"26":0.038492,"27":null,"28":0.019246,"29":0.105853,"30":null,"31":0.163591,"32":1.558926,"33":0.644741,"34":21.36306,"35":11.326271,"36":0.144345,"37":0.211706,"38":null},"opera":{"9":null,"9.5-9.6":null,"10.0-10.1":0,"10.5":null,"10.6":null,"11":0.019246,"11.1":null,"11.5":null,"11.6":null,"12":0.086607,"12.1":0.182837,"15":null,"16":0.019246,"17":null,"18":null,"19":null,"20":0.038492,"21":null,"22":null,"23":0.202083,"24":null,"25":null,"26":0.269444,"27":null,"28":null,"29":null},"safari":{"3.1":0.019246,"3.2":null,"4":0,"5":null,"5.1":null,"6":null,"6.1":null,"7":null,"7.1":0.144345,"8":0.182837},"android":{"2.1":0,"2.2":0,"2.3":0.0237252602669,"3":0,"4":0.04846249846,"4.1":0.151009594969,"4.2-4.3":0.24737238193,"4.4":0.441897027721,"4.4.3-4.4.4":0.182718236653,"37":0},"ios_saf":{"3.2":0,"4.0-4.1":0,"4.2-4.3":0,"5.0-5.1":0.00864487579201,"6.0-6.1":0.0276029367394,"7.0-7.1":0.394630996681,"8":0.0950936337122,"8.1":0.982027557075},"op_mob":{"10":0,"11":0,"11.1":0,"11.5":0,"12":0.000138056338028,"12.1":0.000414169014085,"0":null},"ie":{"5.5":null,"6":0.339129657303,"7":null,"8":6.23400105337,"9":1.17697939888,"10":1.35651862921,"11":5.09691926124,"0":null},"ie_mob":{"10":0.128892111111,"11":0.212292888889},"bb":{"7":0,"10":null},"and_uc":{"0":0.125541},"op_mini":{"5.0-8.0":0.0533587746479},"and_chr":{"0":0.930599},"and_ff":{"0":0.053911}},"total":99.395278}