{"id":"KR","name":"South Korea","month":"2015-01","access_date":"2015-02-01","data":{"chrome":{"4":null,"5":null,"6":null,"7":null,"8":null,"9":null,"10":null,"11":0.036135,"12":null,"13":null,"14":null,"15":null,"16":null,"17":null,"18":0.07227,"19":0.021681,"20":null,"21":0.007227,"22":0.021681,"23":0.007227,"24":null,"25":0.014454,"26":0.050589,"27":0.21681,"28":0.036135,"29":0.065043,"30":0.079497,"31":0.990099,"32":0.086724,"33":0.137313,"34":0.14454,"35":0.173448,"36":0.245718,"37":0.21681,"38":0.332442,"39":11.288574,"40":3.967623,"41":0.043362,"42":0.021681,"43":null},"firefox":{"2":null,"3":0.007227,"3.5":null,"3.6":null,"4":null,"5":null,"6":null,"7":null,"8":null,"9":null,"10":0.007227,"11":null,"12":null,"13":null,"14":null,"15":null,"16":null,"17":null,"18":null,"19":null,"20":null,"21":null,"22":null,"23":null,"24":null,"25":null,"26":null,"27":null,"28":null,"29":null,"30":0.007227,"31":0.021681,"32":0.014454,"33":0.021681,"34":0.542025,"35":0.513117,"36":0.021681,"37":null,"38":null},"opera":{"9":null,"9.5-9.6":null,"10.0-10.1":0,"10.5":null,"10.6":null,"11":null,"11.1":null,"11.5":null,"11.6":null,"12":null,"12.1":0.028908,"15":null,"16":null,"17":null,"18":null,"19":null,"20":null,"21":null,"22":null,"23":null,"24":null,"25":null,"26":0.122859,"27":0.014454,"28":null,"29":null},"safari":{"3.1":null,"3.2":null,"4":0.028908,"5":0.021681,"5.1":0.057816,"6":0.028908,"6.1":0.043362,"7":0.079497,"7.1":0.093951,"8":0.375804},"android":{"2.1":0,"2.2":0,"2.3":0.14363257423,"3":0,"4":0.293391656366,"4.1":0.914211124127,"4.2-4.3":1.49759082136,"4.4":2.67524178542,"4.4.3-4.4.4":1.1061750385,"37":0},"ios_saf":{"3.2":0,"4.0-4.1":0,"4.2-4.3":0,"5.0-5.1":0.0234476490999,"6.0-6.1":0.0748679322136,"7.0-7.1":1.0703646133,"8":0.257924140099,"8.1":2.66357066529},"op_mob":{"10":0,"11":0,"11.1":0,"11.5":0,"12":0.000184629961588,"12.1":0.000553889884763,"0":null},"ie":{"5.5":null,"6":0.0725177474646,"7":0.210301467647,"8":13.241740687,"9":11.6028395943,"10":6.90368955863,"11":18.7385859449,"0":null},"ie_mob":{"10":0.00419031111111,"11":0.00690168888889},"bb":{"7":0.00207975,"10":null},"and_uc":{"0":0.05546},"op_mini":{"5.0-8.0":0.0713594801536},"and_chr":{"0":16.542493},"and_ff":{"0":0.044368}},"total":98.54723475}