{"id":"KW","name":"Kuwait","month":"2015-01","access_date":"2015-02-01","data":{"chrome":{"4":null,"5":0.003655,"6":null,"7":0.00731,"8":0.00731,"9":0.003655,"10":0.01462,"11":0.047515,"12":0.018275,"13":0.01462,"14":0.01462,"15":0.02924,"16":0.018275,"17":0.01462,"18":0.010965,"19":0.00731,"20":0.00731,"21":0.01462,"22":0.032895,"23":0.00731,"24":0.02924,"25":0.00731,"26":0.032895,"27":0.040205,"28":0.040205,"29":0.025585,"30":0.047515,"31":0.16813,"32":0.069445,"33":0.317985,"34":0.127925,"35":0.179095,"36":0.529975,"37":0.208335,"38":0.30702,"39":13.18724,"40":3.73541,"41":0.208335,"42":0.01462,"43":null},"firefox":{"2":null,"3":0.00731,"3.5":0.003655,"3.6":0.076755,"4":0.003655,"5":null,"6":0.03655,"7":0.010965,"8":null,"9":0.00731,"10":0.018275,"11":0.018275,"12":0.054825,"13":0.00731,"14":0.01462,"15":0.01462,"16":0.018275,"17":0.003655,"18":null,"19":0.01462,"20":0.018275,"21":0.018275,"22":0.003655,"23":0.00731,"24":0.018275,"25":0.00731,"26":0.010965,"27":0.01462,"28":0.047515,"29":0.025585,"30":0.03655,"31":0.062135,"32":0.054825,"33":0.105995,"34":1.95908,"35":1.80557,"36":0.10234,"37":null,"38":null},"opera":{"9":null,"9.5-9.6":null,"10.0-10.1":0,"10.5":null,"10.6":null,"11":null,"11.1":null,"11.5":null,"11.6":0.003655,"12":0.003655,"12.1":0.091375,"15":0.00731,"16":null,"17":0.003655,"18":0.003655,"19":null,"20":0.003655,"21":0.003655,"22":null,"23":null,"24":null,"25":0.00731,"26":0.40205,"27":0.076755,"28":null,"29":null},"safari":{"3.1":null,"3.2":null,"4":0.018275,"5":0.076755,"5.1":0.24854,"6":0.11696,"6.1":0.201025,"7":0.317985,"7.1":0.35088,"8":0.880855},"android":{"2.1":0,"2.2":0,"2.3":0.217313644251,"3":0,"4":0.443896590862,"4.1":1.38318589682,"4.2-4.3":2.26582946612,"4.4":4.04759536448,"4.4.3-4.4.4":1.67362403747,"37":0},"ios_saf":{"3.2":0,"4.0-4.1":0,"4.2-4.3":0,"5.0-5.1":0.109266987831,"6.0-6.1":0.348887575179,"7.0-7.1":4.98794214623,"8":1.20193686614,"8.1":12.4123464246},"op_mob":{"10":0,"11":0,"11.1":0,"11.5":0,"12":0.0223090524968,"12.1":0.0669271574904,"0":null},"ie":{"5.5":null,"6":0.0183267705382,"7":0.0952992067989,"8":2.11490932011,"9":1.33418889518,"10":0.916338526912,"11":4.57802728045,"0":null},"ie_mob":{"10":0.131835,"11":0.21714},"bb":{"7":0.0602775,"10":null},"and_uc":{"0":7.614},"op_mini":{"5.0-8.0":8.62244879001},"and_chr":{"0":16.55706},"and_ff":{"0":0.16497}},"total":98.5834375}