{"id":"KY","name":"Cayman Islands","month":"2015-01","access_date":"2015-02-01","data":{"chrome":{"4":null,"5":null,"6":null,"7":null,"8":null,"9":null,"10":null,"11":0.089748,"12":0.007479,"13":null,"14":null,"15":null,"16":0.007479,"17":null,"18":null,"19":null,"20":null,"21":0.044874,"22":0.014958,"23":null,"24":null,"25":0.007479,"26":0.014958,"27":0.014958,"28":0.029916,"29":0.037395,"30":0.029916,"31":0.142101,"32":0.089748,"33":0.097227,"34":0.179496,"35":0.164538,"36":0.493614,"37":0.396387,"38":0.650673,"39":25.062129,"40":6.491772,"41":0.142101,"42":0.007479,"43":null},"firefox":{"2":null,"3":0.037395,"3.5":0.022437,"3.6":0.082269,"4":null,"5":null,"6":0.007479,"7":null,"8":null,"9":null,"10":0.07479,"11":0.007479,"12":0.037395,"13":0.014958,"14":null,"15":0.037395,"16":0.044874,"17":null,"18":0.044874,"19":0.007479,"20":null,"21":0.014958,"22":0.022437,"23":0.029916,"24":0.22437,"25":null,"26":null,"27":null,"28":null,"29":0.014958,"30":0.052353,"31":0.119664,"32":0.119664,"33":0.284202,"34":4.509837,"35":3.911517,"36":0.082269,"37":null,"38":null},"opera":{"9":null,"9.5-9.6":null,"10.0-10.1":0,"10.5":null,"10.6":null,"11":null,"11.1":null,"11.5":null,"11.6":null,"12":null,"12.1":0.029916,"15":null,"16":null,"17":null,"18":null,"19":null,"20":null,"21":null,"22":null,"23":null,"24":null,"25":null,"26":0.127143,"27":0.052353,"28":null,"29":null},"safari":{"3.1":null,"3.2":null,"4":0.029916,"5":0.396387,"5.1":0.800253,"6":0.14958,"6.1":0.800253,"7":0.82269,"7.1":1.79496,"8":3.462777},"android":{"2.1":0,"2.2":0,"2.3":0.0709969507187,"3":0,"4":0.145022207392,"4.1":0.451890544148,"4.2-4.3":0.740252566735,"4.4":1.32236026694,"4.4.3-4.4.4":0.546777464066,"37":0},"ios_saf":{"3.2":0,"4.0-4.1":0,"4.2-4.3":0,"5.0-5.1":0.0631844799356,"6.0-6.1":0.201746935935,"7.0-7.1":2.88431608408,"8":0.695029279292,"8.1":7.17753522076},"op_mob":{"10":0,"11":0,"11.1":0,"11.5":0,"12":0.000187218950064,"12.1":0.000561656850192,"0":null},"ie":{"5.5":null,"6":0.014958,"7":0.082269,"8":1.862271,"9":1.772523,"10":2.580255,"11":14.546655,"0":null},"ie_mob":{"10":0.0980949111111,"11":0.161568088889},"bb":{"7":0.23256225,"10":null},"and_uc":{"0":0.335293},"op_mini":{"5.0-8.0":0.0723601241997},"and_chr":{"0":9.70871},"and_ff":{"0":0.171428}},"total":98.42643025}