{"id":"KZ","name":"Kazakhstan","month":"2015-01","access_date":"2015-02-01","data":{"chrome":{"4":0.02148,"5":0.04296,"6":0.01432,"7":0.00716,"8":0.05012,"9":0.05012,"10":0.0358,"11":0.10024,"12":0.12172,"13":0.02864,"14":0.01432,"15":0.12888,"16":0.11456,"17":0.44392,"18":0.06444,"19":null,"20":0.02864,"21":0.02148,"22":0.12888,"23":0.02864,"24":0.06444,"25":0.0358,"26":0.13604,"27":0.15036,"28":1.31028,"29":0.07876,"30":0.06444,"31":0.2506,"32":0.12888,"33":0.1432,"34":0.12888,"35":0.43676,"36":0.47256,"37":0.56564,"38":0.76612,"39":23.9502,"40":7.31752,"41":0.08592,"42":0.01432,"43":null},"firefox":{"2":null,"3":0.02864,"3.5":0.0358,"3.6":0.179,"4":0.02148,"5":0.01432,"6":0.00716,"7":0.01432,"8":0.00716,"9":0.0358,"10":0.04296,"11":0.05728,"12":0.07876,"13":0.01432,"14":0.02864,"15":0.02148,"16":0.0358,"17":0.01432,"18":0.02148,"19":0.02148,"20":0.0358,"21":0.01432,"22":0.02148,"23":0.02864,"24":0.0358,"25":0.02148,"26":0.0358,"27":0.02148,"28":0.05728,"29":0.05728,"30":0.08592,"31":0.31504,"32":0.17184,"33":0.22912,"34":4.05972,"35":3.82344,"36":0.02864,"37":null,"38":null},"opera":{"9":null,"9.5-9.6":0.01432,"10.0-10.1":0,"10.5":0.01432,"10.6":0.01432,"11":0.01432,"11.1":0.02148,"11.5":0.05012,"11.6":0.10024,"12":0.19332,"12.1":2.5418,"15":0.02148,"16":0.04296,"17":0.02148,"18":0.05728,"19":0.02864,"20":0.11456,"21":0.04296,"22":0.04296,"23":0.02148,"24":0.05012,"25":0.10024,"26":3.4726,"27":0.42244,"28":null,"29":null},"safari":{"3.1":null,"3.2":null,"4":0.02148,"5":0.02864,"5.1":0.10024,"6":0.04296,"6.1":0.08592,"7":0.15036,"7.1":0.179,"8":0.51552},"android":{"2.1":0,"2.2":0,"2.3":0.154977983573,"3":0,"4":0.316566402464,"4.1":0.986423848049,"4.2-4.3":1.61588418891,"4.4":2.88655675565,"4.4.3-4.4.4":1.19355082136,"37":0},"ios_saf":{"3.2":0,"4.0-4.1":0,"4.2-4.3":0,"5.0-5.1":0.0292403178115,"6.0-6.1":0.0933638217842,"7.0-7.1":1.33479485869,"8":0.321643495927,"8.1":3.32159750578},"op_mob":{"10":0,"11":0,"11.1":0,"11.5":0,"12":0.00180363636364,"12.1":0.00541090909091,"0":null},"ie":{"5.5":null,"6":0.0670331589537,"7":0.104273802817,"8":1.73541400402,"9":0.692675975855,"10":1.01294551308,"11":3.79109754527,"0":null},"ie_mob":{"10":0.180245333333,"11":0.296874666667},"bb":{"7":0.00497,"10":null},"and_uc":{"0":1.99368},"op_mini":{"5.0-8.0":0.697105454545},"and_chr":{"0":11.71},"and_ff":{"0":0.09088}},"total":90.43689}