{"id":"LB","name":"Lebanon","month":"2015-01","access_date":"2015-02-01","data":{"chrome":{"4":0.029832,"5":0.034804,"6":0.029832,"7":0.019888,"8":0.089496,"9":0.02486,"10":0.054692,"11":0.1243,"12":0.069608,"13":0.029832,"14":0.039776,"15":0.089496,"16":0.019888,"17":0.009944,"18":0.019888,"19":0.034804,"20":0.014916,"21":0.034804,"22":0.039776,"23":0.019888,"24":0.014916,"25":0.019888,"26":0.039776,"27":0.134244,"28":0.04972,"29":0.029832,"30":0.044748,"31":0.1243,"32":0.119328,"33":0.362956,"34":0.159104,"35":0.19888,"36":0.551892,"37":0.412676,"38":0.4972,"39":16.92966,"40":5.847072,"41":0.29832,"42":0.014916,"43":null},"firefox":{"2":null,"3":0.02486,"3.5":0.009944,"3.6":0.054692,"4":0.029832,"5":0.009944,"6":0.029832,"7":0.009944,"8":0.02486,"9":0.054692,"10":0.039776,"11":0.044748,"12":0.07458,"13":0.014916,"14":0.014916,"15":0.02486,"16":0.054692,"17":0.014916,"18":0.019888,"19":0.02486,"20":0.009944,"21":0.02486,"22":0.039776,"23":0.014916,"24":0.014916,"25":0.044748,"26":0.04972,"27":0.029832,"28":0.019888,"29":0.059664,"30":0.09944,"31":0.139216,"32":0.119328,"33":0.253572,"34":3.798608,"35":3.400848,"36":0.159104,"37":0.009944,"38":0.004972},"opera":{"9":null,"9.5-9.6":null,"10.0-10.1":0,"10.5":null,"10.6":null,"11":null,"11.1":null,"11.5":null,"11.6":0.004972,"12":0.004972,"12.1":0.07458,"15":null,"16":null,"17":0.009944,"18":0.009944,"19":null,"20":null,"21":null,"22":null,"23":null,"24":null,"25":null,"26":0.328152,"27":0.064636,"28":null,"29":null},"safari":{"3.1":null,"3.2":null,"4":0.019888,"5":0.144188,"5.1":0.512116,"6":0.238656,"6.1":0.303292,"7":0.507144,"7.1":0.517088,"8":1.04412},"android":{"2.1":0,"2.2":0,"2.3":0.393538049692,"3":0,"4":0.803862082546,"4.1":2.50484170965,"4.2-4.3":4.10324032854,"4.4":7.32987931417,"4.4.3-4.4.4":3.0308025154,"37":0},"ios_saf":{"3.2":0,"4.0-4.1":0,"4.2-4.3":0,"5.0-5.1":0.0629513893191,"6.0-6.1":0.201002681686,"7.0-7.1":2.8736757019,"8":0.69246528251,"8.1":7.15105694458},"op_mob":{"10":0,"11":0,"11.1":0,"11.5":0,"12":0.00439064788732,"12.1":0.013171943662,"0":null},"ie":{"5.5":null,"6":0.0548346499739,"7":0.189428790819,"8":2.11861147626,"9":1.66996434011,"10":1.0917080313,"11":4.43163671153,"0":null},"ie_mob":{"10":0.113968,"11":0.187712},"bb":{"7":0.118158,"10":null},"and_uc":{"0":1.925724},"op_mini":{"5.0-8.0":1.69698540845},"and_chr":{"0":15.570036},"and_ff":{"0":0.181008}},"total":97.848146}