{"id":"LC","name":"Saint Lucia","month":"2015-01","access_date":"2015-02-01","data":{"chrome":{"4":null,"5":null,"6":null,"7":null,"8":0.021066,"9":null,"10":null,"11":0.084264,"12":0.007022,"13":null,"14":0.021066,"15":0.007022,"16":null,"17":null,"18":0.014044,"19":null,"20":0.021066,"21":0.007022,"22":0.10533,"23":0.021066,"24":null,"25":null,"26":0.014044,"27":0.049154,"28":0.056176,"29":0.119374,"30":0.014044,"31":0.646024,"32":0.126396,"33":0.414298,"34":0.330034,"35":1.004146,"36":1.741456,"37":0.428342,"38":1.706346,"39":27.673702,"40":8.763456,"41":1.109476,"42":0.049154,"43":null},"firefox":{"2":0.014044,"3":0.056176,"3.5":null,"3.6":0.077242,"4":null,"5":0.042132,"6":null,"7":null,"8":null,"9":null,"10":0.028088,"11":0.056176,"12":0.007022,"13":null,"14":null,"15":null,"16":0.014044,"17":null,"18":0.063198,"19":null,"20":null,"21":null,"22":null,"23":null,"24":0.03511,"25":0.014044,"26":0.007022,"27":null,"28":0.042132,"29":0.056176,"30":0.049154,"31":0.10533,"32":0.042132,"33":0.098308,"34":4.557278,"35":3.812946,"36":0.17555,"37":null,"38":null},"opera":{"9":null,"9.5-9.6":null,"10.0-10.1":0,"10.5":null,"10.6":null,"11":null,"11.1":null,"11.5":null,"11.6":null,"12":null,"12.1":0.161506,"15":null,"16":null,"17":null,"18":null,"19":0.049154,"20":0.021066,"21":null,"22":null,"23":null,"24":0.007022,"25":null,"26":0.681134,"27":0.10533,"28":null,"29":null},"safari":{"3.1":null,"3.2":null,"4":0.028088,"5":0.042132,"5.1":0.428342,"6":0.03511,"6.1":0.24577,"7":0.308968,"7.1":0.372166,"8":0.80753},"android":{"2.1":0,"2.2":0,"2.3":0.241730741889,"3":0,"4":0.493772273717,"4.1":1.53859898747,"4.2-4.3":2.52041531828,"4.4":4.5023782731,"4.4.3-4.4.4":1.86167040554,"37":0},"ios_saf":{"3.2":0,"4.0-4.1":0,"4.2-4.3":0,"5.0-5.1":0.0198375592879,"6.0-6.1":0.063340978779,"7.0-7.1":0.905567180127,"8":0.218213152167,"8.1":2.25347712964},"op_mob":{"10":0,"11":0,"11.1":0,"11.5":0,"12":0.00218107042254,"12.1":0.00654321126761,"0":null},"ie":{"5.5":null,"6":null,"7":0.0211443608184,"8":0.718908267824,"9":0.634330824551,"10":0.923303755735,"11":9.07093079107,"0":null},"ie_mob":{"10":0.522010311111,"11":0.859781688889},"bb":{"7":0.3223685,"10":null},"and_uc":{"0":0.458612},"op_mini":{"5.0-8.0":0.84298371831},"and_chr":{"0":9.111988},"and_ff":{"0":0.32758}},"total":95.6428805}