{"id":"LI","name":"Liechtenstein","month":"2015-01","access_date":"2015-02-01","data":{"chrome":{"4":null,"5":null,"6":null,"7":null,"8":null,"9":null,"10":null,"11":0.059577,"12":0.017022,"13":null,"14":null,"15":null,"16":null,"17":null,"18":null,"19":null,"20":null,"21":0.025533,"22":0.042555,"23":0.008511,"24":null,"25":0.017022,"26":null,"27":0.017022,"28":null,"29":null,"30":null,"31":0.034044,"32":0.008511,"33":null,"34":0.017022,"35":0.110643,"36":0.25533,"37":0.025533,"38":0.238308,"39":16.885824,"40":4.195923,"41":0.034044,"42":null,"43":null},"firefox":{"2":null,"3":null,"3.5":null,"3.6":0.042555,"4":null,"5":0.008511,"6":null,"7":null,"8":null,"9":null,"10":0.017022,"11":null,"12":0.076599,"13":null,"14":null,"15":0.076599,"16":0.025533,"17":0.025533,"18":null,"19":0.017022,"20":null,"21":0.034044,"22":0.008511,"23":0.068088,"24":0.025533,"25":0.017022,"26":0.076599,"27":0.025533,"28":0.059577,"29":0.076599,"30":0.110643,"31":0.587259,"32":0.068088,"33":0.493638,"34":11.464317,"35":8.25567,"36":0.017022,"37":0.025533,"38":null},"opera":{"9":null,"9.5-9.6":null,"10.0-10.1":0,"10.5":null,"10.6":null,"11":0.025533,"11.1":null,"11.5":null,"11.6":null,"12":null,"12.1":0.25533,"15":null,"16":null,"17":null,"18":null,"19":null,"20":null,"21":0.017022,"22":null,"23":0.017022,"24":null,"25":0.051066,"26":0.612792,"27":0.025533,"28":null,"29":null},"safari":{"3.1":null,"3.2":null,"4":0.119154,"5":0.527682,"5.1":1.829865,"6":0.297885,"6.1":2.051151,"7":0.8511,"7.1":1.846887,"8":4.289544},"android":{"2.1":0,"2.2":0,"2.3":0.0498364019507,"3":0,"4":0.101798527207,"4.1":0.317205155544,"4.2-4.3":0.519621252567,"4.4":0.928232510267,"4.4.3-4.4.4":0.383811152464,"37":0},"ios_saf":{"3.2":0,"4.0-4.1":0,"4.2-4.3":0,"5.0-5.1":0.0378313523082,"6.0-6.1":0.120794844212,"7.0-7.1":1.72696804747,"8":0.41614487539,"8.1":4.29750888062},"op_mob":{"10":0,"11":0,"11.1":0,"11.5":0,"12":1.90653008963e-5,"12.1":5.71959026889e-5,"0":null},"ie":{"5.5":null,"6":0.0255567148607,"7":0.11926466935,"8":1.63562975108,"9":2.11268842848,"10":2.76012520495,"11":20.8627982313,"0":null},"ie_mob":{"10":0.0703138888889,"11":0.115811111111},"bb":{"7":0.00483925,"10":null},"and_uc":{"0":null},"op_mini":{"5.0-8.0":0.00736873879641},"and_chr":{"0":5.596965},"and_ff":{"0":0.259086}},"total":98.98331625}