{"id":"LK","name":"Sri Lanka","month":"2015-01","access_date":"2015-02-01","data":{"chrome":{"4":0.021195,"5":0.063585,"6":0.055107,"7":0.072063,"8":0.021195,"9":0.033912,"10":0.059346,"11":0.101736,"12":0.08478,"13":0.046629,"14":0.038151,"15":0.029673,"16":0.055107,"17":0.012717,"18":0.021195,"19":0.008478,"20":0.021195,"21":0.016956,"22":0.025434,"23":0.021195,"24":0.016956,"25":0.038151,"26":0.029673,"27":0.072063,"28":0.067824,"29":0.050868,"30":0.050868,"31":0.139887,"32":0.076302,"33":0.279774,"34":0.118692,"35":0.216189,"36":0.741825,"37":0.360315,"38":0.462051,"39":16.671987,"40":4.060962,"41":0.173799,"42":0.012717,"43":null},"firefox":{"2":0.008478,"3":0.033912,"3.5":0.038151,"3.6":0.156843,"4":0.063585,"5":0.050868,"6":0.046629,"7":0.04239,"8":0.04239,"9":0.046629,"10":0.059346,"11":0.072063,"12":0.186516,"13":0.101736,"14":0.105975,"15":0.080541,"16":0.122931,"17":0.050868,"18":0.067824,"19":0.063585,"20":0.063585,"21":0.055107,"22":0.055107,"23":0.050868,"24":0.063585,"25":0.050868,"26":0.059346,"27":0.059346,"28":0.050868,"29":0.12717,"30":0.233145,"31":0.241623,"32":0.224667,"33":0.474768,"34":5.048649,"35":3.594672,"36":0.182277,"37":0.012717,"38":0.008478},"opera":{"9":null,"9.5-9.6":0.004239,"10.0-10.1":0,"10.5":null,"10.6":null,"11":0.004239,"11.1":null,"11.5":0.012717,"11.6":0.021195,"12":0.016956,"12.1":0.118692,"15":0.025434,"16":0.016956,"17":0.012717,"18":0.021195,"19":0.012717,"20":0.025434,"21":0.008478,"22":0.016956,"23":0.004239,"24":0.012717,"25":0.021195,"26":0.699435,"27":0.080541,"28":null,"29":null},"safari":{"3.1":null,"3.2":null,"4":0.008478,"5":0.021195,"5.1":0.050868,"6":0.029673,"6.1":0.025434,"7":0.067824,"7.1":0.059346,"8":0.16956},"android":{"2.1":0,"2.2":0,"2.3":0.362549666838,"3":0,"4":0.740563537474,"4.1":2.30760285575,"4.2-4.3":3.78013870637,"4.4":6.75270232546,"4.4.3-4.4.4":2.79214790811,"37":0},"ios_saf":{"3.2":0,"4.0-4.1":0,"4.2-4.3":0,"5.0-5.1":0.0120214450367,"6.0-6.1":0.0383842630997,"7.0-7.1":0.548768420799,"8":0.132235895404,"8.1":1.36559397566},"op_mob":{"10":0,"11":0,"11.1":0,"11.5":0,"12":0.0392574161332,"12.1":0.117772248399,"0":null},"ie":{"5.5":null,"6":0.0945668842105,"7":0.0558804315789,"8":0.954265831579,"9":0.404058505263,"10":0.704953136842,"11":1.46148821053,"0":null},"ie_mob":{"10":0.602856644444,"11":0.992940355556},"bb":{"7":0.040327,"10":null},"and_uc":{"0":6.175792},"op_mini":{"5.0-8.0":15.1729913355},"and_chr":{"0":7.328521},"and_ff":{"0":0.190113}},"total":91.285581}