{"id":"LR","name":"Liberia","month":"2015-01","access_date":"2015-02-01","data":{"chrome":{"4":0.009207,"5":null,"6":null,"7":null,"8":null,"9":0.006138,"10":null,"11":0.046035,"12":0.006138,"13":0.021483,"14":null,"15":null,"16":null,"17":null,"18":0.003069,"19":0.006138,"20":0.006138,"21":null,"22":0.006138,"23":null,"24":null,"25":0.003069,"26":0.015345,"27":null,"28":0.070587,"29":0.03069,"30":0.009207,"31":0.055242,"32":0.027621,"33":0.147312,"34":0.027621,"35":0.055242,"36":0.481833,"37":0.039897,"38":0.362142,"39":6.616764,"40":1.87209,"41":0.076725,"42":null,"43":null},"firefox":{"2":0.009207,"3":0.055242,"3.5":0.024552,"3.6":0.193347,"4":0.079794,"5":0.027621,"6":0.107415,"7":0.052173,"8":0.009207,"9":0.033759,"10":0.064449,"11":0.049104,"12":0.171864,"13":0.018414,"14":0.073656,"15":0.039897,"16":0.110484,"17":0.058311,"18":0.018414,"19":0.009207,"20":0.128898,"21":0.03069,"22":0.058311,"23":0.012276,"24":0.027621,"25":0.027621,"26":0.036828,"27":0.021483,"28":0.021483,"29":0.052173,"30":0.285417,"31":0.230175,"32":0.107415,"33":0.297693,"34":4.324221,"35":2.642409,"36":0.254727,"37":0.003069,"38":null},"opera":{"9":null,"9.5-9.6":null,"10.0-10.1":0,"10.5":null,"10.6":null,"11":0.012276,"11.1":0.006138,"11.5":0.006138,"11.6":0.012276,"12":null,"12.1":0.113553,"15":0.009207,"16":null,"17":null,"18":null,"19":0.003069,"20":0.006138,"21":0.003069,"22":null,"23":null,"24":0.006138,"25":0.006138,"26":0.365211,"27":0.064449,"28":null,"29":null},"safari":{"3.1":null,"3.2":null,"4":0.003069,"5":0.012276,"5.1":0.110484,"6":0.089001,"6.1":0.089001,"7":0.116622,"7.1":0.168795,"8":0.380556},"android":{"2.1":0,"2.2":0,"2.3":0.411105077823,"3":0,"4":0.839745443326,"4.1":2.61665459487,"4.2-4.3":4.28640365503,"4.4":7.65707562012,"4.4.3-4.4.4":3.16609360883,"37":0},"ios_saf":{"3.2":0,"4.0-4.1":0,"4.2-4.3":0,"5.0-5.1":0.0159727380066,"6.0-6.1":0.0510006722317,"7.0-7.1":0.729141478829,"8":0.175700118073,"8.1":1.81444699286},"op_mob":{"10":0,"11":0,"11.1":0,"11.5":0,"12":0.0792672112676,"12.1":0.237801633803,"0":null},"ie":{"5.5":null,"6":0.0953059105263,"7":0.138347289474,"8":1.34043151579,"9":0.774744821053,"10":1.54641525789,"11":4.86367582105,"0":null},"ie_mob":{"10":0.371809644444,"11":0.612392355556},"bb":{"7":0.020793,"10":null},"and_uc":{"0":6.542864},"op_mini":{"5.0-8.0":30.6367771549},"and_chr":{"0":4.79136},"and_ff":{"0":0.117827}},"total":95.2872546158}