{"id":"LT","name":"Lithuania","month":"2015-01","access_date":"2015-02-01","data":{"chrome":{"4":0.00912,"5":null,"6":null,"7":null,"8":null,"9":null,"10":null,"11":0.06384,"12":null,"13":null,"14":null,"15":null,"16":null,"17":null,"18":0.05472,"19":null,"20":null,"21":0.00912,"22":0.0456,"23":null,"24":0.00912,"25":0.01824,"26":0.06384,"27":0.0456,"28":0.0456,"29":0.0456,"30":0.02736,"31":0.33744,"32":0.17328,"33":0.23712,"34":0.33744,"35":0.48336,"36":1.0944,"37":1.38624,"38":1.13088,"39":30.57936,"40":8.96496,"41":0.2736,"42":0.03648,"43":null},"firefox":{"2":null,"3":0.02736,"3.5":0.00912,"3.6":0.06384,"4":null,"5":null,"6":0.01824,"7":null,"8":null,"9":0.00912,"10":0.01824,"11":0.06384,"12":0.03648,"13":0.01824,"14":0.02736,"15":0.01824,"16":0.02736,"17":0.01824,"18":0.01824,"19":0.03648,"20":0.02736,"21":0.03648,"22":0.01824,"23":0.02736,"24":0.0456,"25":0.01824,"26":0.03648,"27":0.02736,"28":0.06384,"29":0.0456,"30":0.08208,"31":0.73872,"32":0.55632,"33":0.26448,"34":11.56416,"35":10.36944,"36":0.1368,"37":0.01824,"38":null},"opera":{"9":null,"9.5-9.6":null,"10.0-10.1":0,"10.5":null,"10.6":null,"11":null,"11.1":null,"11.5":null,"11.6":0.00912,"12":0.03648,"12.1":1.03968,"15":0.01824,"16":0.01824,"17":0.02736,"18":0.03648,"19":0.02736,"20":0.06384,"21":0.02736,"22":0.01824,"23":null,"24":0.01824,"25":0.03648,"26":3.77568,"27":0.65664,"28":null,"29":null},"safari":{"3.1":null,"3.2":null,"4":0.02736,"5":0.08208,"5.1":0.19152,"6":0.03648,"6.1":0.11856,"7":0.3192,"7.1":0.26448,"8":0.96672},"android":{"2.1":0,"2.2":0,"2.3":0.0493939301848,"3":0,"4":0.100894710472,"4.1":0.314388854209,"4.2-4.3":0.515007802875,"4.4":0.919991211499,"4.4.3-4.4.4":0.38040349076,"37":0},"ios_saf":{"3.2":0,"4.0-4.1":0,"4.2-4.3":0,"5.0-5.1":0.0068961802273,"6.0-6.1":0.0220193824801,"7.0-7.1":0.314804578095,"8":0.0758579825003,"8.1":0.783381876697},"op_mob":{"10":0,"11":0,"11.1":0,"11.5":0,"12":0.0012461971831,"12.1":0.0037385915493,"0":null},"ie":{"5.5":null,"6":0.0742021021466,"7":0.0927526276832,"8":1.71592361214,"9":1.16868310881,"10":0.983177853442,"11":8.48686543301,"0":null},"ie_mob":{"10":0.178190222222,"11":0.293489777778},"bb":{"7":0.00528,"10":null},"and_uc":{"0":0.06952},"op_mini":{"5.0-8.0":0.481655211268},"and_chr":{"0":4.0592},"and_ff":{"0":0.066}},"total":98.9383247372}