{"id":"LU","name":"Luxembourg","month":"2015-01","access_date":"2015-02-01","data":{"chrome":{"4":null,"5":null,"6":null,"7":null,"8":null,"9":null,"10":0.015872,"11":0.063488,"12":null,"13":0.015872,"14":0.007936,"15":0.015872,"16":null,"17":null,"18":0.015872,"19":null,"20":null,"21":0.023808,"22":0.047616,"23":0.03968,"24":0.007936,"25":0.031744,"26":0.015872,"27":0.031744,"28":0.031744,"29":0.023808,"30":0.055552,"31":0.372992,"32":0.111104,"33":0.111104,"34":0.111104,"35":0.206336,"36":0.31744,"37":0.269824,"38":0.35712,"39":18.681344,"40":5.642496,"41":0.134912,"42":0.015872,"43":null},"firefox":{"2":null,"3":0.015872,"3.5":null,"3.6":0.063488,"4":0.015872,"5":0.007936,"6":0.007936,"7":0.015872,"8":0.007936,"9":0.015872,"10":0.047616,"11":0.023808,"12":0.063488,"13":0.015872,"14":0.015872,"15":0.023808,"16":0.142848,"17":0.07936,"18":0.015872,"19":0.031744,"20":0.031744,"21":0.023808,"22":0.111104,"23":0.055552,"24":0.190464,"25":0.047616,"26":0.071424,"27":0.03968,"28":0.071424,"29":0.23808,"30":0.166656,"31":0.95232,"32":0.230144,"33":0.452352,"34":10.483456,"35":8.515328,"36":0.071424,"37":0.007936,"38":0.007936},"opera":{"9":null,"9.5-9.6":null,"10.0-10.1":0,"10.5":null,"10.6":null,"11":null,"11.1":null,"11.5":null,"11.6":null,"12":0.015872,"12.1":0.23808,"15":null,"16":null,"17":null,"18":0.015872,"19":0.015872,"20":null,"21":null,"22":null,"23":null,"24":null,"25":null,"26":0.444416,"27":0.07936,"28":null,"29":null},"safari":{"3.1":null,"3.2":null,"4":0.087296,"5":0.293632,"5.1":1.62688,"6":0.1984,"6.1":1.03168,"7":0.777728,"7.1":1.809408,"8":3.912448},"android":{"2.1":0,"2.2":0,"2.3":0.0480216936345,"3":0,"4":0.0980917059548,"4.1":0.305654666119,"4.2-4.3":0.500700123203,"4.4":0.894432492813,"4.4.3-4.4.4":0.369835318275,"37":0},"ios_saf":{"3.2":0,"4.0-4.1":0,"4.2-4.3":0,"5.0-5.1":0.0592677091421,"6.0-6.1":0.189240755506,"7.0-7.1":2.70551893312,"8":0.651944800563,"8.1":6.73260380167},"op_mob":{"10":0,"11":0,"11.1":0,"11.5":0,"12":0.000147994878361,"12.1":0.000443984635083,"0":null},"ie":{"5.5":null,"6":0.580324693333,"7":0.07154688,"8":3.37860266667,"9":3.04471722667,"10":1.43888725333,"11":9.96886528,"0":null},"ie_mob":{"10":0.1309952,"11":0.2157568},"bb":{"7":0.014964,"10":null},"and_uc":{"0":0.130032},"op_mini":{"5.0-8.0":0.0572000204866},"and_chr":{"0":7.345744},"and_ff":{"0":0.130032}},"total":98.7661}