{"id":"LY","name":"Libya","month":"2015-01","access_date":"2015-02-01","data":{"chrome":{"4":0.082746,"5":0.050567,"6":0.151701,"7":0.022985,"8":0.073552,"9":0.064358,"10":0.036776,"11":0.147104,"12":0.068955,"13":0.156298,"14":0.114925,"15":0.252835,"16":0.160895,"17":0.036776,"18":0.027582,"19":0.036776,"20":0.027582,"21":0.04597,"22":0.018388,"23":0.041373,"24":0.027582,"25":0.032179,"26":0.041373,"27":0.055164,"28":0.032179,"29":0.04597,"30":0.09194,"31":0.160895,"32":0.119522,"33":0.87343,"34":0.216059,"35":0.239044,"36":1.048116,"37":0.372357,"38":0.565431,"39":16.953736,"40":5.162431,"41":0.170089,"42":0.013791,"43":null},"firefox":{"2":0.009194,"3":0.027582,"3.5":0.018388,"3.6":0.068955,"4":0.027582,"5":0.032179,"6":0.078149,"7":0.064358,"8":0.064358,"9":0.064358,"10":0.068955,"11":0.055164,"12":0.298805,"13":0.055164,"14":0.036776,"15":0.041373,"16":0.059761,"17":0.022985,"18":0.032179,"19":0.027582,"20":0.04597,"21":0.022985,"22":0.018388,"23":0.073552,"24":0.041373,"25":0.055164,"26":0.064358,"27":0.04597,"28":0.04597,"29":0.096537,"30":0.22985,"31":0.179283,"32":0.202268,"33":0.395342,"34":3.792525,"35":3.53969,"36":0.160895,"37":0.004597,"38":null},"opera":{"9":null,"9.5-9.6":null,"10.0-10.1":0,"10.5":null,"10.6":null,"11":0.004597,"11.1":null,"11.5":0.013791,"11.6":0.032179,"12":0.032179,"12.1":0.239044,"15":0.04597,"16":0.004597,"17":0.009194,"18":0.022985,"19":0.004597,"20":0.009194,"21":null,"22":null,"23":null,"24":null,"25":0.009194,"26":0.606804,"27":0.096537,"28":null,"29":null},"safari":{"3.1":null,"3.2":null,"4":0.009194,"5":0.004597,"5.1":0.032179,"6":0.009194,"6.1":0.018388,"7":0.064358,"7.1":0.04597,"8":0.114925},"android":{"2.1":0,"2.2":0,"2.3":0.246031762423,"3":0,"4":0.502557770637,"4.1":1.56597467741,"4.2-4.3":2.56526008214,"4.4":4.58248732854,"4.4.3-4.4.4":1.89479437885,"37":0},"ios_saf":{"3.2":0,"4.0-4.1":0,"4.2-4.3":0,"5.0-5.1":0.0247479461933,"6.0-6.1":0.0790197580207,"7.0-7.1":1.129722035,"8":0.272227408126,"8.1":2.81127985266},"op_mob":{"10":0,"11":0,"11.1":0,"11.5":0,"12":0.044745971831,"12.1":0.134237915493,"0":null},"ie":{"5.5":0.0046371963434,"6":0.0788323378378,"7":0.0417347670906,"8":1.34014974324,"9":0.737314218601,"10":0.950625250397,"11":2.6710250938,"0":null},"ie_mob":{"10":0.0632751333333,"11":0.104217866667},"bb":{"7":0.005403,"10":null},"and_uc":{"0":2.080155},"op_mini":{"5.0-8.0":17.2943181127},"and_chr":{"0":12.141764},"and_ff":{"0":0.232329}},"total":93.0365306073}