{"id":"MA","name":"Morocco","month":"2015-01","access_date":"2015-02-01","data":{"chrome":{"4":0.07622,"5":0.083842,"6":0.198172,"7":0.083842,"8":0.068598,"9":0.030488,"10":0.07622,"11":0.129574,"12":0.167684,"13":0.091464,"14":0.068598,"15":0.030488,"16":0.03811,"17":0.045732,"18":0.007622,"19":0.030488,"20":0.015244,"21":0.030488,"22":0.106708,"23":0.068598,"24":0.060976,"25":0.07622,"26":0.121952,"27":0.137196,"28":0.121952,"29":0.160062,"30":0.320124,"31":0.701224,"32":0.198172,"33":0.975616,"34":0.327746,"35":0.68598,"36":1.29574,"37":1.29574,"38":1.303362,"39":27.866032,"40":8.7653,"41":0.236282,"42":0.022866,"43":null},"firefox":{"2":0.022866,"3":0.274392,"3.5":0.068598,"3.6":0.289636,"4":0.060976,"5":0.053354,"6":0.022866,"7":0.030488,"8":0.03811,"9":0.03811,"10":0.07622,"11":0.07622,"12":0.182928,"13":0.07622,"14":0.091464,"15":0.07622,"16":0.121952,"17":0.07622,"18":0.07622,"19":0.083842,"20":0.11433,"21":0.083842,"22":0.068598,"23":0.091464,"24":0.091464,"25":0.121952,"26":0.129574,"27":0.121952,"28":0.11433,"29":0.236282,"30":0.3811,"31":0.68598,"32":0.701224,"33":0.83842,"34":7.675354,"35":6.623518,"36":0.144818,"37":0.007622,"38":0.007622},"opera":{"9":null,"9.5-9.6":null,"10.0-10.1":0,"10.5":null,"10.6":null,"11":null,"11.1":null,"11.5":null,"11.6":0.022866,"12":0.015244,"12.1":0.144818,"15":0.007622,"16":0.007622,"17":0.007622,"18":0.015244,"19":0.015244,"20":0.030488,"21":0.015244,"22":0.015244,"23":0.007622,"24":0.022866,"25":0.03811,"26":1.425314,"27":0.243904,"28":null,"29":null},"safari":{"3.1":null,"3.2":null,"4":0.083842,"5":0.099086,"5.1":0.19055,"6":0.083842,"6.1":0.083842,"7":0.22866,"7.1":0.11433,"8":0.365856},"android":{"2.1":0,"2.2":0,"2.3":0.173348631417,"3":0,"4":0.354091280287,"4.1":1.10335171561,"4.2-4.3":1.80742648871,"4.4":3.22872095483,"4.4.3-4.4.4":1.33503092916,"37":0},"ios_saf":{"3.2":0,"4.0-4.1":0,"4.2-4.3":0,"5.0-5.1":0.0175038785075,"6.0-6.1":0.0558895769888,"7.0-7.1":0.799036699588,"8":0.192542663582,"8.1":1.98837918133},"op_mob":{"10":0,"11":0,"11.1":0,"11.5":0,"12":0.0062114212548,"12.1":0.0186342637644,"0":null},"ie":{"5.5":null,"6":0.138642164852,"7":0.225293517885,"8":2.05363706687,"9":0.519908118196,"10":0.554568659409,"11":2.07963247278,"0":null},"ie_mob":{"10":0.240759288889,"11":0.396544711111},"bb":{"7":0.0422095,"10":null},"and_uc":{"0":0.587366},"op_mini":{"5.0-8.0":2.40071431498},"and_chr":{"0":7.186386},"and_ff":{"0":0.126034}},"total":97.1140155}