{"id":"MC","name":"Monaco","month":"2015-01","access_date":"2015-02-01","data":{"chrome":{"4":null,"5":null,"6":null,"7":null,"8":null,"9":null,"10":null,"11":0.044065,"12":0.026439,"13":null,"14":null,"15":null,"16":0.123382,"17":null,"18":0.017626,"19":null,"20":null,"21":0.132195,"22":null,"23":0.070504,"24":null,"25":0.185073,"26":0.079317,"27":0.044065,"28":null,"29":0.158634,"30":0.017626,"31":0.079317,"32":0.105756,"33":0.114569,"34":0.149821,"35":0.08813,"36":0.35252,"37":0.334894,"38":0.449463,"39":19.635364,"40":6.60975,"41":0.114569,"42":null,"43":null},"firefox":{"2":null,"3":0.017626,"3.5":0.079317,"3.6":0.044065,"4":0.017626,"5":null,"6":null,"7":0.026439,"8":null,"9":null,"10":null,"11":0.008813,"12":null,"13":null,"14":0.008813,"15":0.008813,"16":0.052878,"17":0.008813,"18":null,"19":0.158634,"20":null,"21":null,"22":null,"23":0.035252,"24":0.008813,"25":null,"26":0.026439,"27":0.035252,"28":0.035252,"29":0.017626,"30":0.026439,"31":0.149821,"32":0.123382,"33":0.17626,"34":11.01625,"35":6.759571,"36":0.026439,"37":null,"38":0.017626},"opera":{"9":null,"9.5-9.6":null,"10.0-10.1":0,"10.5":null,"10.6":null,"11":null,"11.1":null,"11.5":null,"11.6":null,"12":null,"12.1":0.105756,"15":null,"16":null,"17":null,"18":null,"19":null,"20":null,"21":null,"22":null,"23":null,"24":null,"25":null,"26":0.132195,"27":0.026439,"28":null,"29":null},"safari":{"3.1":null,"3.2":null,"4":0.141008,"5":0.810796,"5.1":2.29138,"6":0.669788,"6.1":1.533462,"7":2.361884,"7.1":3.296062,"8":8.293033},"android":{"2.1":0,"2.2":0,"2.3":0.0138857063655,"3":0,"4":0.0283636940452,"4.1":0.0883815338809,"4.2-4.3":0.144779876797,"4.4":0.258629507187,"4.4.3-4.4.4":0.106939681725,"37":0},"ios_saf":{"3.2":0,"4.0-4.1":0,"4.2-4.3":0,"5.0-5.1":0.0439991042945,"6.0-6.1":0.140488368098,"7.0-7.1":2.00852051534,"8":0.483990147239,"8.1":4.99814386503},"op_mob":{"10":0,"11":0,"11.1":0,"11.5":0,"12":1.21587708067e-5,"12.1":3.647631242e-5,"0":null},"ie":{"5.5":null,"6":null,"7":0.0882111510129,"8":2.38170107735,"9":2.53166003407,"10":1.46430510681,"11":12.6935846308,"0":null},"ie_mob":{"10":0.170400444444,"11":0.280659555556},"bb":{"7":0.0480735,"10":null},"and_uc":{"0":0.010683},"op_mini":{"5.0-8.0":0.00469936491677},"and_chr":{"0":2.734994},"and_ff":{"0":0.185172}},"total":98.3914555}