{"id":"MD","name":"Moldova","month":"2015-01","access_date":"2015-02-01","data":{"chrome":{"4":0.027183,"5":0.063427,"6":0.027183,"7":0.018122,"8":0.081549,"9":0.036244,"10":0.054366,"11":0.081549,"12":0.154037,"13":0.045305,"14":0.036244,"15":0.081549,"16":0.054366,"17":0.108732,"18":0.117793,"19":0.018122,"20":0.018122,"21":0.027183,"22":0.045305,"23":0.018122,"24":0.045305,"25":0.027183,"26":0.063427,"27":0.117793,"28":0.308074,"29":0.054366,"30":0.063427,"31":0.217464,"32":0.217464,"33":0.289952,"34":0.326196,"35":0.534599,"36":0.770185,"37":0.54366,"38":0.670514,"39":44.380778,"40":13.95394,"41":0.208403,"42":0.027183,"43":null},"firefox":{"2":null,"3":0.027183,"3.5":0.018122,"3.6":0.117793,"4":null,"5":null,"6":null,"7":null,"8":null,"9":0.018122,"10":0.018122,"11":0.036244,"12":0.045305,"13":0.018122,"14":0.027183,"15":0.027183,"16":0.054366,"17":0.018122,"18":0.009061,"19":0.018122,"20":0.045305,"21":0.027183,"22":0.027183,"23":0.027183,"24":0.036244,"25":0.018122,"26":0.045305,"27":0.063427,"28":0.027183,"29":0.045305,"30":0.099671,"31":0.27183,"32":0.18122,"33":0.235586,"34":4.956367,"35":4.938245,"36":0.072488,"37":null,"38":null},"opera":{"9":null,"9.5-9.6":null,"10.0-10.1":0,"10.5":null,"10.6":null,"11":null,"11.1":0.027183,"11.5":0.018122,"11.6":0.045305,"12":0.054366,"12.1":0.969527,"15":0.009061,"16":0.018122,"17":null,"18":0.027183,"19":0.027183,"20":0.036244,"21":0.018122,"22":0.027183,"23":0.009061,"24":0.027183,"25":0.072488,"26":3.035435,"27":0.507416,"28":0.009061,"29":null},"safari":{"3.1":null,"3.2":null,"4":0.054366,"5":0.027183,"5.1":0.072488,"6":0.018122,"6.1":0.027183,"7":0.09061,"7.1":0.099671,"8":0.353379},"android":{"2.1":0,"2.2":0,"2.3":0.0554313680698,"3":0,"4":0.11322710729,"4.1":0.352816717146,"4.2-4.3":0.577957392197,"4.4":1.03244206879,"4.4.3-4.4.4":0.426900346509,"37":0},"ios_saf":{"3.2":0,"4.0-4.1":0,"4.2-4.3":0,"5.0-5.1":0.00798834677663,"6.0-6.1":0.0255066511113,"7.0-7.1":0.364661023031,"8":0.0878718145429,"8.1":0.907448164538},"op_mob":{"10":0,"11":0,"11.1":0,"11.5":0,"12":0.00233968501921,"12.1":0.00701905505762,"0":null},"ie":{"5.5":null,"6":0.0464666666667,"7":0.0743466666667,"8":0.966506666667,"9":0.408906666667,"10":0.492546666667,"11":2.71365333333,"0":null},"ie_mob":{"10":0.181268733333,"11":0.298560266667},"bb":{"7":0.00633825,"10":null},"and_uc":{"0":0.165264},"op_mini":{"5.0-8.0":0.904288259923},"and_chr":{"0":3.823498},"and_ff":{"0":0.03756}},"total":95.2673739167}