{"id":"ME","name":"Montenegro","month":"2015-01","access_date":"2015-02-01","data":{"chrome":{"4":0.007447,"5":null,"6":0.044682,"7":0.022341,"8":0.081917,"9":0.029788,"10":0.201069,"11":0.104258,"12":0.029788,"13":null,"14":0.037235,"15":0.029788,"16":0.059576,"17":null,"18":0.178728,"19":null,"20":null,"21":0.007447,"22":0.14894,"23":0.007447,"24":0.022341,"25":0.022341,"26":0.089364,"27":0.14894,"28":0.111705,"29":0.029788,"30":0.037235,"31":0.431926,"32":0.268092,"33":0.528737,"34":0.335115,"35":0.37235,"36":0.908534,"37":0.841511,"38":0.871299,"39":30.882709,"40":10.537505,"41":0.335115,"42":0.022341,"43":null},"firefox":{"2":0.022341,"3":0.029788,"3.5":0.014894,"3.6":0.044682,"4":0.022341,"5":null,"6":0.014894,"7":null,"8":0.022341,"9":0.007447,"10":0.029788,"11":0.029788,"12":0.052129,"13":0.029788,"14":0.029788,"15":0.014894,"16":0.029788,"17":0.007447,"18":0.022341,"19":0.022341,"20":0.029788,"21":0.052129,"22":0.022341,"23":0.029788,"24":0.022341,"25":0.014894,"26":0.067023,"27":0.029788,"28":0.037235,"29":0.037235,"30":0.067023,"31":0.215963,"32":0.134046,"33":0.22341,"34":6.940604,"35":7.722539,"36":0.282986,"37":null,"38":null},"opera":{"9":null,"9.5-9.6":null,"10.0-10.1":0,"10.5":null,"10.6":null,"11":null,"11.1":null,"11.5":null,"11.6":0.007447,"12":0.037235,"12.1":0.826617,"15":0.014894,"16":0.014894,"17":null,"18":0.014894,"19":0.022341,"20":0.044682,"21":0.029788,"22":null,"23":null,"24":0.081917,"25":0.037235,"26":1.86175,"27":0.350009,"28":null,"29":null},"safari":{"3.1":null,"3.2":null,"4":0,"5":0.037235,"5.1":0.126599,"6":0.014894,"6.1":0.022341,"7":0.059576,"7.1":0.096811,"8":0.312774},"android":{"2.1":0,"2.2":0,"2.3":0.222220564066,"3":0,"4":0.45391973039,"4.1":1.41441809261,"4.2-4.3":2.31699166324,"4.4":4.13898965298,"4.4.3-4.4.4":1.71141429671,"37":0},"ios_saf":{"3.2":0,"4.0-4.1":0,"4.2-4.3":0,"5.0-5.1":0.0152502144222,"6.0-6.1":0.0486936671025,"7.0-7.1":0.696158910993,"8":0.167752358644,"8.1":1.73237084884},"op_mob":{"10":0,"11":0,"11.1":0,"11.5":0,"12":0.00427570294494,"12.1":0.0128271088348,"0":null},"ie":{"5.5":null,"6":0.06724641,"7":0.0597745866667,"8":1.09088620667,"9":0.635104983333,"10":0.433365753333,"11":2.19671606,"0":null},"ie_mob":{"10":0.2054314,"11":0.3383576},"bb":{"7":0.015318,"10":null},"and_uc":{"0":0.099567},"op_mini":{"5.0-8.0":1.65255918822},"and_chr":{"0":9.349442},"and_ff":{"0":0.081696}},"total":97.338033}