{"id":"MG","name":"Madagascar","month":"2015-01","access_date":"2015-02-01","data":{"chrome":{"4":0.012792,"5":0.012792,"6":0.006396,"7":0.012792,"8":0.012792,"9":null,"10":0.012792,"11":0.044772,"12":0.019188,"13":0.006396,"14":0.006396,"15":0.006396,"16":0.006396,"17":null,"18":0.025584,"19":null,"20":0.012792,"21":0.006396,"22":null,"23":0.025584,"24":0.012792,"25":0.019188,"26":0.019188,"27":0.012792,"28":0.019188,"29":0.044772,"30":0.019188,"31":0.281424,"32":0.06396,"33":0.262236,"34":0.518076,"35":0.140712,"36":0.633204,"37":0.281424,"38":0.370968,"39":13.840944,"40":4.298112,"41":0.179088,"42":0.012792,"43":null},"firefox":{"2":0.044772,"3":0.300612,"3.5":0.025584,"3.6":0.140712,"4":0.070356,"5":0.03198,"6":0.083148,"7":0.012792,"8":0.044772,"9":0.03198,"10":0.070356,"11":0.070356,"12":0.243048,"13":0.19188,"14":0.1599,"15":0.076752,"16":0.185484,"17":0.121524,"18":0.134316,"19":0.09594,"20":0.230256,"21":0.729144,"22":0.172692,"23":0.089544,"24":0.204672,"25":0.332592,"26":0.198276,"27":0.249444,"28":0.709956,"29":0.486096,"30":0.780312,"31":0.652392,"32":0.876252,"33":1.784484,"34":12.325092,"35":10.815636,"36":0.441324,"37":0.03198,"38":0.019188},"opera":{"9":null,"9.5-9.6":null,"10.0-10.1":0.012792,"10.5":null,"10.6":null,"11":0.012792,"11.1":null,"11.5":0.019188,"11.6":0.057564,"12":0.006396,"12.1":0.294216,"15":0.006396,"16":0.006396,"17":null,"18":0.019188,"19":0.006396,"20":0.06396,"21":0.019188,"22":0.006396,"23":0.012792,"24":0.057564,"25":0.012792,"26":1.074528,"27":0.166296,"28":0.03198,"29":null},"safari":{"3.1":null,"3.2":null,"4":0.038376,"5":0.076752,"5.1":0.211068,"6":0.070356,"6.1":0.070356,"7":0.358176,"7.1":0.198276,"8":0.294216},"android":{"2.1":0,"2.2":0,"2.3":0.103370416427,"3":0,"4":0.211149997536,"4.1":0.657945351951,"4.2-4.3":1.07779581109,"4.4":1.92533524435,"4.4.3-4.4.4":0.796099178645,"37":0},"ios_saf":{"3.2":0,"4.0-4.1":0,"4.2-4.3":0,"5.0-5.1":0.00729317952328,"6.0-6.1":0.0232869942673,"7.0-7.1":0.332927247712,"8":0.0802249747561,"8.1":0.828479603741},"op_mob":{"10":0,"11":0,"11.1":0,"11.5":0,"12":0.0431741664533,"12.1":0.12952249936,"0":null},"ie":{"5.5":null,"6":0.118031606557,"7":0.0852450491803,"8":1.65899980328,"9":0.95736747541,"10":0.701632327869,"11":1.61965593443,"0":null},"ie_mob":{"10":0.126620533333,"11":0.208551466667},"bb":{"7":0.068476,"10":null},"and_uc":{"0":7.744996},"op_mini":{"5.0-8.0":16.6868153342},"and_chr":{"0":2.288296},"and_ff":{"0":0.133348}},"total":96.3449361967}