{"id":"MH","name":"Marshall Islands","month":"2015-01","access_date":"2015-02-01","data":{"chrome":{"4":null,"5":null,"6":null,"7":null,"8":null,"9":null,"10":null,"11":0.008685,"12":null,"13":null,"14":null,"15":null,"16":0.112905,"17":null,"18":0.026055,"19":null,"20":null,"21":null,"22":0.078165,"23":null,"24":null,"25":null,"26":0.01737,"27":0.095535,"28":0.01737,"29":null,"30":null,"31":1.068255,"32":0.217125,"33":0.01737,"34":0.165015,"35":0.1737,"36":2.753145,"37":0.182385,"38":1.12905,"39":31.917375,"40":8.58078,"41":0.286605,"42":null,"43":null},"firefox":{"2":null,"3":null,"3.5":0.03474,"3.6":0.03474,"4":0.01737,"5":null,"6":0.03474,"7":null,"8":0.06948,"9":null,"10":null,"11":0.08685,"12":0.234495,"13":0.026055,"14":null,"15":0.10422,"16":0.01737,"17":null,"18":null,"19":null,"20":null,"21":null,"22":null,"23":0.03474,"24":0.03474,"25":0.060795,"26":null,"27":null,"28":null,"29":0.05211,"30":0.008685,"31":0.1737,"32":0.19107,"33":0.130275,"34":7.1217,"35":8.54604,"36":1.259325,"37":null,"38":null},"opera":{"9":null,"9.5-9.6":null,"10.0-10.1":0,"10.5":null,"10.6":null,"11":null,"11.1":null,"11.5":null,"11.6":null,"12":null,"12.1":0.01737,"15":null,"16":null,"17":null,"18":null,"19":null,"20":null,"21":null,"22":null,"23":null,"24":null,"25":null,"26":0.043425,"27":0.008685,"28":null,"29":null},"safari":{"3.1":null,"3.2":null,"4":0,"5":0.686115,"5.1":1.5633,"6":0.10422,"6.1":0.303975,"7":0.095535,"7.1":0.807705,"8":2.62287},"android":{"2.1":0,"2.2":0,"2.3":0.116597971766,"3":0,"4":0.238169316735,"4.1":0.742137801335,"4.2-4.3":1.21571344969,"4.4":2.17170629877,"4.4.3-4.4.4":0.897970161704,"37":0},"ios_saf":{"3.2":0,"4.0-4.1":0,"4.2-4.3":0,"5.0-5.1":0.0283220290657,"6.0-6.1":0.090431741929,"7.0-7.1":1.29287578296,"8":0.311542319722,"8.1":3.21728312632},"op_mob":{"10":0,"11":0,"11.1":0,"11.5":0,"12":6.73495518566e-5,"12.1":0.00020204865557,"0":null},"ie":{"5.5":null,"6":0.008685,"7":null,"8":0.26055,"9":0.217125,"10":1.988865,"11":11.30787,"0":null},"ie_mob":{"10":0.118729888889,"11":0.195555111111},"bb":{"7":0.0046025,"10":null},"and_uc":{"0":0.088105},"op_mini":{"5.0-8.0":0.0260306017926},"and_chr":{"0":2.58923},"and_ff":{"0":0.017095}},"total":98.5187925}