{"id":"MK","name":"Macedonia","month":"2015-01","access_date":"2015-02-01","data":{"chrome":{"4":0.01665,"5":null,"6":0.008325,"7":0.008325,"8":0.008325,"9":0.008325,"10":0.01665,"11":0.08325,"12":0.01665,"13":0.0333,"14":0.024975,"15":0.041625,"16":0.008325,"17":null,"18":0.041625,"19":null,"20":null,"21":0.01665,"22":0.141525,"23":0.04995,"24":0.0333,"25":0.01665,"26":0.08325,"27":0.091575,"28":0.074925,"29":0.0333,"30":0.108225,"31":0.524475,"32":0.191475,"33":0.5994,"34":0.41625,"35":0.641025,"36":1.556775,"37":1.1655,"38":1.1322,"39":37.071225,"40":12.462525,"41":0.54945,"42":0.0333,"43":null},"firefox":{"2":0.0666,"3":0.024975,"3.5":0.01665,"3.6":0.28305,"4":0.01665,"5":0.008325,"6":null,"7":0.01665,"8":null,"9":0.008325,"10":0.0333,"11":0.0333,"12":0.041625,"13":0.0333,"14":0.041625,"15":0.008325,"16":0.0333,"17":0.08325,"18":0.0333,"19":0.024975,"20":0.058275,"21":0.0333,"22":0.041625,"23":0.024975,"24":0.0333,"25":0.024975,"26":0.0666,"27":0.0333,"28":0.0333,"29":0.058275,"30":0.074925,"31":0.2664,"32":0.258075,"33":0.274725,"34":7.7922,"35":8.000325,"36":0.258075,"37":0.008325,"38":null},"opera":{"9":null,"9.5-9.6":null,"10.0-10.1":0,"10.5":null,"10.6":null,"11":null,"11.1":null,"11.5":null,"11.6":0.024975,"12":0.01665,"12.1":0.38295,"15":0.01665,"16":null,"17":null,"18":0.01665,"19":0.04995,"20":0.01665,"21":0.008325,"22":0.008325,"23":null,"24":0.008325,"25":0.01665,"26":1.665,"27":0.274725,"28":null,"29":null},"safari":{"3.1":null,"3.2":null,"4":0.01665,"5":0.024975,"5.1":0.058275,"6":null,"6.1":0.0333,"7":0.074925,"7.1":0.04995,"8":0.274725},"android":{"2.1":0,"2.2":0,"2.3":0.10704350616,"3":0,"4":0.218652849076,"4.1":0.681324306982,"4.2-4.3":1.11609342916,"4.4":1.99374871663,"4.4.3-4.4.4":0.824387191992,"37":0},"ios_saf":{"3.2":0,"4.0-4.1":0,"4.2-4.3":0,"5.0-5.1":0.0154787991552,"6.0-6.1":0.0494235341446,"7.0-7.1":0.70659360354,"8":0.170266790707,"8.1":1.75833727245},"op_mob":{"10":0,"11":0,"11.1":0,"11.5":0,"12":0.00161280409731,"12.1":0.00483841229193,"0":null},"ie":{"5.5":null,"6":0.0422268072289,"7":0.0506721686747,"8":0.692519638554,"9":0.295587650602,"10":0.270251566265,"11":2.15356716867,"0":null},"ie_mob":{"10":0.12529,"11":0.20636},"bb":{"7":0.008375,"10":null},"and_uc":{"0":0.067},"op_mini":{"5.0-8.0":0.623348783611},"and_chr":{"0":8.36755},"and_ff":{"0":0.10385}},"total":99.150825}