{"id":"ML","name":"Mali","month":"2015-01","access_date":"2015-02-01","data":{"chrome":{"4":0.01235,"5":0.00494,"6":0.0247,"7":0.00988,"8":0.00741,"9":0.01482,"10":0.00741,"11":0.07163,"12":0.00494,"13":0.02223,"14":0.00247,"15":0.02223,"16":0.00494,"17":null,"18":0.00247,"19":0.00494,"20":0.00494,"21":0.00494,"22":null,"23":0.00988,"24":null,"25":0.0247,"26":0.00988,"27":0.01235,"28":0.00988,"29":0.00741,"30":0.00494,"31":0.12597,"32":0.03705,"33":0.09386,"34":0.04446,"35":0.02964,"36":0.22724,"37":0.06916,"38":0.14326,"39":4.73499,"40":1.51905,"41":0.05187,"42":0.00494,"43":null},"firefox":{"2":0.01976,"3":0.09386,"3.5":0.02964,"3.6":0.04446,"4":0.02964,"5":0.01482,"6":0.00741,"7":0.02223,"8":0.02717,"9":0.0247,"10":0.01976,"11":0.06916,"12":0.08151,"13":0.06175,"14":0.06175,"15":0.02717,"16":0.05928,"17":0.04693,"18":0.01482,"19":0.03952,"20":0.03952,"21":0.0494,"22":0.09386,"23":0.02223,"24":0.0247,"25":0.02717,"26":0.01976,"27":0.0247,"28":0.04693,"29":0.06175,"30":0.24453,"31":0.15314,"32":0.13832,"33":0.36556,"34":4.16689,"35":3.21347,"36":0.08645,"37":0.01482,"38":0.00494},"opera":{"9":null,"9.5-9.6":null,"10.0-10.1":0.00741,"10.5":null,"10.6":null,"11":null,"11.1":0.00494,"11.5":null,"11.6":0.00988,"12":0.00494,"12.1":0.02964,"15":null,"16":null,"17":null,"18":0.00247,"19":0.00247,"20":0.02223,"21":null,"22":null,"23":null,"24":null,"25":0.00247,"26":0.23712,"27":0.03211,"28":null,"29":null},"safari":{"3.1":null,"3.2":null,"4":0.00494,"5":0.03458,"5.1":0.65949,"6":0.05187,"6.1":0.02964,"7":0.06916,"7.1":0.05187,"8":0.12597},"android":{"2.1":0,"2.2":0,"2.3":0.369476380903,"3":0,"4":0.754712417864,"4.1":2.35169089836,"4.2-4.3":3.85236036961,"4.4":6.88171647844,"4.4.3-4.4.4":2.84549345483,"37":0},"ios_saf":{"3.2":0,"4.0-4.1":0,"4.2-4.3":0,"5.0-5.1":0.00984208790104,"6.0-6.1":0.0314256139998,"7.0-7.1":0.449282679272,"8":0.108262966911,"8.1":1.11802665192},"op_mob":{"10":0,"11":0,"11.1":0,"11.5":0,"12":0.0315662227913,"12.1":0.0946986683739,"0":null},"ie":{"5.5":null,"6":0.0247426966292,"7":0.0395883146067,"8":0.72001247191,"9":0.467636966292,"10":0.925376853933,"11":3.37985235955,"0":null},"ie_mob":{"10":0.207660666667,"11":0.342029333333},"bb":{"7":0.094125,"10":null},"and_uc":{"0":23.58396},"op_mini":{"5.0-8.0":12.2003451088},"and_chr":{"0":4.83097},"and_ff":{"0":0.13554}},"total":84.2148446629}