{"id":"MM","name":"Myanmar","month":"2015-01","access_date":"2015-02-01","data":{"chrome":{"4":null,"5":0.01266,"6":0.010128,"7":null,"8":null,"9":null,"10":0.002532,"11":0.098748,"12":0.005064,"13":0.01266,"14":0.007596,"15":0.005064,"16":null,"17":0.005064,"18":0.027852,"19":0.015192,"20":0.007596,"21":0.017724,"22":0.015192,"23":0.005064,"24":0.010128,"25":0.022788,"26":0.007596,"27":0.020256,"28":0.015192,"29":0.027852,"30":0.02532,"31":0.083556,"32":0.030384,"33":0.091152,"34":0.030384,"35":0.065832,"36":0.149388,"37":0.096216,"38":0.17724,"39":2.82318,"40":0.777324,"41":0.129132,"42":0.010128,"43":null},"firefox":{"2":0.03798,"3":0.053172,"3.5":0.015192,"3.6":0.116472,"4":0.10128,"5":0.0633,"6":0.086088,"7":0.070896,"8":0.040512,"9":0.093684,"10":0.10128,"11":0.124068,"12":0.243072,"13":0.141792,"14":0.159516,"15":0.144324,"16":0.086088,"17":0.111408,"18":0.15192,"19":0.174708,"20":0.091152,"21":0.124068,"22":0.116472,"23":0.200028,"24":0.205092,"25":0.169644,"26":0.217752,"27":0.194964,"28":0.179772,"29":0.579828,"30":0.693768,"31":0.470952,"32":0.422844,"33":0.769728,"34":5.1906,"35":5.071596,"36":0.779856,"37":0.01266,"38":0.01266},"opera":{"9":null,"9.5-9.6":null,"10.0-10.1":0,"10.5":null,"10.6":null,"11":null,"11.1":null,"11.5":0.091152,"11.6":null,"12":0.007596,"12.1":0.017724,"15":null,"16":null,"17":null,"18":null,"19":0.005064,"20":0.010128,"21":null,"22":null,"23":null,"24":null,"25":0.005064,"26":0.119004,"27":0.01266,"28":null,"29":null},"safari":{"3.1":null,"3.2":null,"4":0.007596,"5":0.043044,"5.1":0.03798,"6":0.02532,"6.1":0.022788,"7":0.091152,"7.1":0.060768,"8":0.20256},"android":{"2.1":0,"2.2":0,"2.3":1.13004104517,"3":0,"4":2.30828289322,"4.1":7.19263091786,"4.2-4.3":11.7824184805,"4.4":21.047683922,"4.4.3-4.4.4":8.70292274127,"37":0},"ios_saf":{"3.2":0,"4.0-4.1":0,"4.2-4.3":0,"5.0-5.1":0.0138281552851,"6.0-6.1":0.0441530572262,"7.0-7.1":0.631243158805,"8":0.152109708136,"8.1":1.57082992055},"op_mob":{"10":0,"11":0,"11.1":0,"11.5":0,"12":0.00434119334187,"12.1":0.0130235800256,"0":null},"ie":{"5.5":null,"6":0.0135096644295,"7":0.0135096644295,"8":0.332337744966,"9":0.208048832215,"10":0.205346899329,"11":0.429607328859,"0":null},"ie_mob":{"10":0.0282124444444,"11":0.0464675555556},"bb":{"7":0,"10":null},"and_uc":{"0":5.67568},"op_mini":{"5.0-8.0":1.67787122663},"and_chr":{"0":10.369808},"and_ff":{"0":1.60562}},"total":98.4205001342}