{"id":"MO","name":"Macao","month":"2015-01","access_date":"2015-02-01","data":{"chrome":{"4":null,"5":null,"6":null,"7":null,"8":null,"9":0.006515,"10":null,"11":0.084695,"12":0.02606,"13":null,"14":0.006515,"15":0.006515,"16":null,"17":0.02606,"18":0.110755,"19":0.006515,"20":0.045605,"21":0.123785,"22":0.06515,"23":0.01303,"24":0.084695,"25":0.032575,"26":0.11727,"27":0.136815,"28":0.345295,"29":0.123785,"30":0.345295,"31":2.547365,"32":0.162875,"33":0.501655,"34":0.697105,"35":0.79483,"36":0.749225,"37":0.631955,"38":1.5636,"39":20.79588,"40":6.03289,"41":0.33878,"42":0.045605,"43":null},"firefox":{"2":null,"3":0.006515,"3.5":0.01303,"3.6":0.032575,"4":null,"5":null,"6":0.006515,"7":null,"8":null,"9":0.032575,"10":null,"11":0.019545,"12":0.019545,"13":0.006515,"14":0.006515,"15":0.006515,"16":0.019545,"17":0.019545,"18":null,"19":0.01303,"20":0.019545,"21":0.019545,"22":0.136815,"23":0.10424,"24":0.045605,"25":0.019545,"26":0.06515,"27":0.032575,"28":0.02606,"29":0.01303,"30":0.03909,"31":0.09121,"32":0.07818,"33":0.136815,"34":3.759155,"35":2.964325,"36":0.058635,"37":null,"38":null},"opera":{"9":null,"9.5-9.6":null,"10.0-10.1":0.006515,"10.5":null,"10.6":null,"11":null,"11.1":null,"11.5":null,"11.6":null,"12":0.03909,"12.1":0.071665,"15":null,"16":null,"17":null,"18":null,"19":null,"20":null,"21":null,"22":null,"23":null,"24":null,"25":0.01303,"26":0.188935,"27":0.03909,"28":null,"29":null},"safari":{"3.1":null,"3.2":null,"4":0.032575,"5":0.123785,"5.1":0.50817,"6":0.20848,"6.1":0.24757,"7":0.41696,"7.1":0.566805,"8":1.400725},"android":{"2.1":0,"2.2":0,"2.3":0.162241777721,"3":0,"4":0.331403820842,"4.1":1.03265738142,"4.2-4.3":1.69162043121,"4.4":3.02184922485,"4.4.3-4.4.4":1.24949236396,"37":0},"ios_saf":{"3.2":0,"4.0-4.1":0,"4.2-4.3":0,"5.0-5.1":0.0832498959067,"6.0-6.1":0.265815457106,"7.0-7.1":3.80028472191,"8":0.915748854973,"8.1":9.4568960701},"op_mob":{"10":0,"11":0,"11.1":0,"11.5":0,"12":0.000348053777209,"12.1":0.00104416133163,"0":null},"ie":{"5.5":null,"6":0.0943203154305,"7":0.505287404092,"8":4.15009387894,"9":2.31758489344,"10":1.45522772379,"11":7.28287578431,"0":null},"ie_mob":{"10":0.059245,"11":0.09758},"bb":{"7":0.01829625,"10":null},"and_uc":{"0":0.65518},"op_mini":{"5.0-8.0":0.134522784891},"and_chr":{"0":11.30745},"and_ff":{"0":0.32759}},"total":98.66148125}