{"id":"MP","name":"Northern Mariana Islands","month":"2015-01","access_date":"2015-02-01","data":{"chrome":{"4":null,"5":null,"6":null,"7":null,"8":null,"9":null,"10":null,"11":0.07479,"12":0.01662,"13":null,"14":null,"15":null,"16":null,"17":null,"18":0.00831,"19":null,"20":0.02493,"21":0.04155,"22":0.07479,"23":null,"24":null,"25":null,"26":0.02493,"27":0.04155,"28":0.24099,"29":0.01662,"30":0.34902,"31":1.64538,"32":0.13296,"33":0.15789,"34":0.81438,"35":0.5817,"36":1.39608,"37":0.42381,"38":0.39057,"39":33.92142,"40":10.17144,"41":0.44874,"42":0.00831,"43":null},"firefox":{"2":0.00831,"3":null,"3.5":null,"3.6":0.04155,"4":null,"5":null,"6":null,"7":null,"8":null,"9":null,"10":null,"11":null,"12":null,"13":0.01662,"14":0.00831,"15":null,"16":0.10803,"17":null,"18":0.06648,"19":0.04155,"20":0.01662,"21":0.00831,"22":null,"23":0.02493,"24":null,"25":0.01662,"26":0.01662,"27":null,"28":null,"29":0.06648,"30":0.03324,"31":0.09972,"32":0.04155,"33":0.25761,"34":4.51233,"35":3.75612,"36":0.05817,"37":null,"38":null},"opera":{"9":null,"9.5-9.6":null,"10.0-10.1":0,"10.5":null,"10.6":null,"11":null,"11.1":null,"11.5":null,"11.6":null,"12":null,"12.1":0.04155,"15":null,"16":null,"17":null,"18":null,"19":null,"20":null,"21":null,"22":null,"23":null,"24":null,"25":null,"26":0.20775,"27":0.00831,"28":null,"29":null},"safari":{"3.1":null,"3.2":null,"4":0.06648,"5":0.1662,"5.1":0.28254,"6":0.07479,"6.1":0.14127,"7":0.28254,"7.1":2.85864,"8":1.03875},"android":{"2.1":0,"2.2":0,"2.3":0.110345201232,"3":0,"4":0.225397069815,"4.1":0.702339361396,"4.2-4.3":1.15051868583,"4.4":2.05524474333,"4.4.3-4.4.4":0.849814938398,"37":0},"ios_saf":{"3.2":0,"4.0-4.1":0,"4.2-4.3":0,"5.0-5.1":0.0257416081665,"6.0-6.1":0.0821925032686,"7.0-7.1":1.17508183244,"8":0.283157689832,"8.1":2.92415636629},"op_mob":{"10":0,"11":0,"11.1":0,"11.5":0,"12":0.000138489116517,"12.1":0.000415467349552,"0":null},"ie":{"5.5":null,"6":0.316095937969,"7":0.0332732566283,"8":2.32080964982,"9":1.16456398199,"10":1.58047968984,"11":11.2047691696,"0":null},"ie_mob":{"10":0.0434142222222,"11":0.0715057777778},"bb":{"7":0.000845,"10":null},"and_uc":{"0":0.09295},"op_mini":{"5.0-8.0":0.0535260435339},"and_chr":{"0":7.28154},"and_ff":{"0":0.0507}},"total":99.1737866858}