{"id":"MQ","name":"Martinique","month":"2015-01","access_date":"2015-02-01","data":{"chrome":{"4":0.013476,"5":null,"6":null,"7":null,"8":null,"9":null,"10":null,"11":0.06738,"12":0.026952,"13":null,"14":null,"15":0.013476,"16":null,"17":null,"18":0.020214,"19":null,"20":0.013476,"21":0.013476,"22":0.040428,"23":0.10107,"24":0.047166,"25":0.020214,"26":0.047166,"27":0.013476,"28":0.141498,"29":0.047166,"30":0.03369,"31":0.222354,"32":0.114546,"33":0.282996,"34":0.175188,"35":0.53904,"36":0.687276,"37":0.545778,"38":0.57273,"39":20.941704,"40":6.219174,"41":0.175188,"42":0.006738,"43":null},"firefox":{"2":null,"3":0.020214,"3.5":null,"3.6":0.087594,"4":0.006738,"5":null,"6":null,"7":null,"8":0.006738,"9":null,"10":0.006738,"11":0.047166,"12":0.026952,"13":0.03369,"14":0.013476,"15":0.013476,"16":0.053904,"17":null,"18":0.006738,"19":0.006738,"20":0.020214,"21":0.026952,"22":null,"23":0.006738,"24":0.020214,"25":0.03369,"26":0.040428,"27":0.040428,"28":0.053904,"29":0.026952,"30":0.040428,"31":0.256044,"32":0.121284,"33":0.215616,"34":5.767728,"35":5.25564,"36":0.047166,"37":0.013476,"38":null},"opera":{"9":null,"9.5-9.6":null,"10.0-10.1":0,"10.5":null,"10.6":null,"11":null,"11.1":null,"11.5":null,"11.6":null,"12":0.013476,"12.1":0.161712,"15":null,"16":null,"17":null,"18":0.006738,"19":null,"20":null,"21":null,"22":null,"23":null,"24":null,"25":null,"26":0.458184,"27":0.080856,"28":null,"29":null},"safari":{"3.1":0.013476,"3.2":null,"4":0.074118,"5":0.215616,"5.1":0.70749,"6":0.188664,"6.1":0.350376,"7":0.384066,"7.1":0.950058,"8":1.529526},"android":{"2.1":0,"2.2":0,"2.3":0.210936526694,"3":0,"4":0.430870345996,"4.1":1.34259599692,"4.2-4.3":2.19933819302,"4.4":3.92881777207,"4.4.3-4.4.4":1.6245111653,"37":0},"ios_saf":{"3.2":0,"4.0-4.1":0,"4.2-4.3":0,"5.0-5.1":0.0271149854169,"6.0-6.1":0.0865776727346,"7.0-7.1":1.23777529921,"8":0.298264839586,"8.1":3.08016720306},"op_mob":{"10":0,"11":0,"11.1":0,"11.5":0,"12":0.000584737516005,"12.1":0.00175421254802,"0":null},"ie":{"5.5":null,"6":0.00684797176886,"7":0.116415520071,"8":1.43807407146,"9":0.89708430172,"10":1.37644232554,"11":11.6894878094,"0":null},"ie_mob":{"10":0.110908,"11":0.182672},"bb":{"7":0.011417,"10":null},"and_uc":{"0":0.035882},"op_mini":{"5.0-8.0":0.226001049936},"and_chr":{"0":19.620486},"and_ff":{"0":0.26096}},"total":99.036443}