{"id":"MR","name":"Mauritania","month":"2015-01","access_date":"2015-02-01","data":{"chrome":{"4":0.082642,"5":0.129866,"6":0.336471,"7":0.141672,"8":0.171187,"9":0.5903,"10":0.088545,"11":0.182993,"12":0.324665,"13":0.247926,"14":0.088545,"15":0.171187,"16":0.076739,"17":0.088545,"18":0.041321,"19":0.035418,"20":null,"21":0.035418,"22":0.041321,"23":0.047224,"24":0.035418,"25":0.047224,"26":0.070836,"27":0.076739,"28":0.041321,"29":0.112157,"30":0.064933,"31":0.41321,"32":0.141672,"33":0.543076,"34":0.153478,"35":0.425016,"36":0.88545,"37":0.360083,"38":0.64933,"39":18.836473,"40":6.345725,"41":0.200702,"42":0.041321,"43":null},"firefox":{"2":0.011806,"3":0.070836,"3.5":0.041321,"3.6":0.200702,"4":0.053127,"5":0.053127,"6":0.041321,"7":0.017709,"8":0.053127,"9":0.011806,"10":0.041321,"11":0.200702,"12":0.171187,"13":0.112157,"14":0.112157,"15":0.112157,"16":0.17709,"17":0.047224,"18":0.064933,"19":0.035418,"20":0.165284,"21":0.159381,"22":0.053127,"23":0.029515,"24":0.212508,"25":0.147575,"26":0.194799,"27":0.230217,"28":0.035418,"29":0.159381,"30":0.584397,"31":0.371889,"32":0.377792,"33":0.678845,"34":6.534621,"35":5.460275,"36":0.200702,"37":0.005903,"38":null},"opera":{"9":null,"9.5-9.6":null,"10.0-10.1":0,"10.5":null,"10.6":0.005903,"11":null,"11.1":null,"11.5":0.011806,"11.6":0.029515,"12":0.011806,"12.1":0.070836,"15":0.005903,"16":0.035418,"17":0.023612,"18":0.011806,"19":0.023612,"20":0.011806,"21":0.029515,"22":null,"23":0.005903,"24":null,"25":0.005903,"26":0.731972,"27":0.076739,"28":null,"29":null},"safari":{"3.1":null,"3.2":null,"4":0.041321,"5":0.011806,"5.1":0.053127,"6":0.011806,"6.1":0.05903,"7":0.100351,"7.1":0.088545,"8":0.224314},"android":{"2.1":0,"2.2":0,"2.3":0.198543396201,"3":0,"4":0.40555546807,"4.1":1.26371460236,"4.2-4.3":2.07012071869,"4.4":3.69798837474,"4.4.3-4.4.4":1.52906643994,"37":0},"ios_saf":{"3.2":0,"4.0-4.1":0,"4.2-4.3":0,"5.0-5.1":0.0158065993161,"6.0-6.1":0.0504701943076,"7.0-7.1":0.721557393342,"8":0.173872592477,"8.1":1.79557422056},"op_mob":{"10":0,"11":0,"11.1":0,"11.5":0,"12":0.0280232701665,"12.1":0.0840698104994,"0":null},"ie":{"5.5":null,"6":0.0913481005587,"7":0.0669886070764,"8":1.46765948231,"9":0.627256957169,"10":0.828222778399,"11":3.43468858101,"0":null},"ie_mob":{"10":0.202755977778,"11":0.333951022222},"bb":{"7":0.02560625,"10":null},"and_uc":{"0":2.753184},"op_mini":{"5.0-8.0":10.8309939193},"and_chr":{"0":7.95908},"and_ff":{"0":0.176171}},"total":92.1116307565}