{"id":"MS","name":"Montserrat","month":"2015-01","access_date":"2015-02-01","data":{"chrome":{"4":null,"5":null,"6":null,"7":null,"8":null,"9":null,"10":null,"11":0.076023,"12":null,"13":null,"14":null,"15":null,"16":null,"17":null,"18":null,"19":null,"20":0.033788,"21":null,"22":null,"23":null,"24":null,"25":0.008447,"26":null,"27":0.016894,"28":null,"29":0.016894,"30":0.050682,"31":0.042235,"32":0.059129,"33":0.363221,"34":0.219622,"35":0.498373,"36":3.032473,"37":0.076023,"38":0.397009,"39":40.925715,"40":9.840755,"41":0.413903,"42":null,"43":null},"firefox":{"2":null,"3":null,"3.5":null,"3.6":0.016894,"4":null,"5":null,"6":null,"7":null,"8":null,"9":null,"10":null,"11":null,"12":null,"13":null,"14":null,"15":null,"16":null,"17":null,"18":0.016894,"19":null,"20":null,"21":null,"22":null,"23":null,"24":null,"25":0.109811,"26":null,"27":null,"28":0.067576,"29":0.033788,"30":0.050682,"31":0.008447,"32":null,"33":0.067576,"34":3.480164,"35":4.215053,"36":0.008447,"37":null,"38":null},"opera":{"9":null,"9.5-9.6":null,"10.0-10.1":0,"10.5":null,"10.6":null,"11":null,"11.1":null,"11.5":null,"11.6":null,"12":null,"12.1":null,"15":null,"16":null,"17":null,"18":null,"19":null,"20":null,"21":null,"22":null,"23":null,"24":null,"25":0.059129,"26":0.067576,"27":0.067576,"28":null,"29":null},"safari":{"3.1":null,"3.2":null,"4":0,"5":0.050682,"5.1":0.228069,"6":null,"6.1":0.582843,"7":0.16894,"7.1":0.667313,"8":3.387247},"android":{"2.1":0,"2.2":0,"2.3":0.062037726078,"3":0,"4":0.126721611088,"4.1":0.394865716222,"4.2-4.3":0.646838850103,"4.4":1.15548940041,"4.4.3-4.4.4":0.477778696099,"37":0},"ios_saf":{"3.2":0,"4.0-4.1":0,"4.2-4.3":0,"5.0-5.1":0.0101314390023,"6.0-6.1":0.0323495069898,"7.0-7.1":0.462491303228,"8":0.111445829025,"8.1":1.15089592175},"op_mob":{"10":0,"11":0,"11.1":0,"11.5":0,"12":0.00127262483995,"12.1":0.00381787451985,"0":null},"ie":{"5.5":null,"6":0.016894,"7":0.008447,"8":1.444437,"9":0.397009,"10":0.574396,"11":10.406704,"0":null},"ie_mob":{"10":0.276330466667,"11":0.455132533333},"bb":{"7":0.19684275,"10":null},"and_uc":{"0":0.100945},"op_mini":{"5.0-8.0":0.49186950064},"and_chr":{"0":10.246693},"and_ff":{"0":0.121134}},"total":98.79886375}