{"id":"MT","name":"Malta","month":"2015-01","access_date":"2015-02-01","data":{"chrome":{"4":0.008393,"5":null,"6":null,"7":null,"8":null,"9":null,"10":null,"11":0.067144,"12":null,"13":null,"14":null,"15":null,"16":null,"17":null,"18":0.041965,"19":null,"20":null,"21":0.025179,"22":0.050358,"23":0.033572,"24":0.008393,"25":0.016786,"26":0.092323,"27":0.058751,"28":0.058751,"29":0.025179,"30":0.033572,"31":0.495187,"32":0.159467,"33":0.201432,"34":0.226611,"35":0.411257,"36":0.814121,"37":0.713405,"38":3.743278,"39":36.064721,"40":10.583573,"41":0.377685,"42":0.025179,"43":null},"firefox":{"2":null,"3":0.008393,"3.5":null,"3.6":0.016786,"4":0.008393,"5":0.008393,"6":null,"7":null,"8":0.008393,"9":null,"10":null,"11":0.016786,"12":0.033572,"13":0.016786,"14":0.033572,"15":0.008393,"16":0.033572,"17":0.008393,"18":0.008393,"19":null,"20":0.016786,"21":null,"22":null,"23":0.008393,"24":0.025179,"25":0.008393,"26":0.016786,"27":0.025179,"28":0.050358,"29":0.025179,"30":0.033572,"31":0.176253,"32":0.193039,"33":0.151074,"34":5.019014,"35":4.490255,"36":0.092323,"37":0.016786,"38":null},"opera":{"9":null,"9.5-9.6":null,"10.0-10.1":0,"10.5":null,"10.6":null,"11":null,"11.1":null,"11.5":null,"11.6":null,"12":null,"12.1":0.08393,"15":0.008393,"16":null,"17":null,"18":null,"19":null,"20":null,"21":null,"22":null,"23":null,"24":null,"25":null,"26":0.444829,"27":0.067144,"28":null,"29":null},"safari":{"3.1":null,"3.2":null,"4":0.08393,"5":0.159467,"5.1":0.411257,"6":0.092323,"6.1":0.25179,"7":0.377685,"7.1":0.688226,"8":1.955569},"android":{"2.1":0,"2.2":0,"2.3":0.0819494104723,"3":0,"4":0.167394293429,"4.1":0.521602171869,"4.2-4.3":0.854448829569,"4.4":1.52635631828,"4.4.3-4.4.4":0.631126976386,"37":0},"ios_saf":{"3.2":0,"4.0-4.1":0,"4.2-4.3":0,"5.0-5.1":0.023141575782,"6.0-6.1":0.0738906454792,"7.0-7.1":1.05639263482,"8":0.254557333602,"8.1":2.62880181032},"op_mob":{"10":0,"11":0,"11.1":0,"11.5":0,"12":0.000403293213828,"12.1":0.00120987964149,"0":null},"ie":{"5.5":null,"6":0.0252438108108,"7":0.0504876216216,"8":1.22011752252,"9":1.34633657658,"10":1.09389846847,"11":9.34021,"0":null},"ie_mob":{"10":0.212481111111,"11":0.349968888889},"bb":{"7":0.01084725,"10":null},"and_uc":{"0":0.046603},"op_mini":{"5.0-8.0":0.155872827145},"and_chr":{"0":7.560251},"and_ff":{"0":0.073922}},"total":98.82673425}