{"id":"MU","name":"Mauritius","month":"2015-01","access_date":"2015-02-01","data":{"chrome":{"4":0.007397,"5":null,"6":0.014794,"7":null,"8":0.007397,"9":0.014794,"10":0.007397,"11":0.059176,"12":0.022191,"13":0.007397,"14":0.014794,"15":0.022191,"16":0.007397,"17":null,"18":0.118352,"19":null,"20":0.029588,"21":0.007397,"22":0.162734,"23":0.059176,"24":0.014794,"25":0.036985,"26":0.096161,"27":0.07397,"28":0.103558,"29":0.051779,"30":0.044382,"31":0.451217,"32":0.288483,"33":0.414232,"34":0.303277,"35":0.480805,"36":1.420224,"37":1.161329,"38":0.865449,"39":28.604199,"40":7.663292,"41":0.539981,"42":0.036985,"43":null},"firefox":{"2":null,"3":0.022191,"3.5":0.07397,"3.6":0.07397,"4":0.022191,"5":0.014794,"6":0.014794,"7":0.014794,"8":0.007397,"9":0.014794,"10":0.014794,"11":0.066573,"12":0.059176,"13":0.029588,"14":0.029588,"15":0.022191,"16":0.044382,"17":0.014794,"18":0.051779,"19":0.022191,"20":0.022191,"21":0.029588,"22":0.029588,"23":0.022191,"24":0.029588,"25":0.029588,"26":0.044382,"27":0.036985,"28":0.044382,"29":0.059176,"30":0.355056,"31":0.177528,"32":0.177528,"33":0.29588,"34":7.796438,"35":6.664697,"36":0.281086,"37":0.014794,"38":0.007397},"opera":{"9":null,"9.5-9.6":null,"10.0-10.1":0,"10.5":null,"10.6":null,"11":null,"11.1":null,"11.5":null,"11.6":null,"12":0.014794,"12.1":0.236704,"15":0.014794,"16":0.022191,"17":null,"18":0.014794,"19":null,"20":0.036985,"21":null,"22":null,"23":null,"24":0.014794,"25":0.014794,"26":1.087359,"27":0.155337,"28":null,"29":null},"safari":{"3.1":null,"3.2":null,"4":0.014794,"5":0.118352,"5.1":0.318071,"6":0.088764,"6.1":0.125749,"7":0.258895,"7.1":0.318071,"8":0.673127},"android":{"2.1":0,"2.2":0,"2.3":0.14869891386,"3":0,"4":0.303740435421,"4.1":0.946458015708,"4.2-4.3":1.55041521561,"4.4":2.76960536242,"4.4.3-4.4.4":1.14519305698,"37":0},"ios_saf":{"3.2":0,"4.0-4.1":0,"4.2-4.3":0,"5.0-5.1":0.0118332699387,"6.0-6.1":0.0377834233129,"7.0-7.1":0.540178392638,"8":0.130165969325,"8.1":1.34421794479},"op_mob":{"10":0,"11":0,"11.1":0,"11.5":0,"12":0.0115385224072,"12.1":0.0346155672215,"0":null},"ie":{"5.5":null,"6":0.0444517282011,"7":0.096312077769,"8":1.5409932443,"9":0.829765593087,"10":1.41504668107,"11":5.50460567557,"0":null},"ie_mob":{"10":0.398259,"11":0.655956},"bb":{"7":0.03058525,"10":null},"and_uc":{"0":1.408223},"op_mini":{"5.0-8.0":4.45963891037},"and_chr":{"0":8.253775},"and_ff":{"0":0.171798}},"total":97.25751125}