{"id":"MV","name":"Maldives","month":"2015-01","access_date":"2015-02-01","data":{"chrome":{"4":0.009188,"5":0.004594,"6":0.009188,"7":0.009188,"8":null,"9":0.013782,"10":0.059722,"11":0.050534,"12":0.151602,"13":0.009188,"14":0.004594,"15":0.009188,"16":0.04594,"17":0.013782,"18":0.02297,"19":0.018376,"20":0.018376,"21":0.004594,"22":0.009188,"23":0.009188,"24":0.02297,"25":0.032158,"26":0.04594,"27":0.059722,"28":0.096474,"29":0.055128,"30":0.073504,"31":0.174572,"32":0.142414,"33":0.271046,"34":0.234294,"35":0.211324,"36":0.542092,"37":0.4594,"38":0.624784,"39":18.017668,"40":5.517394,"41":0.473182,"42":0.041346,"43":null},"firefox":{"2":null,"3":0.013782,"3.5":0.013782,"3.6":0.06891,"4":0.041346,"5":0.027564,"6":0.02297,"7":0.018376,"8":0.02297,"9":0.013782,"10":0.041346,"11":0.073504,"12":0.09188,"13":0.041346,"14":0.032158,"15":0.101068,"16":0.073504,"17":0.078098,"18":0.027564,"19":0.032158,"20":0.041346,"21":0.036752,"22":0.032158,"23":0.078098,"24":0.059722,"25":0.032158,"26":0.027564,"27":0.04594,"28":0.09188,"29":0.128632,"30":0.147008,"31":0.179166,"32":0.294016,"33":0.4594,"34":4.603188,"35":4.575624,"36":0.62019,"37":0.009188,"38":null},"opera":{"9":null,"9.5-9.6":null,"10.0-10.1":0,"10.5":null,"10.6":null,"11":null,"11.1":null,"11.5":null,"11.6":null,"12":0.004594,"12.1":0.041346,"15":0.004594,"16":null,"17":null,"18":null,"19":null,"20":null,"21":null,"22":null,"23":null,"24":null,"25":null,"26":0.271046,"27":0.027564,"28":null,"29":null},"safari":{"3.1":null,"3.2":null,"4":0,"5":0.032158,"5.1":0.151602,"6":0.06891,"6.1":0.09188,"7":0.13782,"7.1":0.202136,"8":0.588032},"android":{"2.1":0,"2.2":0,"2.3":0.253429283778,"3":0,"4":0.517668347433,"4.1":1.61305937495,"4.2-4.3":2.64239063655,"4.4":4.7202705462,"4.4.3-4.4.4":1.95176581109,"37":0},"ios_saf":{"3.2":0,"4.0-4.1":0,"4.2-4.3":0,"5.0-5.1":0.0422715164437,"6.0-6.1":0.134972210399,"7.0-7.1":1.92965764538,"8":0.464986680881,"8.1":4.8018959469},"op_mob":{"10":0,"11":0,"11.1":0,"11.5":0,"12":0.0107289372599,"12.1":0.0321868117798,"0":null},"ie":{"5.5":null,"6":0.00460158085809,"7":0.00920316171617,"8":0.414142277228,"9":0.257688528053,"10":0.515377056106,"11":1.58754539604,"0":null},"ie_mob":{"10":0.3247204,"11":0.5348336},"bb":{"7":0.0067575,"10":null},"and_uc":{"0":3.800418},"op_mini":{"5.0-8.0":4.14673425096},"and_chr":{"0":21.704658},"and_ff":{"0":0.681156}},"total":94.5915335}