{"id":"MW","name":"Malawi","month":"2015-01","access_date":"2015-02-01","data":{"chrome":{"4":null,"5":null,"6":null,"7":0.003716,"8":null,"9":null,"10":0.014864,"11":0.020438,"12":0.003716,"13":0.001858,"14":0.007432,"15":0.003716,"16":null,"17":null,"18":0.003716,"19":null,"20":0.003716,"21":0.048308,"22":0.003716,"23":0.007432,"24":0.003716,"25":0.016722,"26":0.016722,"27":0.007432,"28":0.029728,"29":0.005574,"30":0.003716,"31":0.057598,"32":0.01858,"33":0.053882,"34":0.04645,"35":0.05574,"36":0.11148,"37":0.128202,"38":0.081752,"39":3.851634,"40":1.181688,"41":0.091042,"42":0.003716,"43":null},"firefox":{"2":0.052024,"3":0.007432,"3.5":0.007432,"3.6":0.03716,"4":0.020438,"5":0.016722,"6":0.020438,"7":0.01858,"8":0.024154,"9":0.020438,"10":0.057598,"11":0.020438,"12":0.063172,"13":0.066888,"14":0.031586,"15":0.024154,"16":0.03716,"17":0.022296,"18":0.016722,"19":0.020438,"20":0.026012,"21":0.042734,"22":0.01858,"23":0.01858,"24":0.031586,"25":0.053882,"26":0.048308,"27":0.026012,"28":0.040876,"29":0.131918,"30":0.26941,"31":0.13006,"32":0.144924,"33":0.549968,"34":1.911882,"35":1.516128,"36":0.13935,"37":0.031586,"38":0.003716},"opera":{"9":null,"9.5-9.6":null,"10.0-10.1":0,"10.5":0.013006,"10.6":0.007432,"11":0.005574,"11.1":0.003716,"11.5":0.01858,"11.6":0.014864,"12":0.013006,"12.1":0.07432,"15":0.005574,"16":null,"17":0.003716,"18":0.00929,"19":0.003716,"20":0.011148,"21":0.005574,"22":0.013006,"23":0.001858,"24":0.005574,"25":0.011148,"26":0.29728,"27":0.033444,"28":null,"29":null},"safari":{"3.1":null,"3.2":null,"4":0.001858,"5":0.044592,"5.1":0.078036,"6":0.020438,"6.1":0.02787,"7":0.178368,"7.1":0.107764,"8":0.12077},"android":{"2.1":0,"2.2":0,"2.3":0.0634975687885,"3":0,"4":0.129703564682,"4.1":0.404157511294,"4.2-4.3":0.662059958932,"4.4":1.18267983573,"4.4.3-4.4.4":0.489021560575,"37":0},"ios_saf":{"3.2":0,"4.0-4.1":0,"4.2-4.3":0,"5.0-5.1":0.00569440490798,"6.0-6.1":0.0181821349693,"7.0-7.1":0.259944588957,"8":0.0626384539877,"8.1":0.646864417178},"op_mob":{"10":0,"11":0,"11.1":0,"11.5":0,"12":0.153207211268,"12.1":0.459621633803,"0":null},"ie":{"5.5":null,"6":0.053882,"7":0.031586,"8":1.345192,"9":0.709756,"10":0.860254,"11":2.6012,"0":null},"ie_mob":{"10":0.7105252,"11":1.1702768},"bb":{"7":0.3480705,"10":null},"and_uc":{"0":5.666832},"op_mini":{"5.0-8.0":59.2145871549},"and_chr":{"0":2.737026},"and_ff":{"0":0.073278}},"total":92.8000445}