{"id":"MX","name":"Mexico","month":"2015-01","access_date":"2015-02-01","data":{"chrome":{"4":null,"5":null,"6":null,"7":null,"8":null,"9":null,"10":null,"11":0.089791,"12":0.006907,"13":0.006907,"14":null,"15":null,"16":null,"17":null,"18":0.027628,"19":null,"20":null,"21":0.027628,"22":0.124326,"23":0.013814,"24":0.013814,"25":0.013814,"26":0.041442,"27":0.06907,"28":0.041442,"29":0.041442,"30":0.034535,"31":0.221024,"32":0.131233,"33":0.227931,"34":0.283187,"35":0.669979,"36":0.580188,"37":0.656165,"38":0.946259,"39":28.781469,"40":10.132569,"41":0.145047,"42":0.013814,"43":null},"firefox":{"2":null,"3":0.013814,"3.5":null,"3.6":0.06907,"4":0.006907,"5":0.013814,"6":null,"7":null,"8":null,"9":null,"10":0.006907,"11":0.013814,"12":0.027628,"13":0.006907,"14":0.006907,"15":0.013814,"16":0.034535,"17":0.006907,"18":0.006907,"19":0.006907,"20":0.020721,"21":0.034535,"22":0.013814,"23":0.013814,"24":0.020721,"25":0.013814,"26":0.020721,"27":0.06907,"28":0.027628,"29":0.041442,"30":0.06907,"31":0.110512,"32":0.089791,"33":0.179582,"34":3.702152,"35":3.377523,"36":0.027628,"37":null,"38":null},"opera":{"9":null,"9.5-9.6":null,"10.0-10.1":0,"10.5":null,"10.6":null,"11":null,"11.1":null,"11.5":null,"11.6":null,"12":null,"12.1":0.062163,"15":null,"16":null,"17":null,"18":null,"19":null,"20":0.013814,"21":null,"22":null,"23":null,"24":null,"25":0.013814,"26":0.55256,"27":0.124326,"28":null,"29":null},"safari":{"3.1":null,"3.2":null,"4":0.055256,"5":0.151954,"5.1":0.379885,"6":0.110512,"6.1":0.262466,"7":0.352257,"7.1":0.573281,"8":1.139655},"android":{"2.1":0,"2.2":0,"2.3":0.190024520329,"3":0,"4":0.388154351951,"4.1":1.20949256304,"4.2-4.3":1.98129831622,"4.4":3.53931926489,"4.4.3-4.4.4":1.46345898357,"37":0},"ios_saf":{"3.2":0,"4.0-4.1":0,"4.2-4.3":0,"5.0-5.1":0.0276428903751,"6.0-6.1":0.0882632640048,"7.0-7.1":1.26187369748,"8":0.304071794127,"8.1":3.14013535402},"op_mob":{"10":0,"11":0,"11.1":0,"11.5":0,"12":0.00463355953905,"12.1":0.0139006786172,"0":null},"ie":{"5.5":null,"6":0.0558618072706,"7":0.111723614541,"8":1.86438781766,"9":1.54318242585,"10":1.76662965493,"11":6.75927867975,"0":null},"ie_mob":{"10":0.530483866667,"11":0.873738133333},"bb":{"7":0.06108675,"10":null},"and_uc":{"0":0.194859},"op_mini":{"5.0-8.0":1.79087076184},"and_chr":{"0":13.953233},"and_ff":{"0":0.120627}},"total":98.43897575}