{"id":"MY","name":"Malaysia","month":"2015-01","access_date":"2015-02-01","data":{"chrome":{"4":0.024448,"5":0.036672,"6":0.03056,"7":0.018336,"8":0.036672,"9":0.03056,"10":0.048896,"11":0.12224,"12":0.079456,"13":0.03056,"14":0.048896,"15":0.048896,"16":0.03056,"17":0.012224,"18":0.042784,"19":0.012224,"20":0.018336,"21":0.03056,"22":0.079456,"23":0.03056,"24":0.03056,"25":0.042784,"26":0.06112,"27":0.116128,"28":0.103904,"29":0.09168,"30":0.158912,"31":0.501184,"32":0.21392,"33":0.708992,"34":0.342272,"35":0.513408,"36":0.965696,"37":0.739552,"38":1.026816,"39":25.156992,"40":6.643744,"41":0.482848,"42":0.03056,"43":null},"firefox":{"2":null,"3":0.03056,"3.5":0.012224,"3.6":0.09168,"4":0.042784,"5":0.024448,"6":0.012224,"7":0.018336,"8":0.018336,"9":0.036672,"10":0.03056,"11":0.079456,"12":0.079456,"13":0.03056,"14":0.03056,"15":0.03056,"16":0.055008,"17":0.03056,"18":0.024448,"19":0.036672,"20":0.03056,"21":0.036672,"22":0.042784,"23":0.042784,"24":0.055008,"25":0.036672,"26":0.048896,"27":0.055008,"28":0.048896,"29":0.097792,"30":0.128352,"31":0.201696,"32":0.195584,"33":0.330048,"34":4.944608,"35":4.333408,"36":0.323936,"37":0.006112,"38":null},"opera":{"9":null,"9.5-9.6":null,"10.0-10.1":0,"10.5":null,"10.6":null,"11":null,"11.1":null,"11.5":null,"11.6":null,"12":null,"12.1":0.067232,"15":null,"16":null,"17":null,"18":0.006112,"19":null,"20":0.006112,"21":null,"22":null,"23":null,"24":0.006112,"25":0.012224,"26":0.317824,"27":0.048896,"28":null,"29":null},"safari":{"3.1":null,"3.2":null,"4":0.03056,"5":0.073344,"5.1":0.201696,"6":0.06112,"6.1":0.12224,"7":0.207808,"7.1":0.250592,"8":0.586752},"android":{"2.1":0,"2.2":0,"2.3":0.254280389322,"3":0,"4":0.519406861602,"4.1":1.61847660123,"4.2-4.3":2.65126472279,"4.4":4.73612289117,"4.4.3-4.4.4":1.95832053388,"37":0},"ios_saf":{"3.2":0,"4.0-4.1":0,"4.2-4.3":0,"5.0-5.1":0.0237819845117,"6.0-6.1":0.0759354593181,"7.0-7.1":1.08562673157,"8":0.261601829629,"8.1":2.70154999497},"op_mob":{"10":0,"11":0,"11.1":0,"11.5":0,"12":0.00813443277849,"12.1":0.0244032983355,"0":null},"ie":{"5.5":null,"6":0.100680032814,"7":0.14472754717,"8":1.93809063167,"9":1.14523537326,"10":0.843195274815,"11":3.46087612797,"0":null},"ie_mob":{"10":0.132192,"11":0.217728},"bb":{"7":0.044712,"10":null},"and_uc":{"0":2.64384},"op_mini":{"5.0-8.0":3.14395826889},"and_chr":{"0":16.087648},"and_ff":{"0":0.283824}},"total":98.5221249877}