{"id":"MZ","name":"Mozambique","month":"2015-01","access_date":"2015-02-01","data":{"chrome":{"4":null,"5":0.003264,"6":null,"7":null,"8":null,"9":null,"10":0.022848,"11":0.029376,"12":0.006528,"13":0.003264,"14":0.013056,"15":0.003264,"16":0.009792,"17":null,"18":0.003264,"19":null,"20":0.006528,"21":0.019584,"22":0.006528,"23":null,"24":0.003264,"25":0.01632,"26":0.035904,"27":0.009792,"28":0.009792,"29":0.013056,"30":0.026112,"31":0.172992,"32":0.029376,"33":0.460224,"34":0.062016,"35":0.110976,"36":0.476544,"37":0.140352,"38":0.17952,"39":7.350528,"40":2.131392,"41":0.04896,"42":0.006528,"43":null},"firefox":{"2":0.006528,"3":0.029376,"3.5":0.009792,"3.6":0.062016,"4":0.039168,"5":0.019584,"6":0.026112,"7":0.009792,"8":0.045696,"9":0.01632,"10":0.035904,"11":0.084864,"12":0.071808,"13":0.045696,"14":0.035904,"15":0.042432,"16":0.03264,"17":0.042432,"18":0.022848,"19":0.026112,"20":0.039168,"21":0.019584,"22":0.019584,"23":0.01632,"24":0.022848,"25":0.019584,"26":0.022848,"27":0.026112,"28":0.019584,"29":0.075072,"30":0.13056,"31":0.13056,"32":0.11424,"33":0.280704,"34":2.6112,"35":2.144448,"36":0.104448,"37":0.013056,"38":0.003264},"opera":{"9":null,"9.5-9.6":null,"10.0-10.1":0,"10.5":null,"10.6":0.006528,"11":0.022848,"11.1":0.006528,"11.5":0.013056,"11.6":0.039168,"12":0.022848,"12.1":0.182784,"15":0.019584,"16":0.009792,"17":0.01632,"18":0.009792,"19":0.006528,"20":0.03264,"21":0.006528,"22":0.01632,"23":0.006528,"24":0.009792,"25":0.022848,"26":0.904128,"27":0.156672,"28":0.006528,"29":null},"safari":{"3.1":null,"3.2":null,"4":0.003264,"5":0.022848,"5.1":0.127296,"6":0.035904,"6.1":0.058752,"7":0.078336,"7.1":0.110976,"8":0.22848},"android":{"2.1":0,"2.2":0,"2.3":0.170584704723,"3":0,"4":0.348445534292,"4.1":1.08575951869,"4.2-4.3":1.77860829569,"4.4":3.17724118275,"4.4.3-4.4.4":1.31374476386,"37":0},"ios_saf":{"3.2":0,"4.0-4.1":0,"4.2-4.3":0,"5.0-5.1":0.00675767876898,"6.0-6.1":0.0215771497536,"7.0-7.1":0.308482108016,"8":0.0743344664588,"8.1":0.767648597003},"op_mob":{"10":0,"11":0,"11.1":0,"11.5":0,"12":0.0952182330346,"12.1":0.285654699104,"0":null},"ie":{"5.5":null,"6":0.0653690343699,"7":0.0686374860884,"8":2.96775416039,"9":0.790965315876,"10":1.44138720786,"11":6.58266176105,"0":null},"ie_mob":{"10":0.656535466667,"11":1.08135253333},"bb":{"7":0.170084,"10":null},"and_uc":{"0":3.947296},"op_mini":{"5.0-8.0":36.8018470679},"and_chr":{"0":6.299568},"and_ff":{"0":0.13472}},"total":90.5550029656}