{"id":"NG","name":"Nigeria","month":"2015-01","access_date":"2015-02-01","data":{"chrome":{"4":0.009092,"5":0.006819,"6":0.004546,"7":null,"8":0.004546,"9":0.009092,"10":0.009092,"11":0.047733,"12":0.011365,"13":0.004546,"14":0.006819,"15":0.075009,"16":0.006819,"17":0.002273,"18":0.013638,"19":0.006819,"20":0.004546,"21":0.038641,"22":0.015911,"23":0.006819,"24":0.009092,"25":0.018184,"26":0.115923,"27":0.018184,"28":0.018184,"29":0.020457,"30":0.02273,"31":0.088647,"32":0.025003,"33":0.088647,"34":0.043187,"35":0.06819,"36":0.247757,"37":0.127288,"38":0.152291,"39":4.832398,"40":1.368346,"41":0.134107,"42":0.009092,"43":null},"firefox":{"2":0.009092,"3":0.052279,"3.5":0.013638,"3.6":0.102285,"4":0.061371,"5":0.015911,"6":0.020457,"7":0.097739,"8":0.031822,"9":0.02273,"10":0.070463,"11":0.109104,"12":0.09092,"13":0.118196,"14":0.063644,"15":0.077282,"16":0.056825,"17":0.040914,"18":0.061371,"19":0.056825,"20":0.040914,"21":0.050006,"22":0.04546,"23":0.04546,"24":0.106831,"25":0.043187,"26":0.052279,"27":0.054552,"28":0.047733,"29":0.186386,"30":0.238665,"31":0.215935,"32":0.193205,"33":0.413686,"34":3.173108,"35":2.866253,"36":0.338677,"37":0.009092,"38":0.002273},"opera":{"9":null,"9.5-9.6":0.006819,"10.0-10.1":0.004546,"10.5":null,"10.6":0.004546,"11":0.004546,"11.1":0.004546,"11.5":0.013638,"11.6":0.009092,"12":0.013638,"12.1":0.09092,"15":0.009092,"16":0.006819,"17":0.004546,"18":0.011365,"19":0.013638,"20":0.013638,"21":0.006819,"22":0.013638,"23":null,"24":0.009092,"25":0.020457,"26":0.434143,"27":0.054552,"28":null,"29":null},"safari":{"3.1":null,"3.2":null,"4":0.006819,"5":0.018184,"5.1":0.06819,"6":0.029549,"6.1":0.04546,"7":0.065917,"7.1":0.095466,"8":0.18184},"android":{"2.1":0,"2.2":0,"2.3":0.0848676877823,"3":0,"4":0.173355324333,"4.1":0.540176799487,"4.2-4.3":0.884876365503,"4.4":1.58071096201,"4.4.3-4.4.4":0.653601860883,"37":0},"ios_saf":{"3.2":0,"4.0-4.1":0,"4.2-4.3":0,"5.0-5.1":0.00655586563411,"6.0-6.1":0.0209327639545,"7.0-7.1":0.299269515438,"8":0.0721145219753,"8.1":0.744723332998},"op_mob":{"10":0,"11":0,"11.1":0,"11.5":0,"12":0.127193741357,"12.1":0.381581224072,"0":null},"ie":{"5.5":null,"6":0.0528883123543,"7":0.0206954265734,"8":0.708243487179,"9":0.611664829837,"10":0.763431291375,"11":1.77060871795,"0":null},"ie_mob":{"10":0.373643377778,"11":0.615412622222},"bb":{"7":0.9620115,"10":null},"and_uc":{"0":8.870596},"op_mini":{"5.0-8.0":49.1603810346},"and_chr":{"0":3.148112},"and_ff":{"0":0.324534}},"total":91.2020995653}