{"id":"NI","name":"Nicaragua","month":"2015-01","access_date":"2015-02-01","data":{"chrome":{"4":0.020964,"5":null,"6":0.027952,"7":null,"8":null,"9":null,"10":null,"11":0.10482,"12":0.006988,"13":0.013976,"14":null,"15":0.006988,"16":null,"17":null,"18":0.090844,"19":null,"20":0.020964,"21":0.013976,"22":0.027952,"23":0.020964,"24":0.020964,"25":0.048916,"26":0.062892,"27":0.076868,"28":0.055904,"29":0.076868,"30":0.06988,"31":0.24458,"32":0.125784,"33":0.300484,"34":0.307472,"35":0.684824,"36":0.8735,"37":1.069164,"38":1.355672,"39":31.173468,"40":8.113068,"41":0.153736,"42":0.020964,"43":null},"firefox":{"2":null,"3":0.027952,"3.5":0.013976,"3.6":0.10482,"4":0.027952,"5":0.013976,"6":0.013976,"7":0.006988,"8":0.013976,"9":0.020964,"10":0.020964,"11":0.020964,"12":0.055904,"13":0.020964,"14":0.041928,"15":0.041928,"16":0.027952,"17":0.027952,"18":0.020964,"19":0.020964,"20":0.06988,"21":0.090844,"22":0.027952,"23":0.041928,"24":0.041928,"25":0.055904,"26":0.06988,"27":0.076868,"28":0.06988,"29":0.10482,"30":0.237592,"31":0.251568,"32":0.27952,"33":0.482172,"34":6.435948,"35":5.059312,"36":0.076868,"37":0.013976,"38":null},"opera":{"9":null,"9.5-9.6":null,"10.0-10.1":0,"10.5":null,"10.6":null,"11":null,"11.1":null,"11.5":null,"11.6":0.013976,"12":null,"12.1":0.062892,"15":null,"16":null,"17":null,"18":null,"19":0.006988,"20":0.013976,"21":null,"22":null,"23":null,"24":0.006988,"25":0.013976,"26":0.656872,"27":0.10482,"28":null,"29":null},"safari":{"3.1":null,"3.2":null,"4":0.027952,"5":0.055904,"5.1":0.146748,"6":0.062892,"6.1":0.076868,"7":0.132772,"7.1":0.251568,"8":0.517112},"android":{"2.1":0,"2.2":0,"2.3":0.181198394661,"3":0,"4":0.370125630801,"4.1":1.15331490062,"4.2-4.3":1.8892723614,"4.4":3.37492744559,"4.4.3-4.4.4":1.39548526694,"37":0},"ios_saf":{"3.2":0,"4.0-4.1":0,"4.2-4.3":0,"5.0-5.1":0.0159200088504,"6.0-6.1":0.0508323089611,"7.0-7.1":0.726734439103,"8":0.175120097355,"8.1":1.80845714573},"op_mob":{"10":0,"11":0,"11.1":0,"11.5":0,"12":0.0145856389245,"12.1":0.0437569167734,"0":null},"ie":{"5.5":null,"6":0.0504704309831,"7":0.0937308003972,"8":1.44922237537,"9":0.80752689573,"10":1.27618089772,"11":3.52572010725,"0":null},"ie_mob":{"10":0.4403544,"11":0.7252896},"bb":{"7":0.130269,"10":null},"and_uc":{"0":1.7319},"op_mini":{"5.0-8.0":5.6373494443},"and_chr":{"0":7.492304},"and_ff":{"0":0.123492}},"total":96.0591445074}