{"id":"NL","name":"Netherlands","month":"2015-01","access_date":"2015-02-01","data":{"chrome":{"4":null,"5":null,"6":null,"7":null,"8":null,"9":null,"10":null,"11":0.06855,"12":null,"13":null,"14":null,"15":null,"16":null,"17":null,"18":0.034275,"19":null,"20":null,"21":0.01371,"22":0.02742,"23":0.006855,"24":0.02742,"25":0.01371,"26":0.020565,"27":0.130245,"28":0.020565,"29":0.034275,"30":0.04113,"31":0.19194,"32":0.06855,"33":0.143955,"34":0.157665,"35":0.38388,"36":0.35646,"37":0.45243,"38":0.85002,"39":22.26504,"40":6.26547,"41":0.143955,"42":0.01371,"43":null},"firefox":{"2":null,"3":0.006855,"3.5":null,"3.6":0.075405,"4":0.006855,"5":null,"6":null,"7":0.01371,"8":null,"9":0.006855,"10":0.01371,"11":0.006855,"12":0.02742,"13":0.006855,"14":null,"15":0.01371,"16":0.05484,"17":0.047985,"18":0.006855,"19":0.006855,"20":0.020565,"21":0.020565,"22":0.01371,"23":0.01371,"24":0.08226,"25":0.020565,"26":0.02742,"27":0.12339,"28":0.04113,"29":0.034275,"30":0.08226,"31":0.390735,"32":0.15081,"33":0.17823,"34":5.518275,"35":4.6614,"36":0.06855,"37":0.01371,"38":null},"opera":{"9":null,"9.5-9.6":null,"10.0-10.1":0,"10.5":null,"10.6":null,"11":null,"11.1":null,"11.5":null,"11.6":null,"12":0.006855,"12.1":0.130245,"15":null,"16":null,"17":null,"18":null,"19":null,"20":null,"21":null,"22":null,"23":null,"24":0.006855,"25":0.006855,"26":0.4113,"27":0.061695,"28":null,"29":null},"safari":{"3.1":null,"3.2":null,"4":0.04113,"5":0.143955,"5.1":0.56211,"6":0.089115,"6.1":0.363315,"7":0.4113,"7.1":0.966555,"8":2.474655},"android":{"2.1":0,"2.2":0,"2.3":0.120727960986,"3":0,"4":0.246605455852,"4.1":0.768424889117,"4.2-4.3":1.25877494867,"4.4":2.24862979466,"4.4.3-4.4.4":0.929776950719,"37":0},"ios_saf":{"3.2":0,"4.0-4.1":0,"4.2-4.3":0,"5.0-5.1":0.0772193497938,"6.0-6.1":0.246560029166,"7.0-7.1":3.52499558182,"8":0.849412847732,"8.1":8.77184719149},"op_mob":{"10":0,"11":0,"11.1":0,"11.5":0,"12":0.000193290653009,"12.1":0.000579871959027,"0":null},"ie":{"5.5":null,"6":0.0275929005935,"7":0.0482875760386,"8":1.24857875185,"9":2.22122849777,"10":1.4693219566,"11":13.5826053171,"0":null},"ie_mob":{"10":0.184157222222,"11":0.303317777778},"bb":{"7":0.01651125,"10":null},"and_uc":{"0":0.07548},"op_mini":{"5.0-8.0":0.074706837388},"and_chr":{"0":11.60151},"and_ff":{"0":0.128945}},"total":99.19005125}