{"id":"NO","name":"Norway","month":"2015-01","access_date":"2015-02-01","data":{"chrome":{"4":null,"5":null,"6":null,"7":null,"8":null,"9":null,"10":null,"11":0.024144,"12":null,"13":null,"14":null,"15":null,"16":null,"17":null,"18":0.04024,"19":null,"20":null,"21":0.008048,"22":0.032192,"23":0.008048,"24":0.008048,"25":0.016096,"26":0.016096,"27":0.032192,"28":0.024144,"29":0.032192,"30":0.032192,"31":0.249488,"32":0.144864,"33":0.225344,"34":0.177056,"35":0.466784,"36":0.48288,"37":0.394352,"38":0.756512,"39":29.729312,"40":7.36392,"41":0.32192,"42":0.016096,"43":null},"firefox":{"2":null,"3":null,"3.5":null,"3.6":0.024144,"4":0.016096,"5":null,"6":null,"7":null,"8":null,"9":null,"10":0.008048,"11":null,"12":0.016096,"13":null,"14":null,"15":0.016096,"16":0.024144,"17":0.016096,"18":null,"19":0.008048,"20":0.016096,"21":0.016096,"22":null,"23":0.016096,"24":0.032192,"25":0.008048,"26":0.032192,"27":0.024144,"28":0.032192,"29":0.024144,"30":0.12072,"31":0.209248,"32":0.088528,"33":0.193152,"34":5.520928,"35":4.50688,"36":0.064384,"37":null,"38":null},"opera":{"9":null,"9.5-9.6":null,"10.0-10.1":0,"10.5":null,"10.6":null,"11":null,"11.1":null,"11.5":null,"11.6":null,"12":0.008048,"12.1":0.772608,"15":null,"16":null,"17":null,"18":null,"19":null,"20":0.008048,"21":null,"22":0.024144,"23":null,"24":0.016096,"25":0.024144,"26":1.384256,"27":0.185104,"28":null,"29":null},"safari":{"3.1":null,"3.2":null,"4":0.024144,"5":0.104624,"5.1":0.515072,"6":0.169008,"6.1":0.555312,"7":0.949664,"7.1":1.778608,"8":3.154816},"android":{"2.1":0,"2.2":0,"2.3":0.0453312919918,"3":0,"4":0.0925961462012,"4.1":0.288530450924,"4.2-4.3":0.472648542094,"4.4":0.844322168378,"4.4.3-4.4.4":0.349115400411,"37":0},"ios_saf":{"3.2":0,"4.0-4.1":0,"4.2-4.3":0,"5.0-5.1":0.0568908957055,"6.0-6.1":0.181651631902,"7.0-7.1":2.59701948466,"8":0.625799852761,"8.1":6.46260613497},"op_mob":{"10":0,"11":0,"11.1":0,"11.5":0,"12":0.000289925736236,"12.1":0.000869777208707,"0":null},"ie":{"5.5":null,"6":0.00805864081093,"7":0.0322345632437,"8":0.821981362715,"9":2.73993787572,"10":1.74872505597,"11":12.9341185015,"0":null},"ie_mob":{"10":0.0966023111111,"11":0.159109688889},"bb":{"7":0.002928,"10":null},"and_uc":{"0":0.011712},"op_mini":{"5.0-8.0":0.112056297055},"and_chr":{"0":7.02864},"and_ff":{"0":0.08784}},"total":99.11128}