{"id":"NP","name":"Nepal","month":"2015-01","access_date":"2015-02-01","data":{"chrome":{"4":0.058896,"5":0.078528,"6":0.068712,"7":0.034356,"8":0.04908,"9":0.053988,"10":0.04908,"11":0.132516,"12":0.274848,"13":0.02454,"14":0.058896,"15":0.04908,"16":0.039264,"17":0.083436,"18":0.039264,"19":0.029448,"20":0.02454,"21":0.009816,"22":0.039264,"23":0.019632,"24":0.02454,"25":0.058896,"26":0.029448,"27":0.068712,"28":0.083436,"29":0.044172,"30":0.083436,"31":0.17178,"32":0.191412,"33":0.485892,"34":0.157056,"35":0.215952,"36":0.863808,"37":0.353376,"38":0.608592,"39":19.028316,"40":5.271192,"41":0.790188,"42":0.053988,"43":null},"firefox":{"2":null,"3":0.02454,"3.5":0.019632,"3.6":0.068712,"4":0.053988,"5":0.04908,"6":0.044172,"7":0.029448,"8":0.044172,"9":0.04908,"10":0.044172,"11":0.103068,"12":0.137424,"13":0.083436,"14":0.103068,"15":0.09816,"16":0.068712,"17":0.044172,"18":0.019632,"19":0.053988,"20":0.039264,"21":0.053988,"22":0.044172,"23":0.04908,"24":0.039264,"25":0.053988,"26":0.053988,"27":0.04908,"28":0.053988,"29":0.181596,"30":0.206136,"31":0.265032,"32":0.235584,"33":0.397548,"34":5.20248,"35":5.197572,"36":0.770556,"37":0.019632,"38":null},"opera":{"9":null,"9.5-9.6":0.004908,"10.0-10.1":0.009816,"10.5":null,"10.6":0.004908,"11":0.029448,"11.1":null,"11.5":0.014724,"11.6":0.019632,"12":0.019632,"12.1":0.117792,"15":0.009816,"16":0.009816,"17":0.009816,"18":0.019632,"19":0.004908,"20":0.029448,"21":0.009816,"22":0.004908,"23":0.009816,"24":0.009816,"25":0.014724,"26":0.677304,"27":0.09816,"28":null,"29":null},"safari":{"3.1":null,"3.2":null,"4":0.004908,"5":0.029448,"5.1":0.1227,"6":0.029448,"6.1":0.044172,"7":0.093252,"7.1":0.112884,"8":0.304296},"android":{"2.1":0,"2.2":0,"2.3":0.151344277618,"3":0,"4":0.309143998357,"4.1":0.963295567967,"4.2-4.3":1.57799720739,"4.4":2.81887682957,"4.4.3-4.4.4":1.1655661191,"37":0},"ios_saf":{"3.2":0,"4.0-4.1":0,"4.2-4.3":0,"5.0-5.1":0.0177771895806,"6.0-6.1":0.0567622544504,"7.0-7.1":0.811513110329,"8":0.195549085387,"8.1":2.01942636025},"op_mob":{"10":0,"11":0,"11.1":0,"11.5":0,"12":0.0555882099872,"12.1":0.166764629962,"0":null},"ie":{"5.5":null,"6":0.0496642857143,"7":0.034765,"8":0.610870714286,"9":0.178791428571,"10":0.506575714286,"11":1.11744642857,"0":null},"ie_mob":{"10":0.248150133333,"11":0.408717866667},"bb":{"7":0.020368,"10":null},"and_uc":{"0":7.84168},"op_mini":{"5.0-8.0":21.4848431601},"and_chr":{"0":7.254816},"and_ff":{"0":0.137484}},"total":95.9267055714}