{"id":"NU","name":"Niue","month":"2015-01","access_date":"2015-02-01","data":{"chrome":{"4":null,"5":0.04322,"6":null,"7":null,"8":null,"9":null,"10":null,"11":null,"12":2.195576,"13":null,"14":null,"15":null,"16":null,"17":null,"18":null,"19":null,"20":null,"21":null,"22":null,"23":null,"24":null,"25":null,"26":null,"27":null,"28":null,"29":null,"30":0.077796,"31":null,"32":null,"33":0.077796,"34":null,"35":null,"36":null,"37":0.207456,"38":0.077796,"39":35.060064,"40":8.955184,"41":0.207456,"42":null,"43":null},"firefox":{"2":null,"3":null,"3.5":null,"3.6":2.731504,"4":null,"5":null,"6":null,"7":null,"8":null,"9":null,"10":null,"11":null,"12":null,"13":null,"14":null,"15":null,"16":null,"17":null,"18":null,"19":null,"20":null,"21":null,"22":0.04322,"23":null,"24":null,"25":null,"26":null,"27":null,"28":0.285252,"29":0.04322,"30":null,"31":null,"32":1.42626,"33":null,"34":15.758012,"35":7.373332,"36":0.285252,"37":null,"38":null},"opera":{"9":null,"9.5-9.6":null,"10.0-10.1":0,"10.5":null,"10.6":null,"11":null,"11.1":null,"11.5":null,"11.6":null,"12":null,"12.1":null,"15":null,"16":null,"17":null,"18":null,"19":null,"20":null,"21":null,"22":null,"23":null,"24":null,"25":null,"26":null,"27":null,"28":null,"29":null},"safari":{"3.1":null,"3.2":null,"4":0,"5":null,"5.1":1.054568,"6":0.449488,"6.1":null,"7":0.769316,"7.1":0.121016,"8":2.76608},"android":{"2.1":0,"2.2":0,"2.3":0.121731489117,"3":0,"4":0.248655316632,"4.1":0.774812274333,"4.2-4.3":1.26923827515,"4.4":2.26732110062,"4.4.3-4.4.4":0.937505544148,"37":0},"ios_saf":{"3.2":0,"4.0-4.1":0,"4.2-4.3":0,"5.0-5.1":0.0107352159308,"6.0-6.1":0.0342773561299,"7.0-7.1":0.490053190385,"8":0.118087375239,"8.1":1.21948286232},"op_mob":{"10":0,"11":0,"11.1":0,"11.5":0,"12":0,"12.1":0,"0":null},"ie":{"5.5":null,"6":null,"7":0.04322,"8":null,"9":0.077796,"10":1.019992,"11":5.212332,"0":null},"ie_mob":{"10":0.307872266667,"11":0.507083733333},"bb":{"7":0,"10":null},"and_uc":{"0":0.04068},"op_mini":{"5.0-8.0":0},"and_chr":{"0":5.171784},"and_ff":{"0":0.04068}},"total":99.922204}