{"id":"NZ","name":"New Zealand","month":"2015-01","access_date":"2015-02-01","data":{"chrome":{"4":null,"5":null,"6":null,"7":null,"8":0.007663,"9":null,"10":null,"11":0.053641,"12":null,"13":null,"14":null,"15":null,"16":null,"17":null,"18":0.015326,"19":null,"20":0.030652,"21":0.045978,"22":0.068967,"23":0.015326,"24":0.015326,"25":0.022989,"26":0.061304,"27":0.045978,"28":0.045978,"29":0.045978,"30":0.137934,"31":0.812278,"32":0.145597,"33":0.291194,"34":0.321846,"35":0.421465,"36":0.590051,"37":0.513421,"38":1.034505,"39":27.188324,"40":7.81626,"41":0.237553,"42":0.022989,"43":null},"firefox":{"2":null,"3":0.007663,"3.5":null,"3.6":0.045978,"4":0.007663,"5":null,"6":null,"7":null,"8":null,"9":null,"10":0.015326,"11":0.015326,"12":0.030652,"13":null,"14":0.007663,"15":0.015326,"16":0.038315,"17":0.015326,"18":0.007663,"19":0.015326,"20":0.053641,"21":0.015326,"22":0.015326,"23":0.015326,"24":0.045978,"25":0.015326,"26":0.022989,"27":0.053641,"28":0.038315,"29":0.030652,"30":0.07663,"31":0.15326,"32":0.084293,"33":0.199238,"34":5.793228,"35":5.088232,"36":0.068967,"37":0.015326,"38":0.007663},"opera":{"9":null,"9.5-9.6":null,"10.0-10.1":0,"10.5":null,"10.6":null,"11":null,"11.1":null,"11.5":null,"11.6":null,"12":null,"12.1":0.122608,"15":null,"16":null,"17":null,"18":null,"19":null,"20":null,"21":null,"22":null,"23":null,"24":null,"25":null,"26":0.275868,"27":0.038315,"28":0.022989,"29":null},"safari":{"3.1":null,"3.2":null,"4":0.068967,"5":0.252879,"5.1":0.804615,"6":0.183912,"6.1":0.53641,"7":0.789289,"7.1":1.333362,"8":2.597757},"android":{"2.1":0,"2.2":0,"2.3":0.0935080727926,"3":0,"4":0.191004641581,"4.1":0.595172235832,"4.2-4.3":0.974965687885,"4.4":1.74164325154,"4.4.3-4.4.4":0.72014511037,"37":0},"ios_saf":{"3.2":0,"4.0-4.1":0,"4.2-4.3":0,"5.0-5.1":0.0546206469878,"6.0-6.1":0.174402767575,"7.0-7.1":2.49338462215,"8":0.600827116866,"8.1":6.20471384642},"op_mob":{"10":0,"11":0,"11.1":0,"11.5":0,"12":0.000359078104994,"12.1":0.00107723431498,"0":null},"ie":{"5.5":null,"6":0.0154361005747,"7":0.0771805028736,"8":1.32750464943,"9":1.67481691236,"10":1.48958370546,"11":11.5307671293,"0":null},"ie_mob":{"10":0.205707933333,"11":0.338813066667},"bb":{"7":0.00759525,"10":null},"and_uc":{"0":0.245385},"op_mini":{"5.0-8.0":0.13878368758},"and_chr":{"0":8.633954},"and_ff":{"0":0.142557}},"total":98.72498725}