{"id":"PA","name":"Panama","month":"2015-01","access_date":"2015-02-01","data":{"chrome":{"4":0.013484,"5":null,"6":null,"7":null,"8":null,"9":null,"10":null,"11":0.087646,"12":0.006742,"13":null,"14":null,"15":null,"16":null,"17":null,"18":0.026968,"19":null,"20":0.013484,"21":0.040452,"22":0.06742,"23":null,"24":null,"25":0.03371,"26":0.094388,"27":0.047194,"28":0.053936,"29":0.06742,"30":0.06742,"31":0.26968,"32":0.13484,"33":0.155066,"34":0.242712,"35":0.613522,"36":0.80904,"37":0.84275,"38":0.964106,"39":26.860128,"40":7.625202,"41":0.121356,"42":0.013484,"43":null},"firefox":{"2":0.013484,"3":0.020226,"3.5":null,"3.6":0.053936,"4":0.006742,"5":null,"6":0.006742,"7":0.006742,"8":null,"9":null,"10":null,"11":0.013484,"12":0.03371,"13":0.006742,"14":0.013484,"15":0.013484,"16":0.040452,"17":null,"18":null,"19":null,"20":0.013484,"21":0.013484,"22":0.013484,"23":0.026968,"24":0.013484,"25":0.020226,"26":0.040452,"27":0.013484,"28":0.013484,"29":0.03371,"30":0.047194,"31":0.16855,"32":0.13484,"33":0.175292,"34":3.984522,"35":3.249644,"36":0.040452,"37":0.006742,"38":null},"opera":{"9":null,"9.5-9.6":null,"10.0-10.1":0,"10.5":null,"10.6":null,"11":null,"11.1":null,"11.5":null,"11.6":null,"12":null,"12.1":0.060678,"15":null,"16":null,"17":null,"18":null,"19":null,"20":0.013484,"21":null,"22":null,"23":null,"24":null,"25":0.020226,"26":0.546102,"27":0.094388,"28":null,"29":null},"safari":{"3.1":null,"3.2":null,"4":0.06742,"5":0.222486,"5.1":0.357326,"6":0.242712,"6.1":0.43823,"7":0.566328,"7.1":0.836008,"8":1.732694},"android":{"2.1":0,"2.2":0,"2.3":0.317181352361,"3":0,"4":0.647891767146,"4.1":2.01883675934,"4.2-4.3":3.30710414784,"4.4":5.90769059138,"4.4.3-4.4.4":2.44274738193,"37":0},"ios_saf":{"3.2":0,"4.0-4.1":0,"4.2-4.3":0,"5.0-5.1":0.0211050769385,"6.0-6.1":0.0673881404003,"7.0-7.1":0.963428249019,"8":0.232155846324,"8.1":2.39746268732},"op_mob":{"10":0,"11":0,"11.1":0,"11.5":0,"12":0.00148508066581,"12.1":0.00445524199744,"0":null},"ie":{"5.5":null,"6":0.0550005263158,"7":0.0962509210526,"8":1.98689401316,"9":1.11376065789,"10":1.57439006579,"11":8.74508368421,"0":null},"ie_mob":{"10":0.1083104,"11":0.1783936},"bb":{"7":0.1181025,"10":null},"and_uc":{"0":0.250866},"op_mini":{"5.0-8.0":0.573983677337},"and_chr":{"0":12.441474},"and_ff":{"0":0.120546}},"total":98.4009443684}