{"id":"PE","name":"Peru","month":"2015-01","access_date":"2015-02-01","data":{"chrome":{"4":0.008707,"5":null,"6":null,"7":null,"8":0.008707,"9":null,"10":null,"11":0.08707,"12":0.026121,"13":0.060949,"14":0.008707,"15":0.017414,"16":0.017414,"17":0.008707,"18":0.052242,"19":null,"20":0.034828,"21":0.026121,"22":0.165433,"23":0.052242,"24":0.034828,"25":0.078363,"26":0.148019,"27":0.095777,"28":0.078363,"29":0.139312,"30":0.08707,"31":0.374401,"32":0.200261,"33":0.426643,"34":0.52242,"35":1.010012,"36":1.166738,"37":1.454069,"38":1.689158,"39":42.568523,"40":12.111437,"41":0.217675,"42":0.017414,"43":null},"firefox":{"2":null,"3":0.043535,"3.5":null,"3.6":0.052242,"4":0.008707,"5":null,"6":null,"7":null,"8":0.026121,"9":null,"10":0.008707,"11":0.008707,"12":0.034828,"13":0.017414,"14":0.034828,"15":0.017414,"16":0.034828,"17":0.017414,"18":0.017414,"19":0.026121,"20":0.026121,"21":0.026121,"22":0.017414,"23":0.034828,"24":0.017414,"25":0.026121,"26":0.034828,"27":0.034828,"28":0.034828,"29":0.060949,"30":0.156726,"31":0.148019,"32":0.121898,"33":0.243796,"34":3.622112,"35":2.890724,"36":0.026121,"37":null,"38":null},"opera":{"9":null,"9.5-9.6":null,"10.0-10.1":0,"10.5":null,"10.6":null,"11":null,"11.1":null,"11.5":null,"11.6":null,"12":null,"12.1":0.026121,"15":null,"16":null,"17":null,"18":null,"19":null,"20":null,"21":null,"22":null,"23":null,"24":null,"25":null,"26":0.444057,"27":0.078363,"28":null,"29":null},"safari":{"3.1":null,"3.2":null,"4":0.026121,"5":0.026121,"5.1":0.08707,"6":0.052242,"6.1":0.069656,"7":0.139312,"7.1":0.139312,"8":0.313452},"android":{"2.1":0,"2.2":0,"2.3":0.0645643752567,"3":0,"4":0.131882681211,"4.1":0.410947658624,"4.2-4.3":0.673183059548,"4.4":1.20254973819,"4.4.3-4.4.4":0.497237487166,"37":0},"ios_saf":{"3.2":0,"4.0-4.1":0,"4.2-4.3":0,"5.0-5.1":0.00699725877502,"6.0-6.1":0.0223421245097,"7.0-7.1":0.319418725133,"8":0.0769698465252,"8.1":0.794864045057},"op_mob":{"10":0,"11":0,"11.1":0,"11.5":0,"12":0.00220853008963,"12.1":0.00662559026889,"0":null},"ie":{"5.5":null,"6":0.0712100052493,"7":0.133518759843,"8":3.40027775066,"9":1.88706513911,"10":1.97607764567,"11":6.09735669948,"0":null},"ie_mob":{"10":0.324830333333,"11":0.535014666667},"bb":{"7":0.050427,"10":null},"and_uc":{"0":0.139644},"op_mini":{"5.0-8.0":0.853596879641},"and_chr":{"0":6.709959},"and_ff":{"0":0.104733}},"total":98.761602}