{"id":"PF","name":"French Polynesia","month":"2015-01","access_date":"2015-02-01","data":{"chrome":{"4":null,"5":null,"6":null,"7":0.04836,"8":null,"9":null,"10":null,"11":0.05642,"12":0.01612,"13":null,"14":null,"15":null,"16":null,"17":null,"18":0.03224,"19":null,"20":null,"21":0.01612,"22":0.06448,"23":0.18538,"24":0.0403,"25":0.0403,"26":0.04836,"27":0.04836,"28":0.04836,"29":0.06448,"30":0.01612,"31":0.1612,"32":0.19344,"33":0.20956,"34":0.19344,"35":0.3627,"36":0.83018,"37":0.42718,"38":0.7657,"39":22.13276,"40":6.70592,"41":0.16926,"42":0.02418,"43":null},"firefox":{"2":null,"3":0.03224,"3.5":0.03224,"3.6":0.14508,"4":0.01612,"5":0.14508,"6":0.02418,"7":0.07254,"8":null,"9":0.05642,"10":0.05642,"11":0.03224,"12":0.11284,"13":0.02418,"14":0.0403,"15":0.03224,"16":0.13702,"17":0.1209,"18":0.01612,"19":0.02418,"20":0.02418,"21":0.02418,"22":0.1209,"23":0.0403,"24":0.20956,"25":0.02418,"26":0.15314,"27":0.02418,"28":0.05642,"29":0.07254,"30":0.24986,"31":0.42718,"32":0.19344,"33":1.09616,"34":11.35654,"35":11.25176,"36":0.15314,"37":0.02418,"38":null},"opera":{"9":null,"9.5-9.6":null,"10.0-10.1":0,"10.5":null,"10.6":null,"11":null,"11.1":null,"11.5":null,"11.6":null,"12":null,"12.1":0.06448,"15":null,"16":null,"17":null,"18":0.04836,"19":null,"20":null,"21":null,"22":null,"23":null,"24":null,"25":null,"26":0.35464,"27":0.04836,"28":null,"29":null},"safari":{"3.1":null,"3.2":null,"4":0.0403,"5":0.41106,"5.1":1.5314,"6":0.20956,"6.1":0.87048,"7":0.71734,"7.1":1.48304,"8":2.42606},"android":{"2.1":0,"2.2":0,"2.3":0.0938456078029,"3":0,"4":0.19169410883,"4.1":0.597320622177,"4.2-4.3":0.978485010267,"4.4":1.74793004107,"4.4.3-4.4.4":0.722744609856,"37":0},"ios_saf":{"3.2":0,"4.0-4.1":0,"4.2-4.3":0,"5.0-5.1":0.0405263522076,"6.0-6.1":0.12939993161,"7.0-7.1":1.84999242884,"8":0.445789874283,"8.1":4.60365141305},"op_mob":{"10":0,"11":0,"11.1":0,"11.5":0,"12":0.000119231754161,"12.1":0.000357695262484,"0":null},"ie":{"5.5":null,"6":0.03224,"7":0.07254,"8":0.9672,"9":0.806,"10":1.91828,"11":7.47162,"0":null},"ie_mob":{"10":0.189818222222,"11":0.312641777778},"bb":{"7":0.015035,"10":null},"and_uc":{"0":0.04462},"op_mini":{"5.0-8.0":0.0460830729834},"and_chr":{"0":7.5009},"and_ff":{"0":0.17848}},"total":98.685495}