{"id":"PG","name":"Papua New Guinea","month":"2015-01","access_date":"2015-02-01","data":{"chrome":{"4":0.01051,"5":null,"6":null,"7":0.002102,"8":0.009459,"9":0.002102,"10":0.004204,"11":0.04204,"12":0.007357,"13":0.003153,"14":0.005255,"15":0.002102,"16":0.002102,"17":null,"18":0.005255,"19":0.001051,"20":0.002102,"21":0.013663,"22":0.011561,"23":0.003153,"24":0.002102,"25":0.011561,"26":0.011561,"27":0.006306,"28":0.028377,"29":0.003153,"30":0.006306,"31":0.06306,"32":0.04204,"33":0.047295,"34":0.01051,"35":0.027326,"36":0.081978,"37":0.026275,"38":0.083029,"39":2.302741,"40":0.678946,"41":0.026275,"42":0.001051,"43":null},"firefox":{"2":0.002102,"3":0.012612,"3.5":0.009459,"3.6":0.024173,"4":0.006306,"5":0.004204,"6":0.004204,"7":0.008408,"8":0.009459,"9":0.012612,"10":0.009459,"11":0.009459,"12":0.01051,"13":0.005255,"14":0.007357,"15":0.030479,"16":0.030479,"17":0.005255,"18":0.009459,"19":0.016816,"20":0.008408,"21":0.003153,"22":0.008408,"23":0.004204,"24":0.005255,"25":0.005255,"26":0.002102,"27":0.004204,"28":0.013663,"29":0.017867,"30":0.053601,"31":0.036785,"32":0.043091,"33":0.08408,"34":0.587509,"35":0.403584,"36":0.015765,"37":0.002102,"38":null},"opera":{"9":null,"9.5-9.6":null,"10.0-10.1":0,"10.5":null,"10.6":null,"11":null,"11.1":0.002102,"11.5":0.002102,"11.6":0.005255,"12":null,"12.1":0.015765,"15":0.001051,"16":null,"17":0.001051,"18":0.004204,"19":0.01051,"20":0.001051,"21":0.002102,"22":0.005255,"23":null,"24":0.02102,"25":0.004204,"26":0.108253,"27":0.008408,"28":null,"29":null},"safari":{"3.1":null,"3.2":0.002102,"4":0.006306,"5":0.009459,"5.1":0.079876,"6":0.016816,"6.1":0.026275,"7":0.065162,"7.1":0.11561,"8":0.09459},"android":{"2.1":0,"2.2":0,"2.3":0.84970755,"3":0,"4":1.73565855,"4.1":5.40832815,"4.2-4.3":8.85951,"4.4":15.8263065,"4.4.3-4.4.4":6.54395625,"37":0},"ios_saf":{"3.2":0,"4.0-4.1":0,"4.2-4.3":0,"5.0-5.1":0.00656662013477,"6.0-6.1":0.0209671028865,"7.0-7.1":0.299760448959,"8":0.0722328214824,"8.1":0.745945006537},"op_mob":{"10":0,"11":0,"11.1":0,"11.5":0,"12":0.01565215621,"12.1":0.04695646863,"0":null},"ie":{"5.5":null,"6":0.0358386801598,"7":0.0295142071904,"8":0.637717691079,"9":0.782126490546,"10":0.591338222636,"11":1.86466544714,"0":null},"ie_mob":{"10":0.490206333333,"11":0.807398666667},"bb":{"7":0.04250775,"10":null},"and_uc":{"0":24.547107},"op_mini":{"5.0-8.0":6.04955837516},"and_chr":{"0":4.82428},"and_ff":{"0":0.107388}},"total":86.9638894887}