{"id":"PK","name":"Pakistan","month":"2015-01","access_date":"2015-02-01","data":{"chrome":{"4":0.015429,"5":0.046287,"6":0.015429,"7":0.015429,"8":0.036001,"9":0.015429,"10":0.082288,"11":0.087431,"12":0.077145,"13":0.092574,"14":0.108003,"15":0.072002,"16":0.133718,"17":0.046287,"18":0.025715,"19":0.020572,"20":0.020572,"21":0.020572,"22":0.05143,"23":0.072002,"24":0.041144,"25":0.087431,"26":0.046287,"27":0.082288,"28":0.087431,"29":0.087431,"30":0.133718,"31":0.20572,"32":0.128575,"33":0.82288,"34":0.30858,"35":0.396011,"36":0.802308,"37":0.704591,"38":0.972027,"39":20.926867,"40":5.770446,"41":1.64576,"42":0.097717,"43":null},"firefox":{"2":0.010286,"3":0.082288,"3.5":0.030858,"3.6":0.128575,"4":0.041144,"5":0.030858,"6":0.025715,"7":0.020572,"8":0.036001,"9":0.030858,"10":0.05143,"11":0.061716,"12":0.108003,"13":0.056573,"14":0.072002,"15":0.066859,"16":0.087431,"17":0.056573,"18":0.066859,"19":0.05143,"20":0.036001,"21":0.036001,"22":0.025715,"23":0.041144,"24":0.05143,"25":0.046287,"26":0.056573,"27":0.066859,"28":0.05143,"29":0.190291,"30":0.149147,"31":0.169719,"32":0.185148,"33":0.303437,"34":3.425238,"35":3.764676,"36":0.627446,"37":0.010286,"38":0.005143},"opera":{"9":null,"9.5-9.6":null,"10.0-10.1":0.046287,"10.5":null,"10.6":null,"11":0.010286,"11.1":0.005143,"11.5":0.015429,"11.6":0.041144,"12":0.025715,"12.1":0.159433,"15":0.015429,"16":0.010286,"17":0.015429,"18":0.025715,"19":0.015429,"20":0.036001,"21":0.020572,"22":0.015429,"23":0.010286,"24":0.015429,"25":0.025715,"26":1.522328,"27":0.216006,"28":null,"29":null},"safari":{"3.1":null,"3.2":null,"4":0.010286,"5":0.015429,"5.1":0.041144,"6":0.015429,"6.1":0.015429,"7":0.036001,"7.1":0.030858,"8":0.077145},"android":{"2.1":0,"2.2":0,"2.3":0.191181792505,"3":0,"4":0.390518258624,"4.1":1.21685851817,"4.2-4.3":1.99336466119,"4.4":3.56087414476,"4.4.3-4.4.4":1.47237162474,"37":0},"ios_saf":{"3.2":0,"4.0-4.1":0,"4.2-4.3":0,"5.0-5.1":0.0112488178618,"6.0-6.1":0.0359172780851,"7.0-7.1":0.513498668008,"8":0.12373699648,"8.1":1.27782623957},"op_mob":{"10":0,"11":0,"11.1":0,"11.5":0,"12":0.0256593879641,"12.1":0.0769781638924,"0":null},"ie":{"5.5":null,"6":0.131789375,"7":0.03162945,"8":0.8012794,"9":0.152875675,"10":0.426997575,"11":1.196647525,"0":null},"ie_mob":{"10":0.245872133333,"11":0.404965866667},"bb":{"7":0.05706975,"10":null},"and_uc":{"0":14.61957},"op_mini":{"5.0-8.0":9.91735344814},"and_chr":{"0":7.243553},"and_ff":{"0":0.126282}},"total":93.49466075}