{"id":"PL","name":"Poland","month":"2015-01","access_date":"2015-02-01","data":{"chrome":{"4":null,"5":null,"6":null,"7":null,"8":null,"9":null,"10":0.010178,"11":0.066157,"12":0.005089,"13":null,"14":0.005089,"15":null,"16":null,"17":null,"18":0.030534,"19":null,"20":null,"21":0.005089,"22":0.030534,"23":0.010178,"24":0.005089,"25":0.005089,"26":0.035623,"27":0.020356,"28":0.035623,"29":0.020356,"30":0.025445,"31":0.162848,"32":0.081424,"33":0.142492,"34":0.208649,"35":0.417298,"36":0.269717,"37":0.386764,"38":0.468188,"39":15.221199,"40":5.272204,"41":0.055979,"42":0.010178,"43":null},"firefox":{"2":null,"3":0.015267,"3.5":0.005089,"3.6":0.030534,"4":0.010178,"5":0.005089,"6":0.005089,"7":0.005089,"8":0.010178,"9":0.010178,"10":0.015267,"11":0.020356,"12":0.061068,"13":0.010178,"14":0.015267,"15":0.015267,"16":0.020356,"17":0.020356,"18":0.020356,"19":0.015267,"20":0.020356,"21":0.015267,"22":0.05089,"23":0.020356,"24":0.040712,"25":0.020356,"26":0.035623,"27":0.030534,"28":0.045801,"29":0.045801,"30":0.081424,"31":0.218827,"32":0.213738,"33":0.325696,"34":8.508808,"35":7.333249,"36":0.045801,"37":0.010178,"38":null},"opera":{"9":null,"9.5-9.6":null,"10.0-10.1":0,"10.5":null,"10.6":null,"11":null,"11.1":null,"11.5":0.010178,"11.6":0.015267,"12":0.030534,"12.1":0.727727,"15":0.010178,"16":0.010178,"17":0.010178,"18":0.035623,"19":0.025445,"20":0.061068,"21":0.030534,"22":0.015267,"23":0.010178,"24":0.020356,"25":0.030534,"26":2.473254,"27":0.524167,"28":null,"29":null},"safari":{"3.1":null,"3.2":null,"4":0,"5":0.025445,"5.1":0.076335,"6":0.015267,"6.1":0.025445,"7":0.081424,"7.1":0.10178,"8":0.335874},"android":{"2.1":0,"2.2":0,"2.3":0.405232627207,"3":0,"4":0.827750058419,"4.1":2.57927686417,"4.2-4.3":4.22517431211,"4.4":7.54769774846,"4.4.3-4.4.4":3.12086738963,"37":0},"ios_saf":{"3.2":0,"4.0-4.1":0,"4.2-4.3":0,"5.0-5.1":0.0033502275973,"6.0-6.1":0.0106972179423,"7.0-7.1":0.152934951021,"8":0.0368525035704,"8.1":0.380574099869},"op_mob":{"10":0,"11":0,"11.1":0,"11.5":0,"12":0.00841346734955,"12.1":0.0252404020487,"0":null},"ie":{"5.5":null,"6":0.0256085282776,"7":0.0358519395887,"8":0.527535682519,"9":0.414858158098,"10":0.338032573265,"11":2.64280011825,"0":null},"ie_mob":{"10":0.7847778,"11":1.2925752},"bb":{"7":0.01596075,"10":null},"and_uc":{"0":0.083487},"op_mini":{"5.0-8.0":3.2518051306},"and_chr":{"0":23.212891},"and_ff":{"0":0.309393}},"total":97.34308975}