{"id":"PM","name":"Saint Pierre and Miquelon","month":"2015-01","access_date":"2015-02-01","data":{"chrome":{"4":0.009542,"5":null,"6":null,"7":null,"8":null,"9":null,"10":null,"11":0.009542,"12":null,"13":null,"14":null,"15":null,"16":null,"17":null,"18":null,"19":null,"20":null,"21":0.019084,"22":null,"23":0.028626,"24":null,"25":null,"26":null,"27":null,"28":0.057252,"29":null,"30":0.181298,"31":0.114504,"32":0.353054,"33":0.009542,"34":0.14313,"35":0.582062,"36":0.343512,"37":1.259544,"38":2.022904,"39":31.946616,"40":12.757654,"41":0.14313,"42":0.009542,"43":null},"firefox":{"2":null,"3":null,"3.5":null,"3.6":0.076336,"4":null,"5":null,"6":null,"7":null,"8":null,"9":null,"10":null,"11":null,"12":0.028626,"13":null,"14":null,"15":0.038168,"16":0.038168,"17":0.019084,"18":null,"19":null,"20":0.114504,"21":null,"22":null,"23":null,"24":null,"25":0.085878,"26":0.057252,"27":null,"28":0.04771,"29":0.028626,"30":0.019084,"31":0.209924,"32":1.164124,"33":0.162214,"34":10.916048,"35":13.40651,"36":0.028626,"37":null,"38":null},"opera":{"9":null,"9.5-9.6":null,"10.0-10.1":0,"10.5":null,"10.6":null,"11":null,"11.1":null,"11.5":null,"11.6":0.019084,"12":null,"12.1":0.038168,"15":null,"16":null,"17":null,"18":null,"19":null,"20":0.066794,"21":null,"22":null,"23":null,"24":null,"25":null,"26":1.011452,"27":0.066794,"28":null,"29":null},"safari":{"3.1":null,"3.2":null,"4":0,"5":0.23855,"5.1":0.982826,"6":0.133588,"6.1":0.267176,"7":0.372138,"7.1":0.868322,"8":1.164124},"android":{"2.1":0,"2.2":0,"2.3":0.0151703800821,"3":0,"4":0.0309878379877,"4.1":0.0965583907598,"4.2-4.3":0.158174579055,"4.4":0.282557316222,"4.4.3-4.4.4":0.116833495893,"37":0},"ios_saf":{"3.2":0,"4.0-4.1":0,"4.2-4.3":0,"5.0-5.1":0.0150024825505,"6.0-6.1":0.0479026635824,"7.0-7.1":0.68485016836,"8":0.165027308056,"8.1":1.70422937745},"op_mob":{"10":0,"11":0,"11.1":0,"11.5":0,"12":0,"12.1":0,"0":null},"ie":{"5.5":null,"6":null,"7":0.152672,"8":0.553436,"9":0.820612,"10":0.562978,"11":10.9733,"0":null},"ie_mob":{"10":0.0153989777778,"11":0.0253630222222},"bb":{"7":0,"10":null},"and_uc":{"0":null},"op_mini":{"5.0-8.0":0},"and_chr":{"0":1.250038},"and_ff":{"0":0.05954}},"total":99.391068}