{"id":"PR","name":"Puerto Rico","month":"2015-01","access_date":"2015-02-01","data":{"chrome":{"4":null,"5":null,"6":null,"7":null,"8":null,"9":null,"10":null,"11":0.09144,"12":0.018288,"13":null,"14":null,"15":null,"16":null,"17":null,"18":0.024384,"19":null,"20":0.006096,"21":0.042672,"22":0.018288,"23":0.006096,"24":null,"25":0.018288,"26":0.012192,"27":0.03048,"28":0.054864,"29":0.018288,"30":0.024384,"31":0.170688,"32":0.12192,"33":0.21336,"34":0.249936,"35":0.481584,"36":0.719328,"37":0.560832,"38":0.798576,"39":20.647152,"40":5.266944,"41":0.18288,"42":0.012192,"43":null},"firefox":{"2":null,"3":0.012192,"3.5":null,"3.6":0.06096,"4":0.006096,"5":null,"6":null,"7":null,"8":0.006096,"9":null,"10":0.012192,"11":0.018288,"12":0.018288,"13":null,"14":0.012192,"15":0.012192,"16":0.024384,"17":0.018288,"18":0.006096,"19":0.012192,"20":0.018288,"21":0.012192,"22":0.012192,"23":0.024384,"24":0.018288,"25":0.012192,"26":0.03048,"27":0.012192,"28":0.018288,"29":0.018288,"30":0.06096,"31":0.079248,"32":0.079248,"33":0.164592,"34":4.322064,"35":3.858768,"36":0.109728,"37":null,"38":null},"opera":{"9":null,"9.5-9.6":null,"10.0-10.1":0,"10.5":null,"10.6":null,"11":null,"11.1":null,"11.5":null,"11.6":null,"12":null,"12.1":0.042672,"15":null,"16":null,"17":null,"18":null,"19":null,"20":null,"21":null,"22":null,"23":null,"24":null,"25":0.006096,"26":0.505968,"27":0.067056,"28":null,"29":null},"safari":{"3.1":null,"3.2":null,"4":0.097536,"5":0.21336,"5.1":0.627888,"6":0.128016,"6.1":0.402336,"7":0.432816,"7.1":0.786384,"8":1.914144},"android":{"2.1":0,"2.2":0,"2.3":0.205174840246,"3":0,"4":0.419101213963,"4.1":1.30592327228,"4.2-4.3":2.13926373717,"4.4":3.82150294867,"4.4.3-4.4.4":1.58013798768,"37":0},"ios_saf":{"3.2":0,"4.0-4.1":0,"4.2-4.3":0,"5.0-5.1":0.062239803681,"6.0-6.1":0.198730601227,"7.0-7.1":2.84119244172,"8":0.684637840491,"8.1":7.07022331288},"op_mob":{"10":0,"11":0,"11.1":0,"11.5":0,"12":0.000289925736236,"12.1":0.000869777208707,"0":null},"ie":{"5.5":null,"6":0.0184580865346,"7":0.0861377371613,"8":1.16901214719,"9":1.42127266316,"10":1.48279961828,"11":11.0379357477,"0":null},"ie_mob":{"10":0.479324444444,"11":0.789475555556},"bb":{"7":0.013664,"10":null},"and_uc":{"0":0.046848},"op_mini":{"5.0-8.0":0.112056297055},"and_chr":{"0":17.824208},"and_ff":{"0":0.167872}},"total":99.064624}