{"id":"PS","name":"Palestinian Territory","month":"2015-01","access_date":"2015-02-01","data":{"chrome":{"4":0.013996,"5":0.027992,"6":0.020994,"7":0.055984,"8":0.013996,"9":0.013996,"10":0.062982,"11":0.181948,"12":0.097972,"13":0.076978,"14":0.041988,"15":0.10497,"16":0.041988,"17":0.013996,"18":0.027992,"19":0.013996,"20":0.013996,"21":0.013996,"22":0.083976,"23":0.027992,"24":0.048986,"25":0.048986,"26":0.118966,"27":0.146958,"28":0.111968,"29":0.055984,"30":0.125964,"31":0.195944,"32":0.13996,"33":0.90974,"34":0.195944,"35":0.335904,"36":1.000714,"37":0.720794,"38":1.063696,"39":32.337758,"40":6.01828,"41":0.230934,"42":0.013996,"43":null},"firefox":{"2":null,"3":0.027992,"3.5":0.03499,"3.6":0.083976,"4":0.027992,"5":0.013996,"6":0.013996,"7":0.03499,"8":0.027992,"9":0.027992,"10":0.03499,"11":0.090974,"12":0.24493,"13":0.055984,"14":0.03499,"15":0.041988,"16":0.041988,"17":0.03499,"18":0.027992,"19":0.062982,"20":0.03499,"21":0.03499,"22":0.062982,"23":0.041988,"24":0.03499,"25":0.048986,"26":0.076978,"27":0.06998,"28":0.041988,"29":0.13996,"30":0.237932,"31":0.24493,"32":0.27992,"33":0.468866,"34":7.52285,"35":5.115538,"36":0.195944,"37":0.006998,"38":null},"opera":{"9":null,"9.5-9.6":null,"10.0-10.1":0,"10.5":null,"10.6":null,"11":null,"11.1":null,"11.5":null,"11.6":null,"12":0.006998,"12.1":0.888746,"15":null,"16":null,"17":null,"18":0.013996,"19":null,"20":0.006998,"21":null,"22":null,"23":null,"24":null,"25":0.006998,"26":0.538846,"27":0.076978,"28":null,"29":null},"safari":{"3.1":null,"3.2":null,"4":0.013996,"5":0.027992,"5.1":0.041988,"6":0.006998,"6.1":0.027992,"7":0.055984,"7.1":0.076978,"8":0.160954},"android":{"2.1":0,"2.2":0,"2.3":0.214088832033,"3":0,"4":0.437309415195,"4.1":1.3626601963,"4.2-4.3":2.23220583162,"4.4":3.98753132649,"4.4.3-4.4.4":1.64878839836,"37":0},"ios_saf":{"3.2":0,"4.0-4.1":0,"4.2-4.3":0,"5.0-5.1":0.0165039048577,"6.0-6.1":0.0526966786684,"7.0-7.1":0.753388779644,"8":0.181542953435,"8.1":1.8747856834},"op_mob":{"10":0,"11":0,"11.1":0,"11.5":0,"12":0.00317497055058,"12.1":0.00952491165173,"0":null},"ie":{"5.5":null,"6":0.213909453782,"7":0.221039768908,"8":3.03038392857,"9":0.470600798319,"10":0.484861428571,"11":2.36726462185,"0":null},"ie_mob":{"10":0.0873248444444,"11":0.143829155556},"bb":{"7":0.0052535,"10":null},"and_uc":{"0":0.141094},"op_mini":{"5.0-8.0":1.2271261178},"and_chr":{"0":14.687572},"and_ff":{"0":0.318212}},"total":98.5248535}