{"id":"PT","name":"Portugal","month":"2015-01","access_date":"2015-02-01","data":{"chrome":{"4":null,"5":null,"6":null,"7":null,"8":null,"9":null,"10":null,"11":0.117416,"12":null,"13":null,"14":null,"15":null,"16":null,"17":null,"18":0.13548,"19":null,"20":null,"21":0.018064,"22":0.09032,"23":0.018064,"24":0.009032,"25":0.018064,"26":0.036128,"27":0.036128,"28":0.054192,"29":0.036128,"30":0.04516,"31":0.352248,"32":0.18064,"33":0.325152,"34":0.352248,"35":0.9032,"36":0.94836,"37":0.912232,"38":1.526408,"39":38.241488,"40":11.19968,"41":0.198704,"42":0.027096,"43":null},"firefox":{"2":null,"3":0.009032,"3.5":null,"3.6":0.036128,"4":null,"5":null,"6":null,"7":null,"8":null,"9":null,"10":0.009032,"11":0.009032,"12":0.027096,"13":null,"14":null,"15":0.009032,"16":0.054192,"17":0.009032,"18":null,"19":0.009032,"20":0.009032,"21":null,"22":0.018064,"23":0.009032,"24":0.027096,"25":0.009032,"26":0.036128,"27":0.018064,"28":0.036128,"29":0.036128,"30":0.09032,"31":0.216768,"32":0.18064,"33":0.189672,"34":6.3224,"35":6.015312,"36":0.063224,"37":0.009032,"38":null},"opera":{"9":null,"9.5-9.6":null,"10.0-10.1":0,"10.5":null,"10.6":null,"11":null,"11.1":null,"11.5":null,"11.6":null,"12":null,"12.1":0.126448,"15":null,"16":null,"17":null,"18":null,"19":null,"20":null,"21":null,"22":null,"23":null,"24":null,"25":0.018064,"26":0.839976,"27":0.144512,"28":null,"29":null},"safari":{"3.1":null,"3.2":null,"4":0.04516,"5":0.126448,"5.1":0.388376,"6":0.036128,"6.1":0.189672,"7":0.234832,"7.1":0.442568,"8":1.372864},"android":{"2.1":0,"2.2":0,"2.3":0.0541445930185,"3":0,"4":0.110598671047,"4.1":0.344626485421,"4.2-4.3":0.564540780287,"4.4":1.00847512115,"4.4.3-4.4.4":0.416990349076,"37":0},"ios_saf":{"3.2":0,"4.0-4.1":0,"4.2-4.3":0,"5.0-5.1":0.0130684380972,"6.0-6.1":0.0417272935734,"7.0-7.1":0.596562735593,"8":0.143752819069,"8.1":1.48452871367},"op_mob":{"10":0,"11":0,"11.1":0,"11.5":0,"12":0.000247887323944,"12.1":0.000743661971831,"0":null},"ie":{"5.5":null,"6":0.01817879145,"7":0.0908939572501,"8":1.75425337493,"9":1.66335941768,"10":1.20888963143,"11":10.9981688273,"0":null},"ie_mob":{"10":0.134573511111,"11":0.221650488889},"bb":{"7":0.00847,"10":null},"and_uc":{"0":0.046464},"op_mini":{"5.0-8.0":0.0958084507042},"and_chr":{"0":4.696896},"and_ff":{"0":0.05324}},"total":98.975214}