{"id":"PW","name":"Palau","month":"2015-01","access_date":"2015-02-01","data":{"chrome":{"4":null,"5":null,"6":null,"7":null,"8":1.905184,"9":null,"10":0.238148,"11":0.139604,"12":0.057484,"13":0.016424,"14":0.098544,"15":null,"16":null,"17":null,"18":1.06756,"19":0.771928,"20":0.073908,"21":2.250088,"22":0.139604,"23":0.032848,"24":0.024636,"25":0.08212,"26":0.04106,"27":0.065696,"28":0.032848,"29":0.106756,"30":null,"31":0.106756,"32":0.443448,"33":1.042924,"34":0.2053,"35":0.541992,"36":0.837624,"37":0.845836,"38":0.804776,"39":15.586376,"40":3.949972,"41":9.665524,"42":0.098544,"43":null},"firefox":{"2":null,"3":0.08212,"3.5":null,"3.6":0.238148,"4":null,"5":0.114968,"6":0.08212,"7":null,"8":0.106756,"9":0.353116,"10":0.197088,"11":0.812988,"12":0.139604,"13":null,"14":0.057484,"15":0.016424,"16":null,"17":null,"18":0.131392,"19":null,"20":null,"21":0.172452,"22":0.008212,"23":0.254572,"24":0.197088,"25":0.12318,"26":null,"27":2.332208,"28":0.131392,"29":0.238148,"30":0.197088,"31":0.53378,"32":0.418812,"33":1.404252,"34":6.438208,"35":4.43448,"36":0.16424,"37":null,"38":null},"opera":{"9":null,"9.5-9.6":null,"10.0-10.1":0,"10.5":null,"10.6":null,"11":null,"11.1":0.04106,"11.5":0.36954,"11.6":null,"12":0.12318,"12.1":0.221724,"15":null,"16":0.024636,"17":null,"18":null,"19":null,"20":null,"21":null,"22":null,"23":null,"24":null,"25":null,"26":0.016424,"27":null,"28":null,"29":null},"safari":{"3.1":0.016424,"3.2":null,"4":0.172452,"5":0.8212,"5.1":1.010076,"6":0.065696,"6.1":0.172452,"7":0.689808,"7.1":0.156028,"8":0.36954},"android":{"2.1":0,"2.2":0,"2.3":0.104000470226,"3":0,"4":0.212436979466,"4.1":0.661955599589,"4.2-4.3":1.0843650924,"4.4":1.93707036961,"4.4.3-4.4.4":0.800951488706,"37":0},"ios_saf":{"3.2":0,"4.0-4.1":0,"4.2-4.3":0,"5.0-5.1":0.0184090451574,"6.0-6.1":0.0587797582219,"7.0-7.1":0.84035676315,"8":0.202499496731,"8.1":2.09120293674},"op_mob":{"10":0,"11":0,"11.1":0,"11.5":0,"12":0.00235805377721,"12.1":0.00707416133163,"0":null},"ie":{"5.5":null,"6":0.11547059235,"7":0.230941184699,"8":2.87851690929,"9":3.90125644153,"10":1.77329838251,"11":6.19417248962,"0":null},"ie_mob":{"10":0.817990133333,"11":1.34727786667},"bb":{"7":0.003129,"10":null},"and_uc":{"0":1.310604},"op_mini":{"5.0-8.0":0.911387784891},"and_chr":{"0":3.860648},"and_ff":{"0":1.085316}},"total":97.375541}