{"id":"PY","name":"Paraguay","month":"2015-01","access_date":"2015-02-01","data":{"chrome":{"4":0.016437,"5":null,"6":0.016437,"7":0.010958,"8":0.005479,"9":0.010958,"10":0.027395,"11":0.060269,"12":0.027395,"13":0.027395,"14":null,"15":0.005479,"16":0.005479,"17":null,"18":0.05479,"19":0.005479,"20":0.005479,"21":0.021916,"22":0.021916,"23":0.010958,"24":0.010958,"25":0.016437,"26":0.032874,"27":0.032874,"28":0.032874,"29":0.049311,"30":0.049311,"31":0.202723,"32":0.098622,"33":0.252034,"34":0.312303,"35":0.525984,"36":0.542421,"37":0.673917,"38":0.805413,"39":25.395165,"40":6.755607,"41":0.126017,"42":0.010958,"43":null},"firefox":{"2":0.010958,"3":0.021916,"3.5":0.032874,"3.6":0.115059,"4":0.038353,"5":0.016437,"6":0.010958,"7":0.010958,"8":0.016437,"9":0.021916,"10":0.021916,"11":0.038353,"12":0.071227,"13":0.016437,"14":0.038353,"15":0.032874,"16":0.038353,"17":0.043832,"18":0.010958,"19":0.027395,"20":0.049311,"21":0.038353,"22":0.043832,"23":0.027395,"24":0.087664,"25":0.021916,"26":0.043832,"27":0.032874,"28":0.049311,"29":0.082185,"30":0.115059,"31":0.120538,"32":0.175328,"33":0.241076,"34":5.517353,"35":4.103771,"36":0.049311,"37":null,"38":null},"opera":{"9":null,"9.5-9.6":null,"10.0-10.1":0,"10.5":null,"10.6":null,"11":null,"11.1":null,"11.5":null,"11.6":null,"12":null,"12.1":0.043832,"15":0.010958,"16":null,"17":null,"18":null,"19":null,"20":0.005479,"21":null,"22":null,"23":null,"24":null,"25":0.010958,"26":0.378051,"27":0.071227,"28":null,"29":null},"safari":{"3.1":null,"3.2":null,"4":0.010958,"5":0.043832,"5.1":0.043832,"6":0.010958,"6.1":0.027395,"7":0.049311,"7.1":0.098622,"8":0.235597},"android":{"2.1":0,"2.2":0,"2.3":0.329468571253,"3":0,"4":0.672990304312,"4.1":2.09704403409,"4.2-4.3":3.4352173306,"4.4":6.13654732238,"4.4.3-4.4.4":2.53737643737,"37":0},"ios_saf":{"3.2":0,"4.0-4.1":0,"4.2-4.3":0,"5.0-5.1":0.0132956412552,"6.0-6.1":0.0424527492708,"7.0-7.1":0.606934360455,"8":0.146252053807,"8.1":1.51033819521},"op_mob":{"10":0,"11":0,"11.1":0,"11.5":0,"12":0.0104891830986,"12.1":0.0314675492958,"0":null},"ie":{"5.5":null,"6":0.105697291347,"7":0.083445230011,"8":1.34624971084,"9":0.606368671413,"10":0.634183748083,"11":2.29196231763,"0":null},"ie_mob":{"10":0.874461866667,"11":1.44029013333},"bb":{"7":0.103983,"10":null},"and_uc":{"0":0.682671},"op_mini":{"5.0-8.0":4.05406926761},"and_chr":{"0":15.60678},"and_ff":{"0":0.198924}},"total":94.3346649693}