{"id":"QA","name":"Qatar","month":"2015-01","access_date":"2015-02-01","data":{"chrome":{"4":0.005184,"5":0.010368,"6":0.010368,"7":0.005184,"8":null,"9":0.010368,"10":0.020736,"11":0.07776,"12":0.020736,"13":0.010368,"14":0.02592,"15":0.010368,"16":0.015552,"17":null,"18":0.015552,"19":0.015552,"20":null,"21":0.015552,"22":0.088128,"23":0.010368,"24":0.010368,"25":0.015552,"26":0.046656,"27":0.057024,"28":0.057024,"29":0.05184,"30":0.041472,"31":0.176256,"32":0.082944,"33":0.393984,"34":0.134784,"35":0.31104,"36":0.876096,"37":0.3888,"38":0.663552,"39":20.409408,"40":6.485184,"41":0.482112,"42":0.036288,"43":null},"firefox":{"2":null,"3":0.015552,"3.5":null,"3.6":0.015552,"4":0.005184,"5":null,"6":0.015552,"7":null,"8":null,"9":null,"10":null,"11":0.02592,"12":0.020736,"13":0.005184,"14":null,"15":0.005184,"16":0.010368,"17":0.031104,"18":0.020736,"19":null,"20":0.005184,"21":0.010368,"22":0.010368,"23":0.010368,"24":0.010368,"25":0.005184,"26":0.010368,"27":0.020736,"28":0.010368,"29":0.020736,"30":0.031104,"31":0.082944,"32":0.072576,"33":0.088128,"34":2.265408,"35":2.270592,"36":0.165888,"37":null,"38":null},"opera":{"9":null,"9.5-9.6":null,"10.0-10.1":0,"10.5":null,"10.6":null,"11":null,"11.1":null,"11.5":null,"11.6":0.010368,"12":null,"12.1":0.057024,"15":0.010368,"16":0.005184,"17":0.020736,"18":0.015552,"19":null,"20":0.010368,"21":0.010368,"22":null,"23":null,"24":0.005184,"25":0.020736,"26":0.67392,"27":0.02592,"28":null,"29":null},"safari":{"3.1":null,"3.2":null,"4":0.015552,"5":0.057024,"5.1":0.243648,"6":0.088128,"6.1":0.145152,"7":0.269568,"7.1":0.36288,"8":0.80352},"android":{"2.1":0,"2.2":0,"2.3":0.180908540452,"3":0,"4":0.369533558932,"4.1":1.15146999918,"4.2-4.3":1.8862501848,"4.4":3.36952873922,"4.4.3-4.4.4":1.39325297741,"37":0},"ios_saf":{"3.2":0,"4.0-4.1":0,"4.2-4.3":0,"5.0-5.1":0.0368574394046,"6.0-6.1":0.117685157397,"7.0-7.1":1.68250977773,"8":0.405431833451,"8.1":4.18687579201},"op_mob":{"10":0,"11":0,"11.1":0,"11.5":0,"12":0.0258004404609,"12.1":0.0774013213828,"0":null},"ie":{"5.5":null,"6":0.0157568112379,"7":0.0997931378402,"8":1.89606961896,"9":1.35508576646,"10":1.25529262862,"11":7.33742176646,"0":null},"ie_mob":{"10":0.232880355556,"11":0.383567644444},"bb":{"7":0.105952,"10":null},"and_uc":{"0":10.941952},"op_mini":{"5.0-8.0":9.97187023816},"and_chr":{"0":10.376544},"and_ff":{"0":0.130032}},"total":98.1871317296}