{"id":"RE","name":"Reunion","month":"2015-01","access_date":"2015-02-01","data":{"chrome":{"4":0.020457,"5":0.006819,"6":null,"7":null,"8":null,"9":null,"10":null,"11":0.054552,"12":0.006819,"13":null,"14":null,"15":null,"16":0.006819,"17":0.013638,"18":0.040914,"19":0.006819,"20":0.006819,"21":0.020457,"22":0.06819,"23":0.129561,"24":0.040914,"25":0.040914,"26":0.054552,"27":0.027276,"28":0.143199,"29":0.061371,"30":0.156837,"31":0.238665,"32":0.129561,"33":0.211389,"34":0.320493,"35":0.559158,"36":0.61371,"37":0.463692,"38":0.695538,"39":18.036255,"40":5.577942,"41":0.190932,"42":0.013638,"43":0.013638},"firefox":{"2":null,"3":0.006819,"3.5":0.013638,"3.6":0.163656,"4":0.040914,"5":0.020457,"6":0.034095,"7":0.075009,"8":0.027276,"9":null,"10":0.054552,"11":0.061371,"12":0.047733,"13":0.027276,"14":0.102285,"15":0.197751,"16":0.170475,"17":0.047733,"18":0.034095,"19":0.225027,"20":0.102285,"21":0.061371,"22":0.034095,"23":0.381864,"24":0.381864,"25":0.238665,"26":0.122742,"27":0.040914,"28":0.115923,"29":0.095466,"30":0.20457,"31":0.259122,"32":0.606891,"33":0.511425,"34":8.844243,"35":8.169162,"36":0.061371,"37":0.013638,"38":null},"opera":{"9":null,"9.5-9.6":null,"10.0-10.1":0.027276,"10.5":null,"10.6":null,"11":0.020457,"11.1":null,"11.5":0.020457,"11.6":null,"12":0.006819,"12.1":0.102285,"15":null,"16":null,"17":null,"18":null,"19":null,"20":0.013638,"21":null,"22":null,"23":null,"24":null,"25":0.006819,"26":0.518244,"27":0.06819,"28":null,"29":null},"safari":{"3.1":null,"3.2":null,"4":0.075009,"5":0.504606,"5.1":0.859194,"6":0.13638,"6.1":0.429597,"7":0.450054,"7.1":0.927384,"8":1.629741},"android":{"2.1":0,"2.2":0,"2.3":0.188539894867,"3":0,"4":0.38512177577,"4.1":1.20004302752,"4.2-4.3":1.96581880903,"4.4":3.51166723614,"4.4.3-4.4.4":1.45202525667,"37":0},"ios_saf":{"3.2":0,"4.0-4.1":0,"4.2-4.3":0,"5.0-5.1":0.0360518665393,"6.0-6.1":0.115112977371,"7.0-7.1":1.64573608307,"8":0.396570531932,"8.1":4.09536554108},"op_mob":{"10":0,"11":0,"11.1":0,"11.5":0,"12":0.000790158770807,"12.1":0.00237047631242,"0":null},"ie":{"5.5":null,"6":0.00684205273834,"7":0.643152957404,"8":1.20420128195,"9":0.547364219067,"10":0.807362223124,"11":6.91047326572,"0":null},"ie_mob":{"10":0.2812004,"11":0.4631536},"bb":{"7":0.0206765,"10":null},"and_uc":{"0":0.038172},"op_mini":{"5.0-8.0":0.305396364917},"and_chr":{"0":16.386382},"and_ff":{"0":0.219489}},"total":98.1925405}