{"id":"RO","name":"Romania","month":"2015-01","access_date":"2015-02-01","data":{"chrome":{"4":0.023964,"5":0.007988,"6":null,"7":null,"8":0.007988,"9":null,"10":0.015976,"11":0.087868,"12":0.015976,"13":null,"14":0.031952,"15":0.015976,"16":0.007988,"17":null,"18":0.103844,"19":null,"20":null,"21":0.015976,"22":0.055916,"23":0.015976,"24":0.015976,"25":0.015976,"26":0.055916,"27":0.047928,"28":0.047928,"29":0.111832,"30":0.071892,"31":0.223664,"32":0.127808,"33":0.35946,"34":0.423364,"35":0.471292,"36":0.663004,"37":0.710932,"38":0.894656,"39":29.643468,"40":9.513708,"41":0.1997,"42":0.023964,"43":null},"firefox":{"2":0.007988,"3":0.063904,"3.5":0.015976,"3.6":0.063904,"4":0.023964,"5":0.015976,"6":0.007988,"7":0.007988,"8":0.015976,"9":0.015976,"10":0.031952,"11":0.031952,"12":0.063904,"13":0.023964,"14":0.023964,"15":0.023964,"16":0.047928,"17":0.03994,"18":0.023964,"19":0.023964,"20":0.031952,"21":0.023964,"22":0.023964,"23":0.023964,"24":0.07988,"25":0.023964,"26":0.047928,"27":0.031952,"28":0.055916,"29":0.063904,"30":0.103844,"31":0.447328,"32":0.255616,"33":0.287568,"34":9.082356,"35":8.714908,"36":0.143784,"37":0.023964,"38":0.015976},"opera":{"9":null,"9.5-9.6":null,"10.0-10.1":0,"10.5":null,"10.6":null,"11":null,"11.1":null,"11.5":null,"11.6":0.023964,"12":0.03994,"12.1":0.575136,"15":0.015976,"16":0.015976,"17":0.023964,"18":0.03994,"19":0.031952,"20":0.071892,"21":0.031952,"22":0.015976,"23":0.007988,"24":0.015976,"25":0.023964,"26":2.803788,"27":0.487268,"28":null,"29":null},"safari":{"3.1":null,"3.2":null,"4":0.055916,"5":0.03994,"5.1":0.111832,"6":0.015976,"6.1":0.047928,"7":0.103844,"7.1":0.111832,"8":0.383424},"android":{"2.1":0,"2.2":0,"2.3":0.131325966735,"3":0,"4":0.26825351499,"4.1":0.8358804423,"4.2-4.3":1.36927548255,"4.4":2.44602393018,"4.4.3-4.4.4":1.01139666324,"37":0},"ios_saf":{"3.2":0,"4.0-4.1":0,"4.2-4.3":0,"5.0-5.1":0.0188698606055,"6.0-6.1":0.060251133863,"7.0-7.1":0.86139258413,"8":0.20756846666,"8.1":2.14354995474},"op_mob":{"10":0,"11":0,"11.1":0,"11.5":0,"12":0.00301413572343,"12.1":0.00904240717029,"0":null},"ie":{"5.5":null,"6":0.118333860465,"7":0.12678627907,"8":2.64560702326,"9":0.862146697674,"10":0.921313627907,"11":4.77561651163,"0":null},"ie_mob":{"10":0.274392088889,"11":0.451939911111},"bb":{"7":0.04527,"10":null},"and_uc":{"0":0.589516},"op_mini":{"5.0-8.0":1.16496345711},"and_chr":{"0":7.51116},"and_ff":{"0":0.173032}},"total":98.20999}