{"id":"RS","name":"Serbia","month":"2015-01","access_date":"2015-02-01","data":{"chrome":{"4":0.01778,"5":0.00889,"6":0.01778,"7":null,"8":0.00889,"9":null,"10":0.02667,"11":0.08001,"12":0.04445,"13":null,"14":0.00889,"15":null,"16":0.01778,"17":0.01778,"18":0.0889,"19":null,"20":null,"21":0.00889,"22":0.0889,"23":0.01778,"24":0.01778,"25":0.01778,"26":0.08001,"27":0.09779,"28":0.08001,"29":0.04445,"30":0.05334,"31":0.33782,"32":0.1778,"33":0.31115,"34":0.56007,"35":0.33782,"36":0.59563,"37":0.60452,"38":0.87122,"39":32.33293,"40":11.35253,"41":0.34671,"42":0.02667,"43":null},"firefox":{"2":0.00889,"3":0.04445,"3.5":0.01778,"3.6":0.10668,"4":0.03556,"5":0.01778,"6":0.01778,"7":0.01778,"8":0.03556,"9":0.02667,"10":0.04445,"11":0.03556,"12":0.0889,"13":0.03556,"14":0.02667,"15":0.03556,"16":0.06223,"17":0.05334,"18":0.04445,"19":0.05334,"20":0.04445,"21":0.03556,"22":0.03556,"23":0.04445,"24":0.07112,"25":0.03556,"26":0.08001,"27":0.06223,"28":0.07112,"29":0.08001,"30":0.15113,"31":0.23114,"32":0.20447,"33":0.33782,"34":10.90803,"35":12.12596,"36":0.32893,"37":0.01778,"38":0.00889},"opera":{"9":null,"9.5-9.6":null,"10.0-10.1":0,"10.5":null,"10.6":null,"11":0.00889,"11.1":null,"11.5":null,"11.6":0.03556,"12":0.05334,"12.1":1.2446,"15":0.03556,"16":0.01778,"17":0.02667,"18":0.07112,"19":0.04445,"20":0.09779,"21":0.03556,"22":0.01778,"23":null,"24":0.01778,"25":0.03556,"26":3.10261,"27":0.58674,"28":null,"29":null},"safari":{"3.1":null,"3.2":null,"4":0.02667,"5":0.04445,"5.1":0.12446,"6":0.01778,"6.1":0.06223,"7":0.07112,"7.1":0.11557,"8":0.39116},"android":{"2.1":0,"2.2":0,"2.3":0.0698542145791,"3":0,"4":0.142687992813,"4.1":0.444617109856,"4.2-4.3":0.728337782341,"4.4":1.30107612936,"4.4.3-4.4.4":0.537976771047,"37":0},"ios_saf":{"3.2":0,"4.0-4.1":0,"4.2-4.3":0,"5.0-5.1":0.0052051553857,"6.0-6.1":0.016619969828,"7.0-7.1":0.237610777431,"8":0.0572567092427,"8.1":0.591287388112},"op_mob":{"10":0,"11":0,"11.1":0,"11.5":0,"12":0.00334279129321,"12.1":0.0100283738796,"0":null},"ie":{"5.5":null,"6":0.0535363435583,"7":0.0624590674847,"8":1.7934675092,"9":1.30271769325,"10":0.633513398773,"11":3.42632598773,"0":null},"ie_mob":{"10":0.226859333333,"11":0.373650666667},"bb":{"7":0.02331,"10":null},"and_uc":{"0":0.03774},"op_mini":{"5.0-8.0":1.29198883483},"and_chr":{"0":4.68563},"and_ff":{"0":0.06993}},"total":98.79489}