{"id":"RU","name":"Russian Federation","month":"2015-01","access_date":"2015-02-01","data":{"chrome":{"4":0.008794,"5":0.017588,"6":0.008794,"7":null,"8":0.026382,"9":0.008794,"10":0.017588,"11":0.070352,"12":0.04397,"13":0.017588,"14":0.017588,"15":0.052764,"16":0.026382,"17":0.140704,"18":0.114322,"19":0.017588,"20":0.017588,"21":0.04397,"22":0.079146,"23":0.017588,"24":0.140704,"25":0.026382,"26":0.079146,"27":0.13191,"28":0.35176,"29":0.070352,"30":0.079146,"31":1.644478,"32":0.149498,"33":0.30779,"34":0.281408,"35":0.536434,"36":0.386936,"37":0.536434,"38":0.738696,"39":22.24882,"40":7.246256,"41":0.149498,"42":0.026382,"43":null},"firefox":{"2":0.008794,"3":0.04397,"3.5":0.052764,"3.6":0.21985,"4":0.026382,"5":0.008794,"6":0.017588,"7":0.008794,"8":0.035176,"9":0.026382,"10":0.035176,"11":0.035176,"12":0.08794,"13":0.04397,"14":0.026382,"15":0.04397,"16":0.035176,"17":0.035176,"18":0.035176,"19":0.035176,"20":0.04397,"21":0.04397,"22":0.035176,"23":0.035176,"24":0.21985,"25":0.809048,"26":0.105528,"27":0.17588,"28":0.079146,"29":0.070352,"30":0.096734,"31":0.30779,"32":0.246232,"33":0.334172,"34":5.513838,"35":5.355546,"36":0.04397,"37":null,"38":null},"opera":{"9":null,"9.5-9.6":0.026382,"10.0-10.1":0.04397,"10.5":0.008794,"10.6":0.026382,"11":0.017588,"11.1":0.026382,"11.5":0.061558,"11.6":0.149498,"12":0.26382,"12.1":4.26509,"15":0.026382,"16":0.369348,"17":0.052764,"18":0.369348,"19":0.052764,"20":0.13191,"21":0.052764,"22":0.04397,"23":0.026382,"24":0.061558,"25":0.096734,"26":4.92464,"27":0.782666,"28":0.017588,"29":null},"safari":{"3.1":null,"3.2":null,"4":0.026382,"5":0.035176,"5.1":0.13191,"6":0.04397,"6.1":0.08794,"7":0.167086,"7.1":0.298996,"8":0.74749},"android":{"2.1":0,"2.2":0,"2.3":0.0637732552361,"3":0,"4":0.130266696715,"4.1":0.405912235934,"4.2-4.3":0.664934414784,"4.4":1.18781465914,"4.4.3-4.4.4":0.491144738193,"37":0},"ios_saf":{"3.2":0,"4.0-4.1":0,"4.2-4.3":0,"5.0-5.1":0.0148573426531,"6.0-6.1":0.0474392344363,"7.0-7.1":0.678224659358,"8":0.163430769184,"8.1":1.68774199437},"op_mob":{"10":0,"11":0,"11.1":0,"11.5":0,"12":0.0031902637644,"12.1":0.00957079129321,"0":null},"ie":{"5.5":null,"6":0.0891613888889,"7":0.133742083333,"8":4.31541122222,"9":2.21120244444,"10":1.38200152778,"11":6.63360733333,"0":null},"ie_mob":{"10":0.1585488,"11":0.2611392},"bb":{"7":0.0045225,"10":null},"and_uc":{"0":0.535464},"op_mini":{"5.0-8.0":1.23303694494},"and_chr":{"0":4.28036},"and_ff":{"0":0.063918}},"total":90.5453585}