{"id":"RW","name":"Rwanda","month":"2015-01","access_date":"2015-02-01","data":{"chrome":{"4":0.00404,"5":0.02828,"6":0.08484,"7":0.00404,"8":null,"9":0.00808,"10":0.04444,"11":0.02828,"12":0.00808,"13":0.00404,"14":0.00808,"15":0.06868,"16":0.03232,"17":null,"18":0.04444,"19":0.03232,"20":0.00808,"21":0.07272,"22":0.00404,"23":0.00404,"24":0.00808,"25":0.05252,"26":0.00808,"27":0.01616,"28":0.02424,"29":0.02424,"30":0.01616,"31":0.08484,"32":0.02828,"33":0.15352,"34":0.08888,"35":0.08888,"36":0.8282,"37":0.11312,"38":0.18584,"39":9.05364,"40":2.65024,"41":0.47268,"42":0.03636,"43":null},"firefox":{"2":0.00808,"3":0.04444,"3.5":0.06464,"3.6":0.15756,"4":0.1818,"5":0.07272,"6":0.0606,"7":0.06464,"8":0.04444,"9":0.09292,"10":0.12928,"11":0.28684,"12":0.2424,"13":0.09292,"14":0.10504,"15":0.11312,"16":0.14948,"17":0.11312,"18":0.05252,"19":0.06464,"20":0.19796,"21":0.09696,"22":0.101,"23":0.0808,"24":0.05252,"25":0.04848,"26":0.06868,"27":0.14948,"28":0.02828,"29":0.18584,"30":0.20604,"31":0.26664,"32":0.22624,"33":0.62216,"34":7.26392,"35":6.39128,"36":0.69892,"37":0.00808,"38":null},"opera":{"9":null,"9.5-9.6":null,"10.0-10.1":0,"10.5":null,"10.6":null,"11":0.01212,"11.1":0.00808,"11.5":0.0202,"11.6":0.05252,"12":0.02424,"12.1":0.18584,"15":0.01212,"16":0.00404,"17":0.00404,"18":0.00404,"19":0.04444,"20":0.01212,"21":null,"22":null,"23":0.02424,"24":null,"25":0.01616,"26":0.8686,"27":0.10908,"28":null,"29":null},"safari":{"3.1":null,"3.2":null,"4":0,"5":0.06868,"5.1":0.15756,"6":0.101,"6.1":0.06868,"7":0.13736,"7.1":0.21816,"8":0.31108},"android":{"2.1":0,"2.2":0,"2.3":0.0712703408624,"3":0,"4":0.145580648871,"4.1":0.453630652977,"4.2-4.3":0.743103080082,"4.4":1.32745232033,"4.4.3-4.4.4":0.548882956879,"37":0},"ios_saf":{"3.2":0,"4.0-4.1":0,"4.2-4.3":0,"5.0-5.1":0.00461251131449,"6.0-6.1":0.0147276677059,"7.0-7.1":0.210557095444,"8":0.0507376244594,"8.1":0.523965101076},"op_mob":{"10":0,"11":0,"11.1":0,"11.5":0,"12":0.121107810499,"12.1":0.363323431498,"0":null},"ie":{"5.5":null,"6":0.0123293902439,"7":0.0410979674797,"8":0.953472845528,"9":0.275356382114,"10":0.554822560976,"11":2.20285105691,"0":null},"ie_mob":{"10":0.249922666667,"11":0.411637333333},"bb":{"7":0.08344,"10":null},"and_uc":{"0":2.64028},"op_mini":{"5.0-8.0":46.808168758},"and_chr":{"0":2.21264},"and_ff":{"0":0.15496}},"total":96.9016102033}