{"id":"SA","name":"Saudi Arabia","month":"2015-01","access_date":"2015-02-01","data":{"chrome":{"4":0.01347,"5":0.02245,"6":0.00898,"7":0.00898,"8":0.00898,"9":0.00898,"10":0.02245,"11":0.08531,"12":0.03143,"13":0.02245,"14":0.02694,"15":0.01796,"16":0.01796,"17":0.02245,"18":0.00898,"19":0.15266,"20":0.00898,"21":0.00898,"22":0.03143,"23":0.01347,"24":0.45798,"25":0.02245,"26":0.03143,"27":0.04041,"28":0.03592,"29":0.04939,"30":0.20205,"31":0.14817,"32":0.06735,"33":1.18985,"34":0.15266,"35":0.52084,"36":0.72289,"37":0.48492,"38":0.65105,"39":17.42569,"40":5.27575,"41":0.39063,"42":0.02694,"43":null},"firefox":{"2":null,"3":0.02694,"3.5":null,"3.6":0.02694,"4":0.00898,"5":null,"6":0.00898,"7":null,"8":0.00449,"9":0.00898,"10":0.01347,"11":0.02245,"12":0.03592,"13":0.00898,"14":0.01347,"15":0.15715,"16":0.01796,"17":0.00898,"18":0.15266,"19":0.01796,"20":0.00898,"21":0.15715,"22":0.00898,"23":0.15715,"24":0.00898,"25":0.30083,"26":0.01347,"27":0.01347,"28":0.01347,"29":0.04041,"30":0.05388,"31":0.11674,"32":0.09878,"33":0.13021,"34":2.15969,"35":1.98907,"36":0.12572,"37":null,"38":null},"opera":{"9":null,"9.5-9.6":null,"10.0-10.1":0.14817,"10.5":null,"10.6":null,"11":null,"11.1":null,"11.5":null,"11.6":0.00449,"12":0.00898,"12.1":0.0449,"15":0.00449,"16":0.00449,"17":0.00449,"18":0.00449,"19":0.00898,"20":0.01796,"21":null,"22":0.00898,"23":0.00898,"24":0.01347,"25":0.02245,"26":0.07184,"27":0.00449,"28":null,"29":null},"safari":{"3.1":null,"3.2":null,"4":0.01347,"5":0.17511,"5.1":0.11674,"6":0.04939,"6.1":0.06735,"7":0.16164,"7.1":0.1796,"8":0.46247},"android":{"2.1":0,"2.2":0,"2.3":0.313093021561,"3":0,"4":0.639540721766,"4.1":1.99281482444,"4.2-4.3":3.26447700205,"4.4":5.83154300821,"4.4.3-4.4.4":2.41126142197,"37":0},"ios_saf":{"3.2":0,"4.0-4.1":0,"4.2-4.3":0,"5.0-5.1":0.0754930403299,"6.0-6.1":0.241047953334,"7.0-7.1":3.44619106909,"8":0.830423443629,"8.1":8.57574449361},"op_mob":{"10":0,"11":0,"11.1":0,"11.5":0,"12":0.000578514724712,"12.1":0.00173554417414,"0":null},"ie":{"5.5":null,"6":0.0274252729258,"7":0.0457087882096,"8":2.03404107533,"9":1.59066582969,"10":1.15186146288,"11":3.52414757096,"0":null},"ie_mob":{"10":0.0915884444444,"11":0.150851555556},"bb":{"7":0.377435,"10":null},"and_uc":{"0":7.27871},"op_mini":{"5.0-8.0":0.223595941101},"and_chr":{"0":17.12652},"and_ff":{"0":0.15979}},"total":97.384655}