{"id":"SB","name":"Solomon Islands","month":"2015-01","access_date":"2015-02-01","data":{"chrome":{"4":null,"5":null,"6":null,"7":null,"8":null,"9":null,"10":null,"11":0.068575,"12":0.0211,"13":null,"14":null,"15":null,"16":null,"17":null,"18":null,"19":null,"20":null,"21":0.005275,"22":null,"23":null,"24":null,"25":null,"26":0.005275,"27":0.015825,"28":0.058025,"29":0.0211,"30":0.163525,"31":0.0211,"32":0.15825,"33":0.079125,"34":0.152975,"35":0.2321,"36":0.321775,"37":0.068575,"38":0.532775,"39":11.641925,"40":3.001475,"41":0.26375,"42":0.0211,"43":null},"firefox":{"2":0.005275,"3":0.005275,"3.5":0.005275,"3.6":0.036925,"4":0.01055,"5":0.015825,"6":null,"7":0.03165,"8":null,"9":0.11605,"10":null,"11":0.1477,"12":0.079125,"13":0.005275,"14":null,"15":0.079125,"16":0.026375,"17":0.005275,"18":0.026375,"19":0.0211,"20":0.03165,"21":0.13715,"22":0.05275,"23":0.058025,"24":0.03165,"25":0.026375,"26":0.01055,"27":0.05275,"28":null,"29":0.458925,"30":0.205725,"31":0.015825,"32":0.30595,"33":0.211,"34":3.106975,"35":3.655575,"36":0.205725,"37":null,"38":null},"opera":{"9":null,"9.5-9.6":null,"10.0-10.1":0,"10.5":null,"10.6":null,"11":null,"11.1":null,"11.5":null,"11.6":null,"12":null,"12.1":0.05275,"15":null,"16":null,"17":null,"18":null,"19":null,"20":null,"21":null,"22":0.005275,"23":null,"24":null,"25":null,"26":0.3165,"27":0.0633,"28":null,"29":null},"safari":{"3.1":0.026375,"3.2":null,"4":0.01055,"5":0.05275,"5.1":0.36925,"6":0.1899,"6.1":0.100225,"7":0.100225,"7.1":0.332325,"8":0.79125},"android":{"2.1":0,"2.2":0,"2.3":0.115460759754,"3":0,"4":0.235846386037,"4.1":0.734899527721,"4.2-4.3":1.20385626283,"4.4":2.15052505133,"4.4.3-4.4.4":0.88921201232,"37":0},"ios_saf":{"3.2":0,"4.0-4.1":0,"4.2-4.3":0,"5.0-5.1":0.0180669591673,"6.0-6.1":0.0576874836568,"7.0-7.1":0.824740837775,"8":0.19873655084,"8.1":2.05234316856},"op_mob":{"10":0,"11":0,"11.1":0,"11.5":0,"12":0.0415267605634,"12.1":0.12458028169,"0":null},"ie":{"5.5":null,"6":0.015825,"7":0.047475,"8":2.0467,"9":3.4393,"10":3.138625,"11":14.97045,"0":null},"ie_mob":{"10":0.65688,"11":1.08192},"bb":{"7":0.0023625,"10":null},"and_uc":{"0":7.961625},"op_mini":{"5.0-8.0":16.0500929577},"and_chr":{"0":5.26875},"and_ff":{"0":0.0189}},"total":91.7944625}