{"id":"SC","name":"Seychelles","month":"2015-01","access_date":"2015-02-01","data":{"chrome":{"4":0.019311,"5":0.012874,"6":0.025748,"7":null,"8":0.032185,"9":null,"10":null,"11":0.057933,"12":0.032185,"13":0.012874,"14":0.012874,"15":0.019311,"16":null,"17":0.012874,"18":0.12874,"19":0.090118,"20":0.025748,"21":0.122303,"22":0.025748,"23":0.012874,"24":0.06437,"25":0.019311,"26":0.025748,"27":0.06437,"28":0.431279,"29":0.025748,"30":0.06437,"31":0.508523,"32":0.19311,"33":0.521397,"34":0.160925,"35":0.424842,"36":0.920491,"37":0.424842,"38":0.32185,"39":15.873642,"40":4.89212,"41":0.701633,"42":0.070807,"43":null},"firefox":{"2":0.025748,"3":0.045059,"3.5":0.025748,"3.6":0.160925,"4":0.019311,"5":0.032185,"6":0.038622,"7":0.012874,"8":0.012874,"9":0.051496,"10":0.045059,"11":0.231732,"12":0.083681,"13":0.032185,"14":0.096555,"15":0.218858,"16":0.296102,"17":0.051496,"18":0.057933,"19":0.025748,"20":0.025748,"21":0.122303,"22":0.180236,"23":0.115866,"24":0.160925,"25":0.019311,"26":0.012874,"27":0.25748,"28":0.096555,"29":0.109429,"30":0.270354,"31":0.283228,"32":0.263917,"33":0.630826,"34":6.527118,"35":6.321134,"36":0.457027,"37":0.032185,"38":0.025748},"opera":{"9":null,"9.5-9.6":null,"10.0-10.1":0,"10.5":null,"10.6":null,"11":null,"11.1":0.012874,"11.5":0.102992,"11.6":null,"12":0.045059,"12.1":0.315413,"15":null,"16":null,"17":0.006437,"18":null,"19":null,"20":null,"21":null,"22":null,"23":null,"24":null,"25":null,"26":1.184408,"27":0.122303,"28":null,"29":null},"safari":{"3.1":0.012874,"3.2":0.006437,"4":0.012874,"5":0.251043,"5.1":0.392657,"6":0.090118,"6.1":0.141614,"7":0.199547,"7.1":0.411968,"8":0.991298},"android":{"2.1":0,"2.2":0,"2.3":0.182931150924,"3":0,"4":0.373665052361,"4.1":1.16434377105,"4.2-4.3":1.90733901437,"4.4":3.40720105749,"4.4.3-4.4.4":1.4088299538,"37":0},"ios_saf":{"3.2":0,"4.0-4.1":0,"4.2-4.3":0,"5.0-5.1":0.0180357390124,"6.0-6.1":0.05758779825,"7.0-7.1":0.823315665091,"8":0.198393129136,"8.1":2.04879666851},"op_mob":{"10":0,"11":0,"11.1":0,"11.5":0,"12":0.0083942637644,"12.1":0.0251827912932,"0":null},"ie":{"5.5":null,"6":0.21001062033,"7":0.164070797133,"8":3.93769913119,"9":1.14849557993,"10":2.18542301781,"11":7.44225135795,"0":null},"ie_mob":{"10":0.710699733333,"11":1.17056426667},"bb":{"7":0.22535975,"10":null},"and_uc":{"0":7.225764},"op_mini":{"5.0-8.0":3.24438294494},"and_chr":{"0":7.343952},"and_ff":{"0":0.363426}},"total":95.1255642543}