{"id":"SD","name":"Sudan","month":"2015-01","access_date":"2015-02-01","data":{"chrome":{"4":0.053425,"5":0.094028,"6":0.019233,"7":0.012822,"8":0.047014,"9":0.115398,"10":0.053425,"11":0.102576,"12":0.059836,"13":0.027781,"14":0.023507,"15":0.014959,"16":0.029918,"17":0.055562,"18":0.047014,"19":0.06411,"20":0.036329,"21":0.034192,"22":0.12822,"23":0.115398,"24":0.049151,"25":0.113261,"26":0.164549,"27":0.158138,"28":0.151727,"29":0.168823,"30":0.156001,"31":0.294906,"32":0.132494,"33":0.700936,"34":0.190193,"35":0.211563,"36":0.649648,"37":0.324824,"38":0.382523,"39":1.470256,"40":0.141042,"41":0.032055,"42":null,"43":null},"firefox":{"2":0.010685,"3":0.038466,"3.5":0.008548,"3.6":0.121809,"4":0.038466,"5":0.036329,"6":0.023507,"7":0.023507,"8":0.04274,"9":0.053425,"10":0.06411,"11":0.068384,"12":0.089754,"13":0.04274,"14":0.061973,"15":0.057699,"16":0.08548,"17":0.049151,"18":0.070521,"19":0.055562,"20":0.059836,"21":0.053425,"22":0.036329,"23":0.091891,"24":0.051288,"25":0.059836,"26":0.061973,"27":0.051288,"28":0.053425,"29":0.145316,"30":0.25644,"31":0.175234,"32":0.209426,"33":0.429537,"34":3.429885,"35":2.86358,"36":0.190193,"37":0.012822,"38":0.006411},"opera":{"9":null,"9.5-9.6":null,"10.0-10.1":0,"10.5":0.004274,"10.6":0.017096,"11":0.010685,"11.1":0.010685,"11.5":0.168823,"11.6":0.040603,"12":0.044877,"12.1":0.273536,"15":0.017096,"16":0.004274,"17":0.010685,"18":0.025644,"19":0.014959,"20":0.014959,"21":0.017096,"22":0.025644,"23":0.008548,"24":0.008548,"25":0.02137,"26":0.463729,"27":0.059836,"28":0.002137,"29":null},"safari":{"3.1":null,"3.2":null,"4":0.006411,"5":0.012822,"5.1":0.057699,"6":0.012822,"6.1":0.004274,"7":0.019233,"7.1":0.027781,"8":0.040603},"android":{"2.1":0,"2.2":0,"2.3":0.242391102567,"3":0,"4":0.495121162115,"4.1":1.54280213624,"4.2-4.3":2.52730059548,"4.4":4.51467788193,"4.4.3-4.4.4":1.86675612166,"37":0},"ios_saf":{"3.2":0,"4.0-4.1":0,"4.2-4.3":0,"5.0-5.1":0.00969134717892,"6.0-6.1":0.0309443015187,"7.0-7.1":0.442401497536,"8":0.106604818968,"8.1":1.1009030348},"op_mob":{"10":0,"11":0,"11.1":0,"11.5":0,"12":0.0903489910371,"12.1":0.271046973111,"0":null},"ie":{"5.5":null,"6":0.0719196890595,"7":0.0588433819578,"8":0.904444574536,"9":0.357419060781,"10":0.448953210493,"11":1.51467223928,"0":null},"ie_mob":{"10":0.0980254,"11":0.1614536},"bb":{"7":0.0117945,"10":null},"and_uc":{"0":5.881524},"op_mini":{"5.0-8.0":34.9198850359},"and_chr":{"0":6.386647},"and_ff":{"0":0.259479}},"total":81.6706276561}