{"id":"SE","name":"Sweden","month":"2015-01","access_date":"2015-02-01","data":{"chrome":{"4":null,"5":null,"6":null,"7":null,"8":null,"9":null,"10":null,"11":0.045816,"12":0.007636,"13":null,"14":null,"15":null,"16":null,"17":null,"18":0.091632,"19":null,"20":0.007636,"21":0.007636,"22":0.03818,"23":null,"24":0.007636,"25":0.015272,"26":0.015272,"27":0.045816,"28":0.030544,"29":0.03818,"30":0.022908,"31":0.259624,"32":0.083996,"33":0.213808,"34":0.175628,"35":0.412344,"36":0.358892,"37":0.488704,"38":0.694876,"39":26.519828,"40":7.322924,"41":0.160356,"42":0.015272,"43":null},"firefox":{"2":null,"3":null,"3.5":0.007636,"3.6":0.03818,"4":null,"5":null,"6":null,"7":null,"8":null,"9":0.007636,"10":0.007636,"11":0.015272,"12":0.022908,"13":null,"14":0.007636,"15":0.007636,"16":0.045816,"17":0.030544,"18":0.015272,"19":0.007636,"20":0.030544,"21":0.007636,"22":null,"23":0.015272,"24":0.03818,"25":0.015272,"26":0.030544,"27":0.030544,"28":0.03818,"29":0.030544,"30":0.053452,"31":0.236716,"32":0.122176,"33":0.175628,"34":6.406604,"35":5.436832,"36":0.053452,"37":0.007636,"38":null},"opera":{"9":null,"9.5-9.6":null,"10.0-10.1":0,"10.5":null,"10.6":null,"11":null,"11.1":null,"11.5":null,"11.6":null,"12":null,"12.1":0.160356,"15":null,"16":null,"17":null,"18":null,"19":null,"20":null,"21":null,"22":null,"23":null,"24":null,"25":0.007636,"26":0.427616,"27":0.07636,"28":null,"29":null},"safari":{"3.1":null,"3.2":null,"4":0.045816,"5":0.145084,"5.1":0.656696,"6":0.259624,"6.1":0.626152,"7":0.786508,"7.1":1.435568,"8":3.039128},"android":{"2.1":0,"2.2":0,"2.3":0.0535676574949,"3":0,"4":0.109420191376,"4.1":0.340954331828,"4.2-4.3":0.558525338809,"4.4":0.997729355236,"4.4.3-4.4.4":0.412547125257,"37":0},"ios_saf":{"3.2":0,"4.0-4.1":0,"4.2-4.3":0,"5.0-5.1":0.0706468192698,"6.0-6.1":0.225574054511,"7.0-7.1":3.22496532877,"8":0.777115011968,"8.1":8.02523078548},"op_mob":{"10":0,"11":0,"11.1":0,"11.5":0,"12":0.000175559539052,"12.1":0.000526678617157,"0":null},"ie":{"5.5":null,"6":0.0152986410816,"7":0.0458959232447,"8":1.11680079895,"9":2.38658800872,"10":1.65990255735,"11":12.3154060706,"0":null},"ie_mob":{"10":0.107168,"11":0.176512},"bb":{"7":0.001773,"10":null},"and_uc":{"0":0.026004},"op_mini":{"5.0-8.0":0.0678537618438},"and_chr":{"0":8.344},"and_ff":{"0":0.113472}},"total":98.863633}