{"id":"SG","name":"Singapore","month":"2015-01","access_date":"2015-02-01","data":{"chrome":{"4":null,"5":null,"6":null,"7":null,"8":null,"9":null,"10":null,"11":0.075744,"12":0.012624,"13":null,"14":null,"15":null,"16":null,"17":null,"18":0.012624,"19":null,"20":0.012624,"21":0.03156,"22":0.09468,"23":0.012624,"24":0.012624,"25":0.025248,"26":0.037872,"27":0.050496,"28":0.056808,"29":0.100992,"30":0.100992,"31":0.422904,"32":0.100992,"33":0.25248,"34":0.183048,"35":0.334536,"36":0.845808,"37":1.110912,"38":0.732192,"39":22.388664,"40":5.908032,"41":0.239856,"42":0.025248,"43":null},"firefox":{"2":0.006312,"3":0.037872,"3.5":null,"3.6":0.025248,"4":null,"5":null,"6":0.006312,"7":0.006312,"8":null,"9":0.006312,"10":0.012624,"11":0.018936,"12":0.025248,"13":0.006312,"14":0.012624,"15":0.012624,"16":0.037872,"17":0.018936,"18":0.012624,"19":0.012624,"20":0.012624,"21":0.006312,"22":0.012624,"23":0.025248,"24":0.03156,"25":0.018936,"26":0.025248,"27":0.025248,"28":0.03156,"29":0.050496,"30":0.056808,"31":0.555456,"32":0.366096,"33":0.170424,"34":4.317408,"35":3.484224,"36":0.075744,"37":null,"38":null},"opera":{"9":null,"9.5-9.6":0.006312,"10.0-10.1":0,"10.5":null,"10.6":null,"11":null,"11.1":null,"11.5":null,"11.6":null,"12":null,"12.1":0.09468,"15":null,"16":null,"17":null,"18":null,"19":null,"20":null,"21":null,"22":null,"23":null,"24":null,"25":null,"26":0.239856,"27":0.037872,"28":null,"29":null},"safari":{"3.1":null,"3.2":null,"4":0.09468,"5":0.176736,"5.1":0.593328,"6":0.1578,"6.1":0.416592,"7":0.801624,"7.1":0.858432,"8":2.316504},"android":{"2.1":0,"2.2":0,"2.3":0.133183373306,"3":0,"4":0.272047554004,"4.1":0.84770270308,"4.2-4.3":1.38864180698,"4.4":2.48061922793,"4.4.3-4.4.4":1.0257013347,"37":0},"ios_saf":{"3.2":0,"4.0-4.1":0,"4.2-4.3":0,"5.0-5.1":0.0696209683194,"6.0-6.1":0.222298530423,"7.0-7.1":3.17813613276,"8":0.765830651514,"8.1":7.90869771699},"op_mob":{"10":0,"11":0,"11.1":0,"11.5":0,"12":0.000661101152369,"12.1":0.00198330345711,"0":null},"ie":{"5.5":null,"6":0.0133691239024,"7":0.0802147434146,"8":2.86767707707,"9":1.53076468683,"10":1.20322115122,"11":8.00810521756,"0":null},"ie_mob":{"10":0.0933473777778,"11":0.153748622222},"bb":{"7":0.023972,"10":null},"and_uc":{"0":1.412504},"op_mini":{"5.0-8.0":0.255515595391},"and_chr":{"0":16.274216},"and_ff":{"0":0.320856}},"total":99.034044}