{"id":"SH","name":"Saint Helena","month":"2015-01","access_date":"2015-02-01","data":{"chrome":{"4":null,"5":null,"6":null,"7":null,"8":null,"9":null,"10":null,"11":null,"12":0.066885,"13":null,"14":null,"15":null,"16":null,"17":null,"18":null,"19":null,"20":null,"21":null,"22":null,"23":null,"24":null,"25":0.028665,"26":null,"27":null,"28":0.066885,"29":null,"30":0.09555,"31":0.219765,"32":3.59268,"33":1.1466,"34":2.92383,"35":0.066885,"36":0.697515,"37":0.1911,"38":0.1911,"39":19.16733,"40":4.672395,"41":null,"42":null,"43":null},"firefox":{"2":null,"3":null,"3.5":0.028665,"3.6":0.162435,"4":null,"5":null,"6":null,"7":null,"8":null,"9":null,"10":null,"11":null,"12":null,"13":null,"14":null,"15":null,"16":null,"17":null,"18":null,"19":0.09555,"20":null,"21":null,"22":null,"23":null,"24":null,"25":null,"26":null,"27":null,"28":null,"29":0.124215,"30":0.3822,"31":null,"32":null,"33":null,"34":2.608515,"35":2.00655,"36":null,"37":null,"38":null},"opera":{"9":null,"9.5-9.6":null,"10.0-10.1":0,"10.5":null,"10.6":null,"11":null,"11.1":null,"11.5":null,"11.6":null,"12":null,"12.1":0.162435,"15":null,"16":null,"17":null,"18":null,"19":null,"20":null,"21":null,"22":null,"23":null,"24":null,"25":null,"26":null,"27":null,"28":null,"29":null},"safari":{"3.1":null,"3.2":null,"4":0,"5":0.640185,"5.1":0.066885,"6":0.066885,"6.1":null,"7":0.28665,"7.1":1.557465,"8":null},"android":{"2.1":0,"2.2":0,"2.3":0.0316775123203,"3":0,"4":0.064706198152,"4.1":0.201625113963,"4.2-4.3":0.330286858316,"4.4":0.590012433265,"4.4.3-4.4.4":0.243961883984,"37":0},"ios_saf":{"3.2":0,"4.0-4.1":0,"4.2-4.3":0,"5.0-5.1":0.00746944785276,"6.0-6.1":0.0238498159509,"7.0-7.1":0.340973742331,"8":0.0821639263804,"8.1":0.848503067485},"op_mob":{"10":0,"11":0,"11.1":0,"11.5":0,"12":0.000162957746479,"12.1":0.000488873239437,"0":null},"ie":{"5.5":null,"6":0.09555,"7":3.048045,"8":12.488385,"9":14.46627,"10":6.03876,"11":17.7723,"0":null},"ie_mob":{"10":0,"11":0},"bb":{"7":0.10335125,"10":null},"and_uc":{"0":null},"op_mini":{"5.0-8.0":0.0629831690141},"and_chr":{"0":1.236395},"and_ff":{"0":null}},"total":99.39374125}