{"id":"SI","name":"Slovenia","month":"2015-01","access_date":"2015-02-01","data":{"chrome":{"4":null,"5":null,"6":null,"7":null,"8":null,"9":null,"10":null,"11":0.062209,"12":null,"13":null,"14":null,"15":null,"16":null,"17":null,"18":0.035548,"19":null,"20":null,"21":0.008887,"22":0.044435,"23":0.008887,"24":0.017774,"25":0.008887,"26":0.044435,"27":0.026661,"28":0.035548,"29":0.035548,"30":0.026661,"31":0.293271,"32":0.133305,"33":0.239949,"34":0.257723,"35":0.382141,"36":0.728734,"37":0.906474,"38":0.950909,"39":28.625027,"40":8.922548,"41":0.204401,"42":0.026661,"43":null},"firefox":{"2":null,"3":0.026661,"3.5":0.035548,"3.6":0.053322,"4":0.017774,"5":0.008887,"6":0.008887,"7":0.017774,"8":0.008887,"9":0.017774,"10":0.026661,"11":0.026661,"12":0.044435,"13":0.017774,"14":0.026661,"15":0.017774,"16":0.044435,"17":0.133305,"18":0.017774,"19":0.017774,"20":0.035548,"21":0.026661,"22":0.035548,"23":0.026661,"24":0.062209,"25":0.026661,"26":0.053322,"27":0.026661,"28":0.053322,"29":0.062209,"30":0.08887,"31":0.462124,"32":0.399915,"33":0.373254,"34":13.250517,"35":12.121868,"36":0.097757,"37":0.017774,"38":0.008887},"opera":{"9":null,"9.5-9.6":null,"10.0-10.1":0,"10.5":null,"10.6":null,"11":null,"11.1":null,"11.5":null,"11.6":null,"12":0.026661,"12.1":0.319932,"15":null,"16":null,"17":null,"18":null,"19":null,"20":0.062209,"21":null,"22":null,"23":null,"24":null,"25":null,"26":0.844265,"27":0.151079,"28":null,"29":null},"safari":{"3.1":null,"3.2":null,"4":0.017774,"5":0.097757,"5.1":0.44435,"6":0.053322,"6.1":0.204401,"7":0.275497,"7.1":0.453237,"8":1.208632},"android":{"2.1":0,"2.2":0,"2.3":0.0636053217659,"3":0,"4":0.129923666735,"4.1":0.404843351335,"4.2-4.3":0.663183449692,"4.4":1.18468679877,"4.4.3-4.4.4":0.489851411704,"37":0},"ios_saf":{"3.2":0,"4.0-4.1":0,"4.2-4.3":0,"5.0-5.1":0.010215130343,"6.0-6.1":0.0326167319722,"7.0-7.1":0.466311739515,"8":0.112366433773,"8.1":1.1604029644},"op_mob":{"10":0,"11":0,"11.1":0,"11.5":0,"12":0.000367674775928,"12.1":0.00110302432778,"0":null},"ie":{"5.5":null,"6":0.0715017476221,"7":0.125128058339,"8":2.00204893342,"9":1.66241563221,"10":1.20659199112,"11":9.02709563729,"0":null},"ie_mob":{"10":0.163561533333,"11":0.269395466667},"bb":{"7":0.0083475,"10":null},"and_uc":{"0":0.020034},"op_mini":{"5.0-8.0":0.142106300896},"and_chr":{"0":5.687192},"and_ff":{"0":0.102396}},"total":99.1915675}