{"id":"SK","name":"Slovakia (Slovak Republic)","month":"2015-01","access_date":"2015-02-01","data":{"chrome":{"4":0.04468,"5":null,"6":0.008936,"7":0.017872,"8":null,"9":null,"10":null,"11":0.098296,"12":0.026808,"13":0.04468,"14":null,"15":0.008936,"16":null,"17":null,"18":0.026808,"19":null,"20":null,"21":0.008936,"22":0.062552,"23":0.008936,"24":null,"25":0.026808,"26":0.035744,"27":0.04468,"28":0.035744,"29":0.026808,"30":0.035744,"31":0.285952,"32":0.098296,"33":0.205528,"34":0.31276,"35":0.482544,"36":0.571904,"37":0.652328,"38":0.697008,"39":29.7122,"40":8.75728,"41":0.17872,"42":0.017872,"43":null},"firefox":{"2":null,"3":0.062552,"3.5":0.017872,"3.6":0.080424,"4":0.008936,"5":0.008936,"6":0.017872,"7":0.017872,"8":0.017872,"9":0.026808,"10":0.026808,"11":0.017872,"12":0.08936,"13":0.017872,"14":0.017872,"15":0.017872,"16":0.080424,"17":0.035744,"18":0.026808,"19":0.026808,"20":0.026808,"21":0.026808,"22":0.026808,"23":0.026808,"24":0.053616,"25":0.053616,"26":0.062552,"27":0.053616,"28":0.08936,"29":0.071488,"30":0.13404,"31":0.437864,"32":0.277016,"33":0.428928,"34":12.269128,"35":10.660648,"36":0.062552,"37":0.017872,"38":0.008936},"opera":{"9":null,"9.5-9.6":null,"10.0-10.1":0,"10.5":null,"10.6":null,"11":null,"11.1":null,"11.5":0.017872,"11.6":0.035744,"12":0.062552,"12.1":1.939112,"15":0.053616,"16":0.017872,"17":0.017872,"18":0.04468,"19":0.035744,"20":0.098296,"21":0.035744,"22":0.008936,"23":0.008936,"24":0.017872,"25":0.035744,"26":3.109728,"27":0.518288,"28":null,"29":null},"safari":{"3.1":null,"3.2":null,"4":0,"5":0.062552,"5.1":0.17872,"6":0.026808,"6.1":0.13404,"7":0.214464,"7.1":0.31276,"8":1.054448},"android":{"2.1":0,"2.2":0,"2.3":0.0592377084189,"3":0,"4":0.121002143737,"4.1":0.377043802875,"4.2-4.3":0.617644353183,"4.4":1.10333741273,"4.4.3-4.4.4":0.456214579055,"37":0},"ios_saf":{"3.2":0,"4.0-4.1":0,"4.2-4.3":0,"5.0-5.1":0.00901516081665,"6.0-6.1":0.0287852503269,"7.0-7.1":0.411534183244,"8":0.0991667689832,"8.1":1.02409063663},"op_mob":{"10":0,"11":0,"11.1":0,"11.5":0,"12":0.000999969270166,"12.1":0.0029999078105,"0":null},"ie":{"5.5":null,"6":0.197026938053,"7":0.170159628319,"8":1.83593283186,"9":1.00304623009,"10":0.904532761062,"11":8.03332561062,"0":null},"ie_mob":{"10":0.157164622222,"11":0.258859377778},"bb":{"7":0.023408,"10":null},"and_uc":{"0":0.089376},"op_mini":{"5.0-8.0":0.386488122919},"and_chr":{"0":5.2576},"and_ff":{"0":0.097888}},"total":98.708688}