{"id":"SL","name":"Sierra Leone","month":"2015-01","access_date":"2015-02-01","data":{"chrome":{"4":0.014448,"5":0.008256,"6":null,"7":null,"8":0.02064,"9":null,"10":null,"11":0.016512,"12":0.006192,"13":null,"14":null,"15":0.002064,"16":0.006192,"17":null,"18":null,"19":null,"20":null,"21":0.002064,"22":null,"23":0.02064,"24":null,"25":0.004128,"26":0.012384,"27":null,"28":0.045408,"29":0.01032,"30":0.1032,"31":0.02064,"32":0.01032,"33":0.11352,"34":0.0516,"35":0.016512,"36":0.357072,"37":0.024768,"38":0.053664,"39":3.27144,"40":0.84624,"41":0.078432,"42":0.004128,"43":null},"firefox":{"2":0.012384,"3":0.078432,"3.5":0.008256,"3.6":0.06192,"4":0.016512,"5":0.035088,"6":0.070176,"7":0.016512,"8":0.024768,"9":0.035088,"10":0.097008,"11":0.090816,"12":0.066048,"13":0.099072,"14":0.014448,"15":0.039216,"16":0.07224,"17":0.059856,"18":0.024768,"19":0.049536,"20":0.014448,"21":0.039216,"22":0.018576,"23":0.088752,"24":0.033024,"25":0.053664,"26":0.012384,"27":0.014448,"28":0.018576,"29":0.115584,"30":0.410736,"31":0.107328,"32":0.1032,"33":0.22704,"34":3.122832,"35":3.159984,"36":0.631584,"37":0.002064,"38":null},"opera":{"9":null,"9.5-9.6":null,"10.0-10.1":0.004128,"10.5":null,"10.6":0.039216,"11":0.008256,"11.1":0.004128,"11.5":0.012384,"11.6":0.059856,"12":0.012384,"12.1":0.094944,"15":0.004128,"16":null,"17":0.002064,"18":null,"19":null,"20":null,"21":0.014448,"22":0.002064,"23":0.016512,"24":null,"25":0.004128,"26":0.385968,"27":0.057792,"28":null,"29":null},"safari":{"3.1":null,"3.2":null,"4":0,"5":0.016512,"5.1":0.024768,"6":0.002064,"6.1":0.018576,"7":0.047472,"7.1":0.07224,"8":0.334368},"android":{"2.1":0,"2.2":0,"2.3":0.0508881741273,"3":0,"4":0.103946933881,"4.1":0.323899610678,"4.2-4.3":0.530587597536,"4.4":0.947822390144,"4.4.3-4.4.4":0.391911293634,"37":0},"ios_saf":{"3.2":0,"4.0-4.1":0,"4.2-4.3":0,"5.0-5.1":0.00614176003218,"6.0-6.1":0.0196105320326,"7.0-7.1":0.28036595796,"8":0.067559360354,"8.1":0.697682389621},"op_mob":{"10":0,"11":0,"11.1":0,"11.5":0,"12":0.159675165173,"12.1":0.479025495519,"0":null},"ie":{"5.5":null,"6":0.0310960281195,"7":0.0497536449912,"8":0.594970671353,"9":0.427052119508,"10":0.928734706503,"11":2.66803921265,"0":null},"ie_mob":{"10":0.380751644444,"11":0.627120355556},"bb":{"7":0.025792,"10":null},"and_uc":{"0":6.62656},"op_mini":{"5.0-8.0":61.7144513393},"and_chr":{"0":1.748624},"and_ff":{"0":0.103168}},"total":95.4899983831}