{"id":"SM","name":"San Marino","month":"2015-01","access_date":"2015-02-01","data":{"chrome":{"4":null,"5":null,"6":null,"7":null,"8":null,"9":null,"10":0.008989,"11":0.035956,"12":null,"13":null,"14":null,"15":null,"16":null,"17":null,"18":null,"19":null,"20":null,"21":0.026967,"22":0.143824,"23":null,"24":null,"25":0.035956,"26":0.197758,"27":null,"28":0.035956,"29":0.035956,"30":0.035956,"31":0.332593,"32":0.440461,"33":0.053934,"34":0.134835,"35":0.350571,"36":0.341582,"37":0.386527,"38":0.233714,"39":25.501793,"40":6.948497,"41":0.143824,"42":null,"43":null},"firefox":{"2":null,"3":0.017978,"3.5":null,"3.6":0.017978,"4":null,"5":null,"6":null,"7":null,"8":null,"9":null,"10":0.008989,"11":null,"12":0.80901,"13":null,"14":null,"15":null,"16":0.116857,"17":0.017978,"18":0.017978,"19":null,"20":0.053934,"21":0.035956,"22":null,"23":null,"24":0.017978,"25":0.017978,"26":0.026967,"27":null,"28":0.224725,"29":0.125846,"30":0.152813,"31":0.161802,"32":0.125846,"33":0.323604,"34":15.074553,"35":10.364317,"36":0.017978,"37":null,"38":null},"opera":{"9":null,"9.5-9.6":null,"10.0-10.1":0,"10.5":null,"10.6":null,"11":null,"11.1":null,"11.5":null,"11.6":null,"12":null,"12.1":0.08989,"15":null,"16":null,"17":null,"18":null,"19":null,"20":null,"21":null,"22":null,"23":null,"24":null,"25":null,"26":0.575296,"27":0.044945,"28":null,"29":null},"safari":{"3.1":null,"3.2":null,"4":0.008989,"5":0.350571,"5.1":1.725888,"6":0.143824,"6.1":0.593274,"7":0.26967,"7.1":1.240482,"8":4.710236},"android":{"2.1":0,"2.2":0,"2.3":0.0394227720739,"3":0,"4":0.0805270841889,"4.1":0.250923141684,"4.2-4.3":0.41104312115,"4.4":0.7342724846,"4.4.3-4.4.4":0.303611396304,"37":0},"ios_saf":{"3.2":0,"4.0-4.1":0,"4.2-4.3":0,"5.0-5.1":0.0223599483053,"6.0-6.1":0.0713949226592,"7.0-7.1":1.02071202615,"8":0.245959431359,"8.1":2.54001167153},"op_mob":{"10":0,"11":0,"11.1":0,"11.5":0,"12":8.02586427657e-5,"12.1":0.000240775928297,"0":null},"ie":{"5.5":null,"6":null,"7":0.062923,"8":2.867491,"9":1.231493,"10":1.680943,"11":9.690142,"0":null},"ie_mob":{"10":0.1122884,"11":0.1849456},"bb":{"7":0.008088,"10":null},"and_uc":{"0":0.003033},"op_mini":{"5.0-8.0":0.0310199654289},"and_chr":{"0":4.038065},"and_ff":{"0":0.049539}},"total":98.590309}