{"id":"SO","name":"Somalia","month":"2015-01","access_date":"2015-02-01","data":{"chrome":{"4":0.010736,"5":0.059048,"6":0.005368,"7":0.010736,"8":0.032208,"9":0.853512,"10":0.085888,"11":0.101992,"12":0.075152,"13":0.042944,"14":0.02684,"15":0.02684,"16":0.075152,"17":null,"18":0.048312,"19":null,"20":0.048312,"21":0.021472,"22":0.021472,"23":0.02684,"24":0.042944,"25":0.10736,"26":0.064416,"27":0.085888,"28":0.059048,"29":0.059048,"30":0.08052,"31":0.123464,"32":0.064416,"33":0.826672,"34":0.166408,"35":0.166408,"36":0.842776,"37":0.273768,"38":0.279136,"39":18.820208,"40":5.942376,"41":1.10044,"42":0.059048,"43":null},"firefox":{"2":null,"3":0.010736,"3.5":0.032208,"3.6":0.18788,"4":0.112728,"5":0.010736,"6":0.02684,"7":0.021472,"8":0.064416,"9":0.042944,"10":0.075152,"11":0.397232,"12":0.225456,"13":0.091256,"14":0.048312,"15":0.085888,"16":0.08052,"17":0.032208,"18":0.05368,"19":0.193248,"20":0.059048,"21":0.096624,"22":0.075152,"23":0.128832,"24":0.037576,"25":0.037576,"26":0.177144,"27":0.1342,"28":0.1342,"29":0.434808,"30":0.305976,"31":0.316712,"32":0.273768,"33":0.69784,"34":4.546696,"35":4.519856,"36":0.579744,"37":null,"38":null},"opera":{"9":null,"9.5-9.6":null,"10.0-10.1":0,"10.5":null,"10.6":0.037576,"11":0.016104,"11.1":null,"11.5":0.005368,"11.6":null,"12":0.021472,"12.1":0.08052,"15":0.010736,"16":0.016104,"17":null,"18":null,"19":0.064416,"20":0.037576,"21":null,"22":0.010736,"23":null,"24":0.010736,"25":null,"26":0.907192,"27":0.155672,"28":null,"29":null},"safari":{"3.1":null,"3.2":null,"4":0,"5":0.02684,"5.1":0.096624,"6":0.016104,"6.1":0.037576,"7":0.059048,"7.1":0.091256,"8":0.150304},"android":{"2.1":0,"2.2":0,"2.3":0.239320792608,"3":0,"4":0.488849581109,"4.1":1.52325983162,"4.2-4.3":2.49528788501,"4.4":4.45749154004,"4.4.3-4.4.4":1.84311036961,"37":0},"ios_saf":{"3.2":0,"4.0-4.1":0,"4.2-4.3":0,"5.0-5.1":0.00979833611586,"6.0-6.1":0.0312859153173,"7.0-7.1":0.447285448657,"8":0.107781697274,"8.1":1.11305660264},"op_mob":{"10":0,"11":0,"11.1":0,"11.5":0,"12":0.0266414135723,"12.1":0.079924240717,"0":null},"ie":{"5.5":null,"6":0.0322358615917,"7":0.0214905743945,"8":0.940212629758,"9":0.548009647059,"10":1.44524112803,"11":3.20746822837,"0":null},"ie_mob":{"10":0.391970133333,"11":0.645597866667},"bb":{"7":0.049794,"10":null},"and_uc":{"0":12.015408},"op_mini":{"5.0-8.0":10.2969063457},"and_chr":{"0":6.70428},"and_ff":{"0":0.250128}},"total":96.3496280692}