{"id":"SR","name":"Suriname","month":"2015-01","access_date":"2015-02-01","data":{"chrome":{"4":null,"5":null,"6":null,"7":null,"8":null,"9":null,"10":0.012076,"11":0.072456,"12":null,"13":null,"14":null,"15":null,"16":null,"17":null,"18":0.042266,"19":null,"20":0.03019,"21":0.018114,"22":0.156988,"23":null,"24":0.006038,"25":0.006038,"26":0.096608,"27":0.108684,"28":0.06038,"29":0.048304,"30":0.084532,"31":0.326052,"32":0.084532,"33":0.217368,"34":0.175102,"35":0.253596,"36":1.219676,"37":0.338128,"38":0.374356,"39":22.207764,"40":6.406318,"41":0.229444,"42":0.03019,"43":null},"firefox":{"2":null,"3":null,"3.5":null,"3.6":0.078494,"4":0.012076,"5":0.012076,"6":null,"7":null,"8":null,"9":null,"10":0.012076,"11":0.018114,"12":0.018114,"13":null,"14":0.018114,"15":0.024152,"16":0.012076,"17":0.012076,"18":null,"19":0.018114,"20":0.024152,"21":null,"22":null,"23":null,"24":0.048304,"25":0.012076,"26":0.024152,"27":0.006038,"28":0.024152,"29":0.03019,"30":0.036228,"31":0.108684,"32":0.108684,"33":0.163026,"34":5.035692,"35":4.504348,"36":0.18114,"37":0.012076,"38":0.018114},"opera":{"9":null,"9.5-9.6":null,"10.0-10.1":0,"10.5":null,"10.6":null,"11":null,"11.1":null,"11.5":null,"11.6":null,"12":null,"12.1":0.09057,"15":0.048304,"16":null,"17":null,"18":null,"19":null,"20":0.024152,"21":null,"22":null,"23":null,"24":null,"25":null,"26":1.129106,"27":0.114722,"28":null,"29":null},"safari":{"3.1":null,"3.2":null,"4":0,"5":0.018114,"5.1":0.144912,"6":0.012076,"6.1":0.084532,"7":0.09057,"7.1":0.235482,"8":0.501154},"android":{"2.1":0,"2.2":0,"2.3":0.344520713347,"3":0,"4":0.703736622998,"4.1":2.19284984846,"4.2-4.3":3.59215909651,"4.4":6.41690238604,"4.4.3-4.4.4":2.65329933265,"37":0},"ios_saf":{"3.2":0,"4.0-4.1":0,"4.2-4.3":0,"5.0-5.1":0.0270964459419,"6.0-6.1":0.0865184765161,"7.0-7.1":1.23692898843,"8":0.298060905361,"8.1":3.07806118375},"op_mob":{"10":0,"11":0,"11.1":0,"11.5":0,"12":0.00226255057618,"12.1":0.00678765172855,"0":null},"ie":{"5.5":null,"6":0.048304,"7":0.09057,"8":1.606108,"9":1.497424,"10":1.624222,"11":8.640378,"0":null},"ie_mob":{"10":0.353234311111,"11":0.581797688889},"bb":{"7":0.625996,"10":null},"and_uc":{"0":0.919184},"op_mini":{"5.0-8.0":0.874475797695},"and_chr":{"0":14.035184},"and_ff":{"0":0.09905}},"total":97.306544}