{"id":"SV","name":"El Salvador","month":"2015-01","access_date":"2015-02-01","data":{"chrome":{"4":null,"5":null,"6":null,"7":null,"8":null,"9":null,"10":null,"11":0.052048,"12":0.013012,"13":null,"14":null,"15":0.006506,"16":null,"17":null,"18":0.013012,"19":null,"20":0.006506,"21":0.026024,"22":0.058554,"23":0.013012,"24":0.026024,"25":0.026024,"26":0.058554,"27":0.045542,"28":0.045542,"29":0.078072,"30":0.058554,"31":0.19518,"32":0.143132,"33":0.221204,"34":0.247228,"35":0.566022,"36":0.598552,"37":0.728672,"38":0.995418,"39":26.05653,"40":7.57949,"41":0.123614,"42":0.006506,"43":null},"firefox":{"2":0.013012,"3":0.045542,"3.5":0.071566,"3.6":0.091084,"4":0.026024,"5":0.019518,"6":0.006506,"7":0.013012,"8":0.013012,"9":0.026024,"10":0.026024,"11":0.03253,"12":0.06506,"13":0.03253,"14":0.026024,"15":0.052048,"16":0.03253,"17":0.03253,"18":0.039036,"19":0.026024,"20":0.039036,"21":0.045542,"22":0.03253,"23":0.052048,"24":0.039036,"25":0.058554,"26":0.06506,"27":0.045542,"28":0.078072,"29":0.091084,"30":0.19518,"31":0.182168,"32":0.273252,"33":0.45542,"34":6.681662,"35":5.452028,"36":0.058554,"37":null,"38":null},"opera":{"9":null,"9.5-9.6":null,"10.0-10.1":0,"10.5":null,"10.6":null,"11":null,"11.1":null,"11.5":null,"11.6":null,"12":null,"12.1":0.045542,"15":null,"16":null,"17":0.006506,"18":0.006506,"19":null,"20":0.013012,"21":0.006506,"22":null,"23":0.006506,"24":null,"25":0.013012,"26":0.61807,"27":0.117108,"28":null,"29":null},"safari":{"3.1":null,"3.2":null,"4":0.019518,"5":0.117108,"5.1":0.123614,"6":0.078072,"6.1":0.084578,"7":0.117108,"7.1":0.214698,"8":0.546504},"android":{"2.1":0,"2.2":0,"2.3":0.277484583573,"3":0,"4":0.566805002464,"4.1":1.76616964805,"4.2-4.3":2.89320418891,"4.4":5.16831475565,"4.4.3-4.4.4":2.13702582136,"37":0},"ios_saf":{"3.2":0,"4.0-4.1":0,"4.2-4.3":0,"5.0-5.1":0.0217325183546,"6.0-6.1":0.0693915498341,"7.0-7.1":0.992070399276,"8":0.239057701901,"8.1":2.46873783063},"op_mob":{"10":0,"11":0,"11.1":0,"11.5":0,"12":0.00504639180538,"12.1":0.0151391754161,"0":null},"ie":{"5.5":null,"6":0.0457186563227,"7":0.130624732351,"8":2.08999571761,"9":1.16256011792,"10":1.12337269822,"11":3.78811723817,"0":null},"ie_mob":{"10":0.359027911111,"11":0.591340088889},"bb":{"7":0.242833,"10":null},"and_uc":{"0":1.016754},"op_mini":{"5.0-8.0":1.95043043278},"and_chr":{"0":14.187552},"and_ff":{"0":0.241086}},"total":98.2064981606}