{"id":"SY","name":"Syrian Arab Republic","month":"2015-01","access_date":"2015-02-01","data":{"chrome":{"4":0.013548,"5":0.040644,"6":0.031612,"7":0.013548,"8":0.076772,"9":0.018064,"10":0.036128,"11":0.144512,"12":0.058708,"13":0.049676,"14":0.058708,"15":0.04516,"16":0.013548,"17":0.027096,"18":0.031612,"19":0.018064,"20":0.013548,"21":0.018064,"22":0.040644,"23":0.036128,"24":0.04516,"25":0.054192,"26":0.081288,"27":0.126448,"28":0.054192,"29":0.072256,"30":0.099352,"31":0.108384,"32":0.09032,"33":1.210288,"34":0.162576,"35":0.216768,"36":0.912232,"37":0.392892,"38":0.72256,"39":10.7255,"40":3.021204,"41":0.311604,"42":0.018064,"43":null},"firefox":{"2":0.009032,"3":0.06774,"3.5":0.018064,"3.6":0.103868,"4":0.058708,"5":0.063224,"6":0.049676,"7":0.027096,"8":0.063224,"9":0.031612,"10":0.108384,"11":0.058708,"12":0.139996,"13":0.094836,"14":0.031612,"15":0.103868,"16":0.09032,"17":0.036128,"18":0.072256,"19":0.054192,"20":0.09032,"21":0.103868,"22":0.036128,"23":0.06774,"24":0.094836,"25":0.117416,"26":0.15806,"27":0.18064,"28":0.1129,"29":0.289024,"30":0.596112,"31":0.487728,"32":0.60966,"33":0.862556,"34":7.442368,"35":5.775964,"36":0.289024,"37":0.018064,"38":0.009032},"opera":{"9":null,"9.5-9.6":null,"10.0-10.1":0,"10.5":null,"10.6":null,"11":null,"11.1":null,"11.5":0.040644,"11.6":0.031612,"12":0.031612,"12.1":0.144512,"15":0.004516,"16":null,"17":0.004516,"18":0.018064,"19":0.009032,"20":0.009032,"21":null,"22":null,"23":null,"24":0.004516,"25":0.004516,"26":0.311604,"27":0.063224,"28":null,"29":null},"safari":{"3.1":null,"3.2":null,"4":0.018064,"5":0.02258,"5.1":0.072256,"6":0.031612,"6.1":0.009032,"7":0.027096,"7.1":0.117416,"8":0.06774},"android":{"2.1":0,"2.2":0,"2.3":0.431486074743,"3":0,"4":0.881376768789,"4.1":2.74637819138,"4.2-4.3":4.49890694045,"4.4":8.03668376181,"4.4.3-4.4.4":3.32305626283,"37":0},"ios_saf":{"3.2":0,"4.0-4.1":0,"4.2-4.3":0,"5.0-5.1":0.0132982725536,"6.0-6.1":0.0424611509605,"7.0-7.1":0.607054476918,"8":0.146280998089,"8.1":1.51063710148},"op_mob":{"10":0,"11":0,"11.1":0,"11.5":0,"12":0.0153917131882,"12.1":0.0461751395647,"0":null},"ie":{"5.5":null,"6":0.151652218721,"7":0.0459552177943,"8":1.66817440593,"9":0.762856615385,"10":0.418192481928,"11":1.80604005931,"0":null},"ie_mob":{"10":0.0787258666667,"11":0.129666133333},"bb":{"7":0.015081,"10":null},"and_uc":{"0":6.246276},"op_mini":{"5.0-8.0":5.94889714725},"and_chr":{"0":13.9232},"and_ff":{"0":0.592272}},"total":92.9644199991}