{"id":"SZ","name":"Swaziland","month":"2015-01","access_date":"2015-02-01","data":{"chrome":{"4":null,"5":null,"6":null,"7":null,"8":null,"9":0.011072,"10":null,"11":0.030448,"12":null,"13":null,"14":null,"15":null,"16":0.01384,"17":null,"18":0.02768,"19":null,"20":0.011072,"21":0.011072,"22":0.008304,"23":null,"24":null,"25":0.01384,"26":0.022144,"27":0.030448,"28":0.011072,"29":0.005536,"30":null,"31":0.052592,"32":0.052592,"33":0.063664,"34":0.030448,"35":0.132864,"36":0.188224,"37":0.099648,"38":0.226976,"39":6.875712,"40":2.363872,"41":0.016608,"42":null,"43":null},"firefox":{"2":0.002768,"3":0.030448,"3.5":0.011072,"3.6":0.024912,"4":0.011072,"5":0.008304,"6":0.011072,"7":0.011072,"8":null,"9":0.066432,"10":null,"11":0.008304,"12":0.071968,"13":0.016608,"14":0.063664,"15":0.011072,"16":0.024912,"17":0.008304,"18":0.024912,"19":0.035984,"20":0.019376,"21":0.038752,"22":0.008304,"23":0.038752,"24":0.011072,"25":0.035984,"26":0.085808,"27":0.127328,"28":0.016608,"29":0.02768,"30":0.11072,"31":0.254656,"32":0.163312,"33":0.310016,"34":2.15904,"35":1.801968,"36":0.1384,"37":0.005536,"38":null},"opera":{"9":null,"9.5-9.6":null,"10.0-10.1":0,"10.5":null,"10.6":null,"11":0.002768,"11.1":null,"11.5":0.008304,"11.6":0.016608,"12":null,"12.1":0.05536,"15":null,"16":null,"17":null,"18":null,"19":null,"20":null,"21":null,"22":0.005536,"23":0.005536,"24":0.024912,"25":0.008304,"26":0.395824,"27":0.0692,"28":null,"29":null},"safari":{"3.1":null,"3.2":null,"4":0.005536,"5":0.008304,"5.1":0.15224,"6":0.060896,"6.1":0.08304,"7":0.0692,"7.1":0.163312,"8":0.17992},"android":{"2.1":0,"2.2":0,"2.3":0.135048318686,"3":0,"4":0.275856992197,"4.1":0.859572947844,"4.2-4.3":1.40808673511,"4.4":2.51535494045,"4.4.3-4.4.4":1.04006406571,"37":0},"ios_saf":{"3.2":0,"4.0-4.1":0,"4.2-4.3":0,"5.0-5.1":0.00995009152167,"6.0-6.1":0.0317704676657,"7.0-7.1":0.454212949814,"8":0.109451006738,"8.1":1.13029548426},"op_mob":{"10":0,"11":0,"11.1":0,"11.5":0,"12":0.118471457106,"12.1":0.355414371319,"0":null},"ie":{"5.5":null,"6":0.113967391721,"7":0.161222163897,"8":1.8429361149,"9":1.40930408786,"10":1.87073303971,"11":4.47252520191,"0":null},"ie_mob":{"10":1.06824675556,"11":1.75946524444},"bb":{"7":0.112096,"10":null},"and_uc":{"0":1.316224},"op_mini":{"5.0-8.0":45.7892181716},"and_chr":{"0":4.21832},"and_ff":{"0":0.065088}},"total":90.053616}