{"id":"TC","name":"Turks and Caicos Islands","month":"2015-01","access_date":"2015-02-01","data":{"chrome":{"4":null,"5":null,"6":null,"7":null,"8":null,"9":null,"10":null,"11":0.03268,"12":0.02451,"13":null,"14":null,"15":null,"16":null,"17":null,"18":null,"19":null,"20":0.00817,"21":0.02451,"22":null,"23":null,"24":null,"25":0.03268,"26":0.01634,"27":0.04085,"28":0.01634,"29":null,"30":0.01634,"31":0.21242,"32":0.0817,"33":0.08987,"34":0.0817,"35":0.20425,"36":1.99348,"37":1.60132,"38":0.44935,"39":29.51004,"40":8.06379,"41":0.29412,"42":0.01634,"43":null},"firefox":{"2":0.11438,"3":null,"3.5":null,"3.6":0.02451,"4":0.02451,"5":null,"6":null,"7":null,"8":null,"9":null,"10":0.01634,"11":0.00817,"12":0.09804,"13":null,"14":null,"15":null,"16":0.01634,"17":null,"18":null,"19":null,"20":null,"21":null,"22":null,"23":null,"24":null,"25":0.00817,"26":null,"27":0.01634,"28":null,"29":0.00817,"30":0.01634,"31":0.99674,"32":0.7353,"33":0.11438,"34":5.16344,"35":4.86115,"36":0.06536,"37":null,"38":null},"opera":{"9":null,"9.5-9.6":null,"10.0-10.1":0,"10.5":null,"10.6":null,"11":null,"11.1":null,"11.5":null,"11.6":null,"12":null,"12.1":null,"15":null,"16":null,"17":null,"18":null,"19":null,"20":null,"21":null,"22":null,"23":null,"24":null,"25":null,"26":0.44118,"27":0.04085,"28":null,"29":null},"safari":{"3.1":null,"3.2":null,"4":0.04085,"5":0.13072,"5.1":0.6536,"6":0.15523,"6.1":0.52288,"7":0.79249,"7.1":1.3889,"8":1.77289},"android":{"2.1":0,"2.2":0,"2.3":0.0855908285421,"3":0,"4":0.174832450719,"4.1":0.544779539014,"4.2-4.3":0.892416221766,"4.4":1.59417988706,"4.4.3-4.4.4":0.659171072895,"37":0},"ios_saf":{"3.2":0,"4.0-4.1":0,"4.2-4.3":0,"5.0-5.1":0.038196993865,"6.0-6.1":0.121962331288,"7.0-7.1":1.7436592638,"8":0.420166932515,"8.1":4.33904447853},"op_mob":{"10":0,"11":0,"11.1":0,"11.5":0,"12":0.000168706786172,"12.1":0.000506120358515,"0":null},"ie":{"5.5":null,"6":null,"7":0.07353,"8":1.73204,"9":1.58498,"10":1.81374,"11":14.0524,"0":null},"ie_mob":{"10":0.302804,"11":0.498736},"bb":{"7":0.2209725,"10":null},"and_uc":{"0":0.10431},"op_mini":{"5.0-8.0":0.0652051728553},"and_chr":{"0":6.30811},"and_ff":{"0":0.20313}},"total":98.6127025}