{"id":"TD","name":"Chad","month":"2015-01","access_date":"2015-02-01","data":{"chrome":{"4":null,"5":0.002686,"6":null,"7":null,"8":null,"9":0.005372,"10":0.008058,"11":0.052377,"12":0.017459,"13":null,"14":null,"15":0.006715,"16":0.006715,"17":null,"18":null,"19":null,"20":null,"21":0.020145,"22":null,"23":0.009401,"24":null,"25":null,"26":0.006715,"27":null,"28":0.001343,"29":0.021488,"30":0.008058,"31":0.543915,"32":0.042976,"33":0.022831,"34":0.01343,"35":0.028203,"36":0.170561,"37":0.012087,"38":0.075208,"39":1.958094,"40":0.48348,"41":0.016116,"42":null,"43":null},"firefox":{"2":0.010744,"3":0.021488,"3.5":0.008058,"3.6":0.037604,"4":0.032232,"5":0.032232,"6":0.008058,"7":0.021488,"8":0.022831,"9":0.024174,"10":0.02686,"11":1.145579,"12":0.020145,"13":0.028203,"14":0.045662,"15":0.042976,"16":0.021488,"17":0.032232,"18":0.024174,"19":0.010744,"20":0.038947,"21":0.034918,"22":0.002686,"23":0.002686,"24":0.047005,"25":0.009401,"26":0.012087,"27":0.02686,"28":0.01343,"29":0.127585,"30":0.167875,"31":0.12087,"32":0.104754,"33":0.16116,"34":1.767388,"35":1.337628,"36":0.014773,"37":0.006715,"38":null},"opera":{"9":0.001343,"9.5-9.6":null,"10.0-10.1":0,"10.5":null,"10.6":null,"11":null,"11.1":0.005372,"11.5":0.001343,"11.6":0.002686,"12":0.001343,"12.1":0.020145,"15":null,"16":null,"17":0.002686,"18":0.004029,"19":0.012087,"20":0.005372,"21":0.004029,"22":null,"23":null,"24":0.005372,"25":null,"26":0.076551,"27":0.005372,"28":null,"29":null},"safari":{"3.1":null,"3.2":null,"4":0.017459,"5":null,"5.1":0.060435,"6":0.012087,"6.1":0.036261,"7":0.272629,"7.1":0.145044,"8":0.079237},"android":{"2.1":0,"2.2":0,"2.3":0.18885147731,"3":0,"4":0.385758230903,"4.1":1.20202622762,"4.2-4.3":1.96906753593,"4.4":3.51747064374,"4.4.3-4.4.4":1.4544248845,"37":0},"ios_saf":{"3.2":0,"4.0-4.1":0,"4.2-4.3":0,"5.0-5.1":0.0148387057226,"6.0-6.1":0.0473797270442,"7.0-7.1":0.677373899829,"8":0.163225762949,"8.1":1.68562490446},"op_mob":{"10":0,"11":0,"11.1":0,"11.5":0,"12":0.124124309859,"12.1":0.372372929577,"0":null},"ie":{"5.5":null,"6":0.0300829729501,"7":0.0123066707523,"8":0.566106854607,"9":0.412957174134,"10":0.712419495773,"11":1.4617590038,"0":null},"ie_mob":{"10":0.0915718222222,"11":0.150824177778},"bb":{"7":0.11037675,"10":null},"and_uc":{"0":5.28077},"op_mini":{"5.0-8.0":47.9740457606},"and_chr":{"0":3.967428},"and_ff":{"0":0.328966}},"total":82.820208922}