{"id":"TG","name":"Togo","month":"2015-01","access_date":"2015-02-01","data":{"chrome":{"4":0.020928,"5":0.013952,"6":0.013952,"7":0.013952,"8":0.027904,"9":null,"10":0.013952,"11":0.062784,"12":0.013952,"13":0.097664,"14":0.048832,"15":0.006976,"16":0.048832,"17":null,"18":0.013952,"19":null,"20":0.041856,"21":null,"22":0.013952,"23":0.013952,"24":0.013952,"25":0.055808,"26":0.048832,"27":0.020928,"28":0.041856,"29":0.1744,"30":0.10464,"31":0.237184,"32":0.027904,"33":0.258112,"34":0.202304,"35":0.118592,"36":0.585984,"37":0.188352,"38":0.195328,"39":10.212864,"40":3.24384,"41":0.202304,"42":null,"43":null},"firefox":{"2":0.027904,"3":0.13952,"3.5":0.027904,"3.6":0.132544,"4":0.062784,"5":0.048832,"6":0.048832,"7":0.097664,"8":0.048832,"9":0.076736,"10":0.097664,"11":0.31392,"12":0.320896,"13":0.167424,"14":0.10464,"15":0.181376,"16":0.195328,"17":0.146496,"18":0.125568,"19":0.292992,"20":0.292992,"21":0.292992,"22":0.272064,"23":0.397632,"24":0.167424,"25":0.390656,"26":0.31392,"27":0.334848,"28":0.551104,"29":0.753408,"30":1.597504,"31":0.865024,"32":1.199872,"33":2.19744,"34":15.165824,"35":13.261376,"36":0.76736,"37":0.090688,"38":0.013952},"opera":{"9":null,"9.5-9.6":0.006976,"10.0-10.1":0,"10.5":null,"10.6":null,"11":null,"11.1":null,"11.5":null,"11.6":0.027904,"12":0.013952,"12.1":0.10464,"15":0.020928,"16":0.048832,"17":0.020928,"18":0.03488,"19":0.013952,"20":0.013952,"21":null,"22":0.006976,"23":null,"24":0.013952,"25":0.020928,"26":0.97664,"27":0.265088,"28":null,"29":null},"safari":{"3.1":null,"3.2":null,"4":0.10464,"5":0.041856,"5.1":0.111616,"6":0.020928,"6.1":0.020928,"7":0.062784,"7.1":0.041856,"8":0.118592},"android":{"2.1":0,"2.2":0,"2.3":0.118965526078,"3":0,"4":0.243005411088,"4.1":0.757207116222,"4.2-4.3":1.2403988501,"4.4":2.21580340041,"4.4.3-4.4.4":0.916203696099,"37":0},"ios_saf":{"3.2":0,"4.0-4.1":0,"4.2-4.3":0,"5.0-5.1":0.00476729357337,"6.0-6.1":0.015221884743,"7.0-7.1":0.217622769788,"8":0.0524402293071,"8.1":0.541547822589},"op_mob":{"10":0,"11":0,"11.1":0,"11.5":0,"12":0.0327645172855,"12.1":0.0982935518566,"0":null},"ie":{"5.5":null,"6":0.0609799682259,"7":0.0914699523389,"8":1.83702154281,"9":1.04428195587,"10":1.65408163813,"11":3.87222798235,"0":null},"ie_mob":{"10":0.2204832,"11":0.3631488},"bb":{"7":0.061236,"10":null},"and_uc":{"0":5.53392},"op_mini":{"5.0-8.0":12.6634859309},"and_chr":{"0":2.721328},"and_ff":{"0":0.308448}},"total":96.9845950397}