{"id":"TH","name":"Thailand","month":"2015-01","access_date":"2015-02-01","data":{"chrome":{"4":0.01213,"5":null,"6":0.006065,"7":0.006065,"8":0.018195,"9":0.01213,"10":0.10917,"11":0.1213,"12":0.16982,"13":0.10917,"14":0.01213,"15":0.04852,"16":0.01213,"17":0.018195,"18":0.02426,"19":0.006065,"20":0.018195,"21":0.042455,"22":0.04852,"23":0.02426,"24":0.01213,"25":0.04852,"26":0.06065,"27":0.066715,"28":0.042455,"29":0.066715,"30":0.054585,"31":0.25473,"32":0.103105,"33":3.802755,"34":0.25473,"35":0.491265,"36":0.794515,"37":0.940075,"38":1.28578,"39":22.63458,"40":6.422835,"41":0.40029,"42":0.030325,"43":null},"firefox":{"2":null,"3":0.030325,"3.5":0.01213,"3.6":0.054585,"4":0.02426,"5":0.01213,"6":0.018195,"7":0.030325,"8":0.02426,"9":0.018195,"10":0.006065,"11":0.018195,"12":0.04852,"13":0.01213,"14":0.042455,"15":0.018195,"16":0.02426,"17":0.02426,"18":0.01213,"19":0.01213,"20":0.018195,"21":0.018195,"22":0.02426,"23":0.02426,"24":0.02426,"25":0.018195,"26":0.06065,"27":0.054585,"28":0.030325,"29":0.054585,"30":0.08491,"31":0.10917,"32":0.10917,"33":0.175885,"34":3.390335,"35":3.06889,"36":0.127365,"37":0.006065,"38":null},"opera":{"9":null,"9.5-9.6":null,"10.0-10.1":0,"10.5":null,"10.6":null,"11":0.006065,"11.1":null,"11.5":null,"11.6":null,"12":null,"12.1":0.03639,"15":null,"16":null,"17":null,"18":null,"19":null,"20":null,"21":null,"22":null,"23":null,"24":null,"25":0.01213,"26":0.23047,"27":0.03639,"28":null,"29":null},"safari":{"3.1":null,"3.2":null,"4":0.02426,"5":0.054585,"5.1":0.163755,"6":0.054585,"6.1":0.103105,"7":0.18195,"7.1":0.260795,"8":0.61863},"android":{"2.1":0,"2.2":0,"2.3":0.278921203285,"3":0,"4":0.569739519507,"4.1":1.77531363039,"4.2-4.3":2.90818316222,"4.4":5.19507264887,"4.4.3-4.4.4":2.14808983573,"37":0},"ios_saf":{"3.2":0,"4.0-4.1":0,"4.2-4.3":0,"5.0-5.1":0.0498984753093,"6.0-6.1":0.159324956251,"7.0-7.1":2.27782162728,"8":0.548883228402,"8.1":5.66829171276},"op_mob":{"10":0,"11":0,"11.1":0,"11.5":0,"12":0.000806145966709,"12.1":0.00241843790013,"0":null},"ie":{"5.5":null,"6":0.0808941317188,"7":0.130675135854,"8":3.85802782044,"9":2.10324742469,"10":1.16363097165,"11":3.19842951565,"0":null},"ie_mob":{"10":0.395423777778,"11":0.651286222222},"bb":{"7":0.01278875,"10":null},"and_uc":{"0":0.192815},"op_mini":{"5.0-8.0":0.311575416133},"and_chr":{"0":16.65784},"and_ff":{"0":0.13379}},"total":98.68387375}