{"id":"TJ","name":"Tajikistan","month":"2015-01","access_date":"2015-02-01","data":{"chrome":{"4":0.017404,"5":0.156636,"6":0.013053,"7":0.008702,"8":0.178391,"9":0.008702,"10":0.047861,"11":0.191444,"12":0.526471,"13":0.017404,"14":0.026106,"15":0.239305,"16":0.100073,"17":0.335027,"18":0.039159,"19":null,"20":0.065265,"21":0.017404,"22":0.021755,"23":0.030457,"24":0.04351,"25":0.026106,"26":0.034808,"27":0.100073,"28":0.330676,"29":0.073967,"30":0.026106,"31":0.282815,"32":0.147934,"33":0.165338,"34":0.069616,"35":0.265411,"36":0.187093,"37":0.160987,"38":0.26106,"39":14.815155,"40":3.989867,"41":0.078318,"42":0.026106,"43":null},"firefox":{"2":null,"3":0.017404,"3.5":null,"3.6":0.095722,"4":0.013053,"5":0.047861,"6":0.008702,"7":0.004351,"8":0.021755,"9":0.069616,"10":0.013053,"11":0.017404,"12":0.047861,"13":0.056563,"14":0.013053,"15":0.008702,"16":0.013053,"17":0.04351,"18":0.004351,"19":0.026106,"20":0.021755,"21":0.004351,"22":0.04351,"23":0.026106,"24":0.013053,"25":0.008702,"26":0.034808,"27":0.034808,"28":0.013053,"29":0.026106,"30":0.100073,"31":0.047861,"32":0.065265,"33":0.187093,"34":1.844824,"35":1.69689,"36":0.013053,"37":0.004351,"38":null},"opera":{"9":null,"9.5-9.6":0.008702,"10.0-10.1":0.013053,"10.5":0.052212,"10.6":null,"11":0.073967,"11.1":0.069616,"11.5":0.060914,"11.6":0.191444,"12":0.165338,"12.1":1.862228,"15":0.021755,"16":0.056563,"17":0.013053,"18":0.104424,"19":0.065265,"20":0.082669,"21":0.034808,"22":0.08702,"23":0.052212,"24":0.100073,"25":0.160987,"26":2.571441,"27":0.287166,"28":0.017404,"29":null},"safari":{"3.1":null,"3.2":null,"4":0.013053,"5":0.030457,"5.1":0.073967,"6":0.008702,"6.1":0.030457,"7":0.060914,"7.1":0.078318,"8":0.169689},"android":{"2.1":0,"2.2":0,"2.3":0.200818470123,"3":0,"4":0.410202656982,"4.1":1.27819528614,"4.2-4.3":2.09384186858,"4.4":3.74036297433,"4.4.3-4.4.4":1.54658774384,"37":0},"ios_saf":{"3.2":0,"4.0-4.1":0,"4.2-4.3":0,"5.0-5.1":0.0229601767072,"6.0-6.1":0.0733114414161,"7.0-7.1":1.04811192618,"8":0.25256194378,"8.1":2.60819551192},"op_mob":{"10":0,"11":0,"11.1":0,"11.5":0,"12":0.0422264558259,"12.1":0.126679367478,"0":null},"ie":{"5.5":null,"6":0.0594840938967,"7":0.0869382910798,"8":1.56488923944,"9":0.526205446009,"10":0.658900732394,"11":1.949248,"0":null},"ie_mob":{"10":0.4929694,"11":0.8119496},"bb":{"7":0.0084735,"10":null},"and_uc":{"0":9.507267},"op_mini":{"5.0-8.0":16.3205251767},"and_chr":{"0":10.70191},"and_ff":{"0":0.062139}},"total":90.6461733028}