{"id":"TL","name":"Timor-Leste","month":"2015-01","access_date":"2015-02-01","data":{"chrome":{"4":0.149072,"5":null,"6":0.018634,"7":null,"8":null,"9":null,"10":null,"11":0.037268,"12":0.037268,"13":null,"14":null,"15":0.037268,"16":0.018634,"17":0.018634,"18":0.09317,"19":null,"20":0.027951,"21":null,"22":null,"23":0.037268,"24":0.139755,"25":0.009317,"26":0.158389,"27":0.065219,"28":0.074536,"29":null,"30":0.167706,"31":0.149072,"32":0.102487,"33":0.475167,"34":0.065219,"35":0.298144,"36":0.661507,"37":0.55902,"38":0.400631,"39":13.947549,"40":3.866555,"41":0.391314,"42":0.037268,"43":null},"firefox":{"2":null,"3":0.083853,"3.5":0.177023,"3.6":1.015553,"4":0.484484,"5":0.195657,"6":0.400631,"7":0.09317,"8":0.158389,"9":0.139755,"10":0.288827,"11":1.173942,"12":0.670824,"13":0.605605,"14":0.167706,"15":0.326095,"16":1.21121,"17":0.037268,"18":0.149072,"19":0.214291,"20":0.242242,"21":0.37268,"22":0.037268,"23":0.521752,"24":0.083853,"25":0.177023,"26":0.288827,"27":0.624239,"28":2.170861,"29":0.801262,"30":0.83853,"31":0.633556,"32":0.614922,"33":0.987602,"34":12.624535,"35":12.76429,"36":1.667743,"37":null,"38":null},"opera":{"9":null,"9.5-9.6":null,"10.0-10.1":0.009317,"10.5":null,"10.6":null,"11":null,"11.1":null,"11.5":null,"11.6":null,"12":null,"12.1":0.009317,"15":null,"16":null,"17":0.111804,"18":null,"19":null,"20":0.167706,"21":null,"22":0.037268,"23":null,"24":0.102487,"25":0.18634,"26":0.484484,"27":0.046585,"28":null,"29":null},"safari":{"3.1":null,"3.2":null,"4":0.009317,"5":0.074536,"5.1":0.055902,"6":0.223608,"6.1":0.27951,"7":0.121121,"7.1":0.326095,"8":0.214291},"android":{"2.1":0,"2.2":0,"2.3":0.037833361499,"3":0,"4":0.0772804682752,"4.1":0.240806656366,"4.2-4.3":0.394471067762,"4.4":0.704668771047,"4.4.3-4.4.4":0.291370675051,"37":0},"ios_saf":{"3.2":0,"4.0-4.1":0,"4.2-4.3":0,"5.0-5.1":0.00395457206075,"6.0-6.1":0.0126268792115,"7.0-7.1":0.18052274565,"8":0.0435002926682,"8.1":0.449225510409},"op_mob":{"10":0,"11":0,"11.1":0,"11.5":0,"12":0.00325146478873,"12.1":0.0097543943662,"0":null},"ie":{"5.5":null,"6":0.428582,"7":0.782628,"8":8.171009,"9":6.233073,"10":2.282665,"11":7.248626,"0":null},"ie_mob":{"10":0.116884066667,"11":0.192514933333},"bb":{"7":0.021856,"10":null},"and_uc":{"0":0.902243},"op_mini":{"5.0-8.0":1.25669114085},"and_chr":{"0":0.768375},"and_ff":{"0":0.041663}},"total":98.444327}