{"id":"TM","name":"Turkmenistan","month":"2015-01","access_date":"2015-02-01","data":{"chrome":{"4":0.034694,"5":0.03154,"6":0.012616,"7":null,"8":0.217626,"9":0.14193,"10":0.006308,"11":0.36271,"12":0.104082,"13":0.01577,"14":0.03154,"15":0.037848,"16":0.050464,"17":0.100928,"18":0.037848,"19":0.009462,"20":0.06308,"21":0.012616,"22":0.09462,"23":0.025232,"24":0.018924,"25":0.009462,"26":0.022078,"27":0.012616,"28":0.182932,"29":0.012616,"30":0.26809,"31":0.277552,"32":0.11039,"33":0.18924,"34":0.069388,"35":0.097774,"36":0.123006,"37":0.164008,"38":0.097774,"39":10.294656,"40":3.12246,"41":0.041002,"42":null,"43":null},"firefox":{"2":0.050464,"3":0.018924,"3.5":0.009462,"3.6":0.145084,"4":0.022078,"5":0.025232,"6":0.003154,"7":0.003154,"8":0.022078,"9":0.018924,"10":0.003154,"11":null,"12":0.041002,"13":0.012616,"14":0.025232,"15":0.097774,"16":0.034694,"17":0.018924,"18":0.012616,"19":0.028386,"20":0.003154,"21":0.119852,"22":0.018924,"23":0.01577,"24":0.06308,"25":0.022078,"26":0.012616,"27":0.025232,"28":0.009462,"29":0.041002,"30":0.072542,"31":0.044156,"32":0.082004,"33":0.132468,"34":1.558076,"35":0.861042,"36":0.01577,"37":null,"38":null},"opera":{"9":null,"9.5-9.6":0.034694,"10.0-10.1":0.037848,"10.5":0.012616,"10.6":0.034694,"11":0.091466,"11.1":0.034694,"11.5":0.075696,"11.6":0.06308,"12":0.104082,"12.1":3.387396,"15":0.044156,"16":0.006308,"17":0.009462,"18":0.022078,"19":0.018924,"20":0.056772,"21":0.050464,"22":0.006308,"23":0.034694,"24":0.025232,"25":0.044156,"26":0.119852,"27":0.012616,"28":null,"29":null},"safari":{"3.1":null,"3.2":null,"4":0,"5":0.012616,"5.1":0.069388,"6":0.082004,"6.1":0.006308,"7":0.066234,"7.1":0.028386,"8":0.123006},"android":{"2.1":0,"2.2":0,"2.3":0.453373187064,"3":0,"4":0.92608456694,"4.1":2.88568810534,"4.2-4.3":4.72711379877,"4.4":8.44434419507,"4.4.3-4.4.4":3.49161814682,"37":0},"ios_saf":{"3.2":0,"4.0-4.1":0,"4.2-4.3":0,"5.0-5.1":0.0748811803279,"6.0-6.1":0.239094295082,"7.0-7.1":3.41826019672,"8":0.823692983607,"8.1":8.50623934426},"op_mob":{"10":0,"11":0,"11.1":0,"11.5":0,"12":0.00269983098592,"12.1":0.00809949295775,"0":null},"ie":{"5.5":null,"6":0.0126824,"7":0.0602414,"8":1.7533418,"9":0.7102144,"10":1.2428752,"11":1.617006,"0":null},"ie_mob":{"10":0.465528,"11":0.766752},"bb":{"7":0.0119805,"10":null},"and_uc":{"0":3.909066},"op_mini":{"5.0-8.0":1.04348467606},"and_chr":{"0":21.551914},"and_ff":{"0":0.13692}},"total":92.1934877}