{"id":"TN","name":"Tunisia","month":"2015-01","access_date":"2015-02-01","data":{"chrome":{"4":0.058387,"5":0.058387,"6":0.058387,"7":0.08341,"8":0.091751,"9":0.050046,"10":0.158479,"11":0.208525,"12":0.116774,"13":0.125115,"14":0.075069,"15":0.125115,"16":0.058387,"17":0.016682,"18":0.066728,"19":0.016682,"20":0.016682,"21":0.058387,"22":0.050046,"23":0.091751,"24":0.041705,"25":0.050046,"26":0.116774,"27":0.116774,"28":0.091751,"29":0.150138,"30":0.275253,"31":0.392027,"32":0.241889,"33":0.75069,"34":0.433732,"35":0.658939,"36":1.551426,"37":1.075989,"38":1.267832,"39":38.743945,"40":12.770071,"41":0.350322,"42":0.025023,"43":null},"firefox":{"2":0.016682,"3":0.141797,"3.5":0.050046,"3.6":0.16682,"4":0.041705,"5":0.016682,"6":null,"7":0.016682,"8":0.016682,"9":0.033364,"10":0.025023,"11":0.033364,"12":0.116774,"13":0.025023,"14":0.041705,"15":0.050046,"16":0.050046,"17":0.033364,"18":0.033364,"19":0.033364,"20":0.025023,"21":0.08341,"22":0.016682,"23":0.016682,"24":0.025023,"25":0.025023,"26":0.041705,"27":0.033364,"28":0.025023,"29":0.066728,"30":0.133456,"31":0.308617,"32":0.25023,"33":0.300276,"34":5.538424,"35":5.204784,"36":0.125115,"37":0.008341,"38":null},"opera":{"9":null,"9.5-9.6":null,"10.0-10.1":0,"10.5":null,"10.6":null,"11":null,"11.1":null,"11.5":null,"11.6":null,"12":null,"12.1":0.091751,"15":0.008341,"16":null,"17":null,"18":0.008341,"19":0.008341,"20":0.025023,"21":null,"22":0.008341,"23":null,"24":0.016682,"25":0.016682,"26":1.009261,"27":0.183502,"28":null,"29":null},"safari":{"3.1":null,"3.2":null,"4":0.050046,"5":0.050046,"5.1":0.16682,"6":0.033364,"6.1":0.041705,"7":0.133456,"7.1":0.133456,"8":0.158479},"android":{"2.1":0,"2.2":0,"2.3":0.111627535318,"3":0,"4":0.228016434702,"4.1":0.710501326694,"4.2-4.3":1.16388899384,"4.4":2.07912897536,"4.4.3-4.4.4":0.859690734086,"37":0},"ios_saf":{"3.2":0,"4.0-4.1":0,"4.2-4.3":0,"5.0-5.1":0.0118215638137,"6.0-6.1":0.0377460458614,"7.0-7.1":0.539644018304,"8":0.130037201951,"8.1":1.34288817007},"op_mob":{"10":0,"11":0,"11.1":0,"11.5":0,"12":0.00331375160051,"12.1":0.00994125480154,"0":null},"ie":{"5.5":null,"6":0.0732112884903,"7":0.173876810164,"8":2.29700417638,"9":0.92429251719,"10":0.603993130045,"11":2.04991607773,"0":null},"ie_mob":{"10":0.179872466667,"11":0.296260533333},"bb":{"7":0.03442425,"10":null},"and_uc":{"0":0.459543},"op_mini":{"5.0-8.0":1.2807649936},"and_chr":{"0":5.237966},"and_ff":{"0":0.109494}},"total":96.95205725}