{"id":"TO","name":"Tonga","month":"2015-01","access_date":"2015-02-01","data":{"chrome":{"4":0.015402,"5":null,"6":null,"7":null,"8":null,"9":null,"10":0.015402,"11":0.046206,"12":0.007701,"13":null,"14":null,"15":0.015402,"16":null,"17":0.007701,"18":0.030804,"19":0.023103,"20":0.254133,"21":null,"22":null,"23":null,"24":0.046206,"25":0.053907,"26":0.023103,"27":0.015402,"28":0.023103,"29":0.061608,"30":2.787762,"31":0.793203,"32":0.346545,"33":0.038505,"34":0.30804,"35":0.200226,"36":1.956054,"37":0.446658,"38":0.23103,"39":15.78705,"40":5.675637,"41":0.562173,"42":0.015402,"43":null},"firefox":{"2":null,"3":0.046206,"3.5":0.061608,"3.6":0.084711,"4":0.138618,"5":0.015402,"6":0.084711,"7":0.046206,"8":null,"9":null,"10":null,"11":0.015402,"12":0.138618,"13":0.038505,"14":0.023103,"15":0.053907,"16":0.100113,"17":0.07701,"18":0.038505,"19":0.015402,"20":null,"21":0.069309,"22":0.007701,"23":0.023103,"24":0.038505,"25":0.23103,"26":0.046206,"27":0.061608,"28":0.023103,"29":0.100113,"30":0.177123,"31":0.07701,"32":0.284937,"33":0.61608,"34":10.034403,"35":13.284225,"36":4.258653,"37":null,"38":0.007701},"opera":{"9":null,"9.5-9.6":null,"10.0-10.1":0,"10.5":null,"10.6":null,"11":null,"11.1":null,"11.5":0.015402,"11.6":0.046206,"12":null,"12.1":0.053907,"15":null,"16":null,"17":null,"18":null,"19":null,"20":null,"21":null,"22":null,"23":null,"24":null,"25":0.07701,"26":0.477462,"27":0.146319,"28":null,"29":null},"safari":{"3.1":null,"3.2":null,"4":0.084711,"5":0.053907,"5.1":0.38505,"6":0.654585,"6.1":0.38505,"7":0.284937,"7.1":0.361947,"8":0.269535},"android":{"2.1":0,"2.2":0,"2.3":0.167639586653,"3":0,"4":0.342429677002,"4.1":1.06701405154,"4.2-4.3":1.74790090349,"4.4":3.12238661396,"4.4.3-4.4.4":1.29106316735,"37":0},"ios_saf":{"3.2":0,"4.0-4.1":0,"4.2-4.3":0,"5.0-5.1":0.019729595796,"6.0-6.1":0.0629962532435,"7.0-7.1":0.900638741426,"8":0.217025553756,"8.1":2.24121285578},"op_mob":{"10":0,"11":0,"11.1":0,"11.5":0,"12":0.00213709859155,"12.1":0.00641129577465,"0":null},"ie":{"5.5":null,"6":0.0155233490909,"7":0.232850236364,"8":1.83175519273,"9":1.38157806909,"10":2.17326887273,"11":7.17178728,"0":null},"ie_mob":{"10":0.866774088889,"11":1.42762791111},"bb":{"7":0.0034485,"10":null},"and_uc":{"0":1.282842},"op_mini":{"5.0-8.0":0.825988605634},"and_chr":{"0":5.123076},"and_ff":{"0":0.034485}},"total":96.9619235}