{"id":"TR","name":"Turkey","month":"2015-01","access_date":"2015-02-01","data":{"chrome":{"4":0.03351,"5":null,"6":0.013404,"7":null,"8":0.013404,"9":0.006702,"10":0.026808,"11":0.120636,"12":0.06702,"13":0.060318,"14":0.03351,"15":0.080424,"16":0.026808,"17":0.013404,"18":0.046914,"19":null,"20":null,"21":0.013404,"22":0.23457,"23":0.040212,"24":0.026808,"25":0.040212,"26":0.107232,"27":0.060318,"28":0.06702,"29":0.060318,"30":0.221166,"31":0.26808,"32":0.16755,"33":0.274782,"34":0.341802,"35":0.958386,"36":0.70371,"37":0.831048,"38":1.266678,"39":30.916326,"40":10.233954,"41":0.093828,"42":0.013404,"43":null},"firefox":{"2":null,"3":0.006702,"3.5":null,"3.6":0.020106,"4":0.006702,"5":null,"6":0.006702,"7":null,"8":null,"9":0.006702,"10":0.006702,"11":0.006702,"12":0.020106,"13":null,"14":0.006702,"15":0.013404,"16":0.013404,"17":0.013404,"18":0.013404,"19":0.013404,"20":0.013404,"21":0.013404,"22":0.013404,"23":0.013404,"24":0.013404,"25":0.013404,"26":0.020106,"27":0.020106,"28":0.020106,"29":0.03351,"30":0.060318,"31":0.113934,"32":0.127338,"33":0.127338,"34":2.003898,"35":1.829646,"36":0.026808,"37":null,"38":null},"opera":{"9":null,"9.5-9.6":null,"10.0-10.1":0,"10.5":null,"10.6":null,"11":null,"11.1":null,"11.5":null,"11.6":null,"12":0.006702,"12.1":0.040212,"15":null,"16":null,"17":null,"18":null,"19":null,"20":0.006702,"21":null,"22":null,"23":null,"24":null,"25":0.006702,"26":0.482544,"27":0.087126,"28":null,"29":null},"safari":{"3.1":null,"3.2":null,"4":0.006702,"5":0.013404,"5.1":0.040212,"6":0.013404,"6.1":0.026808,"7":0.046914,"7.1":0.06702,"8":0.16755},"android":{"2.1":0,"2.2":0,"2.3":0.239127686448,"3":0,"4":0.488455132033,"4.1":1.52203072464,"4.2-4.3":2.49327445585,"4.4":4.45389482341,"4.4.3-4.4.4":1.84162317762,"37":0},"ios_saf":{"3.2":0,"4.0-4.1":0,"4.2-4.3":0,"5.0-5.1":0.0257315645178,"6.0-6.1":0.0821604340742,"7.0-7.1":1.17462334869,"8":0.283047209695,"8.1":2.92301544303},"op_mob":{"10":0,"11":0,"11.1":0,"11.5":0,"12":0.00238165428937,"12.1":0.00714496286812,"0":null},"ie":{"5.5":null,"6":0.0269331978984,"7":0.114466091068,"8":2.22198882662,"9":1.25239370228,"10":1.42745948862,"11":6.47743409457,"0":null},"ie_mob":{"10":0.361314222222,"11":0.595105777778},"bb":{"7":0.01649,"10":null},"and_uc":{"0":0.092344},"op_mini":{"5.0-8.0":0.920509382843},"and_chr":{"0":14.675876},"and_ff":{"0":0.06596}},"total":96.8981354011}