{"id":"TT","name":"Trinidad and Tobago","month":"2015-01","access_date":"2015-02-01","data":{"chrome":{"4":null,"5":null,"6":null,"7":null,"8":null,"9":null,"10":0.007977,"11":0.071793,"12":0.015954,"13":null,"14":null,"15":0.015954,"16":null,"17":null,"18":0.055839,"19":0.015954,"20":0.023931,"21":0.007977,"22":0.263241,"23":null,"24":0.015954,"25":0.015954,"26":0.071793,"27":0.103701,"28":0.095724,"29":0.047862,"30":0.071793,"31":0.311103,"32":0.23931,"33":0.422781,"34":0.31908,"35":0.678045,"36":1.67517,"37":0.590298,"38":0.997125,"39":33.479469,"40":8.69493,"41":0.622206,"42":0.039885,"43":null},"firefox":{"2":null,"3":0.007977,"3.5":null,"3.6":0.039885,"4":null,"5":null,"6":null,"7":null,"8":0.023931,"9":0.007977,"10":0.023931,"11":0.031908,"12":0.023931,"13":0.031908,"14":0.007977,"15":0.023931,"16":0.031908,"17":0.023931,"18":0.023931,"19":null,"20":0.023931,"21":null,"22":null,"23":0.015954,"24":0.007977,"25":0.007977,"26":0.031908,"27":0.007977,"28":0.015954,"29":0.039885,"30":0.071793,"31":0.087747,"32":0.087747,"33":0.175494,"34":5.42436,"35":4.913832,"36":0.287172,"37":0.007977,"38":null},"opera":{"9":null,"9.5-9.6":null,"10.0-10.1":0,"10.5":null,"10.6":null,"11":null,"11.1":null,"11.5":null,"11.6":0.007977,"12":null,"12.1":0.127632,"15":null,"16":null,"17":null,"18":null,"19":null,"20":null,"21":null,"22":null,"23":null,"24":null,"25":null,"26":0.622206,"27":0.127632,"28":null,"29":null},"safari":{"3.1":null,"3.2":null,"4":0.063816,"5":0.103701,"5.1":0.327057,"6":0.047862,"6.1":0.191448,"7":0.207402,"7.1":0.47862,"8":1.068918},"android":{"2.1":0,"2.2":0,"2.3":0.159215292505,"3":0,"4":0.325221758624,"4.1":1.01339401817,"4.2-4.3":1.66006466119,"4.4":2.96547914476,"4.4.3-4.4.4":1.22618412474,"37":0},"ios_saf":{"3.2":0,"4.0-4.1":0,"4.2-4.3":0,"5.0-5.1":0.0163752521372,"6.0-6.1":0.0522858927889,"7.0-7.1":0.747515895806,"8":0.180127773509,"8.1":1.86017118576},"op_mob":{"10":0,"11":0,"11.1":0,"11.5":0,"12":0.000388540332907,"12.1":0.00116562099872,"0":null},"ie":{"5.5":null,"6":0.0159895520891,"7":0.0719529844011,"8":1.26317461504,"9":1.20721118273,"10":1.98270445905,"11":9.80959020669,"0":null},"ie_mob":{"10":0.3851792,"11":0.6344128},"bb":{"7":0.137564,"10":null},"and_uc":{"0":0.180047},"op_mini":{"5.0-8.0":0.150170838668},"and_chr":{"0":8.575675},"and_ff":{"0":0.159817}},"total":98.636963}