{"id":"TW","name":"Taiwan","month":"2015-01","access_date":"2015-02-01","data":{"chrome":{"4":null,"5":null,"6":null,"7":null,"8":null,"9":null,"10":null,"11":0.59278,"12":null,"13":null,"14":null,"15":null,"16":null,"17":0.00554,"18":0.0277,"19":null,"20":0.00554,"21":0.01662,"22":0.02216,"23":0.01662,"24":0.01662,"25":0.02216,"26":0.03878,"27":0.07756,"28":0.0554,"29":0.06648,"30":0.09972,"31":0.45982,"32":0.12188,"33":0.26038,"34":0.2493,"35":0.39888,"36":0.4709,"37":0.5817,"38":0.78668,"39":19.17394,"40":5.39596,"41":0.1108,"42":0.02216,"43":null},"firefox":{"2":null,"3":0.02216,"3.5":null,"3.6":0.01108,"4":null,"5":null,"6":null,"7":null,"8":null,"9":null,"10":null,"11":0.01108,"12":0.01662,"13":null,"14":null,"15":null,"16":0.01108,"17":0.00554,"18":0.00554,"19":0.00554,"20":0.00554,"21":0.00554,"22":0.01108,"23":0.01108,"24":0.01108,"25":0.01108,"26":0.01108,"27":0.01108,"28":0.02216,"29":0.0554,"30":0.0277,"31":0.15512,"32":0.12742,"33":0.10526,"34":2.3545,"35":1.89468,"36":0.02216,"37":null,"38":null},"opera":{"9":null,"9.5-9.6":null,"10.0-10.1":0,"10.5":null,"10.6":null,"11":null,"11.1":null,"11.5":null,"11.6":null,"12":null,"12.1":0.03878,"15":null,"16":null,"17":null,"18":null,"19":null,"20":null,"21":null,"22":null,"23":null,"24":null,"25":0.00554,"26":0.12188,"27":0.02216,"28":null,"29":null},"safari":{"3.1":null,"3.2":null,"4":0.03324,"5":0.03878,"5.1":0.09418,"6":0.03324,"6.1":0.07202,"7":0.18836,"7.1":0.24376,"8":0.55954},"android":{"2.1":0,"2.2":0,"2.3":0.363767032854,"3":0,"4":0.743050195072,"4.1":2.3153513039,"4.2-4.3":3.79283162218,"4.4":6.77537648871,"4.4.3-4.4.4":2.80152335729,"37":0},"ios_saf":{"3.2":0,"4.0-4.1":0,"4.2-4.3":0,"5.0-5.1":0.0364340239364,"6.0-6.1":0.116333199236,"7.0-7.1":1.66318123303,"8":0.400774263301,"8.1":4.1387772805},"op_mob":{"10":0,"11":0,"11.1":0,"11.5":0,"12":0.000205582586428,"12.1":0.000616747759283,"0":null},"ie":{"5.5":null,"6":0.233056274316,"7":0.142107484339,"8":5.1386066337,"9":1.54044513023,"10":1.22780866469,"11":8.95845581273,"0":null},"ie_mob":{"10":0.0791897777778,"11":0.130430222222},"bb":{"7":0.001115,"10":null},"and_uc":{"0":0.1115},"op_mini":{"5.0-8.0":0.0794576696543},"and_chr":{"0":22.97176},"and_ff":{"0":0.14718}},"total":99.387495}