{"id":"TZ","name":"Tanzania","month":"2015-01","access_date":"2015-02-01","data":{"chrome":{"4":0.009515,"5":0.003806,"6":0.005709,"7":0.001903,"8":0.001903,"9":0.01903,"10":0.013321,"11":0.043769,"12":0.020933,"13":0.009515,"14":0.001903,"15":0.007612,"16":0.017127,"17":null,"18":0.009515,"19":null,"20":0.007612,"21":0.049478,"22":0.003806,"23":0.005709,"24":0.003806,"25":0.017127,"26":0.017127,"27":0.005709,"28":0.022836,"29":0.009515,"30":0.009515,"31":0.047575,"32":0.009515,"33":0.083732,"34":0.020933,"35":0.036157,"36":0.293062,"37":0.072314,"38":0.058993,"39":3.630924,"40":1.044747,"41":0.089441,"42":0.005709,"43":null},"firefox":{"2":0.005709,"3":0.024739,"3.5":0.007612,"3.6":0.049478,"4":0.05709,"5":0.028545,"6":0.028545,"7":0.028545,"8":0.045672,"9":0.045672,"10":0.041866,"11":0.097053,"12":0.119889,"13":0.089441,"14":0.07612,"15":0.064702,"16":0.078023,"17":0.036157,"18":0.03806,"19":0.043769,"20":0.055187,"21":0.051381,"22":0.024739,"23":0.049478,"24":0.030448,"25":0.028545,"26":0.030448,"27":0.034254,"28":0.049478,"29":0.137016,"30":0.203621,"31":0.144628,"32":0.142725,"33":0.329219,"34":3.06383,"35":2.563341,"36":0.275935,"37":0.009515,"38":0.001903},"opera":{"9":null,"9.5-9.6":0.003806,"10.0-10.1":0.007612,"10.5":null,"10.6":0.007612,"11":0.007612,"11.1":0.003806,"11.5":0.009515,"11.6":0.017127,"12":0.011418,"12.1":0.097053,"15":0.017127,"16":0.007612,"17":0.009515,"18":0.009515,"19":0.005709,"20":0.007612,"21":0.013321,"22":0.007612,"23":0.003806,"24":0.003806,"25":0.022836,"26":0.584221,"27":0.070411,"28":null,"29":null},"safari":{"3.1":null,"3.2":null,"4":0.011418,"5":0.028545,"5.1":0.091344,"6":0.03806,"6.1":0.036157,"7":0.058993,"7.1":0.079926,"8":0.129404},"android":{"2.1":0,"2.2":0,"2.3":0.250306202156,"3":0,"4":0.511288972177,"4.1":1.59318118244,"4.2-4.3":2.60982770021,"4.4":4.66210130082,"4.4.3-4.4.4":1.9277136422,"37":0},"ios_saf":{"3.2":0,"4.0-4.1":0,"4.2-4.3":0,"5.0-5.1":0.00566293251534,"6.0-6.1":0.0180816441718,"7.0-7.1":0.25850790184,"8":0.0622922576687,"8.1":0.643289263804},"op_mob":{"10":0,"11":0,"11.1":0,"11.5":0,"12":0.128328637644,"12.1":0.384985912932,"0":null},"ie":{"5.5":null,"6":0.0307861024059,"7":0.0269378396052,"8":0.815831713757,"9":0.284771447255,"10":0.411764119679,"11":1.5354568575,"0":null},"ie_mob":{"10":0.3578874,"11":0.5894616},"bb":{"7":0.040485,"10":null},"and_uc":{"0":5.854131},"op_mini":{"5.0-8.0":49.5990184494},"and_chr":{"0":4.2588},"and_ff":{"0":0.299589}},"total":92.5062800802}