{"id":"UG","name":"Uganda","month":"2015-01","access_date":"2015-02-01","data":{"chrome":{"4":null,"5":0.03429,"6":null,"7":0.00762,"8":0.01524,"9":0.00381,"10":0.00762,"11":0.05715,"12":0.01143,"13":0.00762,"14":0.00762,"15":null,"16":null,"17":null,"18":0.02667,"19":0.02667,"20":0.01143,"21":0.01524,"22":0.02286,"23":0.00762,"24":0.01524,"25":0.03429,"26":0.02667,"27":0.02667,"28":0.03429,"29":0.02667,"30":0.01524,"31":0.10287,"32":0.01905,"33":0.11811,"34":0.06858,"35":0.09906,"36":0.33909,"37":0.22098,"38":0.1905,"39":7.77621,"40":1.99644,"41":0.1524,"42":0.00762,"43":null},"firefox":{"2":0.00762,"3":0.0381,"3.5":0.03048,"3.6":0.16002,"4":0.09906,"5":0.07239,"6":0.04953,"7":0.06096,"8":0.08382,"9":0.13335,"10":0.08001,"11":0.1524,"12":0.2667,"13":0.24384,"14":0.1524,"15":0.13716,"16":0.16002,"17":0.13335,"18":0.0762,"19":0.13716,"20":0.17526,"21":0.18288,"22":0.06858,"23":0.09144,"24":0.14859,"25":0.10668,"26":0.11049,"27":0.14859,"28":0.12192,"29":0.35814,"30":0.59436,"31":0.46863,"32":0.47244,"33":1.01727,"34":6.99897,"35":5.98932,"36":0.64008,"37":0.01905,"38":0.00762},"opera":{"9":null,"9.5-9.6":0.00381,"10.0-10.1":0.01143,"10.5":null,"10.6":null,"11":0.00381,"11.1":0.00762,"11.5":0.02286,"11.6":0.03048,"12":0.01905,"12.1":0.08001,"15":null,"16":0.01905,"17":0.00762,"18":0.01143,"19":0.00762,"20":0.01905,"21":0.00762,"22":0.01143,"23":null,"24":0.01905,"25":0.02286,"26":0.48768,"27":0.06477,"28":null,"29":null},"safari":{"3.1":null,"3.2":null,"4":0.00762,"5":0.06477,"5.1":0.11811,"6":0.05334,"6.1":0.05334,"7":0.14097,"7.1":0.09525,"8":0.15621},"android":{"2.1":0,"2.2":0,"2.3":0.132218145791,"3":0,"4":0.270075928131,"4.1":0.841559098563,"4.2-4.3":1.37857782341,"4.4":2.46264129363,"4.4.3-4.4.4":1.01826771047,"37":0},"ios_saf":{"3.2":0,"4.0-4.1":0,"4.2-4.3":0,"5.0-5.1":0.00656477421301,"6.0-6.1":0.0209612088907,"7.0-7.1":0.29967618425,"8":0.0722125163432,"8.1":0.745735316303},"op_mob":{"10":0,"11":0,"11.1":0,"11.5":0,"12":0.102765096031,"12.1":0.308295288092,"0":null},"ie":{"5.5":null,"6":0.0803545736434,"7":0.0306112661499,"8":1.07904713178,"9":0.497433074935,"10":0.730843979328,"11":1.97825307494,"0":null},"ie_mob":{"10":0.516796222222,"11":0.851193777778},"bb":{"7":0.046425,"10":null},"and_uc":{"0":4.14111},"op_mini":{"5.0-8.0":39.7187096159},"and_chr":{"0":3.57833},"and_ff":{"0":0.23522}},"total":94.2184881008}