{"id":"US","name":"United States of America","month":"2015-01","access_date":"2015-02-01","data":{"chrome":{"4":0.014062,"5":0.014062,"6":null,"7":null,"8":null,"9":0.007031,"10":0.042186,"11":0.091403,"12":0.028124,"13":0.028124,"14":0.028124,"15":0.014062,"16":0.007031,"17":null,"18":0.035155,"19":null,"20":0.007031,"21":0.21093,"22":0.028124,"23":0.014062,"24":0.021093,"25":0.014062,"26":0.021093,"27":0.098434,"28":0.07031,"29":0.091403,"30":0.042186,"31":0.253116,"32":0.098434,"33":0.147651,"34":0.203899,"35":0.42186,"36":1.385107,"37":1.455417,"38":0.604666,"39":17.408756,"40":4.759987,"41":0.161713,"42":0.035155,"43":null},"firefox":{"2":0.007031,"3":0.035155,"3.5":0.007031,"3.6":0.14062,"4":0.014062,"5":null,"6":0.063279,"7":null,"8":null,"9":0.007031,"10":0.014062,"11":0.021093,"12":0.028124,"13":0.014062,"14":0.014062,"15":0.014062,"16":0.042186,"17":0.028124,"18":0.014062,"19":0.014062,"20":0.021093,"21":0.035155,"22":0.035155,"23":0.028124,"24":0.098434,"25":0.021093,"26":0.049217,"27":0.288271,"28":0.049217,"29":0.063279,"30":0.077341,"31":0.696069,"32":0.414829,"33":0.260147,"34":4.872483,"35":4.021732,"36":0.049217,"37":null,"38":null},"opera":{"9":null,"9.5-9.6":null,"10.0-10.1":0.035155,"10.5":null,"10.6":null,"11":null,"11.1":null,"11.5":null,"11.6":null,"12":null,"12.1":0.07031,"15":null,"16":null,"17":null,"18":null,"19":null,"20":null,"21":null,"22":null,"23":null,"24":null,"25":null,"26":0.147651,"27":0.021093,"28":null,"29":null},"safari":{"3.1":null,"3.2":null,"4":0.098434,"5":0.217961,"5.1":0.77341,"6":0.154682,"6.1":0.576542,"7":0.787472,"7.1":1.216363,"8":2.271013},"android":{"2.1":0,"2.2":0,"2.3":0.0715861259754,"3":0,"4":0.146225688604,"4.1":0.455640602772,"4.2-4.3":0.746395626283,"4.4":1.33333400513,"4.4.3-4.4.4":0.551314951232,"37":0},"ios_saf":{"3.2":0,"4.0-4.1":0,"4.2-4.3":0,"5.0-5.1":0.0847952133159,"6.0-6.1":0.270749628482,"7.0-7.1":3.8708271061,"8":0.932747346475,"8.1":9.63243870562},"op_mob":{"10":0,"11":0,"11.1":0,"11.5":0,"12":0.000311725992318,"12.1":0.000935177976953,"0":null},"ie":{"5.5":null,"6":0.114872676056,"7":0.280002147887,"8":4.63798429577,"9":3.13745996479,"10":2.31899214789,"11":12.9518942254,"0":null},"ie_mob":{"10":0.183946044444,"11":0.302969955556},"bb":{"7":0.050473,"10":null},"and_uc":{"0":0.249396},"op_mini":{"5.0-8.0":0.120482096031},"and_chr":{"0":10.506949},"and_ff":{"0":0.127667}},"total":98.8732934577}