{"id":"UY","name":"Uruguay","month":"2015-01","access_date":"2015-02-01","data":{"chrome":{"4":0.01641,"5":0.172305,"6":null,"7":0.008205,"8":null,"9":null,"10":null,"11":0.090255,"12":0.01641,"13":0.01641,"14":null,"15":0.01641,"16":null,"17":null,"18":0.09846,"19":0.008205,"20":0.008205,"21":0.03282,"22":0.04923,"23":0.01641,"24":0.01641,"25":0.03282,"26":0.090255,"27":0.1641,"28":0.03282,"29":0.041025,"30":0.03282,"31":0.31179,"32":0.172305,"33":0.3282,"34":0.418455,"35":0.86973,"36":0.83691,"37":1.05024,"38":1.49331,"39":35.72457,"40":10.20702,"41":0.1641,"42":0.01641,"43":null},"firefox":{"2":0.008205,"3":0.18051,"3.5":0.03282,"3.6":0.37743,"4":0.008205,"5":0.008205,"6":null,"7":0.008205,"8":null,"9":null,"10":0.024615,"11":0.024615,"12":0.221535,"13":0.008205,"14":0.03282,"15":0.01641,"16":0.467685,"17":0.36102,"18":0.008205,"19":0.01641,"20":0.106665,"21":0.01641,"22":0.01641,"23":0.024615,"24":0.057435,"25":1.09947,"26":0.03282,"27":0.763065,"28":0.057435,"29":0.057435,"30":0.090255,"31":0.221535,"32":0.155895,"33":0.237945,"34":6.25221,"35":5.210175,"36":0.03282,"37":0.008205,"38":null},"opera":{"9":null,"9.5-9.6":null,"10.0-10.1":0,"10.5":null,"10.6":null,"11":null,"11.1":null,"11.5":null,"11.6":null,"12":null,"12.1":0.090255,"15":null,"16":null,"17":null,"18":null,"19":null,"20":0.01641,"21":null,"22":null,"23":null,"24":null,"25":0.008205,"26":0.63999,"27":0.123075,"28":null,"29":null},"safari":{"3.1":null,"3.2":null,"4":0.01641,"5":0.04923,"5.1":0.09846,"6":0.03282,"6.1":0.08205,"7":0.09846,"7.1":0.24615,"8":0.44307},"android":{"2.1":0,"2.2":0,"2.3":0.0984970313142,"3":0,"4":0.201195357803,"4.1":0.626926602156,"4.2-4.3":1.02698326489,"4.4":1.83456555955,"4.4.3-4.4.4":0.758567184292,"37":0},"ios_saf":{"3.2":0,"4.0-4.1":0,"4.2-4.3":0,"5.0-5.1":0.0111648169567,"6.0-6.1":0.0356490646686,"7.0-7.1":0.509664100372,"8":0.122812986523,"8.1":1.26828403148},"op_mob":{"10":0,"11":0,"11.1":0,"11.5":0,"12":0.00161802816901,"12.1":0.00485408450704,"0":null},"ie":{"5.5":null,"6":0.142523888889,"7":0.0922213398693,"8":1.71028666667,"9":0.687468169935,"10":0.897062124183,"11":4.16672781046,"0":null},"ie_mob":{"10":0.879510111111,"11":1.44860488889},"bb":{"7":0.05699125,"10":null},"and_uc":{"0":0.13283},"op_mini":{"5.0-8.0":0.625367887324},"and_chr":{"0":7.74305},"and_ff":{"0":0.2513}},"total":96.07823625}