{"id":"UZ","name":"Uzbekistan","month":"2015-01","access_date":"2015-02-01","data":{"chrome":{"4":0.044495,"5":0.076855,"6":0.07281,"7":0.03236,"8":0.125395,"9":0.004045,"10":0.036405,"11":0.076855,"12":0.351915,"13":0.02427,"14":0.03236,"15":0.109215,"16":0.262925,"17":0.20225,"18":0.15371,"19":0.012135,"20":0.028315,"21":0.020225,"22":0.02427,"23":0.04045,"24":0.05663,"25":0.02427,"26":0.04045,"27":0.11326,"28":0.23461,"29":0.04854,"30":0.068765,"31":0.246745,"32":0.16989,"33":0.141575,"34":0.0809,"35":0.21843,"36":0.14562,"37":0.19416,"38":0.246745,"39":13.23524,"40":3.773985,"41":0.05663,"42":0.00809,"43":null},"firefox":{"2":0.00809,"3":0.01618,"3.5":0.012135,"3.6":0.149665,"4":0.012135,"5":0.03236,"6":0.012135,"7":0.012135,"8":0.00809,"9":0.12135,"10":0.01618,"11":0.020225,"12":0.07281,"13":0.076855,"14":0.020225,"15":0.012135,"16":0.044495,"17":0.03236,"18":0.012135,"19":0.01618,"20":0.036405,"21":0.0809,"22":0.068765,"23":0.01618,"24":0.04854,"25":0.036405,"26":0.07281,"27":0.03236,"28":0.036405,"29":0.09708,"30":0.17798,"31":0.149665,"32":0.12944,"33":0.30742,"34":2.28138,"35":1.808115,"36":0.02427,"37":null,"38":null},"opera":{"9":null,"9.5-9.6":0.03236,"10.0-10.1":0.04854,"10.5":0.052585,"10.6":0.03236,"11":0.084945,"11.1":0.09708,"11.5":0.05663,"11.6":0.238655,"12":0.295285,"12.1":2.479585,"15":0.02427,"16":0.020225,"17":0.08899,"18":0.068765,"19":0.060675,"20":0.09708,"21":0.04045,"22":0.05663,"23":0.068765,"24":0.101125,"25":0.084945,"26":2.649475,"27":0.440905,"28":0.044495,"29":null},"safari":{"3.1":null,"3.2":null,"4":0.00809,"5":0.00809,"5.1":0.052585,"6":0.012135,"6.1":0.012135,"7":0.05663,"7.1":0.101125,"8":0.16989},"android":{"2.1":0,"2.2":0,"2.3":0.142163091376,"3":0,"4":0.290390011294,"4.1":0.904857970226,"4.2-4.3":1.48226919918,"4.4":2.64787179671,"4.4.3-4.4.4":1.09485793121,"37":0},"ios_saf":{"3.2":0,"4.0-4.1":0,"4.2-4.3":0,"5.0-5.1":0.0289490978578,"6.0-6.1":0.092433961581,"7.0-7.1":1.32150092326,"8":0.318440076436,"8.1":3.28851594086},"op_mob":{"10":0,"11":0,"11.1":0,"11.5":0,"12":0.0410673879641,"12.1":0.123202163892,"0":null},"ie":{"5.5":null,"6":0.0749066230366,"7":0.091552539267,"8":1.14440674084,"9":0.403663468586,"10":0.391179031414,"11":1.01956236911,"0":null},"ie_mob":{"10":0.150727666667,"11":0.248257333333},"bb":{"7":0.00744375,"10":null},"and_uc":{"0":16.334565},"op_mini":{"5.0-8.0":15.8725454481},"and_chr":{"0":7.295105},"and_ff":{"0":0.125055}},"total":89.5687795223}