{"id":"VA","name":"Holy See (Vatican City State)","month":"2015-01","access_date":"2015-02-01","data":{"chrome":{"4":null,"5":null,"6":null,"7":null,"8":null,"9":null,"10":null,"11":null,"12":null,"13":null,"14":null,"15":null,"16":null,"17":null,"18":0.125463,"19":null,"20":null,"21":null,"22":0.057906,"23":null,"24":null,"25":null,"26":0.250926,"27":null,"28":0.125463,"29":0.038604,"30":null,"31":0.009651,"32":0.067557,"33":0.077208,"34":0.057906,"35":0.077208,"36":0.530805,"37":0.028953,"38":0.173718,"39":22.795662,"40":7.189995,"41":0.009651,"42":null,"43":null},"firefox":{"2":null,"3":null,"3.5":null,"3.6":0.038604,"4":null,"5":0.357087,"6":null,"7":null,"8":null,"9":null,"10":null,"11":0.009651,"12":null,"13":0.009651,"14":null,"15":0.270228,"16":0.019302,"17":null,"18":null,"19":0.077208,"20":null,"21":null,"22":null,"23":null,"24":null,"25":null,"26":null,"27":null,"28":null,"29":null,"30":0.665919,"31":0.048255,"32":0.057906,"33":0.173718,"34":10.201107,"35":11.909334,"36":0.028953,"37":null,"38":null},"opera":{"9":null,"9.5-9.6":null,"10.0-10.1":0,"10.5":null,"10.6":null,"11":null,"11.1":null,"11.5":null,"11.6":null,"12":null,"12.1":0.086859,"15":null,"16":null,"17":null,"18":null,"19":null,"20":null,"21":null,"22":null,"23":null,"24":null,"25":0.009651,"26":0.28953,"27":0.009651,"28":null,"29":null},"safari":{"3.1":null,"3.2":null,"4":0.086859,"5":0.299181,"5.1":0.77208,"6":0.202671,"6.1":0.019302,"7":2.007408,"7.1":0.550107,"8":1.881945},"android":{"2.1":0,"2.2":0,"2.3":0.0262953225873,"3":0,"4":0.0537122466119,"4.1":0.167367858932,"4.2-4.3":0.274169240246,"4.4":0.489765960986,"4.4.3-4.4.4":0.202511370637,"37":0},"ios_saf":{"3.2":0,"4.0-4.1":0,"4.2-4.3":0,"5.0-5.1":0.00756466187267,"6.0-6.1":0.0241538326461,"7.0-7.1":0.345320178819,"8":0.0832112805994,"8.1":0.859319046063},"op_mob":{"10":0,"11":0,"11.1":0,"11.5":0,"12":6.25608194622e-6,"12.1":1.87682458387e-5,"0":null},"ie":{"5.5":null,"6":0.028953,"7":0.106161,"8":6.890814,"9":2.914602,"10":1.389744,"11":21.676146,"0":null},"ie_mob":{"10":0.00632853333333,"11":0.0104234666667},"bb":{"7":0.00479875,"10":null},"and_uc":{"0":0.019195},"op_mini":{"5.0-8.0":0.00241797567222},"and_chr":{"0":0.91364},"and_ff":{"0":0.072243}},"total":98.26772575}