{"id":"VC","name":"Saint Vincent and the Grenadines","month":"2015-01","access_date":"2015-02-01","data":{"chrome":{"4":null,"5":0.008534,"6":null,"7":null,"8":0.034136,"9":null,"10":null,"11":0.102408,"12":0.017068,"13":null,"14":0.102408,"15":null,"16":0.025602,"17":null,"18":null,"19":null,"20":0.025602,"21":0.017068,"22":0.136544,"23":null,"24":0.034136,"25":null,"26":0.008534,"27":0.110942,"28":0.110942,"29":0.008534,"30":0.025602,"31":0.196282,"32":0.076806,"33":0.358428,"34":0.179214,"35":0.435234,"36":2.00549,"37":0.605914,"38":0.699788,"39":31.268576,"40":18.501712,"41":1.40811,"42":0.08534,"43":null},"firefox":{"2":null,"3":null,"3.5":null,"3.6":0.059738,"4":null,"5":0.008534,"6":0.04267,"7":null,"8":null,"9":null,"10":null,"11":0.068272,"12":0.008534,"13":0.025602,"14":0.964342,"15":0.017068,"16":0.059738,"17":null,"18":null,"19":null,"20":null,"21":null,"22":null,"23":0.068272,"24":null,"25":0.034136,"26":0.051204,"27":0.008534,"28":null,"29":0.04267,"30":0.025602,"31":0.25602,"32":0.21335,"33":0.196282,"34":4.642496,"35":3.951242,"36":0.247486,"37":0.008534,"38":null},"opera":{"9":null,"9.5-9.6":null,"10.0-10.1":0,"10.5":null,"10.6":null,"11":null,"11.1":null,"11.5":null,"11.6":null,"12":null,"12.1":0.238952,"15":null,"16":null,"17":null,"18":null,"19":null,"20":0.025602,"21":null,"22":null,"23":null,"24":null,"25":null,"26":1.297168,"27":0.119476,"28":null,"29":null},"safari":{"3.1":null,"3.2":null,"4":0.008534,"5":0.04267,"5.1":0.443768,"6":0.034136,"6.1":0.273088,"7":0.230418,"7.1":0.264554,"8":0.648584},"android":{"2.1":0,"2.2":0,"2.3":0.120935668172,"3":0,"4":0.247029729774,"4.1":0.769746930595,"4.2-4.3":1.26094061602,"4.4":2.25249846407,"4.4.3-4.4.4":0.931376591376,"37":0},"ios_saf":{"3.2":0,"4.0-4.1":0,"4.2-4.3":0,"5.0-5.1":0.00993365020618,"6.0-6.1":0.0317179708338,"7.0-7.1":0.453462418184,"8":0.109270152268,"8.1":1.12842780851},"op_mob":{"10":0,"11":0,"11.1":0,"11.5":0,"12":0.00106618181818,"12.1":0.00319854545455,"0":null},"ie":{"5.5":null,"6":null,"7":0.025602,"8":0.879002,"9":0.76806,"10":1.988422,"11":9.191118,"0":null},"ie_mob":{"10":0.237589733333,"11":0.391324266667},"bb":{"7":0.2481205,"10":null},"and_uc":{"0":0.3665},"op_mini":{"5.0-8.0":0.412079272727},"and_chr":{"0":5.37062},"and_ff":{"0":0.13194}},"total":98.5462125}