{"id":"VE","name":"Venezuela","month":"2015-01","access_date":"2015-02-01","data":{"chrome":{"4":0.01669,"5":0.01669,"6":0.26704,"7":null,"8":0.03338,"9":0.01669,"10":0.01669,"11":0.10014,"12":0.03338,"13":0.06676,"14":0.008345,"15":0.01669,"16":null,"17":null,"18":0.10014,"19":0.008345,"20":0.108485,"21":0.03338,"22":0.041725,"23":0.025035,"24":0.041725,"25":0.03338,"26":0.058415,"27":0.08345,"28":0.041725,"29":0.06676,"30":0.058415,"31":0.292075,"32":0.158555,"33":0.28373,"34":0.45063,"35":0.926295,"36":1.01809,"37":1.260095,"38":1.41865,"39":34.69851,"40":10.83181,"41":0.141865,"42":0.008345,"43":null},"firefox":{"2":0.075105,"3":0.10014,"3.5":0.03338,"3.6":0.993055,"4":0.03338,"5":0.025035,"6":0.025035,"7":0.01669,"8":1.61893,"9":0.025035,"10":0.03338,"11":0.03338,"12":0.091795,"13":0.041725,"14":0.075105,"15":0.025035,"16":0.05007,"17":0.025035,"18":0.03338,"19":0.03338,"20":0.05007,"21":0.041725,"22":0.03338,"23":0.158555,"24":0.041725,"25":0.05007,"26":0.06676,"27":0.091795,"28":0.06676,"29":0.108485,"30":0.20028,"31":0.26704,"32":0.258695,"33":0.442285,"34":7.769195,"35":6.484065,"36":0.06676,"37":0.008345,"38":null},"opera":{"9":null,"9.5-9.6":null,"10.0-10.1":0,"10.5":null,"10.6":null,"11":null,"11.1":null,"11.5":null,"11.6":null,"12":null,"12.1":0.06676,"15":null,"16":null,"17":null,"18":null,"19":null,"20":null,"21":null,"22":null,"23":null,"24":null,"25":0.008345,"26":0.58415,"27":0.108485,"28":null,"29":null},"safari":{"3.1":null,"3.2":null,"4":0.058415,"5":0.075105,"5.1":0.125175,"6":0.041725,"6.1":0.08345,"7":0.08345,"7.1":0.141865,"8":0.26704},"android":{"2.1":0,"2.2":0,"2.3":0.12946398922,"3":0,"4":0.264450139117,"4.1":0.824029087782,"4.2-4.3":1.34986149897,"4.4":2.41134349589,"4.4.3-4.4.4":0.997056789014,"37":0},"ios_saf":{"3.2":0,"4.0-4.1":0,"4.2-4.3":0,"5.0-5.1":0.0098386196319,"6.0-6.1":0.0314145398773,"7.0-7.1":0.449124355828,"8":0.108224815951,"8.1":1.11763266871},"op_mob":{"10":0,"11":0,"11.1":0,"11.5":0,"12":0.00328880921895,"12.1":0.00986642765685,"0":null},"ie":{"5.5":null,"6":0.0878614537445,"7":0.166936762115,"8":2.14381947137,"9":0.852256101322,"10":0.729250066079,"11":3.99769614537,"0":null},"ie_mob":{"10":0.139424555556,"11":0.229640444444},"bb":{"7":0.2805225,"10":null},"and_uc":{"0":0.167155},"op_mini":{"5.0-8.0":1.27112476312},"and_chr":{"0":6.09747},"and_ff":{"0":0.177085}},"total":98.0659875}