{"id":"VI","name":"Virgin Islands (US)","month":"2015-01","access_date":"2015-02-01","data":{"chrome":{"4":null,"5":null,"6":null,"7":null,"8":null,"9":null,"10":null,"11":0.100867,"12":0.023277,"13":null,"14":null,"15":null,"16":null,"17":null,"18":0.015518,"19":null,"20":0.007759,"21":0.07759,"22":0.007759,"23":0.031036,"24":0.015518,"25":0.007759,"26":null,"27":0.038795,"28":0.046554,"29":0.023277,"30":0.015518,"31":0.085349,"32":0.054313,"33":0.23277,"34":0.193975,"35":0.302601,"36":0.550889,"37":0.193975,"38":0.294842,"39":22.73387,"40":6.548596,"41":0.147421,"42":0.015518,"43":null},"firefox":{"2":null,"3":0.031036,"3.5":0.007759,"3.6":0.023277,"4":null,"5":0.007759,"6":null,"7":null,"8":null,"9":null,"10":0.015518,"11":0.007759,"12":0.015518,"13":0.046554,"14":null,"15":null,"16":0.023277,"17":0.023277,"18":0.007759,"19":null,"20":0.015518,"21":0.038795,"22":0.007759,"23":0.015518,"24":0.015518,"25":null,"26":0.038795,"27":null,"28":0.054313,"29":0.069831,"30":0.07759,"31":0.07759,"32":0.062072,"33":0.201734,"34":6.967582,"35":4.849375,"36":0.038795,"37":null,"38":0.023277},"opera":{"9":null,"9.5-9.6":null,"10.0-10.1":0,"10.5":null,"10.6":null,"11":null,"11.1":null,"11.5":null,"11.6":null,"12":null,"12.1":0.015518,"15":null,"16":null,"17":null,"18":null,"19":null,"20":null,"21":null,"22":null,"23":null,"24":null,"25":null,"26":0.240529,"27":0.038795,"28":null,"29":null},"safari":{"3.1":null,"3.2":null,"4":0.069831,"5":0.225011,"5.1":1.000911,"6":0.147421,"6.1":0.799177,"7":0.69831,"7.1":1.016429,"8":1.885437},"android":{"2.1":0,"2.2":0,"2.3":0.0678206208419,"3":0,"4":0.138534064374,"4.1":0.431673430287,"4.2-4.3":0.707134435318,"4.4":1.26319924127,"4.4.3-4.4.4":0.522315207906,"37":0},"ios_saf":{"3.2":0,"4.0-4.1":0,"4.2-4.3":0,"5.0-5.1":0.0581580407322,"6.0-6.1":0.185697603741,"7.0-7.1":2.6548635436,"8":0.639738448054,"8.1":6.60654936387},"op_mob":{"10":0,"11":0,"11.1":0,"11.5":0,"12":2.86939820743e-5,"12.1":8.60819462228e-5,"0":null},"ie":{"5.5":null,"6":0.0155507285327,"7":0.202159470925,"8":2.27818173004,"9":1.37623947514,"10":1.43844238927,"11":20.4958602061,"0":null},"ie_mob":{"10":0.3665778,"11":0.6037752},"bb":{"7":0.013446,"10":null},"and_uc":{"0":0.080676},"op_mini":{"5.0-8.0":0.0110902240717},"and_chr":{"0":7.554286},"and_ff":{"0":0.121014}},"total":98.499368}