{"id":"VN","name":"Viet Nam","month":"2015-01","access_date":"2015-02-01","data":{"chrome":{"4":null,"5":null,"6":null,"7":null,"8":null,"9":0.007163,"10":0.057304,"11":0.085956,"12":0.064467,"13":0.021489,"14":0.021489,"15":0.035815,"16":0.014326,"17":0.014326,"18":0.021489,"19":0.014326,"20":null,"21":0.042978,"22":0.157586,"23":0.100282,"24":0.042978,"25":0.064467,"26":0.085956,"27":0.107445,"28":0.150423,"29":0.308009,"30":0.136097,"31":0.372476,"32":0.257868,"33":0.308009,"34":0.422617,"35":0.64467,"36":1.009983,"37":1.497067,"38":1.103102,"39":19.812858,"40":6.224647,"41":0.207727,"42":0.014326,"43":null},"firefox":{"2":null,"3":0.14326,"3.5":0.021489,"3.6":0.085956,"4":0.078793,"5":0.057304,"6":0.028652,"7":0.021489,"8":0.014326,"9":0.035815,"10":0.021489,"11":0.035815,"12":0.121771,"13":0.035815,"14":0.035815,"15":0.042978,"16":0.035815,"17":0.050141,"18":0.028652,"19":0.035815,"20":0.035815,"21":0.028652,"22":0.042978,"23":0.028652,"24":0.078793,"25":0.042978,"26":0.050141,"27":0.114608,"28":0.042978,"29":0.078793,"30":0.114608,"31":0.730626,"32":0.594529,"33":0.279357,"34":4.032769,"35":3.50987,"36":0.136097,"37":0.007163,"38":null},"opera":{"9":null,"9.5-9.6":0.021489,"10.0-10.1":0,"10.5":null,"10.6":null,"11":null,"11.1":null,"11.5":null,"11.6":null,"12":null,"12.1":0.050141,"15":null,"16":null,"17":null,"18":null,"19":null,"20":null,"21":null,"22":null,"23":null,"24":0.007163,"25":0.014326,"26":0.329498,"27":0.050141,"28":null,"29":null},"safari":{"3.1":null,"3.2":null,"4":0.186238,"5":0.021489,"5.1":0.050141,"6":0.035815,"6.1":0.035815,"7":0.315172,"7.1":0.107445,"8":0.422617},"android":{"2.1":0,"2.2":0,"2.3":0.120950572485,"3":0,"4":0.247060174127,"4.1":0.769841795483,"4.2-4.3":1.26109601643,"4.4":2.25277606571,"4.4.3-4.4.4":0.93149137577,"37":0},"ios_saf":{"3.2":0,"4.0-4.1":0,"4.2-4.3":0,"5.0-5.1":0.0428708562808,"6.0-6.1":0.136885891984,"7.0-7.1":1.9570169832,"8":0.471579419089,"8.1":4.86997884944},"op_mob":{"10":0,"11":0,"11.1":0,"11.5":0,"12":0.00794069398207,"12.1":0.0238220819462,"0":null},"ie":{"5.5":null,"6":0.0907714621849,"7":0.11800290084,"8":6.68077961681,"9":0.989408937815,"10":1.11648898487,"11":1.80635209748,"0":null},"ie_mob":{"10":1.27860437778,"11":2.10593662222},"bb":{"7":0.0411365,"10":null},"and_uc":{"0":2.479538},"op_mini":{"5.0-8.0":3.06907822407},"and_chr":{"0":5.118134},"and_ff":{"0":0.059577}},"total":84.0049275}