{"id":"VU","name":"Vanuatu","month":"2015-01","access_date":"2015-02-01","data":{"chrome":{"4":null,"5":null,"6":null,"7":null,"8":null,"9":null,"10":0.047754,"11":0.055713,"12":0.167139,"13":null,"14":0.047754,"15":null,"16":null,"17":null,"18":0.374073,"19":0.183057,"20":0.047754,"21":0.779982,"22":0.039795,"23":0.015918,"24":0.103467,"25":0.055713,"26":0.039795,"27":0.509376,"28":0.023877,"29":0.071631,"30":0.015918,"31":0.724269,"32":0.095508,"33":0.15918,"34":0.326319,"35":0.15918,"36":0.7959,"37":0.485499,"38":0.628761,"39":16.642269,"40":4.910703,"41":3.692976,"42":0.039795,"43":null},"firefox":{"2":null,"3":0.135303,"3.5":0.095508,"3.6":0.382032,"4":0.015918,"5":0.007959,"6":0.103467,"7":null,"8":0.015918,"9":0.063672,"10":0.183057,"11":0.270606,"12":0.246729,"13":0.007959,"14":0.087549,"15":0.039795,"16":0.031836,"17":0.039795,"18":0.143262,"19":0.015918,"20":0.119385,"21":0.095508,"22":0.031836,"23":0.254688,"24":0.167139,"25":0.047754,"26":0.015918,"27":1.074465,"28":0.007959,"29":0.374073,"30":0.270606,"31":0.620802,"32":0.270606,"33":0.429786,"34":8.51613,"35":7.64064,"36":0.453663,"37":null,"38":null},"opera":{"9":null,"9.5-9.6":null,"10.0-10.1":0,"10.5":null,"10.6":null,"11":null,"11.1":0.031836,"11.5":0.087549,"11.6":null,"12":0.047754,"12.1":0.071631,"15":null,"16":null,"17":0.023877,"18":null,"19":null,"20":null,"21":null,"22":null,"23":null,"24":null,"25":null,"26":0.413868,"27":0.023877,"28":null,"29":null},"safari":{"3.1":null,"3.2":null,"4":0.063672,"5":0.31836,"5.1":0.445704,"6":0.031836,"6.1":0.485499,"7":0.620802,"7.1":0.421827,"8":0.994875},"android":{"2.1":0,"2.2":0,"2.3":0.188885120329,"3":0,"4":0.385826951951,"4.1":1.20224036304,"4.2-4.3":1.96941831622,"4.4":3.51809726489,"4.4.3-4.4.4":1.45468398357,"37":0},"ios_saf":{"3.2":0,"4.0-4.1":0,"4.2-4.3":0,"5.0-5.1":0.0222073444634,"6.0-6.1":0.0709076612692,"7.0-7.1":1.01374579463,"8":0.244280789098,"8.1":2.52267641054},"op_mob":{"10":0,"11":0,"11.1":0,"11.5":0,"12":0.000804901408451,"12.1":0.00241470422535,"0":null},"ie":{"5.5":null,"6":0.0643560793388,"7":0.0643560793388,"8":4.6819047719,"9":2.60642121322,"10":3.08909180826,"11":8.96158404793,"0":null},"ie_mob":{"10":0.537417977778,"11":0.885159022222},"bb":{"7":0.0030615,"10":null},"and_uc":{"0":1.406249},"op_mini":{"5.0-8.0":0.311094394366},"and_chr":{"0":4.74175},"and_ff":{"0":0.526578}},"total":98.0744965}