{"id":"WF","name":"Wallis and Futuna","month":"2015-01","access_date":"2015-02-01","data":{"chrome":{"4":null,"5":null,"6":null,"7":null,"8":null,"9":null,"10":null,"11":0.027492,"12":0.155788,"13":null,"14":null,"15":null,"16":null,"17":null,"18":null,"19":null,"20":null,"21":null,"22":0.054984,"23":0.311576,"24":0.027492,"25":0.467364,"26":0.073312,"27":0.027492,"28":0.027492,"29":1.1455,"30":null,"31":null,"32":1.768652,"33":null,"34":null,"35":null,"36":0.027492,"37":0.073312,"38":0.256592,"39":27.53782,"40":8.79744,"41":3.060776,"42":0.339068,"43":null},"firefox":{"2":null,"3":0.054984,"3.5":null,"3.6":null,"4":null,"5":null,"6":0.256592,"7":null,"8":null,"9":null,"10":null,"11":null,"12":null,"13":null,"14":0.623152,"15":0.054984,"16":null,"17":0.073312,"18":null,"19":null,"20":null,"21":0.073312,"22":0.027492,"23":0.256592,"24":null,"25":null,"26":null,"27":null,"28":null,"29":0.155788,"30":0.027492,"31":1.585372,"32":0.311576,"33":0.540676,"34":13.0587,"35":12.453876,"36":0.073312,"37":null,"38":null},"opera":{"9":null,"9.5-9.6":null,"10.0-10.1":0,"10.5":null,"10.6":null,"11":null,"11.1":null,"11.5":null,"11.6":null,"12":null,"12.1":null,"15":null,"16":null,"17":null,"18":null,"19":null,"20":null,"21":null,"22":null,"23":null,"24":null,"25":null,"26":0.155788,"27":null,"28":null,"29":null},"safari":{"3.1":null,"3.2":null,"4":0.155788,"5":null,"5.1":1.347108,"6":0.100804,"6.1":0.568168,"7":0.128296,"7.1":0.907236,"8":0.41238},"android":{"2.1":0,"2.2":0,"2.3":0.0438635638604,"3":0,"4":0.0895980854209,"4.1":0.279188465708,"4.2-4.3":0.457345215606,"4.4":0.816984862423,"4.4.3-4.4.4":0.337811806982,"37":0},"ios_saf":{"3.2":0,"4.0-4.1":0,"4.2-4.3":0,"5.0-5.1":0.0165198073016,"6.0-6.1":0.0527474548929,"7.0-7.1":0.75411471226,"8":0.181717880318,"8.1":1.87659214523},"op_mob":{"10":0,"11":0,"11.1":0,"11.5":0,"12":0.000199098591549,"12.1":0.000597295774648,"0":null},"ie":{"5.5":null,"6":null,"7":null,"8":1.814472,"9":0.18328,"10":3.968012,"11":7.83522,"0":null},"ie_mob":{"10":0,"11":0},"bb":{"7":0,"10":null},"and_uc":{"0":null},"op_mini":{"5.0-8.0":0.0769516056338},"and_chr":{"0":2.982496},"and_ff":{"0":0.23408}},"total":99.584216}