{"id":"WS","name":"Samoa","month":"2015-01","access_date":"2015-02-01","data":{"chrome":{"4":null,"5":null,"6":null,"7":null,"8":null,"9":null,"10":null,"11":0.056742,"12":0.018914,"13":null,"14":0.113484,"15":null,"16":null,"17":null,"18":null,"19":null,"20":null,"21":null,"22":null,"23":null,"24":null,"25":null,"26":null,"27":0.056742,"28":1.305066,"29":null,"30":null,"31":0.406651,"32":0.018914,"33":0.226968,"34":0.056742,"35":0.056742,"36":0.208054,"37":0.463393,"38":0.387737,"39":18.838344,"40":5.513431,"41":0.028371,"42":null,"43":null},"firefox":{"2":null,"3":0.104027,"3.5":null,"3.6":0.113484,"4":2.581761,"5":0.047285,"6":1.049727,"7":null,"8":0.018914,"9":0.179683,"10":0.435022,"11":0.104027,"12":0.208054,"13":null,"14":0.085113,"15":null,"16":0.47285,"17":0.056742,"18":0.217511,"19":0.208054,"20":null,"21":0.104027,"22":null,"23":null,"24":0.122941,"25":0.018914,"26":0.037828,"27":null,"28":0.236425,"29":0.28371,"30":0.614705,"31":0.747103,"32":1.125383,"33":1.900857,"34":9.74071,"35":12.530525,"36":0.056742,"37":null,"38":0.018914},"opera":{"9":null,"9.5-9.6":null,"10.0-10.1":0.009457,"10.5":null,"10.6":null,"11":null,"11.1":null,"11.5":null,"11.6":null,"12":null,"12.1":null,"15":null,"16":null,"17":null,"18":null,"19":null,"20":null,"21":null,"22":null,"23":null,"24":null,"25":null,"26":0.018914,"27":null,"28":null,"29":null},"safari":{"3.1":0.018914,"3.2":null,"4":0,"5":0.09457,"5.1":0.56742,"6":0.037828,"6.1":0.274253,"7":0.293167,"7.1":0.425565,"8":0.226968},"android":{"2.1":0,"2.2":0,"2.3":0.0236556779261,"3":0,"4":0.0483203658111,"4.1":0.150566708316,"4.2-4.3":0.24664687885,"4.4":0.4406010154,"4.4.3-4.4.4":0.182182353696,"37":0},"ios_saf":{"3.2":0,"4.0-4.1":0,"4.2-4.3":0,"5.0-5.1":0.00886849029468,"6.0-6.1":0.0283169339234,"7.0-7.1":0.404838802575,"8":0.0975533932415,"8.1":1.00742937997},"op_mob":{"10":0,"11":0,"11.1":0,"11.5":0,"12":0.0027323815621,"12.1":0.0081971446863,"0":null},"ie":{"5.5":null,"6":0.0474306267324,"7":0.113833504158,"8":4.01263102156,"9":3.62369988235,"10":2.37153133662,"11":20.6323226286,"0":null},"ie_mob":{"10":0.03077,"11":0.05068},"bb":{"7":0.025521,"10":null},"and_uc":{"0":0.095025},"op_mini":{"5.0-8.0":1.05606547375},"and_chr":{"0":1.263379},"and_ff":{"0":0.142809}},"total":99.259997}