{"id":"YE","name":"Yemen","month":"2015-01","access_date":"2015-02-01","data":{"chrome":{"4":0.03549,"5":0.07605,"6":0.11154,"7":0.01014,"8":0.08619,"9":0.02028,"10":0.07098,"11":0.12675,"12":0.13182,"13":0.11154,"14":0.13689,"15":0.17238,"16":0.07098,"17":0.09633,"18":0.1014,"19":0.06591,"20":0.08619,"21":0.02535,"22":0.2028,"23":0.16224,"24":0.21294,"25":0.18252,"26":0.23829,"27":0.30927,"28":0.32448,"29":0.24843,"30":0.22815,"31":0.49686,"32":0.41574,"33":0.85176,"34":0.39039,"35":0.51207,"36":0.90753,"37":0.78078,"38":0.87204,"39":13.96785,"40":3.65547,"41":0.11661,"42":0.01014,"43":null},"firefox":{"2":0.01521,"3":0.06084,"3.5":0.03042,"3.6":0.14196,"4":0.13182,"5":0.03549,"6":0.12675,"7":0.0507,"8":0.08619,"9":0.11154,"10":0.16731,"11":0.13182,"12":0.43095,"13":0.16731,"14":0.11661,"15":0.19266,"16":0.20787,"17":0.19266,"18":0.22308,"19":0.23829,"20":0.1521,"21":0.23322,"22":0.17238,"23":0.36504,"24":0.22308,"25":0.17238,"26":0.39039,"27":0.24843,"28":0.33969,"29":0.37518,"30":0.74022,"31":0.90246,"32":0.71994,"33":1.00893,"34":5.18661,"35":3.71124,"36":0.13689,"37":0.00507,"38":null},"opera":{"9":null,"9.5-9.6":null,"10.0-10.1":0.00507,"10.5":null,"10.6":null,"11":null,"11.1":null,"11.5":0.02535,"11.6":0.03549,"12":0.04056,"12.1":0.17238,"15":null,"16":null,"17":0.00507,"18":0.01521,"19":0.01014,"20":0.01014,"21":0.01014,"22":0.01014,"23":null,"24":0.02028,"25":0.01521,"26":0.42588,"27":0.09126,"28":null,"29":null},"safari":{"3.1":null,"3.2":null,"4":0.02028,"5":0.02535,"5.1":0.0507,"6":0.01521,"6.1":0.01521,"7":0.02535,"7.1":0.02028,"8":0.05577},"android":{"2.1":0,"2.2":0,"2.3":0.327341370637,"3":0,"4":0.668645169405,"4.1":2.08350455339,"4.2-4.3":3.41303798768,"4.4":6.09692695072,"4.4.3-4.4.4":2.52099396817,"37":0},"ios_saf":{"3.2":0,"4.0-4.1":0,"4.2-4.3":0,"5.0-5.1":0.0279794729961,"6.0-6.1":0.0893379664085,"7.0-7.1":1.27723839887,"8":0.307774202957,"8.1":3.17836995876},"op_mob":{"10":0,"11":0,"11.1":0,"11.5":0,"12":0.0335441997439,"12.1":0.100632599232,"0":null},"ie":{"5.5":null,"6":0.108065454545,"7":0.0648392727273,"8":1.43727054545,"9":0.475488,"10":0.486294545455,"11":1.25896254545,"0":null},"ie_mob":{"10":0.0595982222222,"11":0.0981617777778},"bb":{"7":0.02465,"10":null},"and_uc":{"0":8.48453},"op_mini":{"5.0-8.0":12.964833201},"and_chr":{"0":6.48877},"and_ff":{"0":0.40426}},"total":98.1668203636}