{"id":"YT","name":"Mayotte","month":"2015-01","access_date":"2015-02-01","data":{"chrome":{"4":null,"5":null,"6":null,"7":null,"8":null,"9":null,"10":0.022116,"11":0.088464,"12":null,"13":0.007372,"14":null,"15":0.07372,"16":null,"17":null,"18":0.022116,"19":null,"20":null,"21":0.022116,"22":0.014744,"23":0.058976,"24":0.03686,"25":0.007372,"26":0.029488,"27":0.5529,"28":0.066348,"29":0.051604,"30":0.162184,"31":0.243276,"32":0.066348,"33":0.287508,"34":0.162184,"35":1.459656,"36":1.385936,"37":0.302252,"38":0.47918,"39":23.686236,"40":6.421012,"41":0.375972,"42":0.029488,"43":null},"firefox":{"2":0.03686,"3":0.014744,"3.5":0.014744,"3.6":0.066348,"4":0.022116,"5":0.007372,"6":null,"7":0.022116,"8":0.007372,"9":0.007372,"10":null,"11":0.014744,"12":0.07372,"13":null,"14":null,"15":0.066348,"16":0.022116,"17":0.088464,"18":0.022116,"19":null,"20":0.022116,"21":0.007372,"22":null,"23":0.014744,"24":0.058976,"25":0.044232,"26":0.117952,"27":0.103208,"28":0.029488,"29":0.07372,"30":0.14744,"31":0.117952,"32":0.125324,"33":0.449692,"34":7.600532,"35":6.553708,"36":0.066348,"37":0.014744,"38":null},"opera":{"9":null,"9.5-9.6":null,"10.0-10.1":0,"10.5":null,"10.6":null,"11":null,"11.1":null,"11.5":null,"11.6":null,"12":null,"12.1":0.058976,"15":null,"16":null,"17":null,"18":null,"19":null,"20":0.007372,"21":null,"22":0.014744,"23":null,"24":0.022116,"25":0.029488,"26":1.06894,"27":0.14744,"28":null,"29":null},"safari":{"3.1":null,"3.2":null,"4":0.081092,"5":0.095836,"5.1":0.862524,"6":0.154812,"6.1":0.191672,"7":0.265392,"7.1":0.759316,"8":1.260612},"android":{"2.1":0,"2.2":0,"2.3":0.15582016386,"3":0,"4":0.318286685421,"4.1":0.991784265708,"4.2-4.3":1.62466521561,"4.4":2.90224286242,"4.4.3-4.4.4":1.20003680698,"37":0},"ios_saf":{"3.2":0,"4.0-4.1":0,"4.2-4.3":0,"5.0-5.1":0.0161351217942,"6.0-6.1":0.0515191608167,"7.0-7.1":0.736554156291,"8":0.177486339736,"8.1":1.83289322136},"op_mob":{"10":0,"11":0,"11.1":0,"11.5":0,"12":0.00493296798976,"12.1":0.0147989039693,"0":null},"ie":{"5.5":0.073761509009,"6":0.0590092072072,"7":0.479449808559,"8":1.6080008964,"9":0.767119693694,"10":1.6153770473,"11":8.49732583784,"0":null},"ie_mob":{"10":0.1528912,"11":0.2518208},"bb":{"7":0.015768,"10":null},"and_uc":{"0":0.11826},"op_mini":{"5.0-8.0":1.90659212804},"and_chr":{"0":15.358596},"and_ff":{"0":0.233892}},"total":98.33488}