{"id":"ZA","name":"South Africa","month":"2015-01","access_date":"2015-02-01","data":{"chrome":{"4":null,"5":null,"6":null,"7":null,"8":null,"9":null,"10":null,"11":0.042152,"12":0.007664,"13":null,"14":null,"15":null,"16":null,"17":null,"18":0.042152,"19":null,"20":0.007664,"21":0.01916,"22":0.01916,"23":0.003832,"24":0.003832,"25":0.011496,"26":0.099632,"27":0.022992,"28":0.026824,"29":0.022992,"30":0.015328,"31":0.084304,"32":0.045984,"33":0.107296,"34":0.099632,"35":0.222256,"36":0.32572,"37":0.222256,"38":0.348712,"39":11.017,"40":3.188224,"41":0.111128,"42":0.007664,"43":null},"firefox":{"2":null,"3":0.015328,"3.5":0.007664,"3.6":0.030656,"4":0.007664,"5":0.007664,"6":0.003832,"7":0.003832,"8":0.003832,"9":0.007664,"10":0.011496,"11":0.034488,"12":0.072808,"13":0.011496,"14":0.01916,"15":0.011496,"16":0.022992,"17":0.015328,"18":0.007664,"19":0.015328,"20":0.01916,"21":0.011496,"22":0.015328,"23":0.011496,"24":0.026824,"25":0.015328,"26":0.022992,"27":0.049816,"28":0.022992,"29":0.049816,"30":0.065144,"31":0.099632,"32":0.080472,"33":0.183936,"34":2.670904,"35":2.352848,"36":0.080472,"37":0.007664,"38":0.003832},"opera":{"9":null,"9.5-9.6":null,"10.0-10.1":0.007664,"10.5":null,"10.6":null,"11":null,"11.1":null,"11.5":null,"11.6":0.015328,"12":null,"12.1":0.0958,"15":0.007664,"16":null,"17":null,"18":0.007664,"19":null,"20":0.007664,"21":null,"22":0.007664,"23":null,"24":null,"25":0.007664,"26":0.298896,"27":0.042152,"28":null,"29":null},"safari":{"3.1":null,"3.2":null,"4":0.015328,"5":0.053648,"5.1":0.160944,"6":0.065144,"6.1":0.118792,"7":0.180104,"7.1":0.26824,"8":0.547976},"android":{"2.1":0,"2.2":0,"2.3":0.141903262423,"3":0,"4":0.289859270637,"4.1":0.903204177413,"4.2-4.3":1.47956008214,"4.4":2.64303232854,"4.4.3-4.4.4":1.09285687885,"37":0},"ios_saf":{"3.2":0,"4.0-4.1":0,"4.2-4.3":0,"5.0-5.1":0.0224530584331,"6.0-6.1":0.0716922216635,"7.0-7.1":1.0249624218,"8":0.246983642764,"8.1":2.55058865534},"op_mob":{"10":0,"11":0,"11.1":0,"11.5":0,"12":0.0538140230474,"12.1":0.161442069142,"0":null},"ie":{"5.5":null,"6":0.0499012770328,"7":0.0921254345221,"8":2.34152146077,"9":2.14191635264,"10":1.88089428816,"11":6.94011606733,"0":null},"ie_mob":{"10":0.848168533333,"11":1.39698346667},"bb":{"7":2.33613,"10":null},"and_uc":{"0":1.739376},"op_mini":{"5.0-8.0":20.7991199078},"and_chr":{"0":12.0282},"and_ff":{"0":0.129528}},"total":87.5402688805}