{"id":"ZM","name":"Zambia","month":"2015-01","access_date":"2015-02-01","data":{"chrome":{"4":0.008451,"5":0.005634,"6":0.014085,"7":0.002817,"8":null,"9":null,"10":0.008451,"11":0.033804,"12":0.025353,"13":0.02817,"14":0.008451,"15":0.008451,"16":0.014085,"17":null,"18":0.008451,"19":0.008451,"20":0.005634,"21":0.025353,"22":0.005634,"23":0.008451,"24":0.061974,"25":0.014085,"26":0.039438,"27":0.008451,"28":0.011268,"29":0.025353,"30":0.042255,"31":0.16902,"32":0.067608,"33":0.095778,"34":0.067608,"35":0.115497,"36":0.360576,"37":0.143667,"38":0.166203,"39":5.941053,"40":1.864854,"41":0.087327,"42":0.008451,"43":null},"firefox":{"2":0.011268,"3":0.014085,"3.5":0.011268,"3.6":0.061974,"4":0.067608,"5":0.02817,"6":0.016902,"7":0.016902,"8":0.042255,"9":0.036621,"10":0.053523,"11":0.070425,"12":0.087327,"13":0.045072,"14":0.064791,"15":0.045072,"16":0.042255,"17":0.033804,"18":0.061974,"19":0.030987,"20":0.045072,"21":0.039438,"22":0.025353,"23":0.039438,"24":0.033804,"25":0.030987,"26":0.05634,"27":0.039438,"28":0.030987,"29":0.132399,"30":0.188739,"31":0.16902,"32":0.166203,"33":0.371844,"34":3.293073,"35":2.847987,"36":0.329589,"37":0.008451,"38":0.008451},"opera":{"9":null,"9.5-9.6":null,"10.0-10.1":0,"10.5":null,"10.6":0.008451,"11":0.014085,"11.1":0.005634,"11.5":0.011268,"11.6":0.019719,"12":0.025353,"12.1":0.188739,"15":0.008451,"16":0.005634,"17":0.005634,"18":0.011268,"19":0.014085,"20":0.014085,"21":0.005634,"22":0.008451,"23":0.002817,"24":0.008451,"25":0.014085,"26":0.476073,"27":0.081693,"28":null,"29":null},"safari":{"3.1":null,"3.2":null,"4":0.014085,"5":0.047889,"5.1":0.343674,"6":0.05634,"6.1":0.076059,"7":0.129582,"7.1":0.174654,"8":0.25353},"android":{"2.1":0,"2.2":0,"2.3":0.13039873655,"3":0,"4":0.266359504517,"4.1":0.82997868809,"4.2-4.3":1.35960767967,"4.4":2.42875371869,"4.4.3-4.4.4":1.00425567248,"37":0},"ios_saf":{"3.2":0,"4.0-4.1":0,"4.2-4.3":0,"5.0-5.1":0.0114062543498,"6.0-6.1":0.0364199700292,"7.0-7.1":0.520685505582,"8":0.125468797848,"8.1":1.29571047219},"op_mob":{"10":0,"11":0,"11.1":0,"11.5":0,"12":0.106484985915,"12.1":0.319454957746,"0":null},"ie":{"5.5":0.0113016483763,"6":0.0649844781635,"7":0.0282541209406,"8":0.980417996641,"9":0.974767172452,"10":1.26295920605,"11":4.21551484434,"0":null},"ie_mob":{"10":0.748947466667,"11":1.23356053333},"bb":{"7":0.344784,"10":null},"and_uc":{"0":5.667387},"op_mini":{"5.0-8.0":41.1564470563},"and_chr":{"0":5.554577},"and_ff":{"0":0.14366}},"total":91.057058467}