{"id":"ZW","name":"Zimbabwe","month":"2015-01","access_date":"2015-02-01","data":{"chrome":{"4":null,"5":null,"6":null,"7":null,"8":null,"9":0.003247,"10":0.009741,"11":0.035717,"12":0.019482,"13":0.006494,"14":null,"15":0.003247,"16":0.016235,"17":0.003247,"18":0.006494,"19":null,"20":0.006494,"21":0.003247,"22":0.009741,"23":0.006494,"24":0.012988,"25":0.042211,"26":0.019482,"27":0.019482,"28":0.025976,"29":0.038964,"30":0.077928,"31":0.159103,"32":0.045458,"33":0.168844,"34":0.058446,"35":0.09741,"36":0.35717,"37":0.100657,"38":0.240278,"39":7.159635,"40":2.094315,"41":0.084422,"42":0.006494,"43":null},"firefox":{"2":0.009741,"3":0.009741,"3.5":0.012988,"3.6":0.042211,"4":0.03247,"5":0.012988,"6":0.022729,"7":0.022729,"8":0.03247,"9":0.035717,"10":0.045458,"11":0.051952,"12":0.084422,"13":0.03247,"14":0.048705,"15":0.06494,"16":0.03247,"17":0.029223,"18":0.025976,"19":0.029223,"20":0.035717,"21":0.03247,"22":0.025976,"23":0.038964,"24":0.081175,"25":0.029223,"26":0.045458,"27":0.035717,"28":0.058446,"29":0.146115,"30":0.220796,"31":0.211055,"32":0.240278,"33":0.42211,"34":4.055503,"35":4.178889,"36":0.441592,"37":0.012988,"38":0.009741},"opera":{"9":null,"9.5-9.6":0.003247,"10.0-10.1":0,"10.5":null,"10.6":0.006494,"11":0.003247,"11.1":0.003247,"11.5":0.006494,"11.6":0.029223,"12":0.022729,"12.1":0.136374,"15":0.009741,"16":0.012988,"17":0.009741,"18":0.009741,"19":0.006494,"20":0.016235,"21":0.012988,"22":0.019482,"23":0.003247,"24":0.009741,"25":0.029223,"26":0.883184,"27":0.133127,"28":null,"29":null},"safari":{"3.1":null,"3.2":null,"4":0.003247,"5":0.051952,"5.1":0.142868,"6":0.045458,"6.1":0.051952,"7":0.103904,"7.1":0.113645,"8":0.279242},"android":{"2.1":0,"2.2":0,"2.3":0.0621740528747,"3":0,"4":0.127000079569,"4.1":0.395733426591,"4.2-4.3":0.64826026694,"4.4":1.15802856776,"4.4.3-4.4.4":0.478828606263,"37":0},"ios_saf":{"3.2":0,"4.0-4.1":0,"4.2-4.3":0,"5.0-5.1":0.00545849954742,"6.0-6.1":0.0174288932918,"7.0-7.1":0.249175716182,"8":0.0600434950216,"8.1":0.620066395957},"op_mob":{"10":0,"11":0,"11.1":0,"11.5":0,"12":0.137204358515,"12.1":0.411613075544,"0":null},"ie":{"5.5":null,"6":0.0325359691182,"7":0.055311147501,"8":1.82526786753,"9":1.02813662414,"10":1.41531465664,"11":3.6310141536,"0":null},"ie_mob":{"10":0.454101733333,"11":0.747932266667},"bb":{"7":0.05233575,"10":null},"and_uc":{"0":1.384365},"op_mini":{"5.0-8.0":53.0294845659},"and_chr":{"0":1.966039},"and_ff":{"0":0.060777}},"total":94.1528651685}