{"id":"AE","name":"United Arab Emirates","month":"2016-02","access_date":"2016-03-03","data":{"firefox":{"2":0,"3":0.02418,"3.5":0,"3.6":0.004836,"4":0.004836,"5":0,"6":0.009672,"7":0,"8":0,"9":0,"10":0.004836,"11":0.004836,"12":0.004836,"13":0.004836,"14":0.004836,"15":0.004836,"16":0.009672,"17":0,"18":0,"19":0.004836,"20":0,"21":0.009672,"22":0.004836,"23":0.004836,"24":0.004836,"25":0.004836,"26":0.004836,"27":0.004836,"28":0.004836,"29":0.004836,"30":0.004836,"31":0.014508,"32":0.009672,"33":0.009672,"34":0.014508,"35":0.019344,"36":0.009672,"37":0.029016,"38":0.07254,"39":0.038688,"40":0.043524,"41":0.033852,"42":0.062868,"43":0.889824,"44":1.74096,"45":0.183768,"46":0.004836,"47":0},"chrome":{"4":0,"5":0,"6":0.004836,"7":0.004836,"8":0,"9":0,"10":0.009672,"11":0.014508,"12":0.014508,"13":0,"14":0.004836,"15":0,"16":0.004836,"17":0,"18":0.004836,"19":0,"20":0,"21":0.004836,"22":0.033852,"23":0,"24":0.004836,"25":0.009672,"26":0.02418,"27":0.009672,"28":0.004836,"29":0.029016,"30":0.009672,"31":0.067704,"32":0.014508,"33":0.091884,"34":0.04836,"35":0.038688,"36":0.033852,"37":0.033852,"38":0.053196,"39":0.077376,"40":0.04836,"41":0.058032,"42":0.053196,"43":0.517452,"44":0.236964,"45":0.401388,"46":0.565812,"47":1.020396,"48":26.689884,"49":0.154752,"50":0.285324,"51":0},"opera":{"9":0,"9.5-9.6":0,"10.0-10.1":0,"10.5":0,"10.6":0,"11":0,"11.1":0,"11.5":0,"11.6":0.004836,"12":0.004836,"12.1":0.014508,"15":0.004836,"16":0,"17":0,"18":0,"19":0,"20":0,"21":0,"22":0,"23":0,"24":0,"25":0,"26":0,"27":0,"28":0.019344,"29":0.004836,"30":0.004836,"31":0.004836,"32":0.004836,"33":0.019344,"34":0.178932,"35":0.551304,"36":0.004836},"safari":{"3.1":0,"3.2":0,"4":0.009672,"5":0.02418,"5.1":0.067704,"6":0.02418,"6.1":0.053196,"7":0.067704,"7.1":0.04836,"8":0.396552,"9":1.750632,"9.1":0.004836},"android":{"2.1":0,"2.2":0,"2.3":0.0199067227789,"3":0,"4":0.172236427522,"4.1":0.36264855845,"4.2-4.3":0.813579104876,"4.4":1.63840983567,"4.4.3-4.4.4":0.880223350701,"47":null},"ios_saf":{"3.2":0,"4.0-4.1":0,"4.2-4.3":0,"5.0-5.1":0,"6.0-6.1":0,"7.0-7.1":0.437087892159,"8":0.0296717629142,"8.1-8.4":1.20741250628,"9.0-9.2":9.41621983865,"9.3":null},"op_mob":{"10":0,"11":0,"11.1":0,"11.5":0,"12":0.000129505626964,"12.1":0.000129505626964,"0":0.00556874195944},"ie":{"5.5":0,"6":0.00488611398964,"7":0.00977222797927,"8":0.464180829016,"9":0.395775233161,"10":0.459294715026,"11":3.37630476684},"bb":{"7":0.083915,"10":null},"ie_mob":{"10":0.0838272621359,"11":0.370604737864},"edge":{"12":0.203112,"13":0.560976,"14":0},"and_uc":{"0":19.08098},"op_mini":{"5.0-8.0":2.26116824679},"and_chr":{"0":18.311588},"and_ff":{"0":0.020656}},"total":97.941316886}