{"id":"AO","name":"Angola","month":"2016-02","access_date":"2016-03-03","data":{"firefox":{"2":0,"3":0.014376,"3.5":0.007188,"3.6":0.050316,"4":0.010782,"5":0.021564,"6":0.025158,"7":0.010782,"8":0.014376,"9":0.01797,"10":0.028752,"11":0.043128,"12":0.032346,"13":0.01797,"14":0.028752,"15":0.01797,"16":0.032346,"17":0.010782,"18":0.010782,"19":0.01797,"20":0.01797,"21":0.100632,"22":0.021564,"23":0.01797,"24":0.01797,"25":0.025158,"26":0.032346,"27":0.01797,"28":0.014376,"29":0.032346,"30":0.039534,"31":0.039534,"32":0.010782,"33":0.03594,"34":0.01797,"35":0.028752,"36":0.050316,"37":0.07188,"38":0.068286,"39":0.046722,"40":0.05391,"41":0.079068,"42":0.082662,"43":1.290246,"44":1.92279,"45":0.046722,"46":0.007188,"47":0},"chrome":{"4":0,"5":0,"6":0,"7":0,"8":0,"9":0,"10":0,"11":0.086256,"12":0.010782,"13":0.003594,"14":0.003594,"15":0.003594,"16":0.003594,"17":0,"18":0.007188,"19":0,"20":0.003594,"21":0.014376,"22":0.007188,"23":0.007188,"24":0.003594,"25":0.014376,"26":0.021564,"27":0.032346,"28":0.014376,"29":0.025158,"30":0.010782,"31":0.165324,"32":0.032346,"33":0.093444,"34":0.014376,"35":0.025158,"36":0.147354,"37":0.032346,"38":0.01797,"39":0.032346,"40":0.057504,"41":0.10782,"42":0.082662,"43":0.57504,"44":0.12579,"45":0.416904,"46":0.136572,"47":0.704424,"48":12.68682,"49":0.07188,"50":0.043128,"51":0},"opera":{"9":0,"9.5-9.6":0,"10.0-10.1":0,"10.5":0,"10.6":0.007188,"11":0.003594,"11.1":0.014376,"11.5":0.014376,"11.6":0.010782,"12":0.021564,"12.1":0.057504,"15":0.007188,"16":0.003594,"17":0.003594,"18":0.007188,"19":0.003594,"20":0.010782,"21":0.025158,"22":0.003594,"23":0,"24":0,"25":0.003594,"26":0.003594,"27":0.003594,"28":0.079068,"29":0.007188,"30":0.01797,"31":0.007188,"32":0.014376,"33":0.025158,"34":0.276738,"35":0.600198,"36":0.010782},"safari":{"3.1":0,"3.2":0,"4":0.003594,"5":0.021564,"5.1":0.061098,"6":0.028752,"6.1":0.057504,"7":0.03594,"7.1":0.028752,"8":0.190482,"9":1.326186,"9.1":0.007188},"android":{"2.1":0,"2.2":0,"2.3":0.0389210598976,"3":0,"4":0.336751779114,"4.1":0.709040178134,"4.2-4.3":1.59068679581,"4.4":3.20337245157,"4.4.3-4.4.4":1.72098773547,"47":null},"ios_saf":{"3.2":0,"4.0-4.1":0,"4.2-4.3":0,"5.0-5.1":0,"6.0-6.1":0,"7.0-7.1":0.240248908417,"8":0.0163093253756,"8.1-8.4":0.663664086438,"9.0-9.2":5.17570167977,"9.3":null},"op_mob":{"10":0,"11":0,"11.1":0,"11.5":0,"12":0.00192161702371,"12.1":0.00192161702371,"0":0.0826295320194},"ie":{"5.5":0,"6":0.00365526136364,"7":0.0146210454545,"8":0.581186556818,"9":0.321663,"10":0.800502238636,"11":4.68238980682},"bb":{"7":0.0656615,"10":null},"ie_mob":{"10":0.173708330097,"11":0.767973669903},"edge":{"12":0.258768,"13":0.668484,"14":0},"and_uc":{"0":4.279208},"op_mini":{"5.0-8.0":33.5514332339},"and_chr":{"0":13.901346},"and_ff":{"0":0.057654}},"total":97.3612614091}