{"id":"AR","name":"Argentina","month":"2016-02","access_date":"2016-03-03","data":{"firefox":{"2":0,"3":0.013424,"3.5":0.013424,"3.6":0.026848,"4":0.006712,"5":0.006712,"6":0.013424,"7":0.006712,"8":0,"9":0.006712,"10":0.006712,"11":0.006712,"12":0.040272,"13":0.006712,"14":0.006712,"15":0.03356,"16":0.013424,"17":0.006712,"18":0.006712,"19":0.013424,"20":0.020136,"21":0.026848,"22":0.006712,"23":0.013424,"24":0.013424,"25":0.013424,"26":0.013424,"27":0.013424,"28":0.013424,"29":0.03356,"30":0.020136,"31":0.046984,"32":0.020136,"33":0.020136,"34":0.026848,"35":0.026848,"36":0.03356,"37":0.06712,"38":0.120816,"39":0.10068,"40":0.06712,"41":0.087256,"42":0.120816,"43":1.798816,"44":3.92652,"45":0.03356,"46":0.006712,"47":0},"chrome":{"4":0,"5":0,"6":0,"7":0,"8":0,"9":0,"10":0.006712,"11":0.026848,"12":0.020136,"13":0.006712,"14":0,"15":0,"16":0,"17":0,"18":0.03356,"19":0,"20":0,"21":0.013424,"22":0.040272,"23":0.006712,"24":0.006712,"25":0.013424,"26":0.053696,"27":0.060408,"28":0.013424,"29":0.020136,"30":0.013424,"31":0.060408,"32":0.026848,"33":0.03356,"34":0.127528,"35":0.114104,"36":0.06712,"37":0.073832,"38":0.114104,"39":0.120816,"40":0.080544,"41":0.114104,"42":0.10068,"43":0.255056,"44":0.295328,"45":0.30204,"46":0.476552,"47":1.322264,"48":43.09104,"49":0.181224,"50":0.06712,"51":0},"opera":{"9":0,"9.5-9.6":0,"10.0-10.1":0,"10.5":0,"10.6":0,"11":0,"11.1":0,"11.5":0,"11.6":0.006712,"12":0.006712,"12.1":0.03356,"15":0,"16":0,"17":0,"18":0,"19":0,"20":0,"21":0,"22":0,"23":0,"24":0,"25":0,"26":0,"27":0,"28":0.040272,"29":0.013424,"30":0.006712,"31":0.006712,"32":0.006712,"33":0.006712,"34":0.127528,"35":0.43628,"36":0.006712},"safari":{"3.1":0,"3.2":0,"4":0.006712,"5":0.020136,"5.1":0.040272,"6":0.006712,"6.1":0.026848,"7":0.013424,"7.1":0.013424,"8":0.080544,"9":0.530248,"9.1":0.006712},"android":{"2.1":0,"2.2":0,"2.3":0.0260192634157,"3":0,"4":0.225123192162,"4.1":0.474003103095,"4.2-4.3":1.06339598308,"4.4":2.14149850635,"4.4.3-4.4.4":1.1505039519,"47":null},"ios_saf":{"3.2":0,"4.0-4.1":0,"4.2-4.3":0,"5.0-5.1":0,"6.0-6.1":0,"7.0-7.1":0.120020959868,"8":0.00814763696234,"8.1-8.4":0.331546150237,"9.0-9.2":2.58562125293,"9.3":null},"op_mob":{"10":0,"11":0,"11.1":0,"11.5":0,"12":0.000115892373608,"12.1":0.000115892373608,"0":0.00498337206512},"ie":{"5.5":0,"6":0.0742150453956,"7":0.0607214007782,"8":0.890580544747,"9":0.708416342412,"10":0.458783916991,"11":2.99558910506},"bb":{"7":0.050142,"10":null},"ie_mob":{"10":0.499169475728,"11":2.20685452427},"edge":{"12":0.1678,"13":0.382584,"14":0},"and_uc":{"0":0.292632},"op_mini":{"5.0-8.0":2.02348084319},"and_chr":{"0":24.113168},"and_ff":{"0":0.026304}},"total":98.8112723554}