{"id":"AW","name":"Aruba","month":"2016-02","access_date":"2016-03-03","data":{"firefox":{"2":0,"3":0,"3.5":0,"3.6":0,"4":0,"5":0,"6":0,"7":0,"8":0,"9":0,"10":0,"11":0,"12":0,"13":0,"14":0,"15":0.006112,"16":0,"17":0,"18":0,"19":0,"20":0,"21":0,"22":0.006112,"23":0.018336,"24":0.018336,"25":0.006112,"26":0,"27":0,"28":0.006112,"29":0.024448,"30":0.018336,"31":0.006112,"32":0,"33":0.006112,"34":0.09168,"35":0.006112,"36":0.012224,"37":0.012224,"38":0.024448,"39":0.03056,"40":0.03056,"41":0.048896,"42":0.048896,"43":1.58912,"44":3.807776,"45":0.055008,"46":0,"47":0.036672},"chrome":{"4":0,"5":0,"6":0,"7":0,"8":0,"9":0,"10":0,"11":0.036672,"12":0,"13":0,"14":0,"15":0,"16":0,"17":0,"18":0.012224,"19":0,"20":0,"21":0,"22":0.048896,"23":0,"24":0.006112,"25":0,"26":0.018336,"27":0,"28":0.006112,"29":0.006112,"30":0.012224,"31":0.073344,"32":0.006112,"33":0.036672,"34":0.042784,"35":0.042784,"36":0.048896,"37":0.006112,"38":0.018336,"39":0.042784,"40":0.024448,"41":0.012224,"42":0.048896,"43":0.12224,"44":0.140576,"45":0.3056,"46":0.1528,"47":0.88624,"48":22.510496,"49":0.177248,"50":0.097792,"51":0},"opera":{"9":0,"9.5-9.6":0,"10.0-10.1":0,"10.5":0,"10.6":0,"11":0,"11.1":0,"11.5":0,"11.6":0,"12":0,"12.1":0.042784,"15":0,"16":0,"17":0,"18":0,"19":0,"20":0,"21":0,"22":0,"23":0,"24":0,"25":0,"26":0,"27":0,"28":0.006112,"29":0.03056,"30":0,"31":0.006112,"32":0,"33":0.006112,"34":0.116128,"35":0.433952,"36":0},"safari":{"3.1":0,"3.2":0,"4":0.006112,"5":0.03056,"5.1":0.195584,"6":0.048896,"6.1":0.073344,"7":0.067232,"7.1":0.048896,"8":0.415616,"9":2.701504,"9.1":0.006112},"android":{"2.1":0,"2.2":0,"2.3":0.0289258980183,"3":0,"4":0.250271900245,"4.1":0.526954403028,"4.2-4.3":1.18218887553,"4.4":2.38072717168,"4.4.3-4.4.4":1.2790277515,"47":null},"ios_saf":{"3.2":0,"4.0-4.1":0,"4.2-4.3":0,"5.0-5.1":0,"6.0-6.1":0,"7.0-7.1":0.879243775262,"8":0.0596875669891,"8.1-8.4":2.42882484133,"9.0-9.2":18.9416198164,"9.3":null},"op_mob":{"10":0,"11":0,"11.1":0,"11.5":0,"12":5.55269922879e-6,"12.1":5.55269922879e-6,"0":0.000238766066838},"ie":{"5.5":0,"6":0,"7":0.036672,"8":0.660096,"9":0.623424,"10":1.845824,"11":8.324544},"bb":{"7":0.188568,"10":null},"ie_mob":{"10":0.0329913786408,"11":0.145856621359},"edge":{"12":0.574528,"13":1.430208,"14":0},"and_uc":{"0":0.23328},"op_mini":{"5.0-8.0":0.0969501285347},"and_chr":{"0":19.413184},"and_ff":{"0":0.01944}},"total":96.67228}