{"id":"BI","name":"Burundi","month":"2016-02","access_date":"2016-03-03","data":{"firefox":{"2":0.00624,"3":0.069888,"3.5":0.004992,"3.6":0.061152,"4":0.004992,"5":0.019968,"6":0.004992,"7":0.009984,"8":0.002496,"9":0.01248,"10":0.029952,"11":0.048672,"12":0.345696,"13":0.014976,"14":0.00624,"15":0.027456,"16":0.013728,"17":0.013728,"18":0.003744,"19":0.00624,"20":0.016224,"21":0.009984,"22":0.011232,"23":0.008736,"24":0.009984,"25":0.007488,"26":0.007488,"27":0.003744,"28":0.007488,"29":0.01248,"30":0.027456,"31":0.16224,"32":0.032448,"33":0.032448,"34":0.06864,"35":0.05616,"36":0.014976,"37":0.102336,"38":0.029952,"39":0.033696,"40":0.05616,"41":0.033696,"42":0.10608,"43":1.66608,"44":1.944384,"45":0.2184,"46":0.001248,"47":0},"chrome":{"4":0,"5":0.002496,"6":0,"7":0,"8":0.048672,"9":0.001248,"10":0.001248,"11":0.007488,"12":0.016224,"13":0.001248,"14":0,"15":0,"16":0,"17":0,"18":0,"19":0,"20":0,"21":0,"22":0,"23":0.001248,"24":0,"25":0,"26":0.003744,"27":0,"28":0,"29":0,"30":0.002496,"31":0.019968,"32":0.001248,"33":0.008736,"34":0.001248,"35":0.001248,"36":0.009984,"37":0.001248,"38":0.022464,"39":0.002496,"40":0.003744,"41":0.003744,"42":0.01248,"43":0.048672,"44":0.123552,"45":0.067392,"46":0.026208,"47":0.141024,"48":3.20112,"49":0.01872,"50":0.02496,"51":0.001248},"opera":{"9":0,"9.5-9.6":0,"10.0-10.1":0.023712,"10.5":0,"10.6":0,"11":0.00624,"11.1":0,"11.5":0,"11.6":0.003744,"12":0.002496,"12.1":0.02496,"15":0,"16":0.001248,"17":0.008736,"18":0,"19":0,"20":0.011232,"21":0.007488,"22":0,"23":0,"24":0,"25":0,"26":0,"27":0.001248,"28":0.001248,"29":0.002496,"30":0.008736,"31":0.002496,"32":0.004992,"33":0.014976,"34":0.11856,"35":0.270816,"36":0},"safari":{"3.1":0,"3.2":0,"4":0,"5":0.001248,"5.1":0.01248,"6":0.001248,"6.1":0.014976,"7":0.002496,"7.1":0.00624,"8":0.01872,"9":0.094848,"9.1":0.001248},"android":{"2.1":0,"2.2":0,"2.3":0.00979547005121,"3":0,"4":0.0847521104431,"4.1":0.178447910933,"4.2-4.3":0.400336602093,"4.4":0.806209774215,"4.4.3-4.4.4":0.433130132265,"47":null},"ios_saf":{"3.2":0,"4.0-4.1":0,"4.2-4.3":0,"5.0-5.1":0,"6.0-6.1":0,"7.0-7.1":0.0275797834945,"8":0.00187225684297,"8.1-8.4":0.0761864515332,"9.0-9.2":0.594153508129,"9.3":null},"op_mob":{"10":0,"11":0,"11.1":0,"11.5":0,"12":0.00421275932591,"12.1":0.00421275932591,"0":0.181148651014},"ie":{"5.5":0,"6":0.0237516521739,"7":0.00625043478261,"8":0.257517913043,"9":0.060004173913,"10":0.191263304348,"11":0.948816},"bb":{"7":0.02188,"10":null},"ie_mob":{"10":0.0887945631068,"11":0.392565436893},"edge":{"12":0.08112,"13":0.046176,"14":0},"and_uc":{"0":6.502736},"op_mini":{"5.0-8.0":73.5547778303},"and_chr":{"0":3.601616},"and_ff":{"0":0.008752}},"total":98.4734674783}