{"id":"BM","name":"Bermuda","month":"2016-02","access_date":"2016-03-03","data":{"firefox":{"2":0,"3":0,"3.5":0.009099,"3.6":0,"4":0,"5":0,"6":0.018198,"7":0,"8":0,"9":0,"10":0.009099,"11":0.018198,"12":0.009099,"13":0,"14":0.018198,"15":0,"16":0.036396,"17":0.009099,"18":0.009099,"19":0,"20":0,"21":0.027297,"22":0,"23":0.009099,"24":0.018198,"25":0.009099,"26":0.018198,"27":0,"28":0,"29":0,"30":0,"31":0.018198,"32":0,"33":0.009099,"34":0.009099,"35":0,"36":0,"37":0.027297,"38":0.136485,"39":0.018198,"40":0.009099,"41":0.063693,"42":0.09099,"43":2.220156,"44":3.375729,"45":0.027297,"46":0,"47":0},"chrome":{"4":0,"5":0,"6":0,"7":0,"8":0,"9":0,"10":0,"11":0.072792,"12":0.009099,"13":0,"14":0,"15":0,"16":0.027297,"17":0,"18":0.009099,"19":0,"20":0,"21":0.009099,"22":0.018198,"23":0,"24":0,"25":0.009099,"26":0.018198,"27":0.054594,"28":0.063693,"29":0.009099,"30":0,"31":0.018198,"32":0.018198,"33":0.045495,"34":0.054594,"35":0.018198,"36":0.009099,"37":0.018198,"38":0.018198,"39":0.136485,"40":0.018198,"41":0.081891,"42":0.036396,"43":0.100089,"44":0.036396,"45":0.100089,"46":0.136485,"47":1.191969,"48":24.84027,"49":0.045495,"50":0.063693,"51":0},"opera":{"9":0,"9.5-9.6":0,"10.0-10.1":0,"10.5":0,"10.6":0,"11":0,"11.1":0,"11.5":0,"11.6":0,"12":0,"12.1":0.009099,"15":0,"16":0,"17":0,"18":0,"19":0,"20":0,"21":0,"22":0,"23":0,"24":0,"25":0,"26":0,"27":0,"28":0.036396,"29":0.018198,"30":0,"31":0,"32":0.009099,"33":0,"34":0.027297,"35":0.100089,"36":0},"safari":{"3.1":0,"3.2":0,"4":0.072792,"5":0.263871,"5.1":0.673326,"6":0.09099,"6.1":0.400356,"7":0.191079,"7.1":0.154683,"8":0.746118,"9":4.540401,"9.1":0},"android":{"2.1":0,"2.2":0,"2.3":0.00817194455578,"3":0,"4":0.0707050855043,"4.1":0.14887151169,"4.2-4.3":0.333983820975,"4.4":0.672586567134,"4.4.3-4.4.4":0.36134207014,"47":null},"ios_saf":{"3.2":0,"4.0-4.1":0,"4.2-4.3":0,"5.0-5.1":0,"6.0-6.1":0,"7.0-7.1":0.695684778555,"8":0.0472266429306,"8.1-8.4":1.92176108541,"9.0-9.2":14.9871934931,"9.3":null},"op_mob":{"10":0,"11":0,"11.1":0,"11.5":0,"12":7.7206512425e-7,"12.1":7.7206512425e-7,"0":3.31988003428e-5},"ie":{"5.5":0,"6":0.009099,"7":0.063693,"8":2.029077,"9":2.793393,"10":2.101869,"11":23.639202},"bb":{"7":0.1788485,"10":null},"ie_mob":{"10":0.016786592233,"11":0.074214407767},"edge":{"12":0.646029,"13":2.447631,"14":0},"and_uc":{"0":0.02703},"op_mini":{"5.0-8.0":0.0134802570694},"and_chr":{"0":3.981887},"and_ff":{"0":0.008109}},"total":98.1233215}