{"id":"CA","name":"Canada","month":"2016-02","access_date":"2016-03-03","data":{"firefox":{"2":0.00747,"3":0.01494,"3.5":0,"3.6":0.01494,"4":0.00747,"5":0,"6":0.01494,"7":0,"8":0,"9":0,"10":0.00747,"11":0.00747,"12":0.00747,"13":0,"14":0.00747,"15":0.00747,"16":0.02241,"17":0.00747,"18":0,"19":0.00747,"20":0.00747,"21":0.02241,"22":0.00747,"23":0.00747,"24":0.01494,"25":0.00747,"26":0.01494,"27":0.01494,"28":0.02241,"29":0.02241,"30":0.01494,"31":0.05976,"32":0.01494,"33":0.02241,"34":0.02988,"35":0.05229,"36":0.03735,"37":0.05976,"38":0.20916,"39":0.08964,"40":0.0747,"41":0.10458,"42":0.16434,"43":2.33064,"44":5.37093,"45":0.0747,"46":0.00747,"47":0.00747},"chrome":{"4":0,"5":0,"6":0,"7":0,"8":0,"9":0,"10":0,"11":0.02988,"12":0,"13":0,"14":0,"15":0,"16":0,"17":0,"18":0.00747,"19":0,"20":0,"21":0.00747,"22":0.02241,"23":0.00747,"24":0,"25":0.00747,"26":0.00747,"27":0.00747,"28":0.01494,"29":0.04482,"30":0.01494,"31":0.11952,"32":0.02241,"33":0.03735,"34":0.05229,"35":0.05976,"36":0.05976,"37":0.08964,"38":0.05976,"39":0.10458,"40":0.05976,"41":0.11952,"42":0.09711,"43":0.28386,"44":0.20169,"45":0.33615,"46":0.53037,"47":1.89738,"48":26.52597,"49":0.11205,"50":0.05229,"51":0},"opera":{"9":0,"9.5-9.6":0,"10.0-10.1":0,"10.5":0,"10.6":0,"11":0,"11.1":0,"11.5":0,"11.6":0.00747,"12":0.00747,"12.1":0.05229,"15":0.00747,"16":0,"17":0,"18":0,"19":0,"20":0,"21":0,"22":0,"23":0,"24":0,"25":0,"26":0,"27":0,"28":0.02241,"29":0,"30":0.00747,"31":0.00747,"32":0.00747,"33":0.00747,"34":0.10458,"35":0.20916,"36":0},"safari":{"3.1":0,"3.2":0,"4":0.03735,"5":0.11205,"5.1":0.35109,"6":0.04482,"6.1":0.26145,"7":0.12699,"7.1":0.12699,"8":0.65736,"9":3.84705,"9.1":0.02241},"android":{"2.1":0,"2.2":0,"2.3":0.0104491494099,"3":0,"4":0.0904078579381,"4.1":0.190356243598,"4.2-4.3":0.427052193275,"4.4":0.860010427522,"4.4.3-4.4.4":0.462034128257,"47":null},"ios_saf":{"3.2":0,"4.0-4.1":0,"4.2-4.3":0,"5.0-5.1":0,"6.0-6.1":0,"7.0-7.1":0.87904490533,"8":0.0596740666804,"8.1-8.4":2.42827548261,"9.0-9.2":18.9373355454,"9.3":null},"op_mob":{"10":0,"11":0,"11.1":0,"11.5":0,"12":3.90231362468e-6,"12.1":3.90231362468e-6,"0":0.000167799485861},"ie":{"5.5":0,"6":0.0226466420275,"7":0.0301955227033,"8":1.29840747624,"9":0.92096344245,"10":0.709594783527,"11":11.3006743717},"bb":{"7":0.1739375,"10":null},"ie_mob":{"10":0.0270685436893,"11":0.119671456311},"edge":{"12":0.36603,"13":1.87497,"14":0},"and_uc":{"0":0.13662},"op_mini":{"5.0-8.0":0.0681343958869},"and_chr":{"0":10.41924},"and_ff":{"0":0.03542}},"total":97.8710597386}