{"id":"CF","name":"Central African Republic","month":"2016-02","access_date":"2016-03-03","data":{"firefox":{"2":0.06534,"3":0.1089,"3.5":0.02178,"3.6":0.168795,"4":0.26136,"5":0,"6":0.081675,"7":0.027225,"8":0.016335,"9":0.016335,"10":0.02178,"11":0.005445,"12":0.092565,"13":0.14157,"14":0.016335,"15":0.04356,"16":0.343035,"17":0.016335,"18":0.06534,"19":0.092565,"20":0.049005,"21":0.07623,"22":0.070785,"23":0.299475,"24":0.147015,"25":0.01089,"26":0.059895,"27":0.02178,"28":0.038115,"29":0.07623,"30":0.45738,"31":0.09801,"32":0.179685,"33":0.473715,"34":0.147015,"35":0.103455,"36":0.157905,"37":0.027225,"38":0.34848,"39":0.332145,"40":0.778635,"41":0.462825,"42":0.22869,"43":9.81189,"44":8.61399,"45":0.321255,"46":0,"47":0},"chrome":{"4":0.005445,"5":0,"6":0,"7":0.01089,"8":0,"9":0,"10":0.01089,"11":0.027225,"12":0.016335,"13":0,"14":0,"15":0,"16":0,"17":0,"18":0,"19":0,"20":0,"21":0,"22":0.005445,"23":0,"24":0,"25":0.01089,"26":0.059895,"27":0,"28":0,"29":0,"30":0,"31":0.147015,"32":0.005445,"33":0.01089,"34":0.016335,"35":0.005445,"36":0.02178,"37":0,"38":0.005445,"39":0.005445,"40":0,"41":0.01089,"42":0,"43":0.016335,"44":0.06534,"45":0.1089,"46":0.147015,"47":0.63162,"48":7.87347,"49":0.04356,"50":0.070785,"51":0.016335},"opera":{"9":0,"9.5-9.6":0,"10.0-10.1":0,"10.5":0,"10.6":0,"11":0.01089,"11.1":0,"11.5":0.005445,"11.6":0.103455,"12":0,"12.1":0.016335,"15":0,"16":0,"17":0,"18":0.005445,"19":0,"20":0.005445,"21":0.005445,"22":0,"23":0,"24":0,"25":0,"26":0,"27":0.04356,"28":0.005445,"29":0.005445,"30":0.016335,"31":0,"32":0.049005,"33":0,"34":0.179685,"35":0.756855,"36":0.05445},"safari":{"3.1":0,"3.2":0,"4":0.038115,"5":0,"5.1":0,"6":0.027225,"6.1":0.005445,"7":0.37026,"7.1":0.005445,"8":0.081675,"9":0.735075,"9.1":2.24334},"android":{"2.1":0,"2.2":0,"2.3":0.0480261868181,"3":0,"4":0.41553092073,"4.1":0.874911838121,"4.2-4.3":1.9628093743,"4.4":3.95276398464,"4.4.3-4.4.4":2.12359269539,"47":null},"ios_saf":{"3.2":0,"4.0-4.1":0,"4.2-4.3":0,"5.0-5.1":0,"6.0-6.1":0,"7.0-7.1":0.144658761062,"8":0.00982017699115,"8.1-8.4":0.399605663717,"9.0-9.2":3.11639539823,"9.3":null},"op_mob":{"10":0,"11":0,"11.1":0,"11.5":0,"12":0.000743944301628,"12.1":0.000743944301628,"0":0.03198960497},"ie":{"5.5":0,"6":0,"7":0.0490339970414,"8":0.953438831361,"9":1.01881749408,"10":0.893508390533,"11":6.25455873373},"bb":{"7":0.031885,"10":null},"ie_mob":{"10":0.109231553398,"11":0.482918446602},"edge":{"12":0.332145,"13":0.06534,"14":0},"and_uc":{"0":6.162915},"op_mini":{"5.0-8.0":12.9892675064},"and_chr":{"0":14.84749},"and_ff":{"0":1.74912}},"total":98.1381424467}