{"id":"CR","name":"Costa Rica","month":"2016-02","access_date":"2016-03-03","data":{"firefox":{"2":0,"3":0.018534,"3.5":0,"3.6":0.024712,"4":0.006178,"5":0,"6":0.018534,"7":0.006178,"8":0,"9":0.006178,"10":0,"11":0.006178,"12":0.012356,"13":0,"14":0.043246,"15":0,"16":0.018534,"17":0,"18":0,"19":0,"20":0.049424,"21":0.549842,"22":0.086492,"23":0.086492,"24":0.086492,"25":0.117382,"26":0.006178,"27":0.055602,"28":0.067958,"29":0.067958,"30":0.012356,"31":0.098848,"32":0.012356,"33":0.049424,"34":0.03089,"35":0.049424,"36":0.067958,"37":0.562198,"38":0.166806,"39":0.098848,"40":0.074136,"41":0.111204,"42":0.166806,"43":2.230258,"44":4.460516,"45":0.067958,"46":0.012356,"47":0.006178},"chrome":{"4":0,"5":0,"6":0,"7":0,"8":0,"9":0,"10":0,"11":0.024712,"12":0,"13":0,"14":0,"15":0,"16":0,"17":0,"18":0.09267,"19":0,"20":0,"21":0.006178,"22":0.012356,"23":0,"24":0.006178,"25":0,"26":0.018534,"27":0.197696,"28":0.086492,"29":0.117382,"30":0.03089,"31":0.09267,"32":0.117382,"33":0.037068,"34":0.074136,"35":0.15445,"36":0.15445,"37":0.15445,"38":0.055602,"39":0.098848,"40":0.055602,"41":0.994658,"42":0.037068,"43":0.197696,"44":0.210052,"45":0.191518,"46":0.24712,"47":1.118218,"48":28.900684,"49":0.15445,"50":0.067958,"51":0},"opera":{"9":0,"9.5-9.6":0,"10.0-10.1":0,"10.5":0,"10.6":0,"11":0,"11.1":0,"11.5":0,"11.6":0.080314,"12":0.166806,"12.1":0.18534,"15":0,"16":0,"17":0,"18":0,"19":0,"20":0,"21":0,"22":0,"23":0,"24":0,"25":0,"26":0,"27":0.09267,"28":0.877276,"29":0.09267,"30":0.012356,"31":0,"32":0.006178,"33":0.024712,"34":0.222408,"35":0.52513,"36":0.006178},"safari":{"3.1":0,"3.2":0,"4":0.03089,"5":0.111204,"5.1":0.179162,"6":0.03089,"6.1":0.12356,"7":0.080314,"7.1":0.098848,"8":0.661046,"9":3.261984,"9.1":0.018534},"android":{"2.1":0,"2.2":0,"2.3":0.0446052197729,"3":0,"4":0.385932118904,"4.1":0.812590742819,"4.2-4.3":1.82299593854,"4.4":3.67120352305,"4.4.3-4.4.4":1.97232645691,"47":null},"ios_saf":{"3.2":0,"4.0-4.1":0,"4.2-4.3":0,"5.0-5.1":0,"6.0-6.1":0,"7.0-7.1":0.344286968512,"8":0.0233719613089,"8.1-8.4":0.951059040955,"9.0-9.2":7.41700202922,"9.3":null},"op_mob":{"10":0,"11":0,"11.1":0,"11.5":0,"12":0.000154364695801,"12.1":0.000154364695801,"0":0.00663768191945},"ie":{"5.5":0,"6":0.00631702672293,"7":0.00631702672293,"8":0.3032172827,"9":0.467459977496,"10":0.461142950774,"11":3.23431768214},"bb":{"7":0.089817,"10":null},"ie_mob":{"10":0.24394007767,"11":1.07847192233},"edge":{"12":0.290366,"13":0.574554,"14":0},"and_uc":{"0":0.607698},"op_mini":{"5.0-8.0":2.69520758869},"and_chr":{"0":19.489782},"and_ff":{"0":0.087906}},"total":97.2974409466}