{"id":"CV","name":"Cape Verde","month":"2016-02","access_date":"2016-03-03","data":{"firefox":{"2":0,"3":0.012842,"3.5":0,"3.6":0.012842,"4":0,"5":0,"6":0.012842,"7":0.006421,"8":0,"9":0,"10":0.012842,"11":0.012842,"12":0.06421,"13":0,"14":0.102736,"15":0.006421,"16":0.006421,"17":0,"18":0.077052,"19":0.019263,"20":0.019263,"21":0,"22":0.025684,"23":0,"24":0,"25":0,"26":0.006421,"27":0.019263,"28":0.025684,"29":0.025684,"30":0.044947,"31":0.179788,"32":0.032105,"33":0.231156,"34":0.19263,"35":0.571469,"36":0.115578,"37":0.365997,"38":0.603574,"39":0.051368,"40":0.025684,"41":0.083473,"42":0.308208,"43":1.765775,"44":3.615023,"45":0.057789,"46":0.025684,"47":0},"chrome":{"4":0,"5":0,"6":0.006421,"7":0,"8":0,"9":0,"10":0,"11":0.077052,"12":0.019263,"13":0,"14":0,"15":0,"16":0,"17":0,"18":0.032105,"19":0.019263,"20":0,"21":0.012842,"22":0.012842,"23":0,"24":0,"25":0.019263,"26":0.006421,"27":0,"28":0.006421,"29":0.019263,"30":0,"31":0.584311,"32":0.025684,"33":0.109157,"34":0.038526,"35":0.051368,"36":0.109157,"37":0.038526,"38":0.019263,"39":0.032105,"40":0.121999,"41":0.06421,"42":0.25684,"43":2.388612,"44":0.166946,"45":0.552206,"46":0.231156,"47":1.008097,"48":28.984394,"49":0.077052,"50":0.218314,"51":0},"opera":{"9":0,"9.5-9.6":0,"10.0-10.1":0,"10.5":0,"10.6":0,"11":0,"11.1":0,"11.5":0,"11.6":0,"12":0,"12.1":0.019263,"15":0.019263,"16":0,"17":0,"18":0,"19":0,"20":0,"21":0,"22":0,"23":0,"24":0,"25":0,"26":0,"27":0.012842,"28":0,"29":0.012842,"30":0.141262,"31":0,"32":0.006421,"33":0.134841,"34":0.231156,"35":0.918203,"36":0},"safari":{"3.1":0,"3.2":0,"4":0.012842,"5":0.025684,"5.1":0.06421,"6":0.012842,"6.1":0.218314,"7":0.051368,"7.1":0.051368,"8":0.224735,"9":1.097991,"9.1":0.12842},"android":{"2.1":0,"2.2":0,"2.3":0.0652436098864,"3":0,"4":0.564499059452,"4.1":1.18856837141,"4.2-4.3":2.66647796927,"4.4":5.36983276152,"4.4.3-4.4.4":2.88490222846,"47":null},"ios_saf":{"3.2":0,"4.0-4.1":0,"4.2-4.3":0,"5.0-5.1":0,"6.0-6.1":0,"7.0-7.1":0.211710836695,"8":0.0143720150237,"8.1-8.4":0.584830457502,"9.0-9.2":4.56090369078,"9.3":null},"op_mob":{"10":0,"11":0,"11.1":0,"11.5":0,"12":0.000266814910026,"12.1":0.000266814910026,"0":0.0114730411311},"ie":{"5.5":0,"6":0.0193504597049,"7":0.00645015323496,"8":0.419259960272,"9":0.290256895573,"10":0.593414097616,"11":4.32160266742},"bb":{"7":0.00984225,"10":null},"ie_mob":{"10":0.392161106796,"11":1.7337648932},"edge":{"12":0.250419,"13":0.520101,"14":0.006421},"and_uc":{"0":3.50742},"op_mini":{"5.0-8.0":4.65858832905},"and_chr":{"0":15.459151},"and_ff":{"0":0.03579}},"total":97.7792674838}