{"id":"CX","name":"Christmas Island","month":"2016-02","access_date":"2016-03-03","data":{"firefox":{"2":0,"3":0,"3.5":0,"3.6":0,"4":0,"5":0,"6":0,"7":0,"8":0,"9":0,"10":0,"11":0,"12":0,"13":0,"14":0,"15":0,"16":0,"17":0,"18":0,"19":0,"20":0,"21":0,"22":0,"23":0.658548,"24":0,"25":0,"26":0,"27":0,"28":0,"29":0,"30":0,"31":0,"32":0,"33":0,"34":0,"35":0,"36":0,"37":0,"38":0,"39":0.14967,"40":1.686282,"41":0.518856,"42":1.027734,"43":2.125314,"44":14.098914,"45":0.069846,"46":0,"47":0},"chrome":{"4":0,"5":0,"6":0,"7":0,"8":0,"9":0,"10":0,"11":0,"12":0,"13":0,"14":0,"15":0,"16":0,"17":0,"18":0,"19":0,"20":0,"21":0,"22":0,"23":0,"24":0,"25":0,"26":0,"27":1.24725,"28":0,"29":0,"30":0,"31":0.14967,"32":0,"33":0,"34":0,"35":0,"36":0,"37":0,"38":0,"39":0,"40":0,"41":0,"42":0,"43":0,"44":0.069846,"45":0,"46":0,"47":0.069846,"48":28.63686,"49":0,"50":0,"51":0},"opera":{"9":0,"9.5-9.6":0,"10.0-10.1":0,"10.5":0,"10.6":0,"11":0,"11.1":0,"11.5":0,"11.6":0,"12":0,"12.1":0,"15":0,"16":0,"17":0,"18":0,"19":0,"20":0,"21":0,"22":0,"23":0,"24":0,"25":0,"26":0,"27":0,"28":0,"29":0,"30":0.219516,"31":0,"32":0,"33":0,"34":0,"35":0,"36":0},"safari":{"3.1":0,"3.2":0,"4":0,"5":0,"5.1":0.808218,"6":0,"6.1":0,"7":0,"7.1":0,"8":2.79384,"9":3.372564,"9.1":0},"android":{"2.1":0,"2.2":0,"2.3":0,"3":0,"4":0,"4.1":0,"4.2-4.3":0,"4.4":0,"4.4.3-4.4.4":0,"47":null},"ios_saf":{"3.2":0,"4.0-4.1":0,"4.2-4.3":0,"5.0-5.1":0,"6.0-6.1":0,"7.0-7.1":0.0141568907183,"8":0.000961042189751,"8.1-8.4":0.0391070244906,"9.0-9.2":0.304983042601,"9.3":null},"op_mob":{"10":0,"11":0,"11.1":0,"11.5":0,"12":0,"12.1":0,"0":0},"ie":{"5.5":0,"6":0,"7":0,"8":0.219516,"9":0,"10":1.686282,"11":7.712994},"bb":{"7":0,"10":null},"ie_mob":{"10":0.027056368932,"11":0.119617631068},"edge":{"12":0,"13":0,"14":0},"and_uc":{"0":0},"op_mini":{"5.0-8.0":0},"and_chr":{"0":0.073326},"and_ff":{"0":0}},"total":67.900774}