{"id":"DE","name":"Germany","month":"2016-02","access_date":"2016-03-03","data":{"firefox":{"2":0.007491,"3":0.014982,"3.5":0.007491,"3.6":0.052437,"4":0.007491,"5":0.007491,"6":0.014982,"7":0.007491,"8":0.007491,"9":0.007491,"10":0.029964,"11":0.014982,"12":0.044946,"13":0.007491,"14":0.007491,"15":0.014982,"16":0.037455,"17":0.022473,"18":0.014982,"19":0.014982,"20":0.022473,"21":0.014982,"22":0.014982,"23":0.014982,"24":0.052437,"25":0.014982,"26":0.029964,"27":0.022473,"28":0.037455,"29":0.029964,"30":0.044946,"31":0.119856,"32":0.044946,"33":0.089892,"34":0.104874,"35":0.112365,"36":0.104874,"37":0.112365,"38":0.966339,"39":0.337095,"40":0.516879,"41":0.539352,"42":1.288452,"43":6.509679,"44":14.53254,"45":0.187275,"46":0.022473,"47":0.007491},"chrome":{"4":0,"5":0,"6":0,"7":0,"8":0,"9":0,"10":0,"11":0.044946,"12":0.007491,"13":0,"14":0,"15":0,"16":0,"17":0,"18":0.007491,"19":0,"20":0,"21":0.007491,"22":0.059928,"23":0,"24":0.007491,"25":0,"26":0.022473,"27":0.007491,"28":0.014982,"29":0.029964,"30":0.022473,"31":0.07491,"32":0.037455,"33":0.052437,"34":0.044946,"35":0.037455,"36":0.029964,"37":0.329604,"38":0.037455,"39":0.067419,"40":0.052437,"41":0.112365,"42":0.082401,"43":0.127347,"44":0.164802,"45":0.194766,"46":0.217239,"47":0.868956,"48":19.057104,"49":0.082401,"50":0.059928,"51":0},"opera":{"9":0,"9.5-9.6":0,"10.0-10.1":0,"10.5":0,"10.6":0,"11":0,"11.1":0,"11.5":0.007491,"11.6":0.014982,"12":0.007491,"12.1":0.292149,"15":0.007491,"16":0,"17":0,"18":0,"19":0,"20":0,"21":0,"22":0.007491,"23":0,"24":0.007491,"25":0.007491,"26":0,"27":0.007491,"28":0.022473,"29":0.007491,"30":0.014982,"31":0.014982,"32":0.014982,"33":0.014982,"34":0.344586,"35":1.161105,"36":0.007491},"safari":{"3.1":0,"3.2":0,"4":0.029964,"5":0.089892,"5.1":0.239712,"6":0.022473,"6.1":0.14982,"7":0.082401,"7.1":0.059928,"8":0.412005,"9":2.809125,"9.1":0.022473},"android":{"2.1":0,"2.2":0,"2.3":0.0219807327989,"3":0,"4":0.190181122912,"4.1":0.400431610554,"4.2-4.3":0.898342992652,"4.4":1.80910987776,"4.4.3-4.4.4":0.971930663327,"47":null},"ios_saf":{"3.2":0,"4.0-4.1":0,"4.2-4.3":0,"5.0-5.1":0,"6.0-6.1":0,"7.0-7.1":0.440237336077,"8":0.0298855632846,"8.1-8.4":1.21611253674,"9.0-9.2":9.4840685639,"9.3":null},"op_mob":{"10":0,"11":0,"11.1":0,"11.5":0,"12":1.60530134247e-5,"12.1":1.60530134247e-5,"0":0.000690279577264},"ie":{"5.5":0,"6":0.030225124183,"7":0.0377814052288,"8":0.513827111111,"9":0.528939673203,"10":0.476045705882,"11":8.76528601307},"bb":{"7":0.01317225,"10":null},"ie_mob":{"10":0.111540883495,"11":0.493128116505},"edge":{"12":0.479424,"13":1.453254,"14":0},"and_uc":{"0":0.554489},"op_mini":{"5.0-8.0":0.280285614396},"and_chr":{"0":13.879899},"and_ff":{"0":0.072761}},"total":97.2380822827}