{"id":"DJ","name":"Djibouti","month":"2016-02","access_date":"2016-03-03","data":{"firefox":{"2":0,"3":0.03666,"3.5":0.003055,"3.6":0.033605,"4":0.01222,"5":0.00611,"6":0.015275,"7":0.003055,"8":0.003055,"9":0.009165,"10":0.021385,"11":0.015275,"12":0.01222,"13":0.027495,"14":0.003055,"15":0.009165,"16":0.01222,"17":0.01222,"18":0.003055,"19":0.00611,"20":0.009165,"21":0.03055,"22":0.04888,"23":0.015275,"24":0.009165,"25":0.009165,"26":0.009165,"27":0.009165,"28":0.00611,"29":0.027495,"30":0.01833,"31":0.027495,"32":0.009165,"33":0.14053,"34":0.045825,"35":0.03666,"36":0.03055,"37":0.033605,"38":0.07332,"39":0.04277,"40":0.09776,"41":0.094705,"42":0.253565,"43":1.573325,"44":2.63952,"45":0.43381,"46":0.003055,"47":0},"chrome":{"4":0,"5":0,"6":0.003055,"7":0.003055,"8":0.003055,"9":0.216905,"10":0.00611,"11":0.094705,"12":0.003055,"13":0.003055,"14":0.01222,"15":0,"16":0.00611,"17":0,"18":0,"19":0,"20":0.00611,"21":0.003055,"22":0.003055,"23":0.003055,"24":0.009165,"25":0.01222,"26":0.003055,"27":0.003055,"28":0.015275,"29":0.009165,"30":0.04277,"31":0.070265,"32":0,"33":0.039715,"34":0.01833,"35":0.00611,"36":0.009165,"37":0.01222,"38":0.039715,"39":0.058045,"40":0.045825,"41":0.021385,"42":0.04888,"43":1.402245,"44":0.11609,"45":0.39715,"46":0.23829,"47":0.43381,"48":13.677235,"49":0.131365,"50":0.308555,"51":0},"opera":{"9":0,"9.5-9.6":0,"10.0-10.1":0,"10.5":0,"10.6":0.009165,"11":0,"11.1":0,"11.5":0,"11.6":0.00611,"12":0,"12.1":0.003055,"15":0.003055,"16":0,"17":0.003055,"18":0,"19":0.00611,"20":0,"21":0.00611,"22":0,"23":0,"24":0,"25":0,"26":0,"27":0,"28":0.003055,"29":0.003055,"30":0.009165,"31":0.00611,"32":0,"33":0.003055,"34":0.4277,"35":0.534625,"36":0},"safari":{"3.1":0,"3.2":0,"4":0.003055,"5":0.00611,"5.1":0.03666,"6":0,"6.1":0.00611,"7":0.01833,"7.1":0,"8":0.064155,"9":0.34827,"9.1":0.003055},"android":{"2.1":0,"2.2":0,"2.3":0.0400604074816,"3":0,"4":0.346609612558,"4.1":0.729796118904,"4.2-4.3":1.63725143621,"4.4":3.29714571142,"4.4.3-4.4.4":1.77136671343,"47":null},"ios_saf":{"3.2":0,"4.0-4.1":0,"4.2-4.3":0,"5.0-5.1":0,"6.0-6.1":0,"7.0-7.1":0.103024359436,"8":0.00699382074501,"8.1-8.4":0.284594705701,"9.0-9.2":2.21946211412,"9.3":null},"op_mob":{"10":0,"11":0,"11.1":0,"11.5":0,"12":0.00122435132819,"12.1":0.00122435132819,"0":0.0526471071123},"ie":{"5.5":0,"6":0.00305884760705,"7":0.00917654282116,"8":0.244707808564,"9":0.348708627204,"10":0.235531265743,"11":1.58448306045},"bb":{"7":0.03298875,"10":null},"ie_mob":{"10":0.116581601942,"11":0.515413398058},"edge":{"12":0.106925,"13":0.192465,"14":0},"and_uc":{"0":25.77984},"op_mini":{"5.0-8.0":21.3771741902},"and_chr":{"0":12.1763},"and_ff":{"0":0.01389}},"total":98.2460399024}