{"id":"DK","name":"Denmark","month":"2016-02","access_date":"2016-03-03","data":{"firefox":{"2":0,"3":0,"3.5":0,"3.6":0.007746,"4":0,"5":0,"6":0.015492,"7":0,"8":0,"9":0,"10":0,"11":0.007746,"12":0.046476,"13":0,"14":0.007746,"15":0,"16":0.015492,"17":0,"18":0,"19":0.007746,"20":0.007746,"21":0.03873,"22":0.007746,"23":0.007746,"24":0.015492,"25":0.007746,"26":0.007746,"27":0.007746,"28":0.007746,"29":0.015492,"30":0.007746,"31":0.030984,"32":0.007746,"33":0.007746,"34":0.007746,"35":0.085206,"36":0.07746,"37":0.046476,"38":0.108444,"39":0.07746,"40":0.046476,"41":0.054222,"42":0.108444,"43":1.804818,"44":4.546902,"45":0.046476,"46":0.007746,"47":0},"chrome":{"4":0,"5":0,"6":0,"7":0,"8":0,"9":0,"10":0,"11":0.015492,"12":0,"13":0,"14":0,"15":0,"16":0,"17":0,"18":0,"19":0,"20":0,"21":0.007746,"22":0.023238,"23":0,"24":0,"25":0,"26":0.023238,"27":0.015492,"28":0.007746,"29":0.023238,"30":0.007746,"31":0.054222,"32":0.023238,"33":0.03873,"34":0.03873,"35":0.061968,"36":0.03873,"37":0.030984,"38":0.054222,"39":0.092952,"40":0.03873,"41":0.371808,"42":0.23238,"43":0.147174,"44":0.185904,"45":0.185904,"46":0.224634,"47":1.23936,"48":30.031242,"49":0.100698,"50":0.054222,"51":0},"opera":{"9":0,"9.5-9.6":0,"10.0-10.1":0,"10.5":0,"10.6":0,"11":0,"11.1":0,"11.5":0,"11.6":0.007746,"12":0.007746,"12.1":0.046476,"15":0,"16":0,"17":0,"18":0,"19":0,"20":0,"21":0,"22":0,"23":0,"24":0,"25":0.007746,"26":0,"27":0,"28":0.061968,"29":0.007746,"30":0.007746,"31":0,"32":0,"33":0.007746,"34":0.131682,"35":0.364062,"36":0},"safari":{"3.1":0,"3.2":0,"4":0.015492,"5":0.108444,"5.1":0.15492,"6":0.030984,"6.1":0.19365,"7":0.15492,"7.1":0.07746,"8":0.828822,"9":5.367978,"9.1":0.03873},"android":{"2.1":0,"2.2":0,"2.3":0.00756828545981,"3":0,"4":0.0654821220218,"4.1":0.137874417724,"4.2-4.3":0.309312536183,"4.4":0.622902798931,"4.4.3-4.4.4":0.334649839679,"47":null},"ios_saf":{"3.2":0,"4.0-4.1":0,"4.2-4.3":0,"5.0-5.1":0,"6.0-6.1":0,"7.0-7.1":0.942821381148,"8":0.0640035402346,"8.1-8.4":2.60445175262,"9.0-9.2":20.311277326,"9.3":null},"op_mob":{"10":0,"11":0,"11.1":0,"11.5":0,"12":3.21908026278e-6,"12.1":3.21908026278e-6,"0":0.0001384204513},"ie":{"5.5":0,"6":0.0155189582367,"7":0.00775947911833,"8":0.256062810905,"9":0.69835312065,"10":0.853542703016,"11":11.5305859698},"bb":{"7":0.007889,"10":null},"ie_mob":{"10":0.106025533981,"11":0.468744466019},"edge":{"12":0.604188,"13":2.331546,"14":0},"and_uc":{"0":0.076636},"op_mini":{"5.0-8.0":0.0562051413882},"and_chr":{"0":7.864826},"and_ff":{"0":0.031556}},"total":98.6062380418}