{"id":"EE","name":"Estonia","month":"2016-02","access_date":"2016-03-03","data":{"firefox":{"2":0,"3":0.008356,"3.5":0.008356,"3.6":0.04178,"4":0.016712,"5":0.008356,"6":0.016712,"7":0,"8":0,"9":0,"10":0.008356,"11":0.008356,"12":0.016712,"13":0.008356,"14":0,"15":0.008356,"16":0.025068,"17":0.066848,"18":0.008356,"19":0.008356,"20":0.016712,"21":0.008356,"22":0.008356,"23":0.008356,"24":0.050136,"25":0.008356,"26":0.008356,"27":0,"28":0.025068,"29":0.058492,"30":0.016712,"31":0.050136,"32":0.016712,"33":0.050136,"34":0.058492,"35":0.050136,"36":0.04178,"37":0.08356,"38":0.384376,"39":0.225612,"40":0.133696,"41":0.142052,"42":0.300816,"43":3.743488,"44":9.44228,"45":0.116984,"46":0.008356,"47":0.016712},"chrome":{"4":0,"5":0,"6":0.008356,"7":0,"8":0.008356,"9":0,"10":0.008356,"11":0.025068,"12":0.008356,"13":0.008356,"14":0,"15":0,"16":0,"17":0.008356,"18":0.008356,"19":0,"20":0,"21":0.04178,"22":0.04178,"23":0.008356,"24":0.008356,"25":0.008356,"26":0.025068,"27":0.008356,"28":0.008356,"29":0.025068,"30":0.008356,"31":0.066848,"32":0.016712,"33":0.025068,"34":0.050136,"35":0.04178,"36":0.025068,"37":0.04178,"38":0.058492,"39":0.108628,"40":0.066848,"41":0.058492,"42":0.033424,"43":0.2089,"44":0.225612,"45":0.300816,"46":0.242324,"47":1.788184,"48":41.019604,"49":0.183832,"50":0.192188,"51":0},"opera":{"9":0,"9.5-9.6":0.008356,"10.0-10.1":0,"10.5":0,"10.6":0.008356,"11":0.008356,"11.1":0,"11.5":0.008356,"11.6":0.008356,"12":0.016712,"12.1":0.367664,"15":0.008356,"16":0,"17":0,"18":0,"19":0,"20":0,"21":0,"22":0,"23":0,"24":0,"25":0,"26":0,"27":0.008356,"28":0.025068,"29":0.008356,"30":0.008356,"31":0.016712,"32":0.008356,"33":0.016712,"34":0.434512,"35":1.8801,"36":0.025068},"safari":{"3.1":0,"3.2":0,"4":0.016712,"5":0.04178,"5.1":0.116984,"6":0.025068,"6.1":0.100272,"7":0.058492,"7.1":0.066848,"8":0.442868,"9":3.00816,"9.1":0.033424},"android":{"2.1":0,"2.2":0,"2.3":0.0117777617457,"3":0,"4":0.10190324293,"4.1":0.214560094411,"4.2-4.3":0.481352001781,"4.4":0.969360999332,"4.4.3-4.4.4":0.5207818998,"47":null},"ios_saf":{"3.2":0,"4.0-4.1":0,"4.2-4.3":0,"5.0-5.1":0,"6.0-6.1":0,"7.0-7.1":0.228912139946,"8":0.0155397275159,"8.1-8.4":0.632347373534,"9.0-9.2":4.931472759,"9.3":null},"op_mob":{"10":0,"11":0,"11.1":0,"11.5":0,"12":1.53083119109e-5,"12.1":1.53083119109e-5,"0":0.000658257412168},"ie":{"5.5":0,"6":0.00837978368121,"7":0.0167595673624,"8":0.452508318786,"9":0.268153077799,"10":0.418989184061,"11":7.61722336622},"bb":{"7":0.002466,"10":null},"ie_mob":{"10":0.0655046213592,"11":0.289599378641},"edge":{"12":0.309172,"13":0.87738,"14":0},"and_uc":{"0":0.701988},"op_mini":{"5.0-8.0":0.267283125964},"and_chr":{"0":10.904584},"and_ff":{"0":0.019728}},"total":97.4605192979}