{"id":"ER","name":"Eritrea","month":"2016-02","access_date":"2016-03-03","data":{"firefox":{"2":0.108975,"3":0.225215,"3.5":0.108975,"3.6":0.56667,"4":2.346595,"5":0.47949,"6":0.04359,"7":0.05812,"8":0.27607,"9":0.079915,"10":0.094445,"11":0.138035,"12":0.21795,"13":0.4359,"14":0.13077,"15":0.225215,"16":0.123505,"17":1.329495,"18":0.4359,"19":0.82821,"20":0.079915,"21":1.155135,"22":0.39231,"23":0.62479,"24":0.21795,"25":0.07265,"26":0.53761,"27":0.385045,"28":0.326925,"29":0.26154,"30":3.73421,"31":0.55214,"32":2.855145,"33":1.736335,"34":0.544875,"35":7.265,"36":1.90343,"37":0.40684,"38":0.62479,"39":0.646585,"40":3.53079,"41":0.879065,"42":1.111545,"43":7.8462,"44":3.523525,"45":1.54018,"46":0,"47":0},"chrome":{"4":0,"5":0,"6":0,"7":0,"8":0,"9":0.02906,"10":0.01453,"11":0.01453,"12":0.01453,"13":0,"14":0.01453,"15":0,"16":0,"17":0,"18":0,"19":0,"20":0,"21":0,"22":0,"23":0,"24":0.021795,"25":0.457695,"26":0,"27":0.021795,"28":0.007265,"29":0.05812,"30":0,"31":0.167095,"32":0,"33":0.02906,"34":0.007265,"35":0.07265,"36":0,"37":0,"38":0.007265,"39":0.04359,"40":0.021795,"41":0,"42":0.01453,"43":0.167095,"44":4.889345,"45":0.210685,"46":0.01453,"47":0.254275,"48":8.73253,"49":0,"50":0,"51":0},"opera":{"9":0,"9.5-9.6":0,"10.0-10.1":0.007265,"10.5":0,"10.6":0.01453,"11":0,"11.1":0,"11.5":0,"11.6":0.24701,"12":0.10171,"12.1":0,"15":0.007265,"16":0,"17":0.01453,"18":0,"19":0,"20":0,"21":0,"22":0,"23":0,"24":0,"25":0,"26":0,"27":0,"28":0,"29":0,"30":0,"31":0,"32":0,"33":0,"34":0.10171,"35":0.07265,"36":0},"safari":{"3.1":0,"3.2":0,"4":0.007265,"5":0,"5.1":0,"6":0,"6.1":0,"7":0,"7.1":0.01453,"8":0.021795,"9":0.10171,"9.1":0},"android":{"2.1":0,"2.2":0,"2.3":0.0322640425295,"3":0,"4":0.279154107103,"4.1":0.58776668782,"4.2-4.3":1.31861739034,"4.4":2.65547097862,"4.4.3-4.4.4":1.42663179359,"47":null},"ios_saf":{"3.2":0,"4.0-4.1":0,"4.2-4.3":0,"5.0-5.1":0,"6.0-6.1":0,"7.0-7.1":0.0496175751183,"8":0.00336829491665,"8.1-8.4":0.137063693147,"9.0-9.2":1.06891543682,"9.3":null},"op_mob":{"10":0,"11":0,"11.1":0,"11.5":0,"12":5.54655812625e-5,"12.1":5.54655812625e-5,"0":0.00238501999429},"ie":{"5.5":0,"6":0.04359,"7":0.01453,"8":0.602995,"9":0.10171,"10":0.34872,"11":1.649155},"bb":{"7":0.00615375,"10":null},"ie_mob":{"10":0.0580191747573,"11":0.256505825243},"edge":{"12":0.108975,"13":0.23248,"14":0},"and_uc":{"0":10.997435},"op_mini":{"5.0-8.0":0.968429048843},"and_chr":{"0":8.03809},"and_ff":{"0":0.090255}},"total":98.08350375}