{"id":"FJ","name":"Fiji","month":"2016-02","access_date":"2016-03-03","data":{"firefox":{"2":0.005664,"3":0.011328,"3.5":0.005664,"3.6":0.022656,"4":0.385152,"5":0.011328,"6":0.022656,"7":0.005664,"8":0.005664,"9":0.016992,"10":0.039648,"11":0.033984,"12":0.062304,"13":0.124608,"14":0.039648,"15":0.073632,"16":0.090624,"17":0.016992,"18":0.045312,"19":0.022656,"20":0.022656,"21":0.033984,"22":0.005664,"23":0.011328,"24":0.022656,"25":0.033984,"26":0.016992,"27":0.02832,"28":0.016992,"29":0.045312,"30":0.045312,"31":0.050976,"32":0.062304,"33":0.135936,"34":0.033984,"35":0.130272,"36":0.090624,"37":0.11328,"38":0.475776,"39":0.164256,"40":0.215232,"41":0.33984,"42":0.300192,"43":3.806208,"44":4.978656,"45":0.753312,"46":0.005664,"47":0.005664},"chrome":{"4":0,"5":0,"6":0,"7":0,"8":0,"9":0,"10":0,"11":0.039648,"12":0.005664,"13":0,"14":0.005664,"15":0,"16":0.005664,"17":0.005664,"18":0.022656,"19":0,"20":0.005664,"21":0.005664,"22":0.005664,"23":0,"24":0.005664,"25":0.005664,"26":0.005664,"27":0.011328,"28":0.005664,"29":0.011328,"30":0.005664,"31":0.130272,"32":0.045312,"33":0.045312,"34":0.022656,"35":0.039648,"36":0.016992,"37":0.005664,"38":0.011328,"39":0.118944,"40":0.073632,"41":0.02832,"42":0.039648,"43":0.82128,"44":0.158592,"45":0.266208,"46":0.124608,"47":0.48144,"48":22.706976,"49":0.096288,"50":0.158592,"51":0},"opera":{"9":0,"9.5-9.6":0,"10.0-10.1":0,"10.5":0,"10.6":0,"11":0,"11.1":0,"11.5":0.005664,"11.6":0,"12":0,"12.1":0.016992,"15":0,"16":0,"17":0,"18":0,"19":0,"20":0,"21":0,"22":0,"23":0,"24":0,"25":0,"26":0,"27":0,"28":0.016992,"29":0.005664,"30":0.011328,"31":0,"32":0.005664,"33":0.011328,"34":0.164256,"35":0.266208,"36":0},"safari":{"3.1":0,"3.2":0,"4":0.005664,"5":0.073632,"5.1":0.118944,"6":0.016992,"6.1":0.062304,"7":0.118944,"7.1":0.062304,"8":0.351168,"9":0.838272,"9.1":0},"android":{"2.1":0,"2.2":0,"2.3":0.0523648185259,"3":0,"4":0.453069516811,"4.1":0.953950389668,"4.2-4.3":2.14012736584,"4.4":4.30985223781,"4.4.3-4.4.4":2.31543567134,"47":null},"ios_saf":{"3.2":0,"4.0-4.1":0,"4.2-4.3":0,"5.0-5.1":0,"6.0-6.1":0,"7.0-7.1":0.237457792962,"8":0.0161198501749,"8.1-8.4":0.655953903272,"9.0-9.2":5.11557245359,"9.3":null},"op_mob":{"10":0,"11":0,"11.1":0,"11.5":0,"12":0.000119887117966,"12.1":0.000119887117966,"0":0.00515514607255},"ie":{"5.5":0,"6":0.0794586584615,"7":0.0227024738462,"8":0.51648128,"9":0.385942055385,"10":0.749181636923,"11":3.77428627692},"bb":{"7":0.030352,"10":null},"ie_mob":{"10":0.485505708738,"11":2.14644629126},"edge":{"12":0.209568,"13":0.351168,"14":0},"and_uc":{"0":4.947376},"op_mini":{"5.0-8.0":2.09322907969},"and_chr":{"0":25.478544},"and_ff":{"0":0.060704}},"total":98.2707563815}