{"id":"FM","name":"Micronesia","month":"2016-02","access_date":"2016-03-03","data":{"firefox":{"2":0,"3":0.007748,"3.5":0.054236,"3.6":0.015496,"4":0.007748,"5":0,"6":0.007748,"7":0,"8":0,"9":0,"10":0.100724,"11":0.015496,"12":0.015496,"13":0.023244,"14":0.092976,"15":0,"16":0.046488,"17":0,"18":0.007748,"19":0.015496,"20":0.007748,"21":1.309412,"22":0.201448,"23":0.209196,"24":0.294424,"25":0.216944,"26":0.11622,"27":0.139464,"28":0.108472,"29":0.147212,"30":0.007748,"31":0.170456,"32":0,"33":0.07748,"34":0.007748,"35":0.023244,"36":0.061984,"37":1.169948,"38":0.674076,"39":0.34866,"40":0.069732,"41":0.03874,"42":0.263432,"43":2.409628,"44":3.618316,"45":0.364156,"46":0,"47":0},"chrome":{"4":0,"5":0,"6":0,"7":0,"8":0,"9":0,"10":0,"11":0.023244,"12":0,"13":0,"14":0,"15":0,"16":0,"17":0,"18":0.007748,"19":0.023244,"20":0,"21":0,"22":0,"23":0,"24":0,"25":0,"26":2.920996,"27":0.418392,"28":0.185952,"29":0.162708,"30":0.100724,"31":0.178204,"32":0.185952,"33":0.07748,"34":0.170456,"35":0.209196,"36":0.27118,"37":0.1937,"38":0.03874,"39":0.046488,"40":0.03874,"41":2.215928,"42":0.069732,"43":2.161692,"44":0.007748,"45":0.449384,"46":0.11622,"47":0.666328,"48":20.57094,"49":0.123968,"50":0.054236,"51":0},"opera":{"9":0,"9.5-9.6":0,"10.0-10.1":0,"10.5":0,"10.6":0,"11":0,"11.1":0,"11.5":0.015496,"11.6":0.178204,"12":0.364156,"12.1":0.356408,"15":0,"16":0,"17":0,"18":0,"19":0,"20":0,"21":0,"22":0,"23":0,"24":0,"25":0,"26":0,"27":0,"28":2.01448,"29":0.015496,"30":0,"31":0,"32":0,"33":0.007748,"34":0.100724,"35":0.201448,"36":0},"safari":{"3.1":0,"3.2":0,"4":0.030992,"5":0.209196,"5.1":0.410644,"6":0.069732,"6.1":0.108472,"7":0.046488,"7.1":0.123968,"8":1.293916,"9":1.441128,"9.1":0},"android":{"2.1":0,"2.2":0,"2.3":0.0268613573814,"3":0,"4":0.232409135605,"4.1":0.489343858383,"4.2-4.3":1.09781199733,"4.4":2.210806501,"4.4.3-4.4.4":1.1877391503,"47":null},"ios_saf":{"3.2":0,"4.0-4.1":0,"4.2-4.3":0,"5.0-5.1":0,"6.0-6.1":0,"7.0-7.1":0.387623903272,"8":0.0263138942169,"8.1-8.4":1.07077308006,"9.0-9.2":8.35061312245,"9.3":null},"op_mob":{"10":0,"11":0,"11.1":0,"11.5":0,"12":2.54724935733e-5,"12.1":2.54724935733e-5,"0":0.00109531722365},"ie":{"5.5":0,"6":0.00775623379384,"7":0.0387811689692,"8":0.356786754516,"9":0.783379613177,"10":1.30304727736,"11":12.1074809522},"bb":{"7":0.255039,"10":null},"ie_mob":{"10":0.26835968932,"11":1.18643231068},"edge":{"12":0.937508,"13":0.433888,"14":0},"and_uc":{"0":2.299292},"op_mini":{"5.0-8.0":0.444749737789},"and_chr":{"0":11.20114},"and_ff":{"0":0.119356}},"total":97.968987}