{"id":"GG","name":"Guernsey","month":"2016-02","access_date":"2016-03-03","data":{"firefox":{"2":0.03194,"3":0,"3.5":0,"3.6":0,"4":0,"5":0,"6":0,"7":0.007985,"8":0,"9":0,"10":0,"11":0.06388,"12":0,"13":0,"14":0.01597,"15":0,"16":0,"17":0,"18":0,"19":0,"20":0.04791,"21":0,"22":0,"23":0,"24":0.01597,"25":0,"26":0,"27":0.007985,"28":0.023955,"29":0.007985,"30":0.07985,"31":0.007985,"32":0.039925,"33":0.007985,"34":0.007985,"35":0.01597,"36":0.023955,"37":0.055895,"38":0.087835,"39":0.087835,"40":0.01597,"41":0.03194,"42":0.14373,"43":2.10804,"44":4.703165,"45":0.03194,"46":0,"47":0},"chrome":{"4":0,"5":0,"6":0,"7":0,"8":0,"9":0,"10":0,"11":0.01597,"12":0,"13":0,"14":0,"15":0,"16":0,"17":0,"18":0,"19":0,"20":0,"21":0,"22":0.06388,"23":0,"24":0,"25":0,"26":0.01597,"27":0,"28":0.007985,"29":0,"30":0,"31":0.007985,"32":0.01597,"33":0.023955,"34":0,"35":0.007985,"36":0.01597,"37":0,"38":0.023955,"39":0.04791,"40":0,"41":0.023955,"42":0.03194,"43":0.055895,"44":0.07985,"45":0.09582,"46":0.103805,"47":1.253645,"48":21.934795,"49":0.07985,"50":0.01597,"51":0},"opera":{"9":0,"9.5-9.6":0,"10.0-10.1":0,"10.5":0,"10.6":0,"11":0,"11.1":0,"11.5":0,"11.6":0,"12":0,"12.1":0,"15":0,"16":0,"17":0,"18":0,"19":0,"20":0,"21":0,"22":0,"23":0,"24":0,"25":0,"26":0,"27":0,"28":0,"29":0,"30":0.007985,"31":0,"32":0,"33":0.007985,"34":0.03194,"35":0.1597,"36":0},"safari":{"3.1":0,"3.2":0.007985,"4":0.11179,"5":0.1597,"5.1":0.487085,"6":0.071865,"6.1":0.311415,"7":0.183655,"7.1":0.07985,"8":0.742605,"9":5.038535,"9.1":0.01597},"android":{"2.1":0,"2.2":0,"2.3":0.0134737697617,"3":0,"4":0.116577399243,"4.1":0.245456936094,"4.2-4.3":0.550667112002,"4.4":1.108949833,"4.4.3-4.4.4":0.5957749499,"47":null},"ios_saf":{"3.2":0,"4.0-4.1":0,"4.2-4.3":0,"5.0-5.1":0,"6.0-6.1":0,"7.0-7.1":1.23378259518,"8":0.0837554764355,"8.1-8.4":3.40820361803,"9.0-9.2":26.5794783104,"9.3":null},"op_mob":{"10":0,"11":0,"11.1":0,"11.5":0,"12":3.45329905741e-7,"12.1":3.45329905741e-7,"0":1.48491859469e-5},"ie":{"5.5":0,"6":0.007985,"7":0.04791,"8":0.70268,"9":0.998125,"10":0.55895,"11":12.72809},"bb":{"7":0.0594425,"10":null},"ie_mob":{"10":0.124890873786,"11":0.552149126214},"edge":{"12":0.86238,"13":2.147965,"14":0},"and_uc":{"0":0},"op_mini":{"5.0-8.0":0.00602946015424},"and_chr":{"0":6.466235},"and_ff":{"0":0.006045}},"total":98.2197225}