{"id":"GI","name":"Gibraltar","month":"2016-02","access_date":"2016-03-03","data":{"firefox":{"2":0,"3":0.038725,"3.5":0,"3.6":0.100685,"4":0.03098,"5":0.007745,"6":0.01549,"7":0,"8":0,"9":0,"10":0,"11":0.023235,"12":0,"13":0,"14":0.007745,"15":0,"16":0.007745,"17":0.007745,"18":0,"19":0,"20":0.007745,"21":0,"22":0,"23":0.01549,"24":0.023235,"25":0.04647,"26":0.07745,"27":0.51117,"28":0.487935,"29":0.43372,"30":0.116175,"31":0.518915,"32":0.04647,"33":0.472445,"34":0.04647,"35":0.038725,"36":0.441465,"37":0.782245,"38":5.51444,"39":0.720285,"40":0.57313,"41":0.58862,"42":0.71254,"43":2.362225,"44":2.60232,"45":0.038725,"46":0.023235,"47":0},"chrome":{"4":0,"5":0,"6":0,"7":0,"8":0,"9":0,"10":0.038725,"11":0.03098,"12":0.01549,"13":0.03098,"14":0.038725,"15":0.054215,"16":0.03098,"17":0.03098,"18":0.038725,"19":0.023235,"20":0.01549,"21":0.04647,"22":0.03098,"23":0.038725,"24":0.023235,"25":0,"26":0.007745,"27":0.007745,"28":0.007745,"29":0,"30":0.01549,"31":0.06196,"32":0.43372,"33":0.41823,"34":0.456955,"35":0.456955,"36":0.44921,"37":0.55764,"38":0.48019,"39":0.43372,"40":0.43372,"41":0.38725,"42":0.441465,"43":0.54215,"44":0.6196,"45":0.642835,"46":0.302055,"47":1.98272,"48":22.452755,"49":0.116175,"50":0.09294,"51":0},"opera":{"9":0,"9.5-9.6":0,"10.0-10.1":0.038725,"10.5":0,"10.6":0.023235,"11":0.085195,"11.1":0.01549,"11.5":0.07745,"11.6":0.10843,"12":0.10843,"12.1":0.069705,"15":0,"16":0,"17":0,"18":0,"19":0,"20":0,"21":0,"22":0.01549,"23":0,"24":0.01549,"25":0,"26":0.007745,"27":0.100685,"28":0,"29":0.023235,"30":0,"31":0,"32":0.03098,"33":0.01549,"34":0.286565,"35":0.085195,"36":0},"safari":{"3.1":0,"3.2":0,"4":0.023235,"5":0.038725,"5.1":0.23235,"6":0.01549,"6.1":0.224605,"7":0.054215,"7.1":0.04647,"8":0.859695,"9":2.548105,"9.1":0.007745},"android":{"2.1":0,"2.2":0,"2.3":0.0119561077711,"3":0,"4":0.103446323759,"4.1":0.217809093743,"4.2-4.3":0.488640926297,"4.4":0.984039652639,"4.4.3-4.4.4":0.528667895792,"47":null},"ios_saf":{"3.2":0,"4.0-4.1":0,"4.2-4.3":0,"5.0-5.1":0,"6.0-6.1":0,"7.0-7.1":0.888325502161,"8":0.0603040810866,"8.1-8.4":2.45391222268,"9.0-9.2":19.1372681941,"9.3":null},"op_mob":{"10":0,"11":0,"11.1":0,"11.5":0,"12":2.31876606684e-6,"12.1":2.31876606684e-6,"0":9.9706940874e-5},"ie":{"5.5":0,"6":0,"7":0.023235,"8":0.209115,"9":0.38725,"10":0.580875,"11":6.3509},"bb":{"7":0.00732875,"10":null},"ie_mob":{"10":0.0399332038835,"11":0.176546796117},"edge":{"12":0.3098,"13":1.0843,"14":0},"and_uc":{"0":0.254815},"op_mini":{"5.0-8.0":0.040485655527},"and_chr":{"0":8.637485},"and_ff":{"0":0.00902}},"total":97.87437875}