{"id":"GQ","name":"Equatorial Guinea","month":"2016-02","access_date":"2016-03-03","data":{"firefox":{"2":0.004113,"3":0.419526,"3.5":0.045243,"3.6":0.024678,"4":0.394848,"5":0,"6":0.074034,"7":0,"8":0.069921,"9":0.020565,"10":0.008226,"11":0.028791,"12":0.069921,"13":0.016452,"14":0.008226,"15":0.156294,"16":0.217989,"17":0.061695,"18":0,"19":0.016452,"20":0.008226,"21":0.061695,"22":0.004113,"23":0.016452,"24":0.172746,"25":0.049356,"26":0,"27":0,"28":0.008226,"29":0.12339,"30":1.719234,"31":1.365516,"32":0.012339,"33":0.814374,"34":0.185085,"35":0.086373,"36":0.049356,"37":0.032904,"38":0.300249,"39":0.04113,"40":0.283797,"41":0.267345,"42":0.135729,"43":2.969586,"44":3.903237,"45":0.16452,"46":0.008226,"47":0},"chrome":{"4":0,"5":0.012339,"6":0,"7":0,"8":0.004113,"9":0.008226,"10":0,"11":0.090486,"12":0,"13":0.008226,"14":0,"15":0,"16":0.008226,"17":0,"18":0,"19":0,"20":0,"21":0,"22":0.004113,"23":0,"24":0,"25":0.053469,"26":0.016452,"27":0.012339,"28":0.012339,"29":0.004113,"30":0.004113,"31":0.04113,"32":0.012339,"33":0.004113,"34":0.024678,"35":0.403074,"36":0.016452,"37":0.08226,"38":0.004113,"39":0.028791,"40":0.139842,"41":0.045243,"42":0.028791,"43":0.444204,"44":0.217989,"45":0.267345,"46":0.24678,"47":0.719775,"48":10.512828,"49":0.004113,"50":0.012339,"51":0},"opera":{"9":0,"9.5-9.6":0.008226,"10.0-10.1":0,"10.5":0,"10.6":0,"11":0,"11.1":0,"11.5":0,"11.6":0.024678,"12":0,"12.1":0.024678,"15":0,"16":0.004113,"17":0,"18":0.028791,"19":0.004113,"20":0,"21":0,"22":0,"23":0,"24":0,"25":0,"26":0,"27":0.024678,"28":0.012339,"29":0.004113,"30":0.004113,"31":0,"32":0.037017,"33":0.037017,"34":0.172746,"35":0.386622,"36":0},"safari":{"3.1":0,"3.2":0,"4":0,"5":0.008226,"5.1":0.053469,"6":0.069921,"6.1":0.004113,"7":0.242667,"7.1":0.004113,"8":0.061695,"9":2.809179,"9.1":0.004113},"android":{"2.1":0,"2.2":0,"2.3":0.0417830362948,"3":0,"4":0.361514096638,"4.1":0.761177922066,"4.2-4.3":1.70765452683,"4.4":3.43892555244,"4.4.3-4.4.4":1.84753686573,"47":null},"ios_saf":{"3.2":0,"4.0-4.1":0,"4.2-4.3":0,"5.0-5.1":0,"6.0-6.1":0,"7.0-7.1":0.10511663192,"8":0.00713585490842,"8.1-8.4":0.290374403581,"9.0-9.2":2.26453610959,"9.3":null},"op_mob":{"10":0,"11":0,"11.1":0,"11.5":0,"12":0.00131225786918,"12.1":0.00131225786918,"0":0.0564270883748},"ie":{"5.5":0,"6":0.00412087931034,"7":0.00824175862069,"8":0.890109931034,"9":0.23489012069,"10":1.12087917241,"11":4.16208810345},"bb":{"7":0.0382655,"10":null},"ie_mob":{"10":0.15311915534,"11":0.67694784466},"edge":{"12":0.090486,"13":0.111051,"14":0},"and_uc":{"0":12.168429},"op_mini":{"5.0-8.0":22.9120223959},"and_chr":{"0":12.508137},"and_ff":{"0":0.05887}},"total":97.9681354655}