{"id":"GT","name":"Guatemala","month":"2016-02","access_date":"2016-03-03","data":{"firefox":{"2":0,"3":0.055755,"3.5":0.01239,"3.6":0.02478,"4":0.006195,"5":0.01239,"6":0.01239,"7":0.006195,"8":0,"9":0.006195,"10":0.006195,"11":0.01239,"12":0.02478,"13":0.01239,"14":0.01239,"15":0.006195,"16":0.018585,"17":0.006195,"18":0.01239,"19":0.006195,"20":0.01239,"21":0.03717,"22":0.01239,"23":0.01239,"24":0.01239,"25":0.018585,"26":0.006195,"27":0.01239,"28":0.01239,"29":0.01239,"30":0.018585,"31":0.02478,"32":0.02478,"33":0.030975,"34":0.030975,"35":0.03717,"36":0.03717,"37":0.09912,"38":0.105315,"39":0.11151,"40":0.117705,"41":0.092925,"42":0.16107,"43":2.06913,"44":3.921435,"45":0.030975,"46":0.01239,"47":0},"chrome":{"4":0,"5":0,"6":0,"7":0,"8":0,"9":0,"10":0.006195,"11":0.02478,"12":0.006195,"13":0,"14":0,"15":0,"16":0,"17":0,"18":0.030975,"19":0,"20":0,"21":0.018585,"22":0.030975,"23":0.006195,"24":0.006195,"25":0.006195,"26":0.030975,"27":0.018585,"28":0.018585,"29":0.030975,"30":0.01239,"31":0.02478,"32":0.02478,"33":0.02478,"34":0.055755,"35":0.04956,"36":0.055755,"37":0.055755,"38":0.08673,"39":0.142485,"40":0.09912,"41":0.105315,"42":0.068145,"43":0.192045,"44":0.291165,"45":0.26019,"46":0.328335,"47":1.16466,"48":35.961975,"49":0.092925,"50":0.04956,"51":0},"opera":{"9":0,"9.5-9.6":0,"10.0-10.1":0,"10.5":0,"10.6":0,"11":0,"11.1":0,"11.5":0,"11.6":0.006195,"12":0.006195,"12.1":0.018585,"15":0,"16":0,"17":0,"18":0,"19":0,"20":0,"21":0,"22":0,"23":0,"24":0,"25":0,"26":0,"27":0.006195,"28":0.043365,"29":0.02478,"30":0.018585,"31":0.006195,"32":0.006195,"33":0.01239,"34":0.19824,"35":0.59472,"36":0.006195},"safari":{"3.1":0,"3.2":0,"4":0.018585,"5":0.06195,"5.1":0.142485,"6":0.068145,"6.1":0.080535,"7":0.11151,"7.1":0.068145,"8":0.576135,"9":2.174445,"9.1":0.006195},"android":{"2.1":0,"2.2":0,"2.3":0.0378036829214,"3":0,"4":0.327084039189,"4.1":0.688684484525,"4.2-4.3":1.54502008461,"4.4":3.11140746827,"4.4.3-4.4.4":1.67158024048,"47":null},"ios_saf":{"3.2":0,"4.0-4.1":0,"4.2-4.3":0,"5.0-5.1":0,"6.0-6.1":0,"7.0-7.1":0.209613086026,"8":0.014229608973,"8.1-8.4":0.579035626672,"9.0-9.2":4.51571167833,"9.3":null},"op_mob":{"10":0,"11":0,"11.1":0,"11.5":0,"12":0.000384521279634,"12.1":0.000384521279634,"0":0.0165344150243},"ie":{"5.5":0,"6":0.0187353640777,"7":0.0187353640777,"8":0.505854830097,"9":0.218579247573,"10":0.524590194175,"11":2.53551927184},"bb":{"7":0.1046375,"10":null},"ie_mob":{"10":0.181088446602,"11":0.800601553398},"edge":{"12":0.28497,"13":0.377895,"14":0},"and_uc":{"0":1.746495},"op_mini":{"5.0-8.0":6.71374154242},"and_chr":{"0":20.65718},"and_ff":{"0":0.019025}},"total":98.3913867718}