{"id":"GY","name":"Guyana","month":"2016-02","access_date":"2016-03-03","data":{"firefox":{"2":0,"3":0.01692,"3.5":0,"3.6":0.01128,"4":0,"5":0,"6":0.00564,"7":0,"8":0.01128,"9":0,"10":0,"11":0.00564,"12":0.01692,"13":0.00564,"14":0.01128,"15":0.00564,"16":0,"17":0.00564,"18":0.00564,"19":0.00564,"20":0,"21":0.05076,"22":0.01128,"23":0.00564,"24":0.01692,"25":0.00564,"26":0.00564,"27":0.01128,"28":0.00564,"29":0.02256,"30":0.05076,"31":0.01692,"32":0.01128,"33":0.00564,"34":0.02256,"35":0.0564,"36":0.02256,"37":0.07332,"38":0.06768,"39":0.12972,"40":0.06204,"41":0.07896,"42":0.12408,"43":1.75968,"44":3.79008,"45":0.46812,"46":0.0282,"47":0.01692},"chrome":{"4":0.00564,"5":0.00564,"6":0,"7":0,"8":0.00564,"9":0.00564,"10":0.00564,"11":0.06768,"12":0.0282,"13":0.00564,"14":0,"15":0,"16":0.00564,"17":0,"18":0.02256,"19":0,"20":0.0282,"21":0.0282,"22":0.10716,"23":0,"24":0,"25":0.00564,"26":0.01692,"27":0.01692,"28":0.01128,"29":0.04512,"30":0.00564,"31":0.15792,"32":0.01692,"33":0.0846,"34":0.05076,"35":0.04512,"36":0.07332,"37":0.02256,"38":0.0564,"39":0.06768,"40":0.06768,"41":0.10152,"42":0.18048,"43":0.54144,"44":0.23124,"45":0.95316,"46":0.14664,"47":0.88548,"48":23.83464,"49":0.29892,"50":0.21432,"51":0},"opera":{"9":0,"9.5-9.6":0,"10.0-10.1":0,"10.5":0,"10.6":0,"11":0,"11.1":0,"11.5":0,"11.6":0.00564,"12":0.00564,"12.1":0.0564,"15":0,"16":0,"17":0,"18":0,"19":0,"20":0.00564,"21":0,"22":0,"23":0,"24":0,"25":0,"26":0,"27":0.141,"28":0.0564,"29":0.23124,"30":0.01128,"31":0.00564,"32":0.00564,"33":0.03384,"34":0.29328,"35":1.0434,"36":0},"safari":{"3.1":0,"3.2":0,"4":0.01128,"5":0.01128,"5.1":0.06204,"6":0.00564,"6.1":0.01692,"7":0.01692,"7.1":0.0282,"8":0.06204,"9":0.3948,"9.1":0},"android":{"2.1":0,"2.2":0,"2.3":0.0567343576041,"3":0,"4":0.490875528835,"4.1":1.03355199287,"4.2-4.3":2.31870852817,"4.4":4.66948430194,"4.4.3-4.4.4":2.50864529058,"47":null},"ios_saf":{"3.2":0,"4.0-4.1":0,"4.2-4.3":0,"5.0-5.1":0,"6.0-6.1":0,"7.0-7.1":0.213716995267,"8":0.014508203334,"8.1-8.4":0.59037227413,"9.0-9.2":4.60412252727,"9.3":null},"op_mob":{"10":0,"11":0,"11.1":0,"11.5":0,"12":0.000131758926021,"12.1":0.000131758926021,"0":0.00566563381891},"ie":{"5.5":0,"6":0,"7":0.0342063779528,"8":0.610013740157,"9":0.279352086614,"10":0.592910551181,"11":4.27579724409},"bb":{"7":0.9047,"10":null},"ie_mob":{"10":0.181765436893,"11":0.803594563107},"edge":{"12":0.564,"13":0.93624,"14":0},"and_uc":{"0":3.53596},"op_mini":{"5.0-8.0":2.30051084833},"and_chr":{"0":25.9342},"and_ff":{"0":0.03924}},"total":95.48454}