{"id":"HR","name":"Croatia","month":"2016-02","access_date":"2016-03-03","data":{"firefox":{"2":0,"3":0.007748,"3.5":0,"3.6":0.030992,"4":0.007748,"5":0,"6":0.007748,"7":0.007748,"8":0,"9":0.007748,"10":0.007748,"11":0.007748,"12":0.030992,"13":0.007748,"14":0.007748,"15":0.007748,"16":0.015496,"17":0.007748,"18":0.007748,"19":0.007748,"20":0.030992,"21":0.007748,"22":0.007748,"23":0.007748,"24":0.007748,"25":0.007748,"26":0.015496,"27":0.007748,"28":0.030992,"29":0.015496,"30":0.023244,"31":0.023244,"32":0.030992,"33":0.046488,"34":0.03874,"35":0.085228,"36":0.07748,"37":0.092976,"38":0.201448,"39":0.185952,"40":0.108472,"41":0.472628,"42":0.216944,"43":4.14518,"44":10.560524,"45":0.147212,"46":0.015496,"47":0.023244},"chrome":{"4":0,"5":0,"6":0,"7":0,"8":0,"9":0,"10":0,"11":0.03874,"12":0.007748,"13":0,"14":0,"15":0,"16":0,"17":0,"18":0.015496,"19":0,"20":0,"21":0.007748,"22":0.11622,"23":0,"24":0,"25":0.007748,"26":0.108472,"27":0.007748,"28":0.007748,"29":0.03874,"30":0.015496,"31":0.069732,"32":0.023244,"33":0.054236,"34":0.131716,"35":0.046488,"36":0.069732,"37":0.085228,"38":0.092976,"39":0.162708,"40":0.069732,"41":0.170456,"42":0.147212,"43":0.286676,"44":0.224692,"45":0.247936,"46":0.23244,"47":1.04598,"48":41.033408,"49":0.123968,"50":0.139464,"51":0},"opera":{"9":0,"9.5-9.6":0,"10.0-10.1":0,"10.5":0,"10.6":0,"11":0,"11.1":0,"11.5":0,"11.6":0.007748,"12":0.007748,"12.1":0.178204,"15":0,"16":0,"17":0.007748,"18":0.007748,"19":0,"20":0.007748,"21":0.007748,"22":0,"23":0,"24":0,"25":0,"26":0.007748,"27":0,"28":0.03874,"29":0.007748,"30":0.015496,"31":0.007748,"32":0.015496,"33":0.015496,"34":0.356408,"35":1.619332,"36":0.007748},"safari":{"3.1":0,"3.2":0,"4":0.015496,"5":0.069732,"5.1":0.069732,"6":0.007748,"6.1":0.03874,"7":0.061984,"7.1":0.007748,"8":0.11622,"9":0.635336,"9.1":0.007748},"android":{"2.1":0,"2.2":0,"2.3":0.0218281523046,"3":0,"4":0.18886096994,"4.1":0.397651991984,"4.2-4.3":0.892107094188,"4.4":1.79655183968,"4.4.3-4.4.4":0.965183951904,"47":null},"ios_saf":{"3.2":0,"4.0-4.1":0,"4.2-4.3":0,"5.0-5.1":0,"6.0-6.1":0,"7.0-7.1":0.203504870549,"8":0.0138149520477,"8.1-8.4":0.562162279481,"9.0-9.2":4.38412189792,"9.3":null},"op_mob":{"10":0,"11":0,"11.1":0,"11.5":0,"12":2.10984290203e-5,"12.1":2.10984290203e-5,"0":0.000907232447872},"ie":{"5.5":0,"6":0.015558483871,"7":0.0233377258065,"8":0.404520580645,"9":0.32672816129,"10":0.334507403226,"11":4.67532440323},"bb":{"7":0.00563,"10":null},"ie_mob":{"10":0.228895029126,"11":1.01195697087},"edge":{"12":0.263432,"13":0.73606,"14":0},"and_uc":{"0":0.085576},"op_mini":{"5.0-8.0":0.368378570694},"and_chr":{"0":14.962272},"and_ff":{"0":0.018016}},"total":97.8771547581}