{"id":"JO","name":"Jordan","month":"2016-02","access_date":"2016-03-03","data":{"firefox":{"2":0,"3":0.009646,"3.5":0.004823,"3.6":0.024115,"4":0.004823,"5":0.004823,"6":0.014469,"7":0.004823,"8":0.004823,"9":0.004823,"10":0.014469,"11":0.014469,"12":0.024115,"13":0.009646,"14":0.014469,"15":0.014469,"16":0.043407,"17":0.009646,"18":0.004823,"19":0.009646,"20":0.009646,"21":0.081991,"22":0.014469,"23":0.028938,"24":0.019292,"25":0.019292,"26":0.004823,"27":0.014469,"28":0.014469,"29":0.028938,"30":0.009646,"31":0.038584,"32":0.014469,"33":0.033761,"34":0.028938,"35":0.019292,"36":0.028938,"37":0.101283,"38":0.067522,"39":0.067522,"40":0.057876,"41":0.091637,"42":0.149513,"43":1.519245,"44":2.739464,"45":0.197743,"46":0.004823,"47":0.004823},"chrome":{"4":0.009646,"5":0.009646,"6":0.009646,"7":0.004823,"8":0.019292,"9":0.009646,"10":0.014469,"11":0.033761,"12":0.009646,"13":0.019292,"14":0.009646,"15":0.009646,"16":0.004823,"17":0.004823,"18":0.014469,"19":0.004823,"20":0.009646,"21":0.009646,"22":0.019292,"23":0.014469,"24":0.009646,"25":0.019292,"26":0.024115,"27":0.072345,"28":0.028938,"29":0.04823,"30":0.101283,"31":0.04823,"32":0.024115,"33":0.120575,"34":0.028938,"35":0.038584,"36":0.04823,"37":0.043407,"38":0.081991,"39":0.053053,"40":0.057876,"41":0.173628,"42":0.062699,"43":0.501592,"44":0.352079,"45":0.472654,"46":0.274911,"47":1.200927,"48":27.476631,"49":0.130221,"50":0.130221,"51":0},"opera":{"9":0,"9.5-9.6":0,"10.0-10.1":0,"10.5":0,"10.6":0,"11":0,"11.1":0,"11.5":0.004823,"11.6":0.024115,"12":0.019292,"12.1":0.04823,"15":0.004823,"16":0,"17":0,"18":0,"19":0.004823,"20":0,"21":0,"22":0,"23":0,"24":0,"25":0,"26":0,"27":0,"28":0.125398,"29":0.004823,"30":0.009646,"31":0.004823,"32":0.009646,"33":0.009646,"34":0.207389,"35":0.53053,"36":0.009646},"safari":{"3.1":0,"3.2":0,"4":0.009646,"5":0.028938,"5.1":0.04823,"6":0.033761,"6.1":0.019292,"7":0.019292,"7.1":0.009646,"8":0.139867,"9":0.622167,"9.1":0.009646},"android":{"2.1":0,"2.2":0,"2.3":0.0544088020485,"3":0,"4":0.470754417724,"4.1":0.991186437319,"4.2-4.3":2.22366408372,"4.4":4.4780809686,"4.4.3-4.4.4":2.40581529058,"47":null},"ios_saf":{"3.2":0,"4.0-4.1":0,"4.2-4.3":0,"5.0-5.1":0,"6.0-6.1":0,"7.0-7.1":0.270127046615,"8":0.0183376062976,"8.1-8.4":0.746199517802,"9.0-9.2":5.81936882929,"9.3":null},"op_mob":{"10":0,"11":0,"11.1":0,"11.5":0,"12":0.000130423136247,"12.1":0.000130423136247,"0":0.00560819485861},"ie":{"5.5":0,"6":0.0293432941176,"7":0.0195621960784,"8":0.816721686275,"9":0.322776235294,"10":0.24452745098,"11":2.05403058824},"bb":{"7":0.02459075,"10":null},"ie_mob":{"10":0.232060281553,"11":1.02595071845},"edge":{"12":0.159159,"13":0.467831,"14":0},"and_uc":{"0":1.594516},"op_mini":{"5.0-8.0":2.27718795887},"and_chr":{"0":31.637437},"and_ff":{"0":0.05177}},"total":97.912708201}