{"id":"JP","name":"Japan","month":"2016-02","access_date":"2016-03-03","data":{"firefox":{"2":0,"3":0.006534,"3.5":0.006534,"3.6":0.026136,"4":0,"5":0.006534,"6":0.006534,"7":0,"8":0,"9":0,"10":0.013068,"11":0.006534,"12":0.026136,"13":0.006534,"14":0.006534,"15":0.006534,"16":0.045738,"17":0.006534,"18":0.006534,"19":0.006534,"20":0.006534,"21":0.039204,"22":0.013068,"23":0.013068,"24":0.026136,"25":0.013068,"26":0.006534,"27":0.006534,"28":0.026136,"29":0.019602,"30":0.013068,"31":0.058806,"32":0.013068,"33":0.052272,"34":0.03267,"35":0.071874,"36":0.039204,"37":0.071874,"38":0.176418,"39":0.091476,"40":0.071874,"41":0.091476,"42":0.143748,"43":2.391444,"44":6.128892,"45":0.071874,"46":0.026136,"47":0.006534},"chrome":{"4":0,"5":0,"6":0,"7":0,"8":0,"9":0,"10":0,"11":0.026136,"12":0,"13":0,"14":0,"15":0,"16":0,"17":0.052272,"18":0.006534,"19":0,"20":0,"21":0.013068,"22":0.006534,"23":0,"24":0,"25":0,"26":0,"27":0.026136,"28":0.013068,"29":0.019602,"30":0.006534,"31":0.137214,"32":0.019602,"33":0.019602,"34":0.019602,"35":0.026136,"36":0.026136,"37":0.019602,"38":0.019602,"39":0.03267,"40":0.026136,"41":0.091476,"42":0.071874,"43":0.071874,"44":0.071874,"45":0.176418,"46":0.137214,"47":0.829818,"48":19.053144,"49":0.084942,"50":0.071874,"51":0},"opera":{"9":0,"9.5-9.6":0,"10.0-10.1":0,"10.5":0,"10.6":0.006534,"11":0,"11.1":0.006534,"11.5":0,"11.6":0.013068,"12":0.013068,"12.1":0.241758,"15":0,"16":0,"17":0,"18":0,"19":0,"20":0,"21":0,"22":0,"23":0,"24":0,"25":0.006534,"26":0,"27":0,"28":0.058806,"29":0.006534,"30":0.013068,"31":0,"32":0.006534,"33":0.006534,"34":0.111078,"35":0.39204,"36":0.006534},"safari":{"3.1":0,"3.2":0,"4":0.06534,"5":0.19602,"5.1":0.542322,"6":0.104544,"6.1":0.35937,"7":0.176418,"7.1":0.117612,"8":0.463914,"9":2.378376,"9.1":0.006534},"android":{"2.1":0,"2.2":0,"2.3":0.02578799332,"3":0,"4":0.223122203073,"4.1":0.469789965264,"4.2-4.3":1.05394407482,"4.4":2.12246397194,"4.4.3-4.4.4":1.14027779158,"47":null},"ios_saf":{"3.2":0,"4.0-4.1":0,"4.2-4.3":0,"5.0-5.1":0,"6.0-6.1":0,"7.0-7.1":1.00749580634,"8":0.0683939711875,"8.1-8.4":2.78310851986,"9.0-9.2":21.7045637026,"9.3":null},"op_mob":{"10":0,"11":0,"11.1":0,"11.5":0,"12":2.77200799771e-6,"12.1":2.77200799771e-6,"0":0.000119196343902},"ie":{"5.5":0,"6":0.0459410717213,"7":0.0721931127049,"8":0.695679086066,"9":1.12227475205,"10":0.557855870902,"11":16.7028610758},"bb":{"7":0.0043325,"10":null},"ie_mob":{"10":0.00575423300971,"11":0.0254397669903},"edge":{"12":0.280962,"13":1.254528,"14":0},"and_uc":{"0":0.162902},"op_mini":{"5.0-8.0":0.0483992596401},"and_chr":{"0":9.752582},"and_ff":{"0":0.024262}},"total":97.7363514693}