{"id":"KG","name":"Kyrgyzstan","month":"2016-02","access_date":"2016-03-03","data":{"firefox":{"2":0,"3":0.013068,"3.5":0.013068,"3.6":0.06534,"4":0.006534,"5":0,"6":0.006534,"7":0.006534,"8":0.006534,"9":0.019602,"10":0.006534,"11":0.006534,"12":0.013068,"13":0,"14":0,"15":0.006534,"16":0.03267,"17":0.013068,"18":0,"19":0.006534,"20":0,"21":0.006534,"22":0.006534,"23":0.006534,"24":0.006534,"25":0,"26":0.013068,"27":0.006534,"28":0.006534,"29":0.006534,"30":0.006534,"31":0.026136,"32":0.019602,"33":0.013068,"34":0.006534,"35":0.06534,"36":0.026136,"37":0.019602,"38":0.300564,"39":0.045738,"40":0.019602,"41":0.143748,"42":0.09801,"43":1.123848,"44":2.535192,"45":0.03267,"46":0,"47":0},"chrome":{"4":0.013068,"5":0.006534,"6":0.006534,"7":0,"8":0.03267,"9":0.006534,"10":0.026136,"11":0.052272,"12":0.084942,"13":0.267894,"14":0.019602,"15":0.013068,"16":0.013068,"17":0.03267,"18":0.019602,"19":0.013068,"20":0.013068,"21":0.019602,"22":0.026136,"23":0.006534,"24":0.019602,"25":0.013068,"26":0.013068,"27":0.019602,"28":0.019602,"29":0.06534,"30":0.006534,"31":0.117612,"32":0.006534,"33":0.026136,"34":0.006534,"35":0.019602,"36":0.019602,"37":0.019602,"38":0.019602,"39":0.35937,"40":0.084942,"41":0.026136,"42":0.039204,"43":0.150282,"44":0.169884,"45":0.431244,"46":0.267894,"47":1.620432,"48":38.165094,"49":0.143748,"50":0.640332,"51":0},"opera":{"9":0,"9.5-9.6":0.019602,"10.0-10.1":0.006534,"10.5":0.006534,"10.6":0.006534,"11":0.006534,"11.1":0.006534,"11.5":0.039204,"11.6":0.045738,"12":0.052272,"12.1":0.673002,"15":0.006534,"16":0.006534,"17":0,"18":0.019602,"19":0.006534,"20":0.026136,"21":0.006534,"22":0.006534,"23":0,"24":0.026136,"25":0.006534,"26":0.013068,"27":0.013068,"28":0.013068,"29":0.026136,"30":0.019602,"31":0.019602,"32":0.026136,"33":0.06534,"34":0.901692,"35":3.78972,"36":0.013068},"safari":{"3.1":0,"3.2":0,"4":0.006534,"5":0.013068,"5.1":0.026136,"6":0.013068,"6.1":0.045738,"7":0.013068,"7.1":0.006534,"8":0.058806,"9":0.614196,"9.1":0},"android":{"2.1":0,"2.2":0,"2.3":0.0269912144289,"3":0,"4":0.233532681363,"4.1":0.49170951503,"4.2-4.3":1.1031191984,"4.4":2.2214943006,"4.4.3-4.4.4":1.19348109018,"47":null},"ios_saf":{"3.2":0,"4.0-4.1":0,"4.2-4.3":0,"5.0-5.1":0,"6.0-6.1":0,"7.0-7.1":0.194558876518,"8":0.0132076521918,"8.1-8.4":0.537449846882,"9.0-9.2":4.19139762441,"9.3":null},"op_mob":{"10":0,"11":0,"11.1":0,"11.5":0,"12":0.000476983376178,"12.1":0.000476983376178,"0":0.0205102851757},"ie":{"5.5":0,"6":0.0201128013029,"7":0.0268170684039,"8":0.48270723127,"9":0.187719478827,"10":0.194423745928,"11":1.11290833876},"bb":{"7":0.0077985,"10":null},"ie_mob":{"10":0.0824773398058,"11":0.364636660194},"edge":{"12":0.352836,"13":0.300564,"14":0},"and_uc":{"0":5.351504},"op_mini":{"5.0-8.0":8.32812974807},"and_chr":{"0":13.26203},"and_ff":{"0":0.003466}},"total":94.9046411645}