{"id":"KI","name":"Kiribati","month":"2016-02","access_date":"2016-03-03","data":{"firefox":{"2":0,"3":0,"3.5":0,"3.6":0,"4":1.792287,"5":0,"6":0,"7":0,"8":0.167751,"9":0,"10":0.238383,"11":0.026487,"12":0.070632,"13":0.141264,"14":0,"15":0.026487,"16":0,"17":0.114777,"18":0,"19":0,"20":0,"21":0,"22":0,"23":1.509759,"24":0.026487,"25":0.097119,"26":0,"27":0.026487,"28":0,"29":0.026487,"30":0,"31":0.238383,"32":1.253718,"33":0.167751,"34":0.141264,"35":0.185409,"36":0,"37":0.238383,"38":0.61803,"39":0.688662,"40":0.070632,"41":0,"42":0.326673,"43":9.049725,"44":5.835969,"45":3.593403,"46":0,"47":0},"chrome":{"4":0,"5":0,"6":0,"7":0,"8":0,"9":0.044145,"10":0,"11":0,"12":0.026487,"13":0,"14":0,"15":0,"16":0,"17":0,"18":0,"19":0,"20":0,"21":0,"22":0.070632,"23":0,"24":0,"25":0.141264,"26":0,"27":0,"28":0,"29":0,"30":0,"31":0.256041,"32":0.141264,"33":0.256041,"34":0,"35":0.026487,"36":0.141264,"37":0,"38":0,"39":0,"40":1.130112,"41":0.070632,"42":1.297863,"43":0.61803,"44":1.200744,"45":5.835969,"46":0.114777,"47":2.074815,"48":18.496755,"49":0.044145,"50":0.141264,"51":0},"opera":{"9":0,"9.5-9.6":0,"10.0-10.1":0,"10.5":0,"10.6":0,"11":0,"11.1":0,"11.5":0,"11.6":0,"12":0.044145,"12.1":0,"15":0,"16":0,"17":0,"18":0,"19":0,"20":0,"21":0,"22":0,"23":0,"24":0,"25":0,"26":0,"27":0,"28":0,"29":0,"30":0,"31":0,"32":0,"33":4.697028,"34":0.141264,"35":0.211896,"36":0},"safari":{"3.1":0,"3.2":0,"4":0,"5":0,"5.1":0.211896,"6":0,"6.1":0,"7":0.044145,"7.1":0,"8":0.026487,"9":0.423792,"9.1":0},"android":{"2.1":0,"2.2":0,"2.3":0.0146771240258,"3":0,"4":0.126989029615,"4.1":0.267378911601,"4.2-4.3":0.599847677577,"4.4":1.20799112091,"4.4.3-4.4.4":0.648984136273,"47":null},"ios_saf":{"3.2":0,"4.0-4.1":0,"4.2-4.3":0,"5.0-5.1":0,"6.0-6.1":0,"7.0-7.1":0.105626063696,"8":0.00717043774439,"8.1-8.4":0.291781658983,"9.0-9.2":2.27551083958,"9.3":null},"op_mob":{"10":0,"11":0,"11.1":0,"11.5":0,"12":6.95709797201e-6,"12.1":6.95709797201e-6,"0":0.000299155212796},"ie":{"5.5":0,"6":0.114987086028,"7":0.0707612837096,"8":1.79556757413,"9":0.0972967651007,"10":1.51252243929,"11":10.9060828517},"bb":{"7":0.3764765,"10":null},"ie_mob":{"10":0.286860893204,"11":1.2682271068},"edge":{"12":1.748142,"13":1.509759,"14":0},"and_uc":{"0":0.631169},"op_mini":{"5.0-8.0":0.121470930591},"and_chr":{"0":5.183034},"and_ff":{"0":0}},"total":95.7704205}