{"id":"KP","name":"North Korea","month":"2016-02","access_date":"2016-03-03","data":{"firefox":{"2":0.28878,"3":0,"3.5":0,"3.6":0,"4":0,"5":0,"6":0,"7":0,"8":0,"9":0.038504,"10":0.038504,"11":0,"12":0.750828,"13":0,"14":0,"15":0,"16":0,"17":0.086634,"18":0,"19":0,"20":0,"21":0,"22":0,"23":0,"24":2.329492,"25":0,"26":0,"27":0,"28":0.211772,"29":0,"30":0,"31":0,"32":0,"33":0,"34":0.125138,"35":0,"36":0,"37":2.002208,"38":0,"39":0.789332,"40":0.837462,"41":0,"42":0.086634,"43":10.001414,"44":17.336426,"45":0.500552,"46":0,"47":0},"chrome":{"4":0,"5":0,"6":0,"7":0,"8":0,"9":0,"10":0,"11":0,"12":0,"13":0,"14":0,"15":0.125138,"16":0,"17":0,"18":0,"19":0,"20":0,"21":0,"22":1.501656,"23":0,"24":0,"25":0.62569,"26":0,"27":0.33691,"28":2.16585,"29":0,"30":0,"31":6.49755,"32":0,"33":0.28878,"34":0,"35":0.086634,"36":0.250276,"37":0.211772,"38":0,"39":0.125138,"40":0.086634,"41":0.086634,"42":0.086634,"43":1.415022,"44":0,"45":0.33691,"46":0.038504,"47":1.126242,"48":30.41816,"49":0.038504,"50":0,"51":0},"opera":{"9":0,"9.5-9.6":0,"10.0-10.1":0,"10.5":0,"10.6":0,"11":0,"11.1":0,"11.5":0,"11.6":0,"12":0,"12.1":0.038504,"15":0.086634,"16":0,"17":0,"18":0,"19":0,"20":0,"21":0,"22":0,"23":0,"24":0,"25":0,"26":0,"27":0,"28":0,"29":0,"30":0,"31":0,"32":0,"33":0,"34":0.250276,"35":0.375414,"36":0},"safari":{"3.1":0,"3.2":0,"4":0,"5":0,"5.1":0,"6":0,"6.1":0.038504,"7":0,"7.1":0,"8":0,"9":0.875966,"9.1":0},"android":{"2.1":0,"2.2":0,"2.3":0.00489955822757,"3":0,"4":0.042391829882,"4.1":0.08925716945,"4.2-4.3":0.200242814518,"4.4":0.403254944556,"4.4.3-4.4.4":0.216645683367,"47":null},"ios_saf":{"3.2":0,"4.0-4.1":0,"4.2-4.3":0,"5.0-5.1":0,"6.0-6.1":0,"7.0-7.1":0.221038214859,"8":0.0150052051863,"8.1-8.4":0.610596426425,"9.0-9.2":4.76184415353,"9.3":null},"op_mob":{"10":0,"11":0,"11.1":0,"11.5":0,"12":2.4783776064e-6,"12.1":2.4783776064e-6,"0":0.000106570237075},"ie":{"5.5":0,"6":0.0446724317032,"7":0,"8":1.64171186509,"9":0.145185403035,"10":0.871112418212,"11":3.92000588196},"bb":{"7":0.010846,"10":null},"ie_mob":{"10":0.00800287378641,"11":0.0353811262136},"edge":{"12":0.125138,"13":1.039608,"14":0},"and_uc":{"0":0},"op_mini":{"5.0-8.0":0.0432724730077},"and_chr":{"0":1.043834},"and_ff":{"0":0}},"total":98.431674}