{"id":"KW","name":"Kuwait","month":"2016-02","access_date":"2016-03-03","data":{"firefox":{"2":0,"3":0.009768,"3.5":0.003256,"3.6":0.019536,"4":0.003256,"5":0.003256,"6":0.019536,"7":0,"8":0,"9":0,"10":0.019536,"11":0.013024,"12":0.01628,"13":0.003256,"14":0.006512,"15":0.003256,"16":0.006512,"17":0.003256,"18":0.003256,"19":0.003256,"20":0.009768,"21":0.026048,"22":0.006512,"23":0.006512,"24":0.009768,"25":0.006512,"26":0.003256,"27":0.006512,"28":0.022792,"29":0.009768,"30":0.003256,"31":0.013024,"32":0.013024,"33":0.013024,"34":0.019536,"35":0.01628,"36":0.009768,"37":0.039072,"38":0.055352,"39":0.071632,"40":0.039072,"41":0.039072,"42":0.058608,"43":0.807488,"44":1.59544,"45":0.11396,"46":0,"47":0},"chrome":{"4":0.003256,"5":0.003256,"6":0,"7":0,"8":0,"9":0,"10":0.003256,"11":0.019536,"12":0.013024,"13":0.009768,"14":0.003256,"15":0.009768,"16":0.003256,"17":0,"18":0.003256,"19":0.003256,"20":0.003256,"21":0.006512,"22":0.013024,"23":0.003256,"24":0.006512,"25":0.003256,"26":0.006512,"27":0.013024,"28":0.009768,"29":0.01628,"30":0.009768,"31":0.078144,"32":0.009768,"33":0.052096,"34":0.035816,"35":0.026048,"36":0.01628,"37":0.013024,"38":0.026048,"39":0.042328,"40":0.01628,"41":0.045584,"42":0.04884,"43":0.338624,"44":0.13024,"45":0.1628,"46":0.126984,"47":0.576312,"48":13.36588,"49":0.06512,"50":0.123728,"51":0},"opera":{"9":0,"9.5-9.6":0,"10.0-10.1":0.006512,"10.5":0,"10.6":0,"11":0.003256,"11.1":0,"11.5":0.003256,"11.6":0.009768,"12":0.019536,"12.1":0.039072,"15":0.003256,"16":0,"17":0,"18":0,"19":0,"20":0,"21":0,"22":0,"23":0,"24":0.003256,"25":0,"26":0,"27":0.003256,"28":0.03256,"29":0.003256,"30":0.006512,"31":0.003256,"32":0.006512,"33":0.006512,"34":0.120472,"35":0.328856,"36":0.003256},"safari":{"3.1":0,"3.2":0,"4":0.003256,"5":0.035816,"5.1":0.071632,"6":0.029304,"6.1":0.035816,"7":0.055352,"7.1":0.029304,"8":0.270248,"9":1.048432,"9.1":0.003256},"android":{"2.1":0,"2.2":0,"2.3":0.0260361433979,"3":0,"4":0.225269240704,"4.1":0.474310612336,"4.2-4.3":1.06408586061,"4.4":2.14288780227,"4.4.3-4.4.4":1.15125034068,"47":null},"ios_saf":{"3.2":0,"4.0-4.1":0,"4.2-4.3":0,"5.0-5.1":0,"6.0-6.1":0,"7.0-7.1":0.708628665157,"8":0.0481053401935,"8.1-8.4":1.9575173048,"9.0-9.2":15.2660446899,"9.3":null},"op_mob":{"10":0,"11":0,"11.1":0,"11.5":0,"12":0.000471559897172,"12.1":0.000471559897172,"0":0.0202770755784},"ie":{"5.5":0,"6":0.0065289915199,"7":0.0228514703196,"8":0.545170791911,"9":0.505996842792,"10":0.450500414873,"11":3.47015899282},"bb":{"7":0.021918,"10":null},"ie_mob":{"10":0.0671780970874,"11":0.296997902913},"edge":{"12":0.1628,"13":0.426536,"14":0},"and_uc":{"0":17.93904},"op_mini":{"5.0-8.0":8.23343580463},"and_chr":{"0":20.806512},"and_ff":{"0":0.026976}},"total":96.8705415042}