{"id":"LA","name":"Lao","month":"2016-02","access_date":"2016-03-03","data":{"firefox":{"2":0,"3":0.009741,"3.5":0.006494,"3.6":0.029223,"4":0.016235,"5":0.006494,"6":0.016235,"7":0.009741,"8":0.006494,"9":0.012988,"10":0.012988,"11":0.019482,"12":0.045458,"13":0.042211,"14":0.016235,"15":0.019482,"16":0.016235,"17":0.009741,"18":0.025976,"19":0.006494,"20":0.009741,"21":0.016235,"22":0.009741,"23":0.009741,"24":0.009741,"25":0.006494,"26":0.022729,"27":0.009741,"28":0.009741,"29":0.068187,"30":0.042211,"31":0.016235,"32":0.012988,"33":0.029223,"34":0.045458,"35":0.250019,"36":0.035717,"37":0.03247,"38":0.094163,"39":0.103904,"40":0.06494,"41":0.081175,"42":0.126633,"43":1.633241,"44":2.610588,"45":0.506532,"46":0.006494,"47":0.003247},"chrome":{"4":0.003247,"5":0.006494,"6":0,"7":0,"8":0.009741,"9":0.003247,"10":0.003247,"11":0.077928,"12":0.038964,"13":0.019482,"14":0.003247,"15":0.025976,"16":0.003247,"17":0.006494,"18":0.016235,"19":0.003247,"20":0.03247,"21":0.003247,"22":0.009741,"23":0.003247,"24":0,"25":0.016235,"26":0.009741,"27":0.006494,"28":0.009741,"29":0.003247,"30":0.012988,"31":0.100657,"32":0.006494,"33":0.12988,"34":0.016235,"35":0.019482,"36":0.022729,"37":0.022729,"38":0.029223,"39":0.042211,"40":0.149362,"41":0.016235,"42":0.051952,"43":3.143096,"44":0.116892,"45":0.272748,"46":0.233784,"47":0.610436,"48":10.458587,"49":0.081175,"50":0.214302,"51":0},"opera":{"9":0,"9.5-9.6":0,"10.0-10.1":0,"10.5":0,"10.6":0,"11":0.003247,"11.1":0,"11.5":0,"11.6":0,"12":0.003247,"12.1":0.006494,"15":0,"16":0,"17":0,"18":0,"19":0,"20":0,"21":0,"22":0.003247,"23":0,"24":0,"25":0,"26":0,"27":0.003247,"28":0,"29":0.006494,"30":0.003247,"31":0,"32":0.022729,"33":0.016235,"34":0.110398,"35":0.253266,"36":0},"safari":{"3.1":0,"3.2":0,"4":0,"5":0.009741,"5.1":0.061693,"6":0.009741,"6.1":0.019482,"7":0.022729,"7.1":0.012988,"8":0.103904,"9":0.474062,"9.1":0.003247},"android":{"2.1":0,"2.2":0,"2.3":0.0639270429748,"3":0,"4":0.553107893565,"4.1":1.1645839568,"4.2-4.3":2.61267045202,"4.4":5.26147358049,"4.4.3-4.4.4":2.82668707415,"47":null},"ios_saf":{"3.2":0,"4.0-4.1":0,"4.2-4.3":0,"5.0-5.1":0,"6.0-6.1":0,"7.0-7.1":0.760038000823,"8":0.0515952689854,"8.1-8.4":2.09953056102,"9.0-9.2":16.3735601692,"9.3":null},"op_mob":{"10":0,"11":0,"11.1":0,"11.5":0,"12":0.000203303684662,"12.1":0.000203303684662,"0":0.00874205844045},"ie":{"5.5":0,"6":0.00327067193196,"7":0.00327067193196,"8":0.595262291616,"9":0.349961896719,"10":0.186428300122,"11":1.54375715188},"bb":{"7":0.0033765,"10":null},"ie_mob":{"10":0.525684990291,"11":2.32408100971},"edge":{"12":0.107151,"13":0.198067,"14":0},"and_uc":{"0":3.349488},"op_mini":{"5.0-8.0":3.54968233419},"and_chr":{"0":29.571729},"and_ff":{"0":0.033765}},"total":97.5321684842}