{"id":"LC","name":"Saint Lucia","month":"2016-02","access_date":"2016-03-03","data":{"firefox":{"2":0,"3":0.020178,"3.5":0.047082,"3.6":0.040356,"4":0.006726,"5":0,"6":0.006726,"7":0,"8":0,"9":0,"10":0,"11":0.060534,"12":0,"13":0,"14":0.020178,"15":0,"16":0,"17":0,"18":0,"19":0,"20":0,"21":0.013452,"22":0,"23":0.006726,"24":0.006726,"25":0,"26":0,"27":0,"28":0.013452,"29":0.006726,"30":0,"31":0.013452,"32":0,"33":0.040356,"34":0,"35":0.006726,"36":0.047082,"37":0.026904,"38":0.094164,"39":0.040356,"40":0.026904,"41":0.040356,"42":0.13452,"43":1.661322,"44":3.652218,"45":0.114342,"46":0,"47":0},"chrome":{"4":0,"5":0,"6":0,"7":0,"8":0,"9":0,"10":0,"11":0.03363,"12":0,"13":0,"14":0.006726,"15":0.013452,"16":0,"17":0,"18":0.006726,"19":0,"20":0,"21":0,"22":0.147972,"23":0,"24":0,"25":0,"26":0,"27":0.040356,"28":0.03363,"29":0.013452,"30":0.020178,"31":0.047082,"32":0.03363,"33":0.047082,"34":0.020178,"35":0.073986,"36":0.040356,"37":0.026904,"38":0.013452,"39":0.087438,"40":0.047082,"41":0.060534,"42":0.026904,"43":0.26904,"44":0.282492,"45":0.60534,"46":0.154698,"47":0.94164,"48":30.105576,"49":0.087438,"50":0.289218,"51":0},"opera":{"9":0,"9.5-9.6":0,"10.0-10.1":0,"10.5":0,"10.6":0,"11":0,"11.1":0,"11.5":0,"11.6":0,"12":0,"12.1":0.053808,"15":0,"16":0,"17":0.006726,"18":0,"19":0,"20":0,"21":0,"22":0,"23":0,"24":0,"25":0,"26":0.013452,"27":0.013452,"28":0.013452,"29":0.053808,"30":0,"31":0,"32":0,"33":0.006726,"34":0.228684,"35":0.733134,"36":0.020178},"safari":{"3.1":0,"3.2":0,"4":0,"5":0.013452,"5.1":0.188328,"6":0.020178,"6.1":0.013452,"7":0.03363,"7.1":0.053808,"8":0.23541,"9":1.587336,"9.1":0.006726},"android":{"2.1":0,"2.2":0,"2.3":0.0599472696504,"3":0,"4":0.518674202627,"4.1":1.09208286885,"4.2-4.3":2.45001884658,"4.4":4.93392093253,"4.4.3-4.4.4":2.65071187976,"47":null},"ios_saf":{"3.2":0,"4.0-4.1":0,"4.2-4.3":0,"5.0-5.1":0,"6.0-6.1":0,"7.0-7.1":0.261795200453,"8":0.017771997942,"8.1-8.4":0.723183608561,"9.0-9.2":5.63987519304,"9.3":null},"op_mob":{"10":0,"11":0,"11.1":0,"11.5":0,"12":4.43266495287e-5,"12.1":4.43266495287e-5,"0":0.00190604592973},"ie":{"5.5":0,"6":0,"7":0,"8":0.330640582524,"9":0.620794563107,"10":0.45884815534,"11":6.66679378641},"bb":{"7":0.266831,"10":null},"ie_mob":{"10":0.227686038835,"11":1.00661196117},"edge":{"12":0.760038,"13":1.654596,"14":0.006726},"and_uc":{"0":1.528958},"op_mini":{"5.0-8.0":0.773943300771},"and_chr":{"0":20.630348},"and_ff":{"0":0.036014}},"total":96.3383020874}