{"id":"LI","name":"Liechtenstein","month":"2016-02","access_date":"2016-03-03","data":{"firefox":{"2":0,"3":0,"3.5":0,"3.6":0,"4":0,"5":0,"6":0,"7":0,"8":0,"9":0.071216,"10":0,"11":0,"12":0.035608,"13":0,"14":0,"15":0.017804,"16":0.026706,"17":0,"18":0,"19":0,"20":0,"21":0.017804,"22":0,"23":0,"24":0,"25":0.017804,"26":0.017804,"27":0,"28":0.026706,"29":0.008902,"30":0.160236,"31":0.008902,"32":0.04451,"33":0.080118,"34":0.017804,"35":0.017804,"36":0.026706,"37":0.035608,"38":0.632042,"39":0.097922,"40":0.062314,"41":0.142432,"42":0.320472,"43":3.51629,"44":8.759568,"45":0.053412,"46":0.017804,"47":0},"chrome":{"4":0,"5":0,"6":0,"7":0,"8":0,"9":0,"10":0,"11":0.026706,"12":0,"13":0,"14":0,"15":0,"16":0,"17":0.008902,"18":0,"19":0,"20":0,"21":0,"22":0.008902,"23":0,"24":0,"25":0,"26":0.008902,"27":0,"28":0,"29":0,"30":0,"31":0,"32":0,"33":0.026706,"34":0.008902,"35":0,"36":0.017804,"37":0,"38":0.008902,"39":0.017804,"40":0.008902,"41":0.008902,"42":0,"43":0.017804,"44":0.026706,"45":0.097922,"46":0.13353,"47":0.480708,"48":13.940532,"49":0.008902,"50":0.062314,"51":0},"opera":{"9":0,"9.5-9.6":0,"10.0-10.1":0,"10.5":0,"10.6":0,"11":0,"11.1":0,"11.5":0,"11.6":0,"12":0.026706,"12.1":0.026706,"15":0,"16":0,"17":0,"18":0,"19":0,"20":0,"21":0,"22":0,"23":0,"24":0,"25":0,"26":0,"27":0,"28":0,"29":0,"30":0,"31":0,"32":0,"33":0.017804,"34":0.062314,"35":0.240354,"36":0.008902},"safari":{"3.1":0,"3.2":0,"4":0.008902,"5":0.249256,"5.1":0.516316,"6":0.017804,"6.1":0.551924,"7":0.160236,"7.1":0.04451,"8":0.551924,"9":4.397588,"9.1":0},"android":{"2.1":0,"2.2":0,"2.3":0.0100756695613,"3":0,"4":0.0871764453351,"4.1":0.183552415052,"4.2-4.3":0.411788234246,"4.4":0.829271412158,"4.4.3-4.4.4":0.445519823647,"47":null},"ios_saf":{"3.2":0,"4.0-4.1":0,"4.2-4.3":0,"5.0-5.1":0,"6.0-6.1":0,"7.0-7.1":0.693511397407,"8":0.047079102696,"8.1-8.4":1.91575733278,"9.0-9.2":14.9403721671,"9.3":null},"op_mob":{"10":0,"11":0,"11.1":0,"11.5":0,"12":5.64524421594e-7,"12.1":5.64524421594e-7,"0":2.42745501285e-5},"ie":{"5.5":0,"6":0,"7":0.0267126449366,"8":0.329455954217,"9":0.952751002737,"10":4.28292740483,"11":30.1941929933},"bb":{"7":0.0035685,"10":null},"ie_mob":{"10":0.020862,"11":0.092232},"edge":{"12":0.605336,"13":2.065264,"14":0},"and_uc":{"0":0.007686},"op_mini":{"5.0-8.0":0.00985659640103},"and_chr":{"0":4.196432},"and_ff":{"0":0.013176}},"total":98.3998785}