{"id":"MD","name":"Moldova","month":"2016-02","access_date":"2016-03-03","data":{"firefox":{"2":0,"3":0.01708,"3.5":0.01708,"3.6":0.11102,"4":0.01708,"5":0.00854,"6":0.00854,"7":0,"8":0.00854,"9":0.00854,"10":0.01708,"11":0.01708,"12":0.01708,"13":0.00854,"14":0.00854,"15":0.01708,"16":0.00854,"17":0.02562,"18":0.00854,"19":0.01708,"20":0.01708,"21":0.02562,"22":0.00854,"23":0.01708,"24":0.05978,"25":0.01708,"26":0.02562,"27":0.02562,"28":0.01708,"29":0.01708,"30":0.02562,"31":0.0427,"32":0.03416,"33":0.0427,"34":0.02562,"35":0.05124,"36":0.0427,"37":0.05124,"38":0.3843,"39":0.07686,"40":0.07686,"41":0.11102,"42":0.26474,"43":2.0496,"44":4.42372,"45":0.07686,"46":0.00854,"47":0},"chrome":{"4":0.00854,"5":0.01708,"6":0.00854,"7":0.00854,"8":0.03416,"9":0.00854,"10":0.01708,"11":0.03416,"12":0.05124,"13":0.05124,"14":0.01708,"15":0.01708,"16":0.01708,"17":0.01708,"18":0.05124,"19":0.00854,"20":0.00854,"21":0.01708,"22":0.03416,"23":0.00854,"24":0.02562,"25":0.01708,"26":0.0427,"27":0.03416,"28":0.0427,"29":0.09394,"30":0.01708,"31":0.02562,"32":0.03416,"33":0.0427,"34":0.06832,"35":0.0427,"36":0.07686,"37":0.02562,"38":0.07686,"39":0.27328,"40":0.09394,"41":0.15372,"42":0.09394,"43":0.50386,"44":0.3416,"45":0.56364,"46":0.36722,"47":1.60552,"48":54.63038,"49":0.16226,"50":0.41846,"51":0},"opera":{"9":0,"9.5-9.6":0,"10.0-10.1":0,"10.5":0,"10.6":0.00854,"11":0.00854,"11.1":0.00854,"11.5":0.00854,"11.6":0.03416,"12":0.14518,"12.1":0.39284,"15":0.00854,"16":0.00854,"17":0.00854,"18":0.00854,"19":0.00854,"20":0.01708,"21":0,"22":0,"23":0,"24":0,"25":0.00854,"26":0.00854,"27":0.00854,"28":0.06832,"29":0.01708,"30":0.02562,"31":0.02562,"32":0.0427,"33":0.03416,"34":0.61488,"35":2.33996,"36":0.01708},"safari":{"3.1":0,"3.2":0,"4":0.00854,"5":0.02562,"5.1":0.05124,"6":0.00854,"6.1":0.01708,"7":0.00854,"7.1":0.00854,"8":0.06832,"9":0.54656,"9.1":0.00854},"android":{"2.1":0,"2.2":0,"2.3":0.0149487196615,"3":0,"4":0.129338922289,"4.1":0.272326675573,"4.2-4.3":0.610947673124,"4.4":1.23034462258,"4.4.3-4.4.4":0.660993386774,"47":null},"ios_saf":{"3.2":0,"4.0-4.1":0,"4.2-4.3":0,"5.0-5.1":0,"6.0-6.1":0,"7.0-7.1":0.124923895863,"8":0.00848047334843,"8.1-8.4":0.345090030871,"9.0-9.2":2.69124559992,"9.3":null},"op_mob":{"10":0,"11":0,"11.1":0,"11.5":0,"12":5.78828906027e-5,"12.1":5.78828906027e-5,"0":0.00248896429592},"ie":{"5.5":0,"6":0.0433310344828,"7":0.0693296551724,"8":0.623966896552,"9":0.285984827586,"10":0.285984827586,"11":2.14921931034},"bb":{"7":0.012775,"10":null},"ie_mob":{"10":0.123348737864,"11":0.545331262136},"edge":{"12":0.13664,"13":0.40138,"14":0},"and_uc":{"0":0.40442},"op_mini":{"5.0-8.0":1.01063526992},"and_chr":{"0":9.54622},"and_ff":{"0":0.04526}},"total":95.0738915517}