{"id":"MP","name":"Northern Mariana Islands","month":"2016-02","access_date":"2016-03-03","data":{"firefox":{"2":0,"3":0.015206,"3.5":0,"3.6":0.015206,"4":0,"5":0,"6":0,"7":0,"8":0,"9":0,"10":0,"11":0,"12":0,"13":0,"14":0,"15":0,"16":0.022809,"17":0,"18":0,"19":0,"20":0.007603,"21":0,"22":0,"23":0,"24":0,"25":0,"26":0,"27":0,"28":0.007603,"29":0,"30":0.007603,"31":0,"32":0.038015,"33":0,"34":0.007603,"35":0.015206,"36":0.015206,"37":0,"38":0.053221,"39":0.015206,"40":0.053221,"41":0.030412,"42":0.136854,"43":1.786705,"44":3.170451,"45":0.220487,"46":0.015206,"47":0},"chrome":{"4":0,"5":0,"6":0,"7":0,"8":0,"9":0,"10":0,"11":0.007603,"12":0,"13":0,"14":0,"15":0,"16":0,"17":0,"18":0.007603,"19":0,"20":0.007603,"21":0,"22":0.007603,"23":0,"24":0,"25":0,"26":0,"27":0,"28":0.007603,"29":0.015206,"30":0,"31":0.486592,"32":0,"33":0.007603,"34":0.038015,"35":0,"36":0.038015,"37":0.022809,"38":0.098839,"39":0.038015,"40":0.045618,"41":0.007603,"42":0.083633,"43":0.174869,"44":0.114045,"45":0.517004,"46":0.243296,"47":0.935169,"48":36.349943,"49":0.045618,"50":0.243296,"51":0},"opera":{"9":0,"9.5-9.6":0,"10.0-10.1":0,"10.5":0,"10.6":0,"11":0,"11.1":0,"11.5":0,"11.6":0,"12":0,"12.1":0,"15":0,"16":0,"17":0,"18":0,"19":0,"20":0,"21":0,"22":0,"23":0,"24":0,"25":0,"26":0,"27":0.007603,"28":0,"29":0.022809,"30":0,"31":0,"32":0,"33":0.007603,"34":0.091236,"35":0.212884,"36":0},"safari":{"3.1":0,"3.2":0,"4":0.045618,"5":0.038015,"5.1":0.091236,"6":0.022809,"6.1":0.030412,"7":0.053221,"7.1":0.038015,"8":0.250899,"9":1.026405,"9.1":0.007603},"android":{"2.1":0,"2.2":0,"2.3":0.0326517648631,"3":0,"4":0.282508748163,"4.1":0.594829977288,"4.2-4.3":1.33446343353,"4.4":2.68738221242,"4.4.3-4.4.4":1.44377586373,"47":null},"ios_saf":{"3.2":0,"4.0-4.1":0,"4.2-4.3":0,"5.0-5.1":0,"6.0-6.1":0,"7.0-7.1":0.562896495164,"8":0.0382122947108,"8.1-8.4":1.554946454,"9.0-9.2":12.1265247561,"9.3":null},"op_mob":{"10":0,"11":0,"11.1":0,"11.5":0,"12":3.56023993145e-6,"12.1":3.56023993145e-6,"0":0.000153090317052},"ie":{"5.5":0,"6":0.0766873198847,"7":0.130368443804,"8":1.57209005764,"9":0.291411815562,"10":1.02761008646,"11":7.54603227666},"bb":{"7":0.00059925,"10":null},"ie_mob":{"10":0.0212239223301,"11":0.0938320776699},"edge":{"12":0.250899,"13":1.307716,"14":0},"and_uc":{"0":0.481797},"op_mini":{"5.0-8.0":0.0621617892031},"and_chr":{"0":17.658897},"and_ff":{"0":0.083895}},"total":98.38696725}