{"id":"MV","name":"Maldives","month":"2016-02","access_date":"2016-03-03","data":{"firefox":{"2":0.003968,"3":0.031744,"3.5":0.007936,"3.6":0.023808,"4":0.027776,"5":0.007936,"6":0.007936,"7":0,"8":0.003968,"9":0.003968,"10":0.027776,"11":0.027776,"12":0.047616,"13":0.01984,"14":0.011904,"15":0.031744,"16":0.01984,"17":0.023808,"18":0.007936,"19":0.011904,"20":0.015872,"21":0.011904,"22":0.011904,"23":0.01984,"24":0.007936,"25":0.015872,"26":0.003968,"27":0.003968,"28":0.107136,"29":0.027776,"30":0.0992,"31":0.011904,"32":0.031744,"33":0.123008,"34":0.027776,"35":0.027776,"36":0.027776,"37":0.051584,"38":0.095232,"39":0.075392,"40":0.05952,"41":0.115072,"42":0.186496,"43":1.714176,"44":3.337088,"45":0.781696,"46":0,"47":0.011904},"chrome":{"4":0,"5":0.007936,"6":0.003968,"7":0.003968,"8":0.003968,"9":0.003968,"10":0.007936,"11":0.01984,"12":0.051584,"13":0,"14":0.003968,"15":0.003968,"16":0.01984,"17":0.075392,"18":0.011904,"19":0.015872,"20":0.003968,"21":0.003968,"22":0,"23":0.003968,"24":0.003968,"25":0,"26":0.007936,"27":0.011904,"28":0.027776,"29":0.011904,"30":0.01984,"31":0.134912,"32":0.011904,"33":0.043648,"34":0.031744,"35":0.011904,"36":0.031744,"37":0.011904,"38":0.035712,"39":0.067456,"40":0.055552,"41":0.023808,"42":0.03968,"43":0.154752,"44":0.142848,"45":0.146816,"46":0.154752,"47":0.904704,"48":19.58208,"49":0.07936,"50":0.162688,"51":0},"opera":{"9":0,"9.5-9.6":0,"10.0-10.1":0,"10.5":0,"10.6":0,"11":0,"11.1":0,"11.5":0,"11.6":0,"12":0,"12.1":0.015872,"15":0,"16":0,"17":0,"18":0,"19":0,"20":0,"21":0,"22":0,"23":0,"24":0,"25":0,"26":0.003968,"27":0,"28":0.003968,"29":0.007936,"30":0.007936,"31":0,"32":0.003968,"33":0.007936,"34":0.0992,"35":0.253952,"36":0},"safari":{"3.1":0,"3.2":0,"4":0,"5":0.011904,"5.1":0.043648,"6":0.003968,"6.1":0.035712,"7":0.027776,"7.1":0.015872,"8":0.126976,"9":0.73408,"9.1":0},"android":{"2.1":0,"2.2":0,"2.3":0.0323193480294,"3":0,"4":0.279632619906,"4.1":0.588774209753,"4.2-4.3":1.32087770207,"4.4":2.66002286172,"4.4.3-4.4.4":1.42907725852,"47":null},"ios_saf":{"3.2":0,"4.0-4.1":0,"4.2-4.3":0,"5.0-5.1":0,"6.0-6.1":0,"7.0-7.1":0.413028335048,"8":0.0280384770529,"8.1-8.4":1.14095033546,"9.0-9.2":8.89790285244,"9.3":null},"op_mob":{"10":0,"11":0,"11.1":0,"11.5":0,"12":0.000375944701514,"12.1":0.000375944701514,"0":0.0161656221651},"ie":{"5.5":0,"6":0.0159527735369,"7":0,"8":0.147563155216,"9":0.10369302799,"10":0.183456895674,"11":1.11669414758},"bb":{"7":0.004524,"10":null},"ie_mob":{"10":0.0912413203883,"11":0.403382679612},"edge":{"12":0.1984,"13":0.273792,"14":0},"and_uc":{"0":6.810128},"op_mini":{"5.0-8.0":6.56399448843},"and_chr":{"0":33.945456},"and_ff":{"0":0.156832}},"total":97.73734}