{"id":"MW","name":"Malawi","month":"2016-02","access_date":"2016-03-03","data":{"firefox":{"2":0.002811,"3":0.021551,"3.5":0.001874,"3.6":0.017803,"4":0.004685,"5":0.004685,"6":0.003748,"7":0.003748,"8":0.005622,"9":0.002811,"10":0.010307,"11":0.006559,"12":0.019677,"13":0.013118,"14":0.010307,"15":0.007496,"16":0.011244,"17":0.00937,"18":0.007496,"19":0.004685,"20":0.00937,"21":0.025299,"22":0.016866,"23":0.013118,"24":0.008433,"25":0.015929,"26":0.011244,"27":0.008433,"28":0.015929,"29":0.021551,"30":0.045913,"31":0.015929,"32":0.014992,"33":0.016866,"34":0.019677,"35":0.01874,"36":0.026236,"37":0.047787,"38":0.059968,"39":0.029984,"40":0.034669,"41":0.041228,"42":0.066527,"43":0.636223,"44":0.743978,"45":0.109629,"46":0.002811,"47":0.003748},"chrome":{"4":0,"5":0.000937,"6":0,"7":0,"8":0,"9":0,"10":0.011244,"11":0.010307,"12":0.001874,"13":0.000937,"14":0.001874,"15":0,"16":0.000937,"17":0,"18":0.002811,"19":0,"20":0,"21":0.000937,"22":0,"23":0.002811,"24":0.000937,"25":0.001874,"26":0.001874,"27":0.013118,"28":0.003748,"29":0.00937,"30":0.002811,"31":0.017803,"32":0.003748,"33":0.015929,"34":0.002811,"35":0.006559,"36":0.011244,"37":0.004685,"38":0.004685,"39":0.005622,"40":0.013118,"41":0.040291,"42":0.00937,"43":0.027173,"44":0.069338,"45":0.039354,"46":0.024362,"47":0.098385,"48":1.95833,"49":0.014055,"50":0.019677,"51":0},"opera":{"9":0,"9.5-9.6":0,"10.0-10.1":0,"10.5":0,"10.6":0.001874,"11":0.005622,"11.1":0.000937,"11.5":0.002811,"11.6":0.023425,"12":0.011244,"12.1":0.064653,"15":0.000937,"16":0.012181,"17":0,"18":0.000937,"19":0.000937,"20":0.002811,"21":0.003748,"22":0.003748,"23":0.000937,"24":0,"25":0.000937,"26":0.001874,"27":0.000937,"28":0.031858,"29":0.006559,"30":0.017803,"31":0.000937,"32":0.010307,"33":0.016866,"34":0.087141,"35":0.186463,"36":0},"safari":{"3.1":0,"3.2":0,"4":0.001874,"5":0.006559,"5.1":0.011244,"6":0.003748,"6.1":0.010307,"7":0.016866,"7.1":0.012181,"8":0.033732,"9":0.067464,"9.1":0},"android":{"2.1":0,"2.2":0,"2.3":0.00879896726787,"3":0,"4":0.0761301950568,"4.1":0.160294229793,"4.2-4.3":0.3596099666,"4.4":0.724193262525,"4.4.3-4.4.4":0.389067378758,"47":null},"ios_saf":{"3.2":0,"4.0-4.1":0,"4.2-4.3":0,"5.0-5.1":0,"6.0-6.1":0,"7.0-7.1":0.0281890443507,"8":0.00191361658778,"8.1-8.4":0.0778694749949,"9.0-9.2":0.607278864067,"9.3":null},"op_mob":{"10":0,"11":0,"11.1":0,"11.5":0,"12":0.00409944781491,"12.1":0.00409944781491,"0":0.176276256041},"ie":{"5.5":0,"6":0.00468798978941,"7":0.00656318570517,"8":0.285967377154,"9":0.0703198468411,"10":0.152828467135,"11":0.945098741544},"bb":{"7":0.19258875,"10":null},"ie_mob":{"10":0.315973135922,"11":1.39693386408},"edge":{"12":0.070275,"13":0.03748,"14":0},"and_uc":{"0":10.812159},"op_mini":{"5.0-8.0":71.5763588483},"and_chr":{"0":2.943732},"and_ff":{"0":0.018126}},"total":96.8149853582}