{"id":"MX","name":"Mexico","month":"2016-02","access_date":"2016-03-03","data":{"firefox":{"2":0,"3":0.01338,"3.5":0,"3.6":0.01338,"4":0,"5":0.00669,"6":0.00669,"7":0,"8":0,"9":0,"10":0,"11":0.00669,"12":0.01338,"13":0.00669,"14":0.00669,"15":0.00669,"16":0.01338,"17":0,"18":0,"19":0.00669,"20":0.00669,"21":0.02676,"22":0.00669,"23":0.00669,"24":0.01338,"25":0.00669,"26":0.00669,"27":0.01338,"28":0.01338,"29":0.01338,"30":0.01338,"31":0.04014,"32":0.02007,"33":0.02007,"34":0.04683,"35":0.03345,"36":0.02676,"37":0.05352,"38":0.11373,"39":0.0669,"40":0.07359,"41":0.09366,"42":0.1338,"43":1.61229,"44":3.40521,"45":0.02676,"46":0.00669,"47":0},"chrome":{"4":0,"5":0,"6":0,"7":0,"8":0,"9":0,"10":0,"11":0.04014,"12":0.00669,"13":0,"14":0,"15":0,"16":0,"17":0,"18":0.01338,"19":0,"20":0,"21":0.01338,"22":0.08028,"23":0.00669,"24":0.00669,"25":0.00669,"26":0.02007,"27":0.02007,"28":0.01338,"29":0.02676,"30":0.00669,"31":0.02676,"32":0.03345,"33":0.03345,"34":0.05352,"35":0.08028,"36":0.29436,"37":0.05352,"38":0.06021,"39":0.10035,"40":0.0669,"41":0.10035,"42":0.07359,"43":0.24084,"44":0.23415,"45":0.26091,"46":0.41478,"47":1.25772,"48":36.63444,"49":0.11373,"50":0.04683,"51":0},"opera":{"9":0,"9.5-9.6":0,"10.0-10.1":0,"10.5":0,"10.6":0,"11":0,"11.1":0,"11.5":0,"11.6":0.00669,"12":0.00669,"12.1":0.02676,"15":0,"16":0,"17":0,"18":0,"19":0,"20":0,"21":0,"22":0,"23":0,"24":0,"25":0,"26":0,"27":0,"28":0.04014,"29":0.01338,"30":0.00669,"31":0.00669,"32":0.00669,"33":0.01338,"34":0.16056,"35":0.5352,"36":0.00669},"safari":{"3.1":0,"3.2":0,"4":0.02007,"5":0.0669,"5.1":0.14718,"6":0.03345,"6.1":0.11373,"7":0.08697,"7.1":0.06021,"8":0.48168,"9":1.98024,"9.1":0.00669},"android":{"2.1":0,"2.2":0,"2.3":0.0329238009352,"3":0,"4":0.28486245157,"4.1":0.599785764863,"4.2-4.3":1.34558142953,"4.4":2.70977196393,"4.4.3-4.4.4":1.45580458918,"47":null},"ios_saf":{"3.2":0,"4.0-4.1":0,"4.2-4.3":0,"5.0-5.1":0,"6.0-6.1":0,"7.0-7.1":0.34065402552,"8":0.023125338547,"8.1-8.4":0.941023391644,"9.0-9.2":7.33873724429,"9.3":null},"op_mob":{"10":0,"11":0,"11.1":0,"11.5":0,"12":8.69808626107e-5,"12.1":8.69808626107e-5,"0":0.00374017709226},"ie":{"5.5":0,"6":0.0202797178683,"7":0.0202797178683,"8":0.57459200627,"9":0.561072194357,"10":0.770629278997,"11":4.50885727273},"bb":{"7":0.0372375,"10":null},"ie_mob":{"10":0.241180097087,"11":1.06626990291},"edge":{"12":0.3345,"13":0.669,"14":0},"and_uc":{"0":0.42037},"op_mini":{"5.0-8.0":1.51868586118},"and_chr":{"0":22.63802},"and_ff":{"0":0.03641}},"total":98.7622276881}