{"id":"NE","name":"Niger","month":"2016-02","access_date":"2016-03-03","data":{"firefox":{"2":0.003204,"3":0.120951,"3.5":0.012015,"3.6":0.020025,"4":0.009612,"5":0.036846,"6":0.001602,"7":0.007209,"8":0.006408,"9":0.008811,"10":0.009612,"11":0.067284,"12":0.012816,"13":0.005607,"14":0.008811,"15":0.08811,"16":0.020826,"17":0.007209,"18":0.00801,"19":0.013617,"20":0.008811,"21":0.009612,"22":0.004005,"23":0.013617,"24":0.004806,"25":0.027234,"26":0.002403,"27":0.017622,"28":0.009612,"29":0.00801,"30":0.021627,"31":0.0801,"32":0.009612,"33":0.026433,"34":0.06408,"35":0.033642,"36":0.02403,"37":0.046458,"38":0.03204,"39":0.037647,"40":0.06408,"41":0.060075,"42":0.057672,"43":0.858672,"44":0.843453,"45":0.031239,"46":0.000801,"47":0},"chrome":{"4":0,"5":0.003204,"6":0,"7":0,"8":0,"9":0.002403,"10":0.002403,"11":0.025632,"12":0.000801,"13":0,"14":0,"15":0.000801,"16":0,"17":0,"18":0.000801,"19":0,"20":0.000801,"21":0.004005,"22":0,"23":0,"24":0,"25":0.000801,"26":0.003204,"27":0.000801,"28":0.000801,"29":0.002403,"30":0.004806,"31":0.129762,"32":0,"33":0.008811,"34":0,"35":0.003204,"36":0.007209,"37":0.004806,"38":0.005607,"39":0.00801,"40":0.013617,"41":0.001602,"42":0.010413,"43":0.07209,"44":0.042453,"45":0.039249,"46":0.008811,"47":0.076095,"48":1.418571,"49":0.010413,"50":0.002403,"51":0},"opera":{"9":0,"9.5-9.6":0,"10.0-10.1":0.000801,"10.5":0.000801,"10.6":0.001602,"11":0.000801,"11.1":0,"11.5":0.000801,"11.6":0.004005,"12":0.00801,"12.1":0.058473,"15":0.002403,"16":0.000801,"17":0,"18":0,"19":0.000801,"20":0.000801,"21":0.000801,"22":0,"23":0,"24":0,"25":0,"26":0.000801,"27":0.000801,"28":0.004005,"29":0.010413,"30":0.00801,"31":0.000801,"32":0.008811,"33":0.020025,"34":0.177822,"35":0.28836,"36":0.000801},"safari":{"3.1":0,"3.2":0,"4":0.001602,"5":0.000801,"5.1":0.018423,"6":0.003204,"6.1":0.006408,"7":0.004005,"7.1":0.016821,"8":0.009612,"9":0.080901,"9.1":0},"android":{"2.1":0,"2.2":0,"2.3":0.0423859681585,"3":0,"4":0.36673076798,"4.1":0.772161767758,"4.2-4.3":1.73229608996,"4.4":3.48854946627,"4.4.3-4.4.4":1.87419693988,"47":null},"ios_saf":{"3.2":0,"4.0-4.1":0,"4.2-4.3":0,"5.0-5.1":0,"6.0-6.1":0,"7.0-7.1":0.027354665569,"8":0.00185697468615,"8.1-8.4":0.0755645853056,"9.0-9.2":0.589303774439,"9.3":null},"op_mob":{"10":0,"11":0,"11.1":0,"11.5":0,"12":0.003153041988,"12.1":0.003153041988,"0":0.135580805484},"ie":{"5.5":0,"6":0.00488834579439,"7":0.00407362149533,"8":0.216716663551,"9":0.0472540093458,"10":0.185757140187,"11":0.582527873832},"bb":{"7":0.0137985,"10":null},"ie_mob":{"10":0.0695730194175,"11":0.307585980583},"edge":{"12":0.030438,"13":0.039249,"14":0},"and_uc":{"0":17.220528},"op_mini":{"5.0-8.0":55.0521131105},"and_chr":{"0":9.368098},"and_ff":{"0":1.057885}},"total":98.8388731542}