{"id":"NG","name":"Nigeria","month":"2016-02","access_date":"2016-03-03","data":{"firefox":{"2":0.001632,"3":0.04896,"3.5":0.003264,"3.6":0.037536,"4":0.026112,"5":0.004896,"6":0.013056,"7":0.0408,"8":0.00816,"9":0.004896,"10":0.031008,"11":0.034272,"12":0.034272,"13":0.058752,"14":0.017952,"15":0.070176,"16":0.01632,"17":0.011424,"18":0.027744,"19":0.042432,"20":0.014688,"21":0.037536,"22":0.014688,"23":0.014688,"24":0.011424,"25":0.01632,"26":0.017952,"27":0.017952,"28":0.014688,"29":0.055488,"30":0.035904,"31":0.03264,"32":0.026112,"33":0.03264,"34":0.035904,"35":0.063648,"36":0.042432,"37":0.071808,"38":0.0816,"39":0.09792,"40":0.128928,"41":0.166464,"42":0.192576,"43":1.380672,"44":1.578144,"45":0.35904,"46":0.00816,"47":0.001632},"chrome":{"4":0.001632,"5":0.001632,"6":0.001632,"7":0.001632,"8":0.001632,"9":0.001632,"10":0.001632,"11":0.01632,"12":0.003264,"13":0.001632,"14":0.001632,"15":0.027744,"16":0.001632,"17":0,"18":0.001632,"19":0.001632,"20":0.001632,"21":0.00816,"22":0.006528,"23":0.006528,"24":0.001632,"25":0.003264,"26":0.044064,"27":0.009792,"28":0.006528,"29":0.011424,"30":0.004896,"31":0.04896,"32":0.00816,"33":0.02448,"34":0.00816,"35":0.00816,"36":0.013056,"37":0.009792,"38":0.009792,"39":0.017952,"40":0.017952,"41":0.044064,"42":0.019584,"43":0.042432,"44":0.207264,"45":0.120768,"46":0.047328,"47":0.249696,"48":3.960864,"49":0.03264,"50":0.063648,"51":0},"opera":{"9":0,"9.5-9.6":0.004896,"10.0-10.1":0.003264,"10.5":0,"10.6":0.001632,"11":0.001632,"11.1":0.001632,"11.5":0.00816,"11.6":0.006528,"12":0.013056,"12.1":0.08976,"15":0.003264,"16":0.001632,"17":0.001632,"18":0.006528,"19":0.004896,"20":0.001632,"21":0.001632,"22":0.004896,"23":0,"24":0.001632,"25":0.001632,"26":0.001632,"27":0.001632,"28":0.031008,"29":0.011424,"30":0.02448,"31":0.004896,"32":0.0408,"33":0.05712,"34":0.192576,"35":0.311712,"36":0.001632},"safari":{"3.1":0,"3.2":0,"4":0.001632,"5":0.004896,"5.1":0.017952,"6":0.003264,"6.1":0.011424,"7":0.009792,"7.1":0.047328,"8":0.047328,"9":0.158304,"9.1":0},"android":{"2.1":0,"2.2":0,"2.3":0.0123474611445,"3":0,"4":0.106832381207,"4.1":0.224938531285,"4.2-4.3":0.504635368515,"4.4":1.01624973681,"4.4.3-4.4.4":0.545972521042,"47":null},"ios_saf":{"3.2":0,"4.0-4.1":0,"4.2-4.3":0,"5.0-5.1":0,"6.0-6.1":0,"7.0-7.1":0.0664949166495,"8":0.00451401522947,"8.1-8.4":0.183685696645,"9.0-9.2":1.43250537148,"9.3":null},"op_mob":{"10":0,"11":0,"11.1":0,"11.5":0,"12":0.00346192836332,"12.1":0.00346192836332,"0":0.148862919623},"ie":{"5.5":0,"6":0.00498564507042,"7":0.00332376338028,"8":0.156216878873,"9":0.0847559661972,"10":0.161202523944,"11":0.752832405634},"bb":{"7":0.968596,"10":null},"ie_mob":{"10":0.216105631068,"11":0.955414368932},"edge":{"12":0.070176,"13":0.0816,"14":0},"and_uc":{"0":9.313584},"op_mini":{"5.0-8.0":60.4452692237},"and_chr":{"0":5.919936},"and_ff":{"0":0.133888}},"total":94.8740411831}