{"id":"PK","name":"Pakistan","month":"2016-02","access_date":"2016-03-03","data":{"firefox":{"2":0.003292,"3":0.128388,"3.5":0.009876,"3.6":0.026336,"4":0.006584,"5":0.009876,"6":0.01646,"7":0.003292,"8":0.006584,"9":0.006584,"10":0.009876,"11":0.01646,"12":0.019752,"13":0.013168,"14":0.01646,"15":0.01646,"16":0.01646,"17":0.013168,"18":0.019752,"19":0.013168,"20":0.013168,"21":0.01646,"22":0.006584,"23":0.009876,"24":0.013168,"25":0.013168,"26":0.009876,"27":0.01646,"28":0.013168,"29":0.042796,"30":0.029628,"31":0.019752,"32":0.026336,"33":0.036212,"34":0.026336,"35":0.029628,"36":0.026336,"37":0.036212,"38":0.052672,"39":0.052672,"40":0.062548,"41":0.059256,"42":0.075716,"43":0.967848,"44":1.642708,"45":0.506968,"46":0.003292,"47":0.003292},"chrome":{"4":0.003292,"5":0.009876,"6":0.003292,"7":0.003292,"8":0.01646,"9":0.003292,"10":0.01646,"11":0.029628,"12":0.01646,"13":0.023044,"14":0.01646,"15":0.013168,"16":0.026336,"17":0.006584,"18":0.003292,"19":0.003292,"20":0.006584,"21":0.006584,"22":0.009876,"23":0.013168,"24":0.009876,"25":0.019752,"26":0.009876,"27":0.013168,"28":0.013168,"29":0.029628,"30":0.01646,"31":0.088884,"32":0.01646,"33":0.111928,"34":0.029628,"35":0.026336,"36":0.019752,"37":0.01646,"38":0.036212,"39":0.046088,"40":0.03292,"41":0.036212,"42":0.039504,"43":0.309448,"44":0.46088,"45":0.27982,"46":0.184352,"47":0.54318,"48":17.783384,"49":0.332492,"50":0.5761,"51":0},"opera":{"9":0,"9.5-9.6":0.003292,"10.0-10.1":0.013168,"10.5":0,"10.6":0,"11":0.003292,"11.1":0.003292,"11.5":0.006584,"11.6":0.01646,"12":0.006584,"12.1":0.03292,"15":0.009876,"16":0.003292,"17":0.003292,"18":0.006584,"19":0.003292,"20":0.006584,"21":0.003292,"22":0.003292,"23":0,"24":0,"25":0.003292,"26":0.003292,"27":0,"28":0.013168,"29":0.006584,"30":0.013168,"31":0.009876,"32":0.009876,"33":0.01646,"34":0.23044,"35":0.826292,"36":0.006584},"safari":{"3.1":0,"3.2":0,"4":0.006584,"5":0.006584,"5.1":0.013168,"6":0.003292,"6.1":0.003292,"7":0.006584,"7.1":0.006584,"8":0.026336,"9":0.088884,"9.1":0},"android":{"2.1":0,"2.2":0,"2.3":0.0416741153418,"3":0,"4":0.360571693609,"4.1":0.759193666444,"4.2-4.3":1.70320297484,"4.4":3.42996088444,"4.4.3-4.4.4":1.84272066533,"47":null},"ios_saf":{"3.2":0,"4.0-4.1":0,"4.2-4.3":0,"5.0-5.1":0,"6.0-6.1":0,"7.0-7.1":0.132289886808,"8":0.00898051450916,"8.1-8.4":0.365437859642,"9.0-9.2":2.84993173904,"9.3":null},"op_mob":{"10":0,"11":0,"11.1":0,"11.5":0,"12":0.000646849700086,"12.1":0.000646849700086,"0":0.0278145371037},"ie":{"5.5":0,"6":0.0654828035191,"7":0.0103393900293,"8":0.337753407625,"9":0.0482504868035,"10":0.120626217009,"11":0.585898768328},"bb":{"7":0.041925,"10":null},"ie_mob":{"10":0.188084504854,"11":0.831531495146},"edge":{"12":0.088884,"13":0.102052,"14":0},"and_uc":{"0":25.067796},"op_mini":{"5.0-8.0":11.2939957635},"and_chr":{"0":20.259788},"and_ff":{"0":0.040248}},"total":97.5277040733}