{"id":"PN","name":"Pitcairn Islands","month":"2016-02","access_date":"2016-03-03","data":{"firefox":{"2":0,"3":0,"3.5":0,"3.6":0,"4":0,"5":0,"6":0,"7":0,"8":0,"9":0,"10":0,"11":0,"12":0,"13":0,"14":0,"15":0,"16":0,"17":0,"18":0,"19":0,"20":0.510692,"21":0,"22":0,"23":0,"24":0,"25":0,"26":0,"27":0,"28":0.255346,"29":0,"30":0,"31":0,"32":0,"33":0,"34":0,"35":0,"36":0,"37":0,"38":0,"39":0,"40":1.777601,"41":2.032947,"42":4.566765,"43":1.522255,"44":1.777601,"45":0,"46":0,"47":0},"chrome":{"4":0,"5":0,"6":0,"7":0,"8":0,"9":0,"10":0,"11":0,"12":0,"13":0,"14":0,"15":0,"16":0,"17":0,"18":0,"19":0,"20":0,"21":0,"22":0,"23":0,"24":0,"25":0,"26":0,"27":0,"28":0,"29":0,"30":0.510692,"31":2.789164,"32":1.777601,"33":0,"34":0,"35":0,"36":0,"37":2.288293,"38":0,"39":0,"40":0,"41":0,"42":5.077457,"43":0.510692,"44":0.255346,"45":0,"46":0,"47":1.266909,"48":26.133681,"49":0,"50":0,"51":0},"opera":{"9":0,"9.5-9.6":0,"10.0-10.1":0,"10.5":0,"10.6":0,"11":0,"11.1":0,"11.5":0,"11.6":0,"12":0.255346,"12.1":1.522255,"15":0,"16":0,"17":0,"18":0,"19":0,"20":0,"21":0,"22":0,"23":0,"24":0,"25":4.311419,"26":0,"27":0,"28":0,"29":0,"30":0,"31":0.255346,"32":0,"33":0,"34":0,"35":1.522255,"36":0},"safari":{"3.1":0,"3.2":0,"4":0,"5":0,"5.1":0,"6":0,"6.1":0,"7":0,"7.1":0,"8":1.522255,"9":0,"9.1":0},"android":{"2.1":0,"2.2":0,"2.3":0.00130999621465,"3":0,"4":0.0113343150746,"4.1":0.0238647136495,"4.2-4.3":0.0535389757292,"4.4":0.107818384102,"4.4.3-4.4.4":0.0579246152305,"47":null},"ios_saf":{"3.2":0,"4.0-4.1":0,"4.2-4.3":0,"5.0-5.1":0,"6.0-6.1":0,"7.0-7.1":0.0398671155588,"8":0.00270638382383,"8.1-8.4":0.110129003293,"9.0-9.2":0.858860497325,"9.3":null},"op_mob":{"10":0,"11":0,"11.1":0,"11.5":0,"12":0,"12.1":0,"0":0},"ie":{"5.5":0,"6":0,"7":0,"8":1.011563,"9":0.510692,"10":0.510692,"11":1.011563},"bb":{"7":0,"10":null},"ie_mob":{"10":0,"11":0},"edge":{"12":0,"13":0,"14":0},"and_uc":{"0":1.534209},"op_mini":{"5.0-8.0":0},"and_chr":{"0":0},"and_ff":{"0":0}},"total":68.287991}