{"id":"PW","name":"Palau","month":"2016-02","access_date":"2016-03-03","data":{"firefox":{"2":0.006314,"3":0.006314,"3.5":0,"3.6":0.012628,"4":0.03157,"5":0,"6":0.044198,"7":0,"8":0,"9":0.050512,"10":0.006314,"11":0,"12":0.088396,"13":0.012628,"14":0,"15":0.006314,"16":0,"17":0.006314,"18":0.006314,"19":0,"20":0,"21":0.037884,"22":0.03157,"23":0,"24":0.012628,"25":0,"26":0.025256,"27":0,"28":0,"29":0.075768,"30":0.239932,"31":0.309386,"32":0.006314,"33":0.22099,"34":0.296758,"35":0.164164,"36":0.340956,"37":0.265188,"38":0.517748,"39":0.056826,"40":0.044198,"41":0.06314,"42":0.088396,"43":2.096248,"44":2.99915,"45":0.808192,"46":0.012628,"47":0},"chrome":{"4":0,"5":0,"6":0,"7":0,"8":0.107338,"9":0,"10":0.044198,"11":0.025256,"12":0.006314,"13":0,"14":0,"15":0,"16":0,"17":0,"18":0.075768,"19":0.025256,"20":0,"21":0,"22":0,"23":0.012628,"24":0,"25":0,"26":0.018942,"27":0,"28":0,"29":0.006314,"30":0.006314,"31":0.113652,"32":0.132594,"33":1.224916,"34":0,"35":0.18942,"36":0.012628,"37":0,"38":0.170478,"39":0.50512,"40":0.107338,"41":0.075768,"42":0.107338,"43":0.145222,"44":0.151536,"45":0.644028,"46":0.41041,"47":1.01024,"48":26.967094,"49":1.01024,"50":0.082082,"51":0},"opera":{"9":0,"9.5-9.6":0,"10.0-10.1":0,"10.5":0,"10.6":0,"11":0,"11.1":0,"11.5":0,"11.6":0,"12":0,"12.1":0.006314,"15":0,"16":0,"17":0,"18":0,"19":0,"20":0,"21":0,"22":0,"23":0,"24":0,"25":0,"26":0.012628,"27":0,"28":0,"29":0,"30":0,"31":0.012628,"32":0,"33":0,"34":0.006314,"35":0.056826,"36":0},"safari":{"3.1":0,"3.2":0,"4":0,"5":0.006314,"5.1":0.06314,"6":0.044198,"6.1":0.025256,"7":0.012628,"7.1":0.006314,"8":1.332254,"9":1.51536,"9.1":0},"android":{"2.1":0,"2.2":0,"2.3":0.0404362636384,"3":0,"4":0.349861585393,"4.1":0.736643237586,"4.2-4.3":1.65261251392,"4.4":3.32808030728,"4.4.3-4.4.4":1.78798609218,"47":null},"ios_saf":{"3.2":0,"4.0-4.1":0,"4.2-4.3":0,"5.0-5.1":0,"6.0-6.1":0,"7.0-7.1":0.228307490224,"8":0.0154986807985,"8.1-8.4":0.630677087878,"9.0-9.2":4.9184467411,"9.3":null},"op_mob":{"10":0,"11":0,"11.1":0,"11.5":0,"12":0.000167401885176,"12.1":0.000167401885176,"0":0.00719828106255},"ie":{"5.5":0,"6":0,"7":0.075768,"8":2.228842,"9":0.72611,"10":1.824746,"11":4.86178},"bb":{"7":0,"10":null},"ie_mob":{"10":0.0591549320388,"11":0.261527067961},"edge":{"12":0.517748,"13":0.195734,"14":0},"and_uc":{"0":9.347696},"op_mini":{"5.0-8.0":2.92283691517},"and_chr":{"0":15.790696},"and_ff":{"0":0.05529}},"total":98.043754}