{"id":"RE","name":"Reunion","month":"2016-02","access_date":"2016-03-03","data":{"firefox":{"2":0,"3":0,"3.5":0.007825,"3.6":0.07825,"4":0.0313,"5":0.007825,"6":0.0313,"7":0.01565,"8":0.007825,"9":0.007825,"10":0.007825,"11":0.039125,"12":0.023475,"13":0.023475,"14":0.1252,"15":0.0939,"16":0.10955,"17":0.023475,"18":0.023475,"19":0.007825,"20":0.0313,"21":0.04695,"22":0.01565,"23":0.289525,"24":0.1878,"25":0.0313,"26":0.039125,"27":0.023475,"28":0.04695,"29":0.0313,"30":0.054775,"31":1.009425,"32":0.336475,"33":0.1252,"34":0.133025,"35":0.07825,"36":0.070425,"37":0.164325,"38":0.258225,"39":0.1878,"40":0.273875,"41":0.508625,"42":0.367775,"43":4.640225,"44":9.46825,"45":0.101725,"46":0.007825,"47":0},"chrome":{"4":0,"5":0,"6":0,"7":0,"8":0,"9":0,"10":0,"11":0.023475,"12":0,"13":0,"14":0.007825,"15":0,"16":0.007825,"17":0,"18":0.007825,"19":0.007825,"20":0,"21":0.007825,"22":0.054775,"23":0.039125,"24":0.007825,"25":0.007825,"26":0.039125,"27":0.023475,"28":0.054775,"29":0.054775,"30":0.0939,"31":0.070425,"32":0.01565,"33":0.054775,"34":0.070425,"35":0.07825,"36":0.086075,"37":0.054775,"38":0.07825,"39":0.117375,"40":0.086075,"41":0.117375,"42":0.04695,"43":0.179975,"44":0.4069,"45":0.26605,"46":0.352125,"47":0.978125,"48":28.662975,"49":0.117375,"50":0.07825,"51":0},"opera":{"9":0,"9.5-9.6":0,"10.0-10.1":0,"10.5":0,"10.6":0,"11":0,"11.1":0,"11.5":0,"11.6":0.007825,"12":0.007825,"12.1":0.0626,"15":0,"16":0,"17":0,"18":0,"19":0,"20":0,"21":0,"22":0,"23":0,"24":0,"25":0,"26":0,"27":0.01565,"28":0.0626,"29":0,"30":0,"31":0,"32":0,"33":0,"34":0.1252,"35":0.555575,"36":0},"safari":{"3.1":0,"3.2":0.054775,"4":0.0313,"5":0.23475,"5.1":0.54775,"6":0.070425,"6.1":0.29735,"7":0.20345,"7.1":0.086075,"8":0.70425,"9":4.0064,"9.1":0.0313},"android":{"2.1":0,"2.2":0,"2.3":0.021150679136,"3":0,"4":0.182999354264,"4.1":0.385310198174,"4.2-4.3":0.864419060343,"4.4":1.74079285237,"4.4.3-4.4.4":0.935227855711,"47":null},"ios_saf":{"3.2":0,"4.0-4.1":0,"4.2-4.3":0,"5.0-5.1":0,"6.0-6.1":0,"7.0-7.1":0.318878635007,"8":0.0216471136036,"8.1-8.4":0.880871007409,"9.0-9.2":6.86962824398,"9.3":null},"op_mob":{"10":0,"11":0,"11.1":0,"11.5":0,"12":3.72750642674e-5,"12.1":3.72750642674e-5,"0":0.0016028277635},"ie":{"5.5":0,"6":0,"7":0.00783294416244,"8":0.955619187817,"9":0.156658883249,"10":0.556139035533,"11":5.80421162437},"bb":{"7":0.015225,"10":null},"ie_mob":{"10":0.105117961165,"11":0.464732038835},"edge":{"12":0.492975,"13":1.54935,"14":0},"and_uc":{"0":0.080475},"op_mini":{"5.0-8.0":0.650822622108},"and_chr":{"0":15.5936},"and_ff":{"0":0.0435}},"total":97.3550616751}