{"id":"RW","name":"Rwanda","month":"2016-02","access_date":"2016-03-03","data":{"firefox":{"2":0.003898,"3":0.074062,"3.5":0.005847,"3.6":0.042878,"4":0.03898,"5":0.013643,"6":0.013643,"7":0.013643,"8":0.009745,"9":0.007796,"10":0.021439,"11":0.035082,"12":0.042878,"13":0.029235,"14":0.089654,"15":0.021439,"16":0.021439,"17":0.021439,"18":0.046776,"19":0.017541,"20":0.150073,"21":0.050674,"22":0.007796,"23":0.01949,"24":0.009745,"25":0.054572,"26":0.007796,"27":0.015592,"28":0.015592,"29":0.050674,"30":0.050674,"31":0.029235,"32":0.035082,"33":0.033133,"34":0.029235,"35":0.044827,"36":0.044827,"37":0.056521,"38":0.046776,"39":0.130583,"40":0.07796,"41":0.134481,"42":0.169563,"43":2.254993,"44":2.771478,"45":0.454117,"46":0.009745,"47":0.003898},"chrome":{"4":0,"5":0.001949,"6":0.001949,"7":0,"8":0,"9":0.003898,"10":0.003898,"11":0.017541,"12":0.001949,"13":0,"14":0.005847,"15":0.001949,"16":0.003898,"17":0.001949,"18":0,"19":0,"20":0,"21":0,"22":0.001949,"23":0.007796,"24":0,"25":0.003898,"26":0.013643,"27":0.001949,"28":0.001949,"29":0.013643,"30":0,"31":0.031184,"32":0.001949,"33":0.025337,"34":0.003898,"35":0.005847,"36":0.011694,"37":0.001949,"38":0.007796,"39":0.011694,"40":0.01949,"41":0.011694,"42":0.015592,"43":0.1949,"44":0.126685,"45":0.434627,"46":0.070164,"47":0.284554,"48":6.195871,"49":0.076011,"50":0.066266,"51":0},"opera":{"9":0,"9.5-9.6":0,"10.0-10.1":0,"10.5":0,"10.6":0.035082,"11":0.005847,"11.1":0,"11.5":0,"11.6":0.03898,"12":0,"12.1":0.085756,"15":0.003898,"16":0,"17":0.001949,"18":0.001949,"19":0.001949,"20":0.001949,"21":0.001949,"22":0,"23":0,"24":0,"25":0,"26":0.001949,"27":0.001949,"28":0.011694,"29":0.007796,"30":0.013643,"31":0.003898,"32":0.009745,"33":0.046776,"34":0.21439,"35":0.426831,"36":0.003898},"safari":{"3.1":0,"3.2":0,"4":0.001949,"5":0,"5.1":0.027286,"6":0.005847,"6.1":0.005847,"7":0.015592,"7.1":0.025337,"8":0.081858,"9":0.257268,"9.1":0.001949},"android":{"2.1":0,"2.2":0,"2.3":0.0117844297484,"3":0,"4":0.101960935649,"4.1":0.214681568025,"4.2-4.3":0.481624520151,"4.4":0.969909804943,"4.4.3-4.4.4":0.521076741483,"47":null},"ios_saf":{"3.2":0,"4.0-4.1":0,"4.2-4.3":0,"5.0-5.1":0,"6.0-6.1":0,"7.0-7.1":0.042290089113,"8":0.00287086766824,"8.1-8.4":0.1168222305,"9.0-9.2":0.911058812719,"9.3":null},"op_mob":{"10":0,"11":0,"11.1":0,"11.5":0,"12":0.00382474241645,"12.1":0.00382474241645,"0":0.164463923907},"ie":{"5.5":0,"6":0.00196005815603,"7":0.00196005815603,"8":0.17248511773,"9":0.070562093617,"10":0.164644885106,"11":0.968268729078},"bb":{"7":0.0684335,"10":null},"ie_mob":{"10":0.13366223301,"11":0.59092776699},"edge":{"12":0.072113,"13":0.085756,"14":0},"and_uc":{"0":5.378068},"op_mini":{"5.0-8.0":66.7800025913},"and_chr":{"0":4.217832},"and_ff":{"0":0.016102}},"total":98.6308264418}