{"id":"SC","name":"Seychelles","month":"2016-02","access_date":"2016-03-03","data":{"firefox":{"2":0,"3":0.023108,"3.5":0.005777,"3.6":0.023108,"4":0.005777,"5":0.011554,"6":0.005777,"7":0,"8":0.011554,"9":0,"10":0.011554,"11":0.017331,"12":0.005777,"13":0.075101,"14":0.023108,"15":0.005777,"16":0,"17":0.11554,"18":0.017331,"19":0.05777,"20":0.005777,"21":0.069324,"22":0.017331,"23":0.040439,"24":0.271519,"25":0.005777,"26":0,"27":0.011554,"28":0.005777,"29":0.098209,"30":0.213749,"31":0.306181,"32":0.034662,"33":0.826111,"34":1.594452,"35":1.571344,"36":0.647024,"37":1.322933,"38":3.29289,"39":0.294627,"40":1.080299,"41":0.265742,"42":0.219526,"43":2.651643,"44":4.0439,"45":0.600808,"46":0.005777,"47":0.017331},"chrome":{"4":0,"5":0.005777,"6":0,"7":0,"8":0,"9":0,"10":0,"11":0.034662,"12":0.017331,"13":0.005777,"14":0,"15":0.005777,"16":0,"17":0,"18":0,"19":0,"20":0.005777,"21":0.132871,"22":0.005777,"23":0,"24":0,"25":0.028885,"26":0.017331,"27":0.023108,"28":0.005777,"29":0.034662,"30":0.023108,"31":0.092432,"32":0.040439,"33":0.046216,"34":0.023108,"35":0.017331,"36":0.05777,"37":0.023108,"38":0.063547,"39":0.086655,"40":0.034662,"41":0.023108,"42":0.063547,"43":0.352397,"44":0.121317,"45":0.306181,"46":0.144425,"47":0.554592,"48":15.528576,"49":0.23108,"50":0.248411,"51":0},"opera":{"9":0,"9.5-9.6":0,"10.0-10.1":0,"10.5":0,"10.6":0,"11":0,"11.1":0,"11.5":0,"11.6":0,"12":0,"12.1":0.051993,"15":0,"16":0,"17":0,"18":0,"19":0,"20":0.005777,"21":0,"22":0,"23":0,"24":0,"25":0,"26":0.011554,"27":0,"28":0.011554,"29":0.005777,"30":0.005777,"31":0.005777,"32":0.028885,"33":0.005777,"34":0.098209,"35":0.363951,"36":0},"safari":{"3.1":0,"3.2":0,"4":0,"5":0.011554,"5.1":0.080878,"6":0.046216,"6.1":0.051993,"7":0.05777,"7.1":0.011554,"8":0.127094,"9":1.398034,"9.1":0},"android":{"2.1":0,"2.2":0,"2.3":0.0322428862169,"3":0,"4":0.278971059007,"4.1":0.587381274994,"4.2-4.3":1.31775274104,"4.4":2.65372972211,"4.4.3-4.4.4":1.42569631663,"47":null},"ios_saf":{"3.2":0,"4.0-4.1":0,"4.2-4.3":0,"5.0-5.1":0,"6.0-6.1":0,"7.0-7.1":0.201733406874,"8":0.013694696028,"8.1-8.4":0.557268784524,"9.0-9.2":4.34595911257,"9.3":null},"op_mob":{"10":0,"11":0,"11.1":0,"11.5":0,"12":0.000357284375893,"12.1":0.000357284375893,"0":0.0153632281634},"ie":{"5.5":0,"6":0.057893528154,"7":0.0173680584462,"8":1.68470166928,"9":0.387886638632,"10":0.95524321454,"11":5.0020008325},"bb":{"7":0.11507675,"10":null},"ie_mob":{"10":0.207214,"11":0.916104},"edge":{"12":0.323512,"13":0.612362,"14":0},"and_uc":{"0":10.215437},"op_mini":{"5.0-8.0":6.23818520308},"and_chr":{"0":17.565146},"and_ff":{"0":0.054899}},"total":96.4998336916}