{"id":"SE","name":"Sweden","month":"2016-02","access_date":"2016-03-03","data":{"firefox":{"2":0,"3":0,"3.5":0,"3.6":0.013782,"4":0.006891,"5":0.006891,"6":0.013782,"7":0,"8":0,"9":0,"10":0.006891,"11":0.006891,"12":0.006891,"13":0,"14":0.006891,"15":0,"16":0.013782,"17":0.020673,"18":0.006891,"19":0,"20":0.006891,"21":0.020673,"22":0.006891,"23":0.013782,"24":0.020673,"25":0.006891,"26":0.013782,"27":0.006891,"28":0.013782,"29":0.013782,"30":0.013782,"31":0.027564,"32":0.006891,"33":0.020673,"34":0.055128,"35":0.034455,"36":0.020673,"37":0.062019,"38":0.241185,"39":0.062019,"40":0.048237,"41":0.06891,"42":0.13782,"43":2.13621,"44":4.747899,"45":0.041346,"46":0.006891,"47":0},"chrome":{"4":0,"5":0,"6":0,"7":0,"8":0,"9":0,"10":0,"11":0.013782,"12":0,"13":0,"14":0,"15":0,"16":0.006891,"17":0,"18":0,"19":0,"20":0,"21":0.006891,"22":0.027564,"23":0,"24":0,"25":0.006891,"26":0.006891,"27":0.006891,"28":0.006891,"29":0.041346,"30":0.006891,"31":0.048237,"32":0.013782,"33":0.027564,"34":0.048237,"35":0.048237,"36":0.034455,"37":0.034455,"38":0.041346,"39":0.096474,"40":0.048237,"41":0.062019,"42":0.062019,"43":0.151602,"44":0.165384,"45":0.227403,"46":0.351441,"47":1.805442,"48":25.834359,"49":0.089583,"50":0.055128,"51":0},"opera":{"9":0,"9.5-9.6":0,"10.0-10.1":0,"10.5":0,"10.6":0,"11":0,"11.1":0,"11.5":0,"11.6":0.006891,"12":0.006891,"12.1":0.062019,"15":0.006891,"16":0,"17":0,"18":0,"19":0,"20":0,"21":0,"22":0,"23":0,"24":0,"25":0,"26":0,"27":0,"28":0.034455,"29":0,"30":0,"31":0.006891,"32":0.006891,"33":0.006891,"34":0.158493,"35":0.358332,"36":0.006891},"safari":{"3.1":0,"3.2":0,"4":0.020673,"5":0.055128,"5.1":0.213621,"6":0.041346,"6.1":0.213621,"7":0.172275,"7.1":0.089583,"8":0.833811,"9":4.127709,"9.1":0.020673},"android":{"2.1":0,"2.2":0,"2.3":0.011529831886,"3":0,"4":0.0997581106658,"4.1":0.210043459141,"4.2-4.3":0.47121921621,"4.4":0.948955293921,"4.4.3-4.4.4":0.509819088176,"47":null},"ios_saf":{"3.2":0,"4.0-4.1":0,"4.2-4.3":0,"5.0-5.1":0,"6.0-6.1":0,"7.0-7.1":0.990960989298,"8":0.06727150319,"8.1-8.4":2.73743270673,"9.0-9.2":21.3483528008,"9.3":null},"op_mob":{"10":0,"11":0,"11.1":0,"11.5":0,"12":6.74904313053e-6,"12.1":6.74904313053e-6,"0":0.000290208854613},"ie":{"5.5":0,"6":0.00689973937857,"7":0.0206992181357,"8":0.186292963221,"9":0.53127993215,"10":0.62787628345,"11":9.50094112429},"bb":{"7":0.0046635,"10":null},"ie_mob":{"10":0.0533359514563,"11":0.235801048544},"edge":{"12":0.454806,"13":1.826115,"14":0},"and_uc":{"0":0.111924},"op_mini":{"5.0-8.0":0.117838293059},"and_chr":{"0":12.508932},"and_ff":{"0":0.043526}},"total":97.4188827606}