{"id":"SH","name":"Saint Helena","month":"2016-02","access_date":"2016-03-03","data":{"firefox":{"2":0,"3":0,"3.5":0,"3.6":0,"4":0,"5":0,"6":0,"7":0,"8":0,"9":0,"10":0,"11":0.290842,"12":0,"13":0,"14":0,"15":0,"16":0,"17":0,"18":0,"19":0.056292,"20":0,"21":0.037528,"22":0,"23":0,"24":0,"25":0,"26":0,"27":0,"28":0.018764,"29":0.121966,"30":0.018764,"31":0,"32":0.018764,"33":0,"34":0,"35":0.23455,"36":0,"37":0,"38":0,"39":0.056292,"40":0.70365,"41":0.23455,"42":0.394044,"43":2.786454,"44":3.762182,"45":0.037528,"46":0,"47":0},"chrome":{"4":0,"5":0,"6":0,"7":0,"8":0,"9":0,"10":0,"11":0,"12":0,"13":0,"14":0,"15":0,"16":0,"17":0,"18":0,"19":0,"20":0,"21":0,"22":0,"23":0,"24":0,"25":0,"26":0,"27":0,"28":0,"29":0,"30":0,"31":0.825616,"32":0.037528,"33":0,"34":0,"35":0,"36":0,"37":0.14073,"38":0,"39":0,"40":0.337752,"41":0,"42":0.4691,"43":0.825616,"44":0.09382,"45":0.14073,"46":2.336118,"47":1.003874,"48":24.139886,"49":0,"50":0,"51":0},"opera":{"9":0,"9.5-9.6":0,"10.0-10.1":0,"10.5":0,"10.6":0,"11":0,"11.1":0,"11.5":0,"11.6":0,"12":0,"12.1":0.075056,"15":0,"16":0,"17":0,"18":0,"19":0,"20":0,"21":0,"22":0,"23":0,"24":0,"25":0,"26":0,"27":0,"28":0,"29":0,"30":0,"31":0,"32":0,"33":0,"34":0.018764,"35":0,"36":0},"safari":{"3.1":0,"3.2":0,"4":0,"5":0.121966,"5.1":0.14073,"6":0.121966,"6.1":0,"7":0.450336,"7.1":0,"8":0.018764,"9":0.98511,"9.1":0},"android":{"2.1":0,"2.2":0,"2.3":0.00900134268537,"3":0,"4":0.0778811823647,"4.1":0.163980981964,"4.2-4.3":0.367880961924,"4.4":0.740849639279,"4.4.3-4.4.4":0.398015891784,"47":null},"ios_saf":{"3.2":0,"4.0-4.1":0,"4.2-4.3":0,"5.0-5.1":0,"6.0-6.1":0,"7.0-7.1":0.205887683886,"8":0.013976709611,"8.1-8.4":0.568744568018,"9.0-9.2":4.43545503849,"9.3":null},"op_mob":{"10":0,"11":0,"11.1":0,"11.5":0,"12":0,"12.1":0,"0":0},"ie":{"5.5":0,"6":5.826222,"7":0,"8":1.472974,"9":21.025062,"10":3.180498,"11":11.905758},"bb":{"7":0.057474,"10":null},"ie_mob":{"10":0.100092,"11":0.442512},"edge":{"12":0,"13":0.018764,"14":0},"and_uc":{"0":0.08343},"op_mini":{"5.0-8.0":0},"and_chr":{"0":4.060298},"and_ff":{"0":0}},"total":96.21039}