{"id":"SM","name":"San Marino","month":"2016-02","access_date":"2016-03-03","data":{"firefox":{"2":0,"3":0,"3.5":0,"3.6":0.008905,"4":0,"5":0,"6":0.008905,"7":0,"8":0,"9":0,"10":0,"11":0,"12":0.650065,"13":0,"14":0,"15":0,"16":0.080145,"17":0,"18":0.01781,"19":0,"20":0,"21":0.01781,"22":0,"23":0,"24":0,"25":0,"26":0,"27":0,"28":0,"29":0,"30":0.01781,"31":0.01781,"32":0.01781,"33":0.01781,"34":0.026715,"35":0.596635,"36":0.026715,"37":0.14248,"38":0.080145,"39":0.133575,"40":0.10686,"41":0.133575,"42":0.08905,"43":6.046495,"44":11.478545,"45":0.07124,"46":0.01781,"47":0.008905},"chrome":{"4":0,"5":0,"6":0,"7":0,"8":0,"9":0,"10":0.008905,"11":0.01781,"12":0,"13":0,"14":0,"15":0,"16":0,"17":0,"18":0,"19":0,"20":0,"21":0,"22":0.062335,"23":0,"24":0,"25":0,"26":0.05343,"27":0,"28":0.008905,"29":0,"30":0,"31":0.03562,"32":0,"33":0.008905,"34":0.05343,"35":0.008905,"36":0.080145,"37":0.008905,"38":0.008905,"39":0.03562,"40":0.008905,"41":0.008905,"42":0.097955,"43":0.026715,"44":0.14248,"45":0.32058,"46":0.240435,"47":1.487135,"48":39.796445,"49":0.01781,"50":0.151385,"51":0},"opera":{"9":0,"9.5-9.6":0,"10.0-10.1":0,"10.5":0,"10.6":0,"11":0,"11.1":0,"11.5":0,"11.6":0,"12":0,"12.1":0.008905,"15":0,"16":0,"17":0,"18":0,"19":0,"20":0,"21":0,"22":0,"23":0,"24":0,"25":0,"26":0,"27":0,"28":0,"29":0,"30":0,"31":0,"32":0,"33":0,"34":0.026715,"35":0.37401,"36":0.008905},"safari":{"3.1":0,"3.2":0,"4":0.01781,"5":0.14248,"5.1":0.293865,"6":0.097955,"6.1":0.881595,"7":0.204815,"7.1":0.151385,"8":1.558375,"9":4.96899,"9.1":0.026715},"android":{"2.1":0,"2.2":0,"2.3":0.00900743709642,"3":0,"4":0.077933912269,"4.1":0.164092006235,"4.2-4.3":0.368130037853,"4.4":0.741351235805,"4.4.3-4.4.4":0.398285370741,"47":null},"ios_saf":{"3.2":0,"4.0-4.1":0,"4.2-4.3":0,"5.0-5.1":0,"6.0-6.1":0,"7.0-7.1":0.334956516258,"8":0.0227385624614,"8.1-8.4":0.925284580161,"9.0-9.2":7.21599534112,"9.3":null},"op_mob":{"10":0,"11":0,"11.1":0,"11.5":0,"12":3.12767780634e-7,"12.1":3.12767780634e-7,"0":1.34490145673e-5},"ie":{"5.5":0,"6":0,"7":0,"8":1.28232,"9":0.39182,"10":0.30277,"11":7.827495},"bb":{"7":0.00739125,"10":null},"ie_mob":{"10":0.0654448543689,"11":0.289335145631},"edge":{"12":0.23153,"13":0.78364,"14":0},"and_uc":{"0":0.003285},"op_mini":{"5.0-8.0":0.00546092544987},"and_chr":{"0":5.385055},"and_ff":{"0":0.012045}},"total":98.11209625}