{"id":"SY","name":"Syrian Arab Republic","month":"2016-02","access_date":"2016-03-03","data":{"firefox":{"2":0.060354,"3":0.110649,"3.5":0.020118,"3.6":0.114002,"4":0.026824,"5":0.013412,"6":0.023471,"7":0.006706,"8":0.020118,"9":0.010059,"10":0.03353,"11":0.026824,"12":0.046942,"13":0.026824,"14":0.043589,"15":0.036883,"16":0.03353,"17":0.006706,"18":0.023471,"19":0.023471,"20":0.016765,"21":0.026824,"22":0.010059,"23":0.013412,"24":0.026824,"25":0.026824,"26":0.043589,"27":0.043589,"28":0.03353,"29":0.063707,"30":0.093884,"31":0.053648,"32":0.077119,"33":0.060354,"34":0.137473,"35":0.130767,"36":0.157591,"37":0.110649,"38":0.291711,"39":0.171003,"40":0.154238,"41":0.308476,"42":0.251475,"43":2.769578,"44":3.866009,"45":0.261534,"46":0.010059,"47":0.006706},"chrome":{"4":0.010059,"5":0.016765,"6":0.013412,"7":0.006706,"8":0.016765,"9":0.006706,"10":0.006706,"11":0.060354,"12":0.020118,"13":0.006706,"14":0.006706,"15":0.026824,"16":0.003353,"17":0,"18":0.006706,"19":0.003353,"20":0.006706,"21":0.003353,"22":0.006706,"23":0.013412,"24":0.016765,"25":0.016765,"26":0.013412,"27":0.016765,"28":0.016765,"29":0.026824,"30":0.016765,"31":0.097237,"32":0.016765,"33":0.191121,"34":0.030177,"35":0.020118,"36":0.050295,"37":0.036883,"38":0.093884,"39":0.110649,"40":0.13412,"41":0.070413,"42":0.080472,"43":0.952252,"44":0.489538,"45":0.60354,"46":0.392301,"47":0.610246,"48":10.836896,"49":0.124061,"50":0.093884,"51":0},"opera":{"9":0,"9.5-9.6":0,"10.0-10.1":0.003353,"10.5":0,"10.6":0.003353,"11":0.003353,"11.1":0.003353,"11.5":0.006706,"11.6":0.026824,"12":0.006706,"12.1":0.080472,"15":0,"16":0,"17":0,"18":0.003353,"19":0,"20":0.003353,"21":0,"22":0,"23":0,"24":0,"25":0,"26":0,"27":0,"28":0.003353,"29":0.010059,"30":0.006706,"31":0.003353,"32":0.003353,"33":0.010059,"34":0.114002,"35":0.308476,"36":0.003353},"safari":{"3.1":0,"3.2":0,"4":0.003353,"5":0.010059,"5.1":0.03353,"6":0,"6.1":0.016765,"7":0.013412,"7.1":0,"8":0.013412,"9":0.057001,"9.1":0},"android":{"2.1":0,"2.2":0,"2.3":0.0896227751058,"3":0,"4":0.775431836785,"4.1":1.63269316388,"4.2-4.3":3.66284385215,"4.4":7.37634405544,"4.4.3-4.4.4":3.96288531663,"47":null},"ios_saf":{"3.2":0,"4.0-4.1":0,"4.2-4.3":0,"5.0-5.1":0,"6.0-6.1":0,"7.0-7.1":0.120009845853,"8":0.00814688248611,"8.1-8.4":0.331515448858,"9.0-9.2":2.5853818228,"9.3":null},"op_mob":{"10":0,"11":0,"11.1":0,"11.5":0,"12":0.000573757040845,"12.1":0.000573757040845,"0":0.0246715527564},"ie":{"5.5":0,"6":0.0542556634304,"7":0.0135639158576,"8":0.657849919094,"9":0.186503843042,"10":0.125466221683,"11":0.996947815534},"bb":{"7":0.006647,"10":null},"ie_mob":{"10":0.0294274951456,"11":0.130100504854},"edge":{"12":0.107296,"13":0.117355,"14":0},"and_uc":{"0":10.714964},"op_mini":{"5.0-8.0":10.0177979332},"and_chr":{"0":26.384412},"and_ff":{"0":0.13294}},"total":96.3225023786}