{"id":"TD","name":"Chad","month":"2016-02","access_date":"2016-03-03","data":{"firefox":{"2":0.000393,"3":0.133227,"3.5":0,"3.6":0.001965,"4":0.00786,"5":0,"6":0.001965,"7":0.001965,"8":0,"9":0.000786,"10":0.017685,"11":0.001572,"12":0.001572,"13":0,"14":0.001572,"15":0.001179,"16":0.000786,"17":0.001965,"18":0.000393,"19":0.000786,"20":0,"21":0.002751,"22":0.00393,"23":0,"24":0.001965,"25":0.000393,"26":0.000786,"27":0.000786,"28":0.001572,"29":0.000786,"30":0.00786,"31":0.032226,"32":0.001965,"33":0.105324,"34":0.20436,"35":0.12576,"36":0.096678,"37":0.067596,"38":0.509328,"39":0.006288,"40":0.009039,"41":0.012969,"42":0.005895,"43":0.136764,"44":0.089211,"45":0.007074,"46":0,"47":0},"chrome":{"4":0,"5":0,"6":0,"7":0,"8":0,"9":0,"10":0.000786,"11":0.01179,"12":0.001179,"13":0,"14":0,"15":0,"16":0,"17":0,"18":0,"19":0,"20":0,"21":0.202002,"22":0,"23":0,"24":0,"25":0,"26":0.004323,"27":0.000786,"28":0,"29":0,"30":0,"31":0.003144,"32":0.000393,"33":0.000393,"34":0,"35":0,"36":0.000786,"37":0,"38":0.000786,"39":0.001179,"40":0.005502,"41":0.003537,"42":0.006288,"43":0.004716,"44":0.001965,"45":0.029082,"46":0.001965,"47":0.015327,"48":0.296322,"49":0,"50":0.001179,"51":0},"opera":{"9":0,"9.5-9.6":0,"10.0-10.1":0,"10.5":0,"10.6":0.001179,"11":0.000393,"11.1":0,"11.5":0,"11.6":0,"12":0.002751,"12.1":0.014934,"15":0,"16":0,"17":0,"18":0,"19":0.001572,"20":0,"21":0,"22":0.001965,"23":0,"24":0,"25":0.002751,"26":0.000393,"27":0,"28":0.001965,"29":0.002358,"30":0.000786,"31":0.002751,"32":0,"33":0.004716,"34":0.00786,"35":0.026331,"36":0},"safari":{"3.1":0,"3.2":0,"4":0,"5":0,"5.1":0.000786,"6":0.003537,"6.1":0.000786,"7":0.002358,"7.1":0.003144,"8":0.005502,"9":0.072705,"9.1":0},"android":{"2.1":0,"2.2":0,"2.3":0.00940808572701,"3":0,"4":0.0814003938989,"4.1":0.171390779114,"4.2-4.3":0.384504373191,"4.4":0.774326360053,"4.4.3-4.4.4":0.416001008016,"47":null},"ios_saf":{"3.2":0,"4.0-4.1":0,"4.2-4.3":0,"5.0-5.1":0,"6.0-6.1":0,"7.0-7.1":0.032907377341,"8":0.0022339211772,"8.1-8.4":0.0909034079029,"9.0-9.2":0.708926293579,"9.3":null},"op_mob":{"10":0,"11":0,"11.1":0,"11.5":0,"12":0.00469565792631,"12.1":0.00469565792631,"0":0.201913290831},"ie":{"5.5":0,"6":0,"7":0,"8":0.0169536893204,"9":0.00630834951456,"10":0.0256276699029,"11":0.0678147572816},"bb":{"7":0.02641925,"10":null},"ie_mob":{"10":0.0549371165049,"11":0.242879883495},"edge":{"12":0.001965,"13":0.006288,"14":0},"and_uc":{"0":6.686472},"op_mini":{"5.0-8.0":81.9861873933},"and_chr":{"0":3.550089},"and_ff":{"0":0.028821}},"total":97.945999716}