{"id":"TH","name":"Thailand","month":"2016-02","access_date":"2016-03-03","data":{"firefox":{"2":0,"3":0.005285,"3.5":0.005285,"3.6":0.02114,"4":0.005285,"5":0.005285,"6":0.02114,"7":0.01057,"8":0.005285,"9":0.005285,"10":0,"11":0.005285,"12":0.026425,"13":0.005285,"14":0.01057,"15":0.005285,"16":0.01057,"17":0.005285,"18":0.005285,"19":0.005285,"20":0.005285,"21":0.01057,"22":0.005285,"23":0.005285,"24":0.02114,"25":0.01057,"26":0.02114,"27":0.015855,"28":0.01057,"29":0.015855,"30":0.026425,"31":0.02114,"32":0.01057,"33":0.02114,"34":0.02114,"35":0.02114,"36":0.04228,"37":0.03171,"38":0.068705,"39":0.068705,"40":0.047565,"41":0.058135,"42":0.09513,"43":1.19441,"44":2.47338,"45":0.132125,"46":0.005285,"47":0.005285},"chrome":{"4":0,"5":0,"6":0.005285,"7":0.005285,"8":0.005285,"9":0,"10":0.03171,"11":0.04228,"12":0.06342,"13":0.026425,"14":0.005285,"15":0.015855,"16":0.005285,"17":0.005285,"18":0.005285,"19":0,"20":0.01057,"21":0.015855,"22":0.03171,"23":0.005285,"24":0.005285,"25":0.01057,"26":0.026425,"27":0.01057,"28":0.01057,"29":0.015855,"30":0.01057,"31":0.05285,"32":0.015855,"33":0.110985,"34":0.04228,"35":0.05285,"36":0.047565,"37":0.047565,"38":0.100415,"39":0.110985,"40":0.12684,"41":0.06342,"42":0.07399,"43":2.298975,"44":0.301245,"45":0.39109,"46":0.57078,"47":1.15213,"48":26.50956,"49":0.11627,"50":0.17969,"51":0},"opera":{"9":0,"9.5-9.6":0,"10.0-10.1":0,"10.5":0,"10.6":0,"11":0,"11.1":0,"11.5":0,"11.6":0,"12":0.005285,"12.1":0.01057,"15":0,"16":0,"17":0,"18":0,"19":0,"20":0,"21":0,"22":0,"23":0,"24":0,"25":0,"26":0,"27":0,"28":0.015855,"29":0,"30":0,"31":0,"32":0.005285,"33":0.005285,"34":0.07399,"35":0.206115,"36":0},"safari":{"3.1":0,"3.2":0,"4":0.005285,"5":0.02114,"5.1":0.05285,"6":0.015855,"6.1":0.03171,"7":0.04228,"7.1":0.02114,"8":0.16912,"9":0.776895,"9.1":0.005285},"android":{"2.1":0,"2.2":0,"2.3":0.0371177031841,"3":0,"4":0.321148823202,"4.1":0.676187723224,"4.2-4.3":1.516984391,"4.4":3.05494835337,"4.4.3-4.4.4":1.64124800601,"47":null},"ios_saf":{"3.2":0,"4.0-4.1":0,"4.2-4.3":0,"5.0-5.1":0,"6.0-6.1":0,"7.0-7.1":0.639926867668,"8":0.0434415105989,"8.1-8.4":1.76773531591,"9.0-9.2":13.7859963058,"9.3":null},"op_mob":{"10":0,"11":0,"11.1":0,"11.5":0,"12":2.80125678378e-5,"12.1":2.80125678378e-5,"0":0.00120454041702},"ie":{"5.5":0,"6":0.0106793919793,"7":0.0213587839586,"8":0.822313182406,"9":0.646103214748,"10":0.416496287193,"11":2.21063413972},"bb":{"7":0.00353625,"10":null},"ie_mob":{"10":0.110459174757,"11":0.488345825243},"edge":{"12":0.08456,"13":0.195545,"14":0},"and_uc":{"0":0.72611},"op_mini":{"5.0-8.0":0.489099434447},"and_chr":{"0":29.696725},"and_ff":{"0":0.023575}},"total":98.26043125}