{"id":"TO","name":"Tonga","month":"2016-02","access_date":"2016-03-03","data":{"firefox":{"2":0,"3":0.012864,"3.5":0,"3.6":0,"4":0.012864,"5":1.788096,"6":0.006432,"7":0,"8":0.012864,"9":0,"10":0,"11":0,"12":0.077184,"13":0.12864,"14":0.019296,"15":0,"16":0.051456,"17":0,"18":0.012864,"19":0.006432,"20":0.006432,"21":0.012864,"22":0.051456,"23":0,"24":0.006432,"25":0,"26":0,"27":0,"28":0.025728,"29":0.019296,"30":0.012864,"31":0.051456,"32":0.03216,"33":0.019296,"34":0,"35":0.147936,"36":0,"37":0.09648,"38":0.726816,"39":0.237984,"40":0.28944,"41":0.122208,"42":0.135072,"43":5.666592,"44":7.26816,"45":2.527776,"46":0,"47":0},"chrome":{"4":0,"5":0,"6":0,"7":0,"8":0,"9":0,"10":0,"11":0.006432,"12":0,"13":0,"14":0,"15":0,"16":0,"17":0,"18":0,"19":0,"20":0.006432,"21":0,"22":0,"23":0,"24":0,"25":0,"26":0.006432,"27":0.019296,"28":0,"29":0.038592,"30":0,"31":0.237984,"32":0.006432,"33":0,"34":0,"35":0,"36":0.012864,"37":0,"38":0,"39":0.006432,"40":0.051456,"41":0.006432,"42":0.212256,"43":0.816864,"44":1.016256,"45":0.701088,"46":0.263712,"47":1.09344,"48":21.74016,"49":0.083616,"50":0.057888,"51":0},"opera":{"9":0,"9.5-9.6":0,"10.0-10.1":0,"10.5":0,"10.6":0,"11":0.006432,"11.1":0,"11.5":0,"11.6":0.012864,"12":0,"12.1":0.012864,"15":0,"16":0,"17":0,"18":0,"19":0,"20":0,"21":0,"22":0,"23":0,"24":0,"25":0,"26":0,"27":0,"28":0.012864,"29":0.012864,"30":0,"31":0,"32":0,"33":0.025728,"34":0.186528,"35":0.237984,"36":0},"safari":{"3.1":0,"3.2":0,"4":0.012864,"5":0.038592,"5.1":0.147936,"6":0,"6.1":0.212256,"7":0.045024,"7.1":0.083616,"8":0.765408,"9":1.614432,"9.1":0},"android":{"2.1":0,"2.2":0,"2.3":0.0379448888889,"3":0,"4":0.328305777778,"4.1":0.691256888889,"4.2-4.3":1.55079111111,"4.4":3.12302933333,"4.4.3-4.4.4":1.677824,"47":null},"ios_saf":{"3.2":0,"4.0-4.1":0,"4.2-4.3":0,"5.0-5.1":0,"6.0-6.1":0,"7.0-7.1":0.373409471908,"8":0.0253489458736,"8.1-8.4":1.03150710517,"9.0-9.2":8.04439047705,"9.3":null},"op_mob":{"10":0,"11":0,"11.1":0,"11.5":0,"12":7.05243073408e-5,"12.1":7.05243073408e-5,"0":0.00303254521565},"ie":{"5.5":0,"6":0,"7":0.006432,"8":0.636768,"9":0.456672,"10":0.572448,"11":3.6984},"bb":{"7":0.003568,"10":null},"ie_mob":{"10":0.929342757282,"11":4.10867324272},"edge":{"12":0.340896,"13":0.598176,"14":0},"and_uc":{"0":0.924112},"op_mini":{"5.0-8.0":1.23135440617},"and_chr":{"0":16.801264},"and_ff":{"0":0}},"total":96.592848}