{"id":"TR","name":"Turkey","month":"2016-02","access_date":"2016-03-03","data":{"firefox":{"2":0,"3":0.005293,"3.5":0,"3.6":0.005293,"4":0.010586,"5":0,"6":0.005293,"7":0,"8":0,"9":0,"10":0,"11":0.005293,"12":0.005293,"13":0,"14":0.005293,"15":0.005293,"16":0.005293,"17":0.005293,"18":0.005293,"19":0.005293,"20":0.005293,"21":0.005293,"22":0,"23":0.005293,"24":0,"25":0.005293,"26":0.005293,"27":0.005293,"28":0.005293,"29":0.005293,"30":0.010586,"31":0.010586,"32":0.010586,"33":0.015879,"34":0.021172,"35":0.021172,"36":0.074102,"37":0.021172,"38":0.026465,"39":0.031758,"40":0.026465,"41":0.031758,"42":0.042344,"43":0.576937,"44":1.259734,"45":0.015879,"46":0,"47":0},"chrome":{"4":0.005293,"5":0,"6":0,"7":0,"8":0,"9":0,"10":0.005293,"11":0.047637,"12":0.010586,"13":0.005293,"14":0.005293,"15":0.015879,"16":0.005293,"17":0,"18":0.005293,"19":0,"20":0,"21":0.005293,"22":0.195841,"23":0.010586,"24":0.005293,"25":0.021172,"26":0.079395,"27":0.010586,"28":0.015879,"29":0.026465,"30":0.021172,"31":0.031758,"32":0.015879,"33":0.05293,"34":0.10586,"35":0.063516,"36":0.037051,"37":0.042344,"38":0.079395,"39":0.116446,"40":0.089981,"41":0.068809,"42":0.074102,"43":0.243478,"44":0.37051,"45":1.069186,"46":0.561058,"47":1.259734,"48":32.054408,"49":0.042344,"50":0.031758,"51":0},"opera":{"9":0,"9.5-9.6":0,"10.0-10.1":0,"10.5":0,"10.6":0,"11":0.005293,"11.1":0,"11.5":0,"11.6":0,"12":0.005293,"12.1":0.015879,"15":0,"16":0,"17":0,"18":0,"19":0,"20":0,"21":0,"22":0,"23":0,"24":0,"25":0,"26":0,"27":0,"28":0.005293,"29":0,"30":0.005293,"31":0.005293,"32":0.005293,"33":0.005293,"34":0.079395,"35":0.280529,"36":0},"safari":{"3.1":0,"3.2":0,"4":0.005293,"5":0.005293,"5.1":0.015879,"6":0.005293,"6.1":0.010586,"7":0.005293,"7.1":0.005293,"8":0.042344,"9":0.206427,"9.1":0},"android":{"2.1":0,"2.2":0,"2.3":0.0428042957025,"3":0,"4":0.370350210644,"4.1":0.77978260432,"4.2-4.3":1.7493929548,"4.4":3.52297964195,"4.4.3-4.4.4":1.89269429259,"47":null},"ios_saf":{"3.2":0,"4.0-4.1":0,"4.2-4.3":0,"5.0-5.1":0,"6.0-6.1":0,"7.0-7.1":0.330115101461,"8":0.0224099024491,"8.1-8.4":0.911910645812,"9.0-9.2":7.11169635028,"9.3":null},"op_mob":{"10":0,"11":0,"11.1":0,"11.5":0,"12":4.65187660668e-5,"12.1":4.65187660668e-5,"0":0.00200030694087},"ie":{"5.5":0,"6":0.00532888474576,"7":0.0159866542373,"8":0.527559589831,"9":0.389008586441,"10":0.49025739661,"11":3.27726411864},"bb":{"7":0.0070605,"10":null},"ie_mob":{"10":0.123295980583,"11":0.545098019417},"edge":{"12":0.174669,"13":0.349338,"14":0},"and_uc":{"0":0.169452},"op_mini":{"5.0-8.0":0.812217655527},"and_chr":{"0":32.491506},"and_ff":{"0":0.009414}},"total":96.0540777305}