{"id":"TV","name":"Tuvalu","month":"2016-02","access_date":"2016-03-03","data":{"firefox":{"2":0,"3":0,"3.5":0,"3.6":0,"4":0,"5":0,"6":0,"7":0,"8":0.327684,"9":0,"10":0,"11":0,"12":0,"13":0,"14":0,"15":0,"16":0,"17":0,"18":0,"19":0,"20":0,"21":0,"22":0,"23":0,"24":0,"25":0,"26":0,"27":0,"28":0,"29":0,"30":0.07802,"31":0.163842,"32":0,"33":0,"34":0,"35":0,"36":0.163842,"37":0,"38":0,"39":0.07802,"40":0.07802,"41":0,"42":0,"43":2.044124,"44":4.423734,"45":0.241862,"46":0,"47":0},"chrome":{"4":0,"5":0,"6":0,"7":0,"8":0,"9":0,"10":0,"11":0,"12":0,"13":0,"14":0,"15":0,"16":0,"17":0,"18":0,"19":0,"20":0,"21":0,"22":0.163842,"23":0,"24":0,"25":0,"26":0,"27":0,"28":0,"29":0,"30":0,"31":0,"32":0,"33":1.552598,"34":0,"35":0,"36":0,"37":0,"38":0,"39":0,"40":0,"41":0,"42":0,"43":0.405704,"44":0.07802,"45":0.241862,"46":0,"47":1.63842,"48":41.264778,"49":0.405704,"50":0.07802,"51":0},"opera":{"9":0,"9.5-9.6":0,"10.0-10.1":0,"10.5":0,"10.6":0,"11":0,"11.1":0,"11.5":0,"11.6":0,"12":0,"12.1":0,"15":0,"16":0,"17":0,"18":0,"19":0,"20":0,"21":0,"22":0,"23":0,"24":0,"25":0,"26":0,"27":0,"28":0,"29":0,"30":0,"31":0,"32":0,"33":0,"34":0,"35":0.241862,"36":0},"safari":{"3.1":0,"3.2":0,"4":0,"5":0,"5.1":0,"6":0,"6.1":0,"7":0,"7.1":0,"8":0.07802,"9":2.293788,"9.1":0},"android":{"2.1":0,"2.2":0,"2.3":0.00902790202627,"3":0,"4":0.0781109784012,"4.1":0.16446482387,"4.2-4.3":0.368966430639,"4.4":0.74303558851,"4.4.3-4.4.4":0.399190276553,"47":null},"ios_saf":{"3.2":0,"4.0-4.1":0,"4.2-4.3":0,"5.0-5.1":0,"6.0-6.1":0,"7.0-7.1":0.173847869726,"8":0.0118016830624,"8.1-8.4":0.480237718461,"9.0-9.2":3.74521872875,"9.3":null},"op_mob":{"10":0,"11":0,"11.1":0,"11.5":0,"12":0,"12.1":0,"0":0},"ie":{"5.5":0,"6":0,"7":0,"8":0.241862,"9":0,"10":0.655368,"11":14.652156},"bb":{"7":0,"10":null},"ie_mob":{"10":0.371397980583,"11":1.64197001942},"edge":{"12":0.491526,"13":0.241862,"14":0},"and_uc":{"0":9.060156},"op_mini":{"5.0-8.0":0},"and_chr":{"0":10.297698},"and_ff":{"0":0}},"total":99.869664}