{"id":"UY","name":"Uruguay","month":"2016-02","access_date":"2016-03-03","data":{"firefox":{"2":0,"3":0.037165,"3.5":0.029732,"3.6":0.104062,"4":0,"5":0.007433,"6":0.022299,"7":0.007433,"8":0,"9":0.007433,"10":0.007433,"11":0.022299,"12":0.052031,"13":0,"14":0.007433,"15":0.014866,"16":0.141227,"17":0.126361,"18":0,"19":0.014866,"20":0.07433,"21":0.014866,"22":0.007433,"23":0.014866,"24":0.014866,"25":0.758166,"26":0.007433,"27":0.431114,"28":0.022299,"29":0.022299,"30":0.022299,"31":0.029732,"32":0.022299,"33":1.025754,"34":0.044598,"35":0.066897,"36":0.029732,"37":0.066897,"38":0.14866,"39":0.111495,"40":0.126361,"41":0.111495,"42":0.178392,"43":2.073807,"44":5.188234,"45":0.044598,"46":0.014866,"47":0},"chrome":{"4":0,"5":0.044598,"6":0,"7":0.007433,"8":0,"9":0,"10":0,"11":0.029732,"12":0.014866,"13":0.007433,"14":0.007433,"15":0,"16":0,"17":0,"18":0.044598,"19":0,"20":0,"21":0.014866,"22":0.029732,"23":0.014866,"24":0.007433,"25":0.022299,"26":0.037165,"27":0.066897,"28":0.007433,"29":0.029732,"30":0.007433,"31":0.037165,"32":0.022299,"33":0.029732,"34":0.052031,"35":0.052031,"36":0.089196,"37":0.044598,"38":0.104062,"39":0.237856,"40":0.089196,"41":0.066897,"42":0.104062,"43":0.215557,"44":0.379083,"45":0.289887,"46":0.408815,"47":1.456868,"48":43.326957,"49":0.14866,"50":0.089196,"51":0},"opera":{"9":0,"9.5-9.6":0,"10.0-10.1":0,"10.5":0,"10.6":0,"11":0,"11.1":0,"11.5":0,"11.6":0,"12":0.007433,"12.1":0.029732,"15":0,"16":0,"17":0,"18":0,"19":0,"20":0,"21":0,"22":0,"23":0,"24":0,"25":0,"26":0,"27":0,"28":0.014866,"29":0.022299,"30":0.014866,"31":0.007433,"32":0.014866,"33":0.007433,"34":0.185825,"35":0.646671,"36":0.014866},"safari":{"3.1":0,"3.2":0,"4":0.007433,"5":0.022299,"5.1":0.029732,"6":0.007433,"6.1":0.022299,"7":0.014866,"7.1":0.029732,"8":0.208124,"9":1.137249,"9.1":0.007433},"android":{"2.1":0,"2.2":0,"2.3":0.0208591050991,"3":0,"4":0.180476604988,"4.1":0.379998479849,"4.2-4.3":0.852502556224,"4.4":1.71679504142,"4.4.3-4.4.4":0.922335212425,"47":null},"ios_saf":{"3.2":0,"4.0-4.1":0,"4.2-4.3":0,"5.0-5.1":0,"6.0-6.1":0,"7.0-7.1":0.16486321311,"8":0.0111917585923,"8.1-8.4":0.455418484256,"9.0-9.2":3.55166154404,"9.3":null},"op_mob":{"10":0,"11":0,"11.1":0,"11.5":0,"12":6.99491002571e-5,"12.1":6.99491002571e-5,"0":0.00300781131105},"ie":{"5.5":0,"6":0.00760154875283,"7":0.0152030975057,"8":0.45609292517,"9":0.220444913832,"10":0.326866596372,"11":2.30326927211},"bb":{"7":0.04043025,"10":null},"ie_mob":{"10":0.637837194175,"11":2.81991180583},"edge":{"12":0.170959,"13":0.423681,"14":0},"and_uc":{"0":0.192525},"op_mini":{"5.0-8.0":1.22131129049},"and_chr":{"0":18.240105},"and_ff":{"0":0.143752}},"total":96.8460886037}