{"id":"VE","name":"Venezuela","month":"2016-02","access_date":"2016-03-03","data":{"firefox":{"2":0.103688,"3":0.047856,"3.5":0.023928,"3.6":0.311064,"4":0.015952,"5":0.007976,"6":0.03988,"7":0.007976,"8":0.749744,"9":0.007976,"10":0.015952,"11":0.023928,"12":0.047856,"13":0.023928,"14":0.03988,"15":0.007976,"16":0.023928,"17":0.007976,"18":0.015952,"19":0.015952,"20":0.031904,"21":0.015952,"22":0.015952,"23":0.11964,"24":0.023928,"25":0.031904,"26":0.07976,"27":0.183448,"28":0.031904,"29":0.063808,"30":0.071784,"31":0.143568,"32":0.047856,"33":0.055832,"34":0.055832,"35":0.087736,"36":0.07976,"37":0.11964,"38":0.215352,"39":0.247256,"40":0.287136,"41":0.207376,"42":0.263208,"43":3.094688,"44":6.915192,"45":0.07976,"46":0.015952,"47":0},"chrome":{"4":0.007976,"5":0.007976,"6":0.151544,"7":0,"8":0.015952,"9":0.007976,"10":0.007976,"11":0.063808,"12":0.031904,"13":0.023928,"14":0,"15":0.007976,"16":0,"17":0,"18":0.023928,"19":0,"20":0.071784,"21":0.023928,"22":0.015952,"23":0.007976,"24":0.031904,"25":0.015952,"26":0.031904,"27":0.031904,"28":0.015952,"29":0.095712,"30":0.015952,"31":0.063808,"32":0.031904,"33":0.03988,"34":0.055832,"35":0.07976,"36":0.071784,"37":0.111664,"38":0.111664,"39":0.143568,"40":0.07976,"41":0.215352,"42":0.095712,"43":0.327016,"44":0.510464,"45":0.462608,"46":0.67796,"47":1.722816,"48":46.524008,"49":0.175472,"50":0.07976,"51":0},"opera":{"9":0,"9.5-9.6":0,"10.0-10.1":0,"10.5":0,"10.6":0,"11":0,"11.1":0,"11.5":0,"11.6":0,"12":0,"12.1":0.03988,"15":0.007976,"16":0,"17":0,"18":0,"19":0,"20":0,"21":0,"22":0,"23":0,"24":0,"25":0,"26":0.007976,"27":0,"28":0.007976,"29":0.015952,"30":0.007976,"31":0.015952,"32":0.015952,"33":0.015952,"34":0.23928,"35":0.71784,"36":0.007976},"safari":{"3.1":0,"3.2":0,"4":0.023928,"5":0.047856,"5.1":0.047856,"6":0.007976,"6.1":0.047856,"7":0.015952,"7.1":0.015952,"8":0.111664,"9":0.446656,"9.1":0},"android":{"2.1":0,"2.2":0,"2.3":0.0397476873747,"3":0,"4":0.343903903808,"4.1":0.724099174349,"4.2-4.3":1.6244707014,"4.4":3.27140748697,"4.4.3-4.4.4":1.75753904609,"47":null},"ios_saf":{"3.2":0,"4.0-4.1":0,"4.2-4.3":0,"5.0-5.1":0,"6.0-6.1":0,"7.0-7.1":0.0997578242437,"8":0.00677207161967,"8.1-8.4":0.275571222062,"9.0-9.2":2.14909088207,"9.3":null},"op_mob":{"10":0,"11":0,"11.1":0,"11.5":0,"12":0.000141986403885,"12.1":0.000141986403885,"0":0.00610541536704},"ie":{"5.5":0,"6":0.0331984343675,"7":0.0331984343675,"8":0.672268295943,"9":0.240688649165,"10":0.248988257757,"11":2.21599549403},"bb":{"7":0.389114,"10":null},"ie_mob":{"10":0.110514330097,"11":0.488589669903},"edge":{"12":0.175472,"13":0.311064,"14":0},"and_uc":{"0":0.469568},"op_mini":{"5.0-8.0":2.47908261183},"and_chr":{"0":11.095408},"and_ff":{"0":0.103224}},"total":97.6476595656}