{"id":"VU","name":"Vanuatu","month":"2016-02","access_date":"2016-03-03","data":{"firefox":{"2":0,"3":0.007119,"3.5":0,"3.6":0.035595,"4":0.035595,"5":0,"6":0.113904,"7":0,"8":0.007119,"9":0,"10":0.014238,"11":0.014238,"12":0.035595,"13":0,"14":0.078309,"15":0.056952,"16":0.092547,"17":0.014238,"18":0.135261,"19":0.014238,"20":0.014238,"21":0.028476,"22":0,"23":0,"24":0.014238,"25":0,"26":0.035595,"27":0,"28":0.007119,"29":0.21357,"30":0.106785,"31":0.014238,"32":1.025136,"33":0.007119,"34":0.234927,"35":0.121023,"36":0.049833,"37":0.099666,"38":0.227808,"39":0.192213,"40":0.548163,"41":0.220689,"42":0.256284,"43":3.63069,"44":7.503426,"45":1.053612,"46":0.007119,"47":0},"chrome":{"4":0,"5":0,"6":0,"7":0,"8":0,"9":0,"10":0,"11":0.007119,"12":0.014238,"13":0,"14":0.007119,"15":0,"16":0,"17":0,"18":0,"19":0,"20":0.007119,"21":0,"22":0.007119,"23":0,"24":0,"25":0.028476,"26":0,"27":0.007119,"28":0,"29":0.064071,"30":0,"31":0.07119,"32":0.021357,"33":0.064071,"34":0,"35":0.014238,"36":0.078309,"37":0.021357,"38":0.042714,"39":0.042714,"40":0.156618,"41":0.07119,"42":0.21357,"43":0.206451,"44":0.847161,"45":0.605115,"46":0.149499,"47":0.939708,"48":24.325623,"49":0.170856,"50":0.170856,"51":0},"opera":{"9":0,"9.5-9.6":0,"10.0-10.1":0,"10.5":0,"10.6":0,"11":0,"11.1":0,"11.5":0,"11.6":0,"12":0,"12.1":0.021357,"15":0.007119,"16":0,"17":0,"18":0,"19":0,"20":0,"21":0,"22":0,"23":0,"24":0,"25":0,"26":0,"27":0,"28":0,"29":0,"30":0.007119,"31":0,"32":0,"33":0,"34":0.541044,"35":0.291879,"36":0},"safari":{"3.1":0,"3.2":0,"4":0.021357,"5":0.035595,"5.1":0.121023,"6":0.014238,"6.1":0.14238,"7":0.092547,"7.1":0.170856,"8":0.263403,"9":1.395324,"9.1":0},"android":{"2.1":0,"2.2":0,"2.3":0.0514413513694,"3":0,"4":0.44507951837,"4.1":0.937127227121,"4.2-4.3":2.10238566466,"4.4":4.23384687575,"4.4.3-4.4.4":2.27460236273,"47":null},"ios_saf":{"3.2":0,"4.0-4.1":0,"4.2-4.3":0,"5.0-5.1":0,"6.0-6.1":0,"7.0-7.1":0.272823968821,"8":0.0185206871784,"8.1-8.4":0.753649501338,"9.0-9.2":5.87746884266,"9.3":null},"op_mob":{"10":0,"11":0,"11.1":0,"11.5":0,"12":2.38643244787e-5,"12.1":2.38643244787e-5,"0":0.00102616595258},"ie":{"5.5":0,"6":0,"7":0.014385409257,"8":1.4385409257,"9":1.07171298965,"10":1.50327526736,"11":7.78250640804},"bb":{"7":0.005762,"10":null},"ie_mob":{"10":0.155182407767,"11":0.686069592233},"edge":{"12":0.555282,"13":0.476973,"14":0},"and_uc":{"0":2.123297},"op_mini":{"5.0-8.0":0.416671105398},"and_chr":{"0":13.912853},"and_ff":{"0":2.411397}},"total":97.269061}