{"id":"WF","name":"Wallis and Futuna","month":"2016-02","access_date":"2016-03-03","data":{"firefox":{"2":0,"3":0,"3.5":0,"3.6":0.486514,"4":0,"5":0,"6":0,"7":0,"8":0,"9":0,"10":0,"11":0,"12":0,"13":0,"14":0.049476,"15":0,"16":0,"17":0.20615,"18":0,"19":0,"20":0,"21":0.049476,"22":0,"23":2.457308,"24":0,"25":0,"26":0,"27":0,"28":0.074214,"29":0,"30":0,"31":0.230888,"32":0,"33":0,"34":0,"35":0.074214,"36":0,"37":0.074214,"38":1.228654,"39":0,"40":0.181412,"41":0.280364,"42":0.098952,"43":3.479812,"44":7.470876,"45":0,"46":0,"47":0},"chrome":{"4":0,"5":0,"6":0,"7":0,"8":0,"9":0,"10":0,"11":0,"12":0,"13":0,"14":0,"15":0,"16":0,"17":0,"18":0,"19":0,"20":0,"21":0,"22":0.098952,"23":0,"24":0,"25":0,"26":0,"27":0,"28":0,"29":0,"30":0,"31":0,"32":0,"33":0.024738,"34":0,"35":0,"36":0,"37":0,"38":0,"39":0.024738,"40":0.131936,"41":0,"42":0,"43":0.049476,"44":0.610204,"45":0.024738,"46":0.098952,"47":0.585466,"48":29.751568,"49":0,"50":0.024738,"51":0},"opera":{"9":0,"9.5-9.6":0,"10.0-10.1":0,"10.5":0,"10.6":0,"11":0,"11.1":0,"11.5":0,"11.6":0,"12":0,"12.1":0.024738,"15":0,"16":0,"17":0,"18":0,"19":0,"20":0,"21":0,"22":0,"23":0,"24":0,"25":0,"26":0,"27":0,"28":0.049476,"29":0,"30":0,"31":0,"32":0,"33":0,"34":0.024738,"35":0.692664,"36":0},"safari":{"3.1":0,"3.2":0,"4":0,"5":0,"5.1":0.387562,"6":0,"6.1":0.131936,"7":0.024738,"7.1":0.181412,"8":0.923552,"9":0.766878,"9.1":0},"android":{"2.1":0,"2.2":0,"2.3":0.0254274295257,"3":0,"4":0.220002542418,"4.1":0.463221433534,"4.2-4.3":1.03920798931,"4.4":2.09278800401,"4.4.3-4.4.4":1.1243346012,"47":null},"ios_saf":{"3.2":0,"4.0-4.1":0,"4.2-4.3":0,"5.0-5.1":0,"6.0-6.1":0,"7.0-7.1":0.31806348899,"8":0.0215917773204,"8.1-8.4":0.878619246347,"9.0-9.2":6.85206748734,"9.3":null},"op_mob":{"10":0,"11":0,"11.1":0,"11.5":0,"12":7.21439588689e-6,"12.1":7.21439588689e-6,"0":0.000310219023136},"ie":{"5.5":0,"6":0,"7":0,"8":0.181412,"9":1.253392,"10":1.129702,"11":10.51365},"bb":{"7":0,"10":null},"ie_mob":{"10":0.0116479223301,"11":0.0514960776699},"edge":{"12":0.131936,"13":0.230888,"14":0},"and_uc":{"0":0.221004},"op_mini":{"5.0-8.0":0.125963352185},"and_chr":{"0":20.815158},"and_ff":{"0":0}},"total":98.777622}