{"id":"AD","name":"Andorra","month":"2016-02","access_date":"2016-03-03","data":{"firefox":{"2":0,"3":0,"3.5":0,"3.6":0.039828,"4":0,"5":0,"6":0,"7":0,"8":0,"9":0.006638,"10":0,"11":0,"12":0.006638,"13":0,"14":0.019914,"15":0,"16":0.006638,"17":0,"18":0,"19":0,"20":0,"21":0.13276,"22":0.019914,"23":0.019914,"24":0.026552,"25":0.03319,"26":0,"27":0.019914,"28":0.013276,"29":0.013276,"30":0.013276,"31":0.019914,"32":0.006638,"33":0.013276,"34":0.013276,"35":0.013276,"36":0.019914,"37":0.285434,"38":0.046466,"39":0.046466,"40":0.039828,"41":0.09957,"42":0.152674,"43":2.416232,"44":5.390056,"45":0.192502,"46":0,"47":0.006638},"chrome":{"4":0,"5":0,"6":0,"7":0.006638,"8":0,"9":0,"10":0,"11":0.026552,"12":0,"13":0,"14":0,"15":0,"16":0,"17":0,"18":0,"19":0,"20":0,"21":0.026552,"22":0.03319,"23":0,"24":0.006638,"25":0,"26":0.006638,"27":0.053104,"28":0.026552,"29":0.026552,"30":0.013276,"31":0.086294,"32":0.03319,"33":0.053104,"34":0.179226,"35":0.039828,"36":0.06638,"37":0.03319,"38":0.019914,"39":0.053104,"40":0.03319,"41":0.272158,"42":0.013276,"43":0.146036,"44":0.139398,"45":0.086294,"46":0.19914,"47":1.174926,"48":26.678122,"49":0.13276,"50":0.026552,"51":0},"opera":{"9":0,"9.5-9.6":0,"10.0-10.1":0,"10.5":0,"10.6":0,"11":0,"11.1":0,"11.5":0,"11.6":0.019914,"12":0.03319,"12.1":0.046466,"15":0,"16":0,"17":0,"18":0,"19":0,"20":0,"21":0,"22":0,"23":0,"24":0,"25":0,"26":0,"27":0,"28":0.225692,"29":0,"30":0,"31":0,"32":0,"33":0.006638,"34":0.053104,"35":0.245606,"36":0},"safari":{"3.1":0,"3.2":0,"4":0.013276,"5":0.192502,"5.1":0.305348,"6":0.019914,"6.1":0.13276,"7":0.046466,"7.1":0.079656,"8":0.79656,"9":4.991776,"9.1":0.006638},"android":{"2.1":0,"2.2":0,"2.3":0.0236373832109,"3":0,"4":0.20451475039,"4.1":0.430611459363,"4.2-4.3":0.966049574705,"4.4":1.94545940949,"4.4.3-4.4.4":1.04518342285,"47":null},"ios_saf":{"3.2":0,"4.0-4.1":0,"4.2-4.3":0,"5.0-5.1":0,"6.0-6.1":0,"7.0-7.1":0.813505399877,"8":0.0552249096522,"8.1-8.4":2.24722901585,"9.0-9.2":17.5254126746,"9.3":null},"op_mob":{"10":0,"11":0,"11.1":0,"11.5":0,"12":1.72853470437e-6,"12.1":1.72853470437e-6,"0":7.43269922879e-5},"ie":{"5.5":0,"6":0.00664496537251,"7":0.0531597229801,"8":0.299023441763,"9":0.518307299056,"10":0.385407991605,"11":5.06346361385},"bb":{"7":0.028577,"10":null},"ie_mob":{"10":0.0787621941748,"11":0.348211805825},"edge":{"12":0.252244,"13":1.234668,"14":0},"and_uc":{"0":0.023534},"op_mini":{"5.0-8.0":0.0301802159383},"and_chr":{"0":18.640564},"and_ff":{"0":0.036982}},"total":98.2978040346}