{"id":"AD","name":"Andorra","month":"2015-10","access_date":"2015-11-03","data":{"chrome":{"4":0.007391,"5":0,"6":0,"7":0.007391,"8":0,"9":0,"10":0,"11":0.051737,"12":0,"13":0,"14":0,"15":0,"16":0.007391,"17":0,"18":0,"19":0,"20":0.007391,"21":0.007391,"22":0.07391,"23":0,"24":0.014782,"25":0,"26":0.007391,"27":0.007391,"28":0.014782,"29":0.007391,"30":0,"31":0.07391,"32":0.081301,"33":0.051737,"34":0.081301,"35":0.051737,"36":0.169993,"37":0.029564,"38":0.051737,"39":0.133038,"40":0.096083,"41":0.088692,"42":0.096083,"43":0.199557,"44":0.428678,"45":15.218069,"46":15.173723,"47":0.066519,"48":0.036955,"49":0},"firefox":{"2":0,"3":0,"3.5":0.007391,"3.6":0.014782,"4":0.007391,"5":0,"6":0.007391,"7":0,"8":0,"9":0.007391,"10":0,"11":0.007391,"12":0.014782,"13":0.022173,"14":0,"15":0.007391,"16":0.022173,"17":0.014782,"18":0.007391,"19":0.007391,"20":0,"21":0.007391,"22":0,"23":0,"24":0,"25":0,"26":0.014782,"27":0,"28":0,"29":0.014782,"30":0.007391,"31":0.014782,"32":0.051737,"33":0.007391,"34":0.022173,"35":0.029564,"36":0.014782,"37":0.103474,"38":0.317813,"39":0.236512,"40":1.441245,"41":9.918722,"42":0.036955,"43":0,"44":0},"opera":{"9":0,"9.5-9.6":0,"10.0-10.1":0,"10.5":0,"10.6":0,"11":0,"11.1":0,"11.5":0,"11.6":0,"12":0,"12.1":0.007391,"15":0,"16":0,"17":0,"18":0,"19":0,"20":0,"21":0,"22":0,"23":0,"24":0,"25":0,"26":0,"27":0,"28":0.007391,"29":0,"30":0,"31":0,"32":0.495197,"33":0.022173,"34":0},"safari":{"3.1":0,"3.2":0,"4":0.036955,"5":0.288249,"5.1":0.487806,"6":0.022173,"6.1":0.288249,"7":0.088692,"7.1":0.51737,"8":1.840359,"9":3.377687},"android":{"2.1":0,"2.2":0,"2.3":0.0594908791854,"3":0,"4":0.173431037625,"4.1":0.622133431481,"4.2-4.3":1.30073278219,"4.4":2.42803452675,"4.4.3-4.4.4":1.25838334277,"44":null},"ios_saf":{"3.2":0,"4.0-4.1":0,"4.2-4.3":0,"5.0-5.1":0.033283987186,"6.0-6.1":0.0348689389567,"7.0-7.1":0.849534149127,"8":0.114116527495,"8.1-8.4":3.79754444274,"9.0-9.1":10.8791089545},"op_mob":{"10":0,"11":0,"11.1":0,"11.5":0,"12":0.000170399129173,"12.1":0.000511197387518,"0":0.00596396952104},"ie":{"5.5":0.0297114513716,"6":0.0891343541147,"7":0.111417942643,"8":0.824492775561,"9":0.557089713217,"10":0.727930558603,"11":6.51423571322},"bb":{"7":0.00195675,"10":null},"ie_mob":{"10":0.0502707318008,"11":0.228892268199},"op_mini":{"5.0-8.0":0.0637974339623},"and_chr":{"0":14.734487},"and_ff":{"0":0.036526},"edge":{"12":0.990394,"13":null},"and_uc":{"0":0.031308}},"total":98.7589772587}