{"id":"AE","name":"United Arab Emirates","month":"2015-10","access_date":"2015-11-03","data":{"chrome":{"4":0.004801,"5":0.004801,"6":0.004801,"7":0.004801,"8":0.004801,"9":0.004801,"10":0.009602,"11":0.024005,"12":0.014403,"13":0.004801,"14":0.009602,"15":0.004801,"16":0.004801,"17":0.004801,"18":0.004801,"19":0.004801,"20":0.004801,"21":0.009602,"22":0.04801,"23":0.004801,"24":0.004801,"25":0.009602,"26":0.028806,"27":0.009602,"28":0.014403,"29":0.014403,"30":0.019204,"31":0.076816,"32":0.019204,"33":0.110423,"34":0.043209,"35":0.072015,"36":0.081617,"37":0.057612,"38":0.110423,"39":0.163234,"40":0.120025,"41":0.072015,"42":0.355274,"43":0.777762,"44":0.57612,"45":12.86668,"46":12.348172,"47":0.259254,"48":0.182438,"49":0},"firefox":{"2":0,"3":0.004801,"3.5":0,"3.6":0.009602,"4":0.004801,"5":0,"6":0.009602,"7":0,"8":0,"9":0,"10":0.004801,"11":0.009602,"12":0.014403,"13":0.004801,"14":0.004801,"15":0.004801,"16":0.009602,"17":0.004801,"18":0.004801,"19":0.004801,"20":0.004801,"21":0.009602,"22":0.004801,"23":0.009602,"24":0.004801,"25":0.009602,"26":0.009602,"27":0.009602,"28":0.009602,"29":0.014403,"30":0.009602,"31":0.019204,"32":0.014403,"33":0.019204,"34":0.024005,"35":0.024005,"36":0.024005,"37":0.038408,"38":0.134428,"39":0.134428,"40":0.427289,"41":2.827789,"42":0.24005,"43":0.004801,"44":0.004801},"opera":{"9":0,"9.5-9.6":0,"10.0-10.1":0,"10.5":0,"10.6":0,"11":0,"11.1":0,"11.5":0,"11.6":0,"12":0,"12.1":0.019204,"15":0,"16":0,"17":0,"18":0,"19":0,"20":0,"21":0,"22":0,"23":0,"24":0,"25":0,"26":0,"27":0,"28":0.004801,"29":0.004801,"30":0.014403,"31":0.009602,"32":0.772961,"33":0.028806,"34":0},"safari":{"3.1":0,"3.2":0,"4":0.009602,"5":0.024005,"5.1":0.100821,"6":0.033607,"6.1":0.067214,"7":0.086418,"7.1":0.172836,"8":0.715349,"9":0.835374},"android":{"2.1":0,"2.2":0,"2.3":0.0580465604073,"3":0,"4":0.169220481187,"4.1":0.60702928426,"4.2-4.3":1.26915360891,"4.4":2.36908673662,"4.4.3-4.4.4":1.22783232862,"44":null},"ios_saf":{"3.2":0,"4.0-4.1":0,"4.2-4.3":0,"5.0-5.1":0.0220564582787,"6.0-6.1":0.0231067658158,"7.0-7.1":0.562964839875,"8":0.0756221426698,"8.1-8.4":2.51653685884,"9.0-9.1":7.20931093452},"op_mob":{"10":0,"11":0,"11.1":0,"11.5":0,"12":0.00812422351234,"12.1":0.024372670537,"0":0.284347822932},"ie":{"5.5":0,"6":0.0144795535308,"7":0.0193060713743,"8":0.820508033409,"9":0.666059462415,"10":0.719151158694,"11":4.10736668489},"bb":{"7":0.13127475,"10":null},"ie_mob":{"10":0.110473770115,"11":0.503008229885},"op_mini":{"5.0-8.0":3.04170928302},"and_chr":{"0":18.164139},"and_ff":{"0":0.020796},"edge":{"12":0.643334,"13":null},"and_uc":{"0":17.515431}},"total":98.5080647143}