{"id":"AF","name":"Afghanistan","month":"2016-02","access_date":"2016-03-03","data":{"firefox":{"2":0.007806,"3":0.03903,"3.5":0.011709,"3.6":0.019515,"4":0.046836,"5":0.015612,"6":0.023418,"7":0.003903,"8":0.015612,"9":0.066351,"10":0.070254,"11":0.023418,"12":0.081963,"13":0.015612,"14":0.027321,"15":0.027321,"16":0.015612,"17":0.050739,"18":0.042933,"19":0.027321,"20":0.046836,"21":0.054642,"22":0.027321,"23":0.011709,"24":0.105381,"25":0.085866,"26":0.031224,"27":0.027321,"28":0.023418,"29":0.179538,"30":0.097575,"31":0.124896,"32":0.042933,"33":0.140508,"34":0.074157,"35":0.109284,"36":0.101478,"37":0.070254,"38":0.284919,"39":0.101478,"40":0.179538,"41":0.698637,"42":0.335658,"43":2.298867,"44":2.767227,"45":0.632286,"46":0,"47":0},"chrome":{"4":0.015612,"5":0.003903,"6":0.007806,"7":0.003903,"8":0.015612,"9":0.003903,"10":0.019515,"11":0.03903,"12":0.011709,"13":0,"14":0.011709,"15":0.007806,"16":0.023418,"17":0.007806,"18":0.015612,"19":0.011709,"20":0.003903,"21":0.027321,"22":0.003903,"23":0.007806,"24":0.019515,"25":0.03903,"26":0.011709,"27":0.023418,"28":0.03903,"29":0.019515,"30":0.035127,"31":0.15612,"32":0.007806,"33":0.062448,"34":0.046836,"35":0.011709,"36":0.035127,"37":0.027321,"38":0.03903,"39":0.152217,"40":0.105381,"41":0.046836,"42":0.070254,"43":0.331755,"44":0.214665,"45":0.409815,"46":0.241986,"47":0.690831,"48":13.664403,"49":0.128799,"50":0.152217,"51":0},"opera":{"9":0,"9.5-9.6":0,"10.0-10.1":0,"10.5":0,"10.6":0.003903,"11":0.003903,"11.1":0.003903,"11.5":0.003903,"11.6":0.011709,"12":0.007806,"12.1":0.097575,"15":0.007806,"16":0.011709,"17":0.007806,"18":0.003903,"19":0.015612,"20":0.015612,"21":0.003903,"22":0.015612,"23":0,"24":0.003903,"25":0.003903,"26":0.003903,"27":0.003903,"28":0.027321,"29":0.031224,"30":0.019515,"31":0.003903,"32":0.011709,"33":0.027321,"34":0.257598,"35":0.604965,"36":0.023418},"safari":{"3.1":0,"3.2":0,"4":0,"5":0.003903,"5.1":0.046836,"6":0,"6.1":0.015612,"7":0.011709,"7.1":0.027321,"8":0.183441,"9":0.647898,"9.1":0},"android":{"2.1":0,"2.2":0,"2.3":0.0530668229793,"3":0,"4":0.45914338143,"4.1":0.966739079492,"4.2-4.3":2.16881798263,"4.4":4.36763025651,"4.4.3-4.4.4":2.34647647695,"47":null},"ios_saf":{"3.2":0,"4.0-4.1":0,"4.2-4.3":0,"5.0-5.1":0,"6.0-6.1":0,"7.0-7.1":0.293493041881,"8":0.0199238096316,"8.1-8.4":0.810745791932,"9.0-9.2":6.32274435655,"9.3":null},"op_mob":{"10":0,"11":0,"11.1":0,"11.5":0,"12":0.000455925335618,"12.1":0.000455925335618,"0":0.0196047894316},"ie":{"5.5":0,"6":0.120993,"7":0.042933,"8":0.839145,"9":0.538614,"10":0.679122,"11":3.735171},"bb":{"7":0.01371825,"10":null},"ie_mob":{"10":0.0674813592233,"11":0.298338640777},"edge":{"12":0.292725,"13":0.249792,"14":0},"and_uc":{"0":10.401482},"op_mini":{"5.0-8.0":7.9604563599},"and_chr":{"0":25.514419},"and_ff":{"0":0.12194}},"total":97.18972225}