{"id":"AF","name":"Afghanistan","month":"2015-10","access_date":"2015-11-03","data":{"chrome":{"4":0.01667,"5":0.010002,"6":0.010002,"7":0.003334,"8":0.023338,"9":0.003334,"10":0.023338,"11":0.060012,"12":0.03334,"13":0.006668,"14":0.010002,"15":0.026672,"16":0.01667,"17":0.013336,"18":0.006668,"19":0.01667,"20":0.010002,"21":0.003334,"22":0.003334,"23":0.020004,"24":0.023338,"25":0.056678,"26":0.020004,"27":0.013336,"28":0.023338,"29":0.03334,"30":0.063346,"31":0.06668,"32":0.023338,"33":0.053344,"34":0.05001,"35":0.073348,"36":0.053344,"37":0.030006,"38":0.060012,"39":0.130026,"40":0.120024,"41":0.05001,"42":0.36674,"43":0.396746,"44":0.293392,"45":5.711142,"46":5.007668,"47":0.126692,"48":0.070014,"49":0},"firefox":{"2":0.006668,"3":0.05001,"3.5":0.003334,"3.6":0.040008,"4":0.063346,"5":0.020004,"6":0.01667,"7":0.010002,"8":0.020004,"9":0.05001,"10":0.026672,"11":0.023338,"12":0.073348,"13":0.043342,"14":0.053344,"15":0.026672,"16":0.01667,"17":0.053344,"18":0.043342,"19":0.040008,"20":0.030006,"21":0.026672,"22":0.036674,"23":0.026672,"24":0.1667,"25":0.056678,"26":0.040008,"27":0.023338,"28":0.030006,"29":0.173368,"30":0.160032,"31":0.073348,"32":0.06668,"33":0.160032,"34":0.060012,"35":0.096686,"36":0.080016,"37":0.106688,"38":0.403414,"39":0.246716,"40":1.0002,"41":3.647396,"42":0.463426,"43":0.003334,"44":0.010002},"opera":{"9":0,"9.5-9.6":0,"10.0-10.1":0.003334,"10.5":0,"10.6":0.003334,"11":0.006668,"11.1":0.003334,"11.5":0.003334,"11.6":0.010002,"12":0.010002,"12.1":0.063346,"15":0.026672,"16":0.006668,"17":0.010002,"18":0.010002,"19":0.006668,"20":0.010002,"21":0.006668,"22":0.020004,"23":0,"24":0.010002,"25":0.006668,"26":0.023338,"27":0.013336,"28":0.006668,"29":0.01667,"30":0.030006,"31":0.01667,"32":1.063546,"33":0.010002,"34":0},"safari":{"3.1":0,"3.2":0,"4":0.003334,"5":0.006668,"5.1":0.036674,"6":0.006668,"6.1":0.020004,"7":0.026672,"7.1":0.096686,"8":0.246716,"9":0.263386},"android":{"2.1":0,"2.2":0,"2.3":0.157957846738,"3":0,"4":0.460487282016,"4.1":1.65186426165,"4.2-4.3":3.45365461512,"4.4":6.44682194822,"4.4.3-4.4.4":3.34121004625,"44":null},"ios_saf":{"3.2":0,"4.0-4.1":0,"4.2-4.3":0,"5.0-5.1":0.0171618076884,"6.0-6.1":0.017979036626,"7.0-7.1":0.438034710524,"8":0.0588404835032,"8.1-8.4":1.95808053436,"9.0-9.1":5.6094594273},"op_mob":{"10":0,"11":0,"11.1":0,"11.5":0,"12":0.0195594049347,"12.1":0.0586782148041,"0":0.684579172714},"ie":{"5.5":0,"6":0.180135687708,"7":0.0600452292359,"8":1.07080658804,"9":0.493705218162,"10":0.720542750831,"11":3.49263083389},"bb":{"7":0.016665,"10":null},"ie_mob":{"10":0.0780254022989,"11":0.355264597701},"op_mini":{"5.0-8.0":7.32304120755},"and_chr":{"0":25.624474},"and_ff":{"0":0.193314},"edge":{"12":0.406748,"13":null},"and_uc":{"0":10.245642}},"total":97.8400493079}