{"id":"AG","name":"Antigua and Barbuda","month":"2016-02","access_date":"2016-03-03","data":{"firefox":{"2":0.006562,"3":0.013124,"3.5":0.013124,"3.6":0.013124,"4":0.013124,"5":0.006562,"6":0.006562,"7":0.006562,"8":0,"9":0,"10":0.006562,"11":0.006562,"12":0.006562,"13":0,"14":0.255918,"15":0,"16":0.013124,"17":0.006562,"18":0.006562,"19":0.006562,"20":0.006562,"21":4.803384,"22":0.715258,"23":0.734944,"24":0.708696,"25":0.944928,"26":0,"27":0.472464,"28":0.479026,"29":0.479026,"30":0,"31":0.728382,"32":0,"33":0.236232,"34":0.006562,"35":0,"36":0.242794,"37":4.501532,"38":0.013124,"39":0.006562,"40":0.013124,"41":0.013124,"42":0.03281,"43":0.29529,"44":0.629952,"45":0.026248,"46":0,"47":0},"chrome":{"4":0.013124,"5":0.006562,"6":0,"7":0.006562,"8":0,"9":0.006562,"10":0.006562,"11":0.013124,"12":0,"13":0.006562,"14":0,"15":0.006562,"16":0.006562,"17":0,"18":0,"19":0.006562,"20":0.013124,"21":0,"22":0.052496,"23":0,"24":0.019686,"25":0,"26":0,"27":1.666748,"28":0.715258,"29":0.72182,"30":0.22967,"31":0.498712,"32":0.72182,"33":0.242794,"34":0.465902,"35":0.944928,"36":0.944928,"37":0.78744,"38":0.013124,"39":0.013124,"40":0.006562,"41":8.2025,"42":0.019686,"43":0.059058,"44":0.03281,"45":0.052496,"46":0.03281,"47":0.216546,"48":5.01993,"49":0.019686,"50":0.026248,"51":0},"opera":{"9":0,"9.5-9.6":0.006562,"10.0-10.1":0.006562,"10.5":0,"10.6":0,"11":0.006562,"11.1":0.006562,"11.5":0.019686,"11.6":0.518398,"12":1.04992,"12.1":1.056482,"15":0,"16":0,"17":0,"18":0,"19":0,"20":0,"21":0,"22":0,"23":0,"24":0,"25":0,"26":0,"27":0.006562,"28":7.651292,"29":0.052496,"30":0,"31":0,"32":0.039372,"33":0,"34":0.052496,"35":0.150926,"36":0},"safari":{"3.1":0,"3.2":0,"4":0.006562,"5":0.511836,"5.1":0.518398,"6":0,"6.1":0.019686,"7":0.249356,"7.1":0.013124,"8":0.13124,"9":0.518398,"9.1":0},"android":{"2.1":0,"2.2":0,"2.3":0.0174127975952,"3":0,"4":0.150658553106,"4.1":0.317215747495,"4.2-4.3":0.711653466934,"4.4":1.4331489499,"4.4.3-4.4.4":0.76994848497,"47":null},"ios_saf":{"3.2":0,"4.0-4.1":0,"4.2-4.3":0,"5.0-5.1":0,"6.0-6.1":0,"7.0-7.1":0.421749447623,"8":0.0286305108047,"8.1-8.4":1.16504155505,"9.0-9.2":9.08578248652,"9.3":null},"op_mob":{"10":0,"11":0,"11.1":0,"11.5":0,"12":2.14077120823e-5,"12.1":2.14077120823e-5,"0":0.000920531619537},"ie":{"5.5":0.00664656185567,"6":0.00664656185567,"7":0.0132931237113,"8":0.412086835052,"9":1.85439075773,"10":1.1697948866,"11":1.6948732732},"bb":{"7":0.907632,"10":null},"ie_mob":{"10":0.962072563107,"11":4.25337343689},"edge":{"12":0.111554,"13":0.39372,"14":0},"and_uc":{"0":0.130644},"op_mini":{"5.0-8.0":0.373778652956},"and_chr":{"0":17.564166},"and_ff":{"0":0.553518}},"total":95.398706}