{"id":"AI","name":"Anguilla","month":"2016-02","access_date":"2016-03-03","data":{"firefox":{"2":0,"3":0,"3.5":0,"3.6":0.007273,"4":0,"5":0,"6":0.014546,"7":0,"8":0,"9":0,"10":0,"11":0,"12":0.007273,"13":0,"14":0,"15":0,"16":0,"17":0,"18":0,"19":0,"20":0.014546,"21":0,"22":0,"23":0,"24":0.007273,"25":0,"26":0,"27":0.007273,"28":0,"29":0,"30":0,"31":0.007273,"32":0,"33":0.007273,"34":0,"35":0.007273,"36":0,"37":0,"38":0.021819,"39":0,"40":0.07273,"41":0.014546,"42":0.116368,"43":1.803704,"44":5.069281,"45":0.036365,"46":0,"47":0},"chrome":{"4":0,"5":0,"6":0,"7":0,"8":0,"9":0,"10":0,"11":0.014546,"12":0,"13":0,"14":0,"15":0,"16":0,"17":0,"18":0,"19":0,"20":0,"21":0,"22":0.021819,"23":0,"24":0,"25":0,"26":0.029092,"27":0,"28":0,"29":0.007273,"30":0.014546,"31":0.007273,"32":0.203644,"33":0.014546,"34":0.007273,"35":0,"36":0.050911,"37":0.065457,"38":0.152733,"39":0.036365,"40":0,"41":0.021819,"42":0.065457,"43":0.138187,"44":0.021819,"45":0.261828,"46":0.021819,"47":0.909125,"48":28.641074,"49":0.421834,"50":0.080003,"51":0},"opera":{"9":0,"9.5-9.6":0,"10.0-10.1":0,"10.5":0,"10.6":0,"11":0,"11.1":0,"11.5":0,"11.6":0,"12":0,"12.1":0.007273,"15":0,"16":0,"17":0,"18":0,"19":0,"20":0,"21":0,"22":0,"23":0,"24":0,"25":0,"26":0,"27":0.007273,"28":0,"29":0.007273,"30":0,"31":0.029092,"32":0,"33":0,"34":0.021819,"35":0.254555,"36":0},"safari":{"3.1":0,"3.2":0,"4":0,"5":0.050911,"5.1":0.36365,"6":0,"6.1":0.407288,"7":0,"7.1":0.029092,"8":0.400015,"9":5.774762,"9.1":0.014546},"android":{"2.1":0,"2.2":0,"2.3":0.0353446904921,"3":0,"4":0.30580840904,"4.1":0.643888057226,"4.2-4.3":1.44452213316,"4.4":2.90902170007,"4.4.3-4.4.4":1.56285001002,"47":null},"ios_saf":{"3.2":0,"4.0-4.1":0,"4.2-4.3":0,"5.0-5.1":0,"6.0-6.1":0,"7.0-7.1":0.534081991871,"8":0.0362562187693,"8.1-8.4":1.47534920992,"9.0-9.2":11.5057715794,"9.3":null},"op_mob":{"10":0,"11":0,"11.1":0,"11.5":0,"12":7.16606683805e-6,"12.1":7.16606683805e-6,"0":0.000308140874036},"ie":{"5.5":0,"6":0,"7":0.007273,"8":0.181825,"9":0.174552,"10":0.283647,"11":8.160306},"bb":{"7":0.324513,"10":null},"ie_mob":{"10":0.0945713009709,"11":0.418104699029},"edge":{"12":1.301867,"13":3.091025,"14":0},"and_uc":{"0":0.231795},"op_mini":{"5.0-8.0":0.125119526992},"and_chr":{"0":15.793361},"and_ff":{"0":0.005454}},"total":96.437438}