{"id":"AI","name":"Anguilla","month":"2015-10","access_date":"2015-11-03","data":{"chrome":{"4":0,"5":0,"6":0,"7":0,"8":0,"9":0,"10":0,"11":0.066753,"12":0,"13":0,"14":0,"15":0,"16":0,"17":0,"18":0,"19":0,"20":0,"21":0,"22":0.014834,"23":0,"24":0,"25":0.007417,"26":0.007417,"27":0,"28":0,"29":0,"30":0.022251,"31":0.081587,"32":0.089004,"33":0.430186,"34":0,"35":0.007417,"36":0.244761,"37":0.007417,"38":1.134801,"39":0.051919,"40":0.267012,"41":0.014834,"42":0.111255,"43":0.170591,"44":0.244761,"45":13.602778,"46":12.83141,"47":0.07417,"48":0.059336,"49":0},"firefox":{"2":0.089004,"3":0,"3.5":0,"3.6":0,"4":0,"5":0,"6":0.007417,"7":0,"8":0,"9":0,"10":0,"11":0,"12":0,"13":0,"14":0,"15":0.081587,"16":0,"17":0,"18":0,"19":0,"20":0.022251,"21":0,"22":0,"23":0,"24":0,"25":0,"26":0,"27":0,"28":0,"29":0,"30":0.029668,"31":0.014834,"32":0,"33":0,"34":0.014834,"35":0.007417,"36":0,"37":0.215093,"38":0.133506,"39":0.089004,"40":0.637862,"41":4.576289,"42":0.155757,"43":0,"44":0},"opera":{"9":0,"9.5-9.6":0,"10.0-10.1":0,"10.5":0,"10.6":0,"11":0,"11.1":0,"11.5":0,"11.6":0,"12":0,"12.1":0.022251,"15":0,"16":0,"17":0,"18":0,"19":0,"20":0,"21":0,"22":0,"23":0,"24":0,"25":0,"26":0,"27":0.007417,"28":0,"29":0,"30":0.059336,"31":0,"32":0.860372,"33":0.007417,"34":0},"safari":{"3.1":0,"3.2":0.059336,"4":0.029668,"5":0,"5.1":0.378267,"6":0.007417,"6.1":0.081587,"7":0.229927,"7.1":1.119967,"8":1.965505,"9":3.701083},"android":{"2.1":0,"2.2":0,"2.3":0.0968534590956,"3":0,"4":0.282352457025,"4.1":1.01285736037,"4.2-4.3":2.11764342768,"4.4":3.95293439834,"4.4.3-4.4.4":2.04869689748,"44":null},"ios_saf":{"3.2":0,"4.0-4.1":0,"4.2-4.3":0,"5.0-5.1":0.0244099563112,"6.0-6.1":0.0255723351831,"7.0-7.1":0.623035075371,"8":0.0836912787812,"8.1-8.4":2.78505977722,"9.0-9.1":7.97856857714},"op_mob":{"10":0,"11":0,"11.1":0,"11.5":0,"12":0.000206190130624,"12.1":0.000618570391872,"0":0.00721665457184},"ie":{"5.5":0,"6":0,"7":0.07417,"8":0.274429,"9":0.615611,"10":1.157052,"11":11.64469},"bb":{"7":0.111069,"10":null},"ie_mob":{"10":0.0711661034483,"11":0.324032896552},"op_mini":{"5.0-8.0":0.0771975849057},"and_chr":{"0":14.212471},"and_ff":{"0":0.020664},"edge":{"12":2.484695,"13":null},"and_uc":{"0":0.222138}},"total":96.475086}