{"id":"AL","name":"Albania","month":"2015-10","access_date":"2015-11-03","data":{"chrome":{"4":0.006431,"5":0.019293,"6":0.012862,"7":0.006431,"8":0.025724,"9":0.012862,"10":0.045017,"11":0.096465,"12":0.025724,"13":0.006431,"14":0.012862,"15":0.006431,"16":0.019293,"17":0.006431,"18":0.019293,"19":0,"20":0,"21":0.006431,"22":0.070741,"23":0.019293,"24":0.006431,"25":0.006431,"26":0.025724,"27":0.360136,"28":0.032155,"29":0.032155,"30":0.038586,"31":0.057879,"32":0.019293,"33":0.122189,"34":0.070741,"35":0.057879,"36":0.077172,"37":0.057879,"38":0.070741,"39":0.180068,"40":0.147913,"41":0.090034,"42":0.141482,"43":1.041822,"44":0.784582,"45":18.399091,"46":20.611355,"47":0.180068,"48":0.115758,"49":0},"firefox":{"2":0.006431,"3":0.025724,"3.5":0.012862,"3.6":0.057879,"4":0.019293,"5":0.006431,"6":0.012862,"7":0.019293,"8":0.006431,"9":0.012862,"10":0.032155,"11":0.032155,"12":0.038586,"13":0.019293,"14":0.057879,"15":0.006431,"16":0.019293,"17":0.019293,"18":0.019293,"19":0.019293,"20":0.032155,"21":0.019293,"22":0.032155,"23":0.019293,"24":0.077172,"25":0.012862,"26":0.032155,"27":0.025724,"28":0.025724,"29":0.057879,"30":0.070741,"31":0.090034,"32":0.090034,"33":0.06431,"34":0.077172,"35":0.090034,"36":0.141482,"37":0.154344,"38":0.334412,"39":0.430877,"40":1.138287,"41":7.151272,"42":0.205792,"43":0.006431,"44":0},"opera":{"9":0,"9.5-9.6":0,"10.0-10.1":0,"10.5":0,"10.6":0,"11":0,"11.1":0,"11.5":0,"11.6":0,"12":0,"12.1":0.051448,"15":0,"16":0,"17":0.006431,"18":0,"19":0,"20":0,"21":0,"22":0,"23":0,"24":0,"25":0,"26":0,"27":0,"28":0.012862,"29":0.019293,"30":0.012862,"31":0.019293,"32":0.681686,"33":0.038586,"34":0},"safari":{"3.1":0,"3.2":0,"4":0.012862,"5":0.019293,"5.1":0.057879,"6":0.019293,"6.1":0.045017,"7":0.019293,"7.1":0.102896,"8":0.244378,"9":0.244378},"android":{"2.1":0,"2.2":0,"2.3":0.0713717928892,"3":0,"4":0.208066921643,"4.1":0.746379596824,"4.2-4.3":1.56050191232,"4.4":2.912936903,"4.4.3-4.4.4":1.50969487332,"44":null},"ios_saf":{"3.2":0,"4.0-4.1":0,"4.2-4.3":0,"5.0-5.1":0.0243420723439,"6.0-6.1":0.0255012186459,"7.0-7.1":0.621302417919,"8":0.0834585337504,"8.1-8.4":2.7773145398,"9.0-9.1":7.95638021754},"op_mob":{"10":0,"11":0,"11.1":0,"11.5":0,"12":0.00631956458636,"12.1":0.0189586937591,"0":0.221184760522},"ie":{"5.5":0,"6":0.0130925936255,"7":0.0130925936255,"8":0.674268571713,"9":0.340407434263,"10":0.216027794821,"11":2.02280571514},"bb":{"7":0.1445445,"10":null},"ie_mob":{"10":0.232012348659,"11":1.05639665134},"op_mini":{"5.0-8.0":2.36604498113},"and_chr":{"0":16.321187},"and_ff":{"0":0.039259},"edge":{"12":0.263671,"13":null},"and_uc":{"0":0.453263}},"total":98.4764892032}