{"id":"ww","name":"Worldwide","month":"2016-02","access_date":"2016-03-03","data":{"firefox":{"2":0.011174,"3":0.039109,"3.5":0.005587,"3.6":0.033522,"4":0.011174,"5":0.005587,"6":0.022348,"7":null,"8":0.016761,"9":0.005587,"10":0.011174,"11":0.016761,"12":0.027935,"13":0.011174,"14":0.011174,"15":0.022348,"16":0.022348,"17":0.016761,"18":0.016761,"19":0.011174,"20":0.016761,"21":0.044696,"22":0.022348,"23":0.022348,"24":0.027935,"25":0.044696,"26":0.022348,"27":0.022348,"28":0.027935,"29":0.039109,"30":0.033522,"31":0.195545,"32":0.027935,"33":0.050283,"34":0.05587,"35":0.072631,"36":0.067044,"37":0.089392,"38":0.240241,"39":0.11174,"40":0.106153,"41":0.128501,"42":0.217893,"43":2.195691,"44":4.497535,"45":0.206719,"46":0.005587,"47":null},"chrome":{"4":0.011174,"5":0.005587,"6":0.005587,"7":null,"8":null,"9":null,"10":0.011174,"11":0.044696,"12":0.011174,"13":0.005587,"14":0.005587,"15":0.005587,"16":0.005587,"17":0.005587,"18":0.011174,"19":0.011174,"20":0.005587,"21":0.016761,"22":0.050283,"23":0.011174,"24":0.027935,"25":0.016761,"26":0.027935,"27":0.022348,"28":0.027935,"29":0.050283,"30":0.027935,"31":0.357568,"32":0.033522,"33":0.083805,"34":0.061457,"35":0.078218,"36":0.078218,"37":0.072631,"38":0.072631,"39":0.139675,"40":0.106153,"41":0.162023,"42":0.139675,"43":0.430199,"44":0.312872,"45":0.536352,"46":0.50283,"47":1.39675,"48":25.906919,"49":0.117327,"50":0.128501,"51":null},"opera":{"9":null,"9.5-9.6":null,"10.0-10.1":0.005587,"10.5":null,"10.6":null,"11":null,"11.1":null,"11.5":null,"11.6":0.011174,"12":0.016761,"12.1":0.156436,"15":null,"16":null,"17":null,"18":0.005587,"19":null,"20":null,"21":null,"22":null,"23":null,"24":null,"25":null,"26":null,"27":0.011174,"28":0.050283,"29":0.011174,"30":0.016761,"31":0.011174,"32":0.011174,"33":0.016761,"34":0.184371,"35":0.569874,"36":0.005587},"safari":{"3.1":null,"3.2":null,"4":0.022348,"5":0.067044,"5.1":0.134088,"6":0.022348,"6.1":0.094979,"7":0.061457,"7.1":0.044696,"8":0.329633,"9":1.698448,"9.1":0.011174},"android":{"2.1":0,"2.2":0,"2.3":0.0214527673124,"3":0,"4":0.185613073703,"4.1":0.390813456691,"4.2-4.3":0.876765272768,"4.4":1.76565602271,"4.4.3-4.4.4":0.948585406814,"47":null},"ios_saf":{"3.2":0,"4.0-4.1":0,"4.2-4.3":0,"5.0-5.1":0,"6.0-6.1":0,"7.0-7.1":0.316784667833,"8":0.021504964396,"8.1-8.4":0.875086628113,"9.0-9.2":6.82451773966,"9.3":null},"op_mob":{"10":0,"11":0,"11.1":0,"11.5":0,"12":0.000270816109683,"12.1":0.000270816109683,"0":0.0116450927164},"ie":{"5.5":null,"6":0.0399953990385,"7":0.0399953990385,"8":0.839903379808,"9":0.645640013049,"10":0.634212756181,"11":6.07358702541},"bb":{"7":0.086073,"10":null},"ie_mob":{"10":0.149004640777,"11":0.658757359223},"edge":{"12":0.262589,"13":0.854811,"14":null},"and_uc":{"0":8.87214},"op_mini":{"5.0-8.0":4.72844927506},"and_chr":{"0":17.436209},"and_ff":{"0":0.04414}},"total":97.2277699725}