{"id":"eu","name":"Europe","month":"2015-10","access_date":"2015-11-03","data":{"chrome":{"4":null,"5":null,"6":null,"7":null,"8":null,"9":null,"10":null,"11":0.06354,"12":0.00706,"13":null,"14":null,"15":null,"16":0.01412,"17":0.00706,"18":0.01412,"19":null,"20":null,"21":0.02118,"22":0.06354,"23":0.01412,"24":0.01412,"25":0.01412,"26":0.02824,"27":0.02118,"28":0.02118,"29":0.02118,"30":0.01412,"31":0.16238,"32":0.0353,"33":0.07766,"34":0.08472,"35":0.09884,"36":0.09884,"37":0.09178,"38":0.11296,"39":0.19768,"40":0.1412,"41":0.1765,"42":0.19768,"43":0.52244,"44":0.51538,"45":15.27784,"46":15.24254,"47":0.1059,"48":0.06354,"49":null},"firefox":{"2":null,"3":0.01412,"3.5":0.00706,"3.6":0.04942,"4":0.01412,"5":0.00706,"6":0.02118,"7":null,"8":null,"9":0.00706,"10":0.02118,"11":0.02118,"12":0.02824,"13":0.00706,"14":0.01412,"15":0.01412,"16":0.0353,"17":0.02118,"18":0.01412,"19":0.01412,"20":0.02118,"21":0.02824,"22":0.01412,"23":0.01412,"24":0.04236,"25":0.06354,"26":0.02824,"27":0.02118,"28":0.0353,"29":0.02824,"30":0.04236,"31":0.12002,"32":0.04236,"33":0.06354,"34":0.09178,"35":0.11296,"36":0.12002,"37":0.16944,"38":0.65658,"39":0.62128,"40":1.68734,"41":12.708,"42":0.12002,"43":0.02118,"44":0.00706},"opera":{"9":null,"9.5-9.6":null,"10.0-10.1":0.0353,"10.5":null,"10.6":null,"11":null,"11.1":null,"11.5":null,"11.6":0.01412,"12":0.02824,"12.1":0.41654,"15":null,"16":null,"17":null,"18":0.02118,"19":null,"20":null,"21":null,"22":null,"23":null,"24":null,"25":null,"26":0.00706,"27":0.01412,"28":0.0353,"29":0.01412,"30":0.02824,"31":0.05648,"32":1.39788,"33":0.0706,"34":null},"safari":{"3.1":null,"3.2":null,"4":0.02824,"5":0.1059,"5.1":0.28946,"6":0.0353,"6.1":0.26828,"7":0.12708,"7.1":0.28946,"8":1.03076,"9":1.65204},"android":{"2.1":0,"2.2":0,"2.3":0.0450265516051,"3":0,"4":0.131263845357,"4.1":0.470870887125,"4.2-4.3":0.984478840179,"4.4":1.837693835,"4.4.3-4.4.4":0.952426040732,"44":null},"ios_saf":{"3.2":0,"4.0-4.1":0,"4.2-4.3":0,"5.0-5.1":0.0163460558975,"6.0-6.1":0.0171244395117,"7.0-7.1":0.417213617193,"8":0.05604362022,"8.1-8.4":1.86500713954,"9.0-9.1":5.34282512764},"op_mob":{"10":0,"11":0,"11.1":0,"11.5":0,"12":0.00219753265602,"12.1":0.00659259796807,"0":0.0769136429608},"ie":{"5.5":null,"6":0.0284672837022,"7":0.0498177464789,"8":0.946537183099,"9":0.903836257545,"10":0.804200764588,"11":7.80003573441},"bb":{"7":0.071295,"10":null},"ie_mob":{"10":0.227123448276,"11":1.03413655172},"op_mini":{"5.0-8.0":0.822756226415},"and_chr":{"0":14.7574},"and_ff":{"0":0.05586},"edge":{"12":1.1296,"13":null},"and_uc":{"0":0.38808}},"total":97.9400299698}