{"id":"as","name":"Asia","month":"2015-10","access_date":"2015-11-03","data":{"chrome":{"4":0.008778,"5":0.008778,"6":0.013167,"7":0.008778,"8":0.008778,"9":0.004389,"10":0.017556,"11":0.057057,"12":0.030723,"13":0.017556,"14":0.013167,"15":0.017556,"16":0.013167,"17":0.008778,"18":0.017556,"19":0.008778,"20":0.008778,"21":0.017556,"22":0.08778,"23":0.017556,"24":0.021945,"25":0.021945,"26":0.04389,"27":0.021945,"28":0.026334,"29":0.026334,"30":0.039501,"31":0.781242,"32":0.026334,"33":0.122892,"34":0.052668,"35":0.074613,"36":0.065835,"37":0.061446,"38":0.109725,"39":0.193116,"40":0.144837,"41":0.136059,"42":0.373065,"43":0.623238,"44":0.741741,"45":11.71863,"46":11.573793,"47":0.153615,"48":0.109725,"49":null},"firefox":{"2":0.004389,"3":0.017556,"3.5":0.008778,"3.6":0.030723,"4":0.017556,"5":0.008778,"6":0.013167,"7":0.008778,"8":0.030723,"9":0.008778,"10":0.017556,"11":0.021945,"12":0.039501,"13":0.017556,"14":0.021945,"15":0.026334,"16":0.026334,"17":0.017556,"18":0.021945,"19":0.017556,"20":0.021945,"21":0.026334,"22":0.013167,"23":0.017556,"24":0.017556,"25":0.026334,"26":0.017556,"27":0.021945,"28":0.021945,"29":0.048279,"30":0.04389,"31":0.04389,"32":0.035112,"33":0.057057,"34":0.052668,"35":0.070224,"36":0.070224,"37":0.092169,"38":0.201894,"39":0.206283,"40":0.574959,"41":3.151302,"42":0.377454,"43":0.008778,"44":null},"opera":{"9":null,"9.5-9.6":null,"10.0-10.1":0.004389,"10.5":null,"10.6":null,"11":null,"11.1":null,"11.5":null,"11.6":0.004389,"12":0.008778,"12.1":0.057057,"15":null,"16":null,"17":null,"18":null,"19":null,"20":null,"21":null,"22":null,"23":null,"24":null,"25":null,"26":null,"27":null,"28":0.013167,"29":0.008778,"30":0.026334,"31":0.017556,"32":0.434511,"33":0.021945,"34":null},"safari":{"3.1":null,"3.2":null,"4":0.004389,"5":0.021945,"5.1":0.04389,"6":0.013167,"6.1":0.026334,"7":0.026334,"7.1":0.048279,"8":0.179949,"9":0.228228},"android":{"2.1":0,"2.2":0,"2.3":0.0803910843977,"3":0,"4":0.23436044943,"4.1":0.840699984294,"4.2-4.3":1.75770337073,"4.4":3.28104629203,"4.4.3-4.4.4":1.70047581912,"44":null},"ios_saf":{"3.2":0,"4.0-4.1":0,"4.2-4.3":0,"5.0-5.1":0.0112825768338,"6.0-6.1":0.0118198423973,"7.0-7.1":0.287974342044,"8":0.0386831205731,"8.1-8.4":1.28728829018,"9.0-9.1":3.68779082797},"op_mob":{"10":0,"11":0,"11.1":0,"11.5":0,"12":0.0164231011127,"12.1":0.0492693033382,"0":0.574808538945},"ie":{"5.5":null,"6":0.0769555591182,"7":0.0407411783567,"8":1.28561051703,"9":0.860091543086,"10":0.860091543086,"11":3.60785768337},"bb":{"7":0.08837325,"10":null},"ie_mob":{"10":0.14954067433,"11":0.68088732567},"op_mini":{"5.0-8.0":6.1488090566},"and_chr":{"0":19.556941},"and_ff":{"0":0.044888},"edge":{"12":0.267729,"13":null},"and_uc":{"0":15.132867}},"total":97.097494274}