{"id":"af","name":"Africa","month":"2016-02","access_date":"2016-03-03","data":{"firefox":{"2":0.13893,"3":0.06315,"3.5":0.01263,"3.6":0.07578,"4":0.02947,"5":0.02526,"6":0.01684,"7":0.01684,"8":0.02526,"9":0.02105,"10":0.02947,"11":0.0421,"12":0.06315,"13":0.05052,"14":0.02947,"15":0.18103,"16":0.04631,"17":0.02526,"18":0.1684,"19":0.04631,"20":0.0421,"21":0.18945,"22":0.03789,"23":0.17261,"24":0.0421,"25":0.31996,"26":0.06736,"27":0.06315,"28":0.08841,"29":0.11788,"30":0.1263,"31":0.13051,"32":0.08841,"33":0.07999,"34":0.10104,"35":0.10525,"36":0.10104,"37":0.1263,"38":0.17261,"39":0.13472,"40":0.1263,"41":0.14735,"42":0.18103,"43":2.11763,"44":3.3259,"45":0.37469,"46":0.01263,"47":null},"chrome":{"4":0.02105,"5":0.02105,"6":0.01263,"7":0.00421,"8":0.00842,"9":0.01684,"10":0.01263,"11":0.05894,"12":0.02526,"13":0.00842,"14":0.01263,"15":0.01263,"16":0.02105,"17":0.02105,"18":0.01263,"19":0.14314,"20":0.02947,"21":0.02105,"22":0.02105,"23":0.02105,"24":0.41679,"25":0.03789,"26":0.08841,"27":0.03789,"28":0.05052,"29":0.06736,"30":0.18103,"31":0.10525,"32":0.10946,"33":0.29049,"34":0.14735,"35":0.38732,"36":0.14735,"37":0.15998,"38":0.14314,"39":0.18945,"40":0.25681,"41":0.22313,"42":0.20629,"43":2.00396,"44":0.49257,"45":0.47152,"46":0.36206,"47":0.84621,"48":16.14956,"49":0.09262,"50":0.08841,"51":null},"opera":{"9":null,"9.5-9.6":null,"10.0-10.1":0.13472,"10.5":null,"10.6":null,"11":0.00842,"11.1":null,"11.5":0.00421,"11.6":0.02526,"12":0.00842,"12.1":0.0421,"15":0.00842,"16":null,"17":0.00842,"18":0.00842,"19":0.02105,"20":0.03368,"21":0.02947,"22":0.02105,"23":0.01684,"24":null,"25":null,"26":0.00842,"27":null,"28":0.03368,"29":0.02105,"30":0.02947,"31":0.01263,"32":0.02526,"33":0.03789,"34":0.25681,"35":0.68623,"36":0.00842},"safari":{"3.1":null,"3.2":null,"4":0.00421,"5":0.15156,"5.1":0.04631,"6":0.01684,"6.1":0.02526,"7":0.02526,"7.1":0.02526,"8":0.08841,"9":0.29891,"9.1":null},"android":{"2.1":0,"2.2":0,"2.3":0.024819258517,"3":0,"4":0.214740541082,"4.1":0.452142144289,"4.2-4.3":1.01435230461,"4.4":2.04273288577,"4.4.3-4.4.4":1.09744286573,"47":null},"ios_saf":{"3.2":0,"4.0-4.1":0,"4.2-4.3":0,"5.0-5.1":0,"6.0-6.1":0,"7.0-7.1":0.0709677166084,"8":0.0048176517802,"8.1-8.4":0.196041368594,"9.0-9.2":1.52886326302,"9.3":null},"op_mob":{"10":0,"11":0,"11.1":0,"11.5":0,"12":0.00180464095973,"12.1":0.00180464095973,"0":0.0775995612682},"ie":{"5.5":null,"6":0.0171028091236,"7":0.0256542136855,"8":0.752523601441,"9":0.500257166867,"10":0.5601169988,"11":1.7017295078},"bb":{"7":0.41688,"10":null},"ie_mob":{"10":0.199726893204,"11":0.883003106796},"edge":{"12":0.10946,"13":0.17682,"14":null},"and_uc":{"0":4.48146},"op_mini":{"5.0-8.0":31.5090311568},"and_chr":{"0":12.21084},"and_ff":{"0":0.09843}},"total":96.5013842977}