{"id":"af","name":"Africa","month":"2015-10","access_date":"2015-11-03","data":{"chrome":{"4":0.02506,"5":0.02864,"6":0.02148,"7":0.00716,"8":0.00716,"9":0.02506,"10":0.01432,"11":0.06802,"12":0.0358,"13":0.01074,"14":0.01074,"15":0.01432,"16":0.03222,"17":0.03222,"18":0.0179,"19":0.1074,"20":0.03938,"21":0.02506,"22":0.02148,"23":0.02864,"24":0.31146,"25":0.04296,"26":0.09666,"27":0.04296,"28":0.05728,"29":0.05728,"30":0.16826,"31":0.13962,"32":0.15036,"33":0.37948,"34":0.1969,"35":0.34368,"36":0.20764,"37":0.18974,"38":0.15394,"39":0.18616,"40":0.31146,"41":0.24344,"42":0.3938,"43":1.1456,"44":0.63366,"45":6.36524,"46":6.24352,"47":0.07518,"48":0.04296,"49":null},"firefox":{"2":0.1074,"3":0.05012,"3.5":0.0179,"3.6":0.10024,"4":0.03938,"5":0.02864,"6":0.0179,"7":0.02148,"8":0.02864,"9":0.02864,"10":0.0358,"11":0.05728,"12":0.07876,"13":0.06802,"14":0.03938,"15":0.1611,"16":0.06444,"17":0.03222,"18":0.13962,"19":0.06086,"20":0.05728,"21":0.16468,"22":0.04654,"23":0.15036,"24":0.05728,"25":0.2685,"26":0.08592,"27":0.08592,"28":0.10382,"29":0.14678,"30":0.15752,"31":0.15752,"32":0.11456,"33":0.10024,"34":0.11456,"35":0.13962,"36":0.15752,"37":0.19332,"38":0.31504,"39":0.32578,"40":0.81982,"41":4.43204,"42":0.3938,"43":0.01074,"44":null},"opera":{"9":null,"9.5-9.6":null,"10.0-10.1":0.10382,"10.5":null,"10.6":null,"11":0.01074,"11.1":null,"11.5":0.00358,"11.6":0.03222,"12":0.00716,"12.1":0.05728,"15":0.01432,"16":null,"17":0.01074,"18":0.01074,"19":0.02864,"20":0.03938,"21":0.03222,"22":0.02506,"23":0.02506,"24":null,"25":null,"26":0.00716,"27":0.00358,"28":0.02864,"29":0.03222,"30":0.05728,"31":0.02506,"32":0.65514,"33":0.0358,"34":null},"safari":{"3.1":null,"3.2":null,"4":0.00716,"5":0.11814,"5.1":0.03938,"6":0.02148,"6.1":0.02148,"7":0.03222,"7.1":0.0537,"8":0.1611,"9":0.17184},"android":{"2.1":0,"2.2":0,"2.3":0.0503959080083,"3":0,"4":0.146916884363,"4.1":0.527021614256,"4.2-4.3":1.10187663272,"4.4":2.05683638108,"4.4.3-4.4.4":1.06600157957,"44":null},"ios_saf":{"3.2":0,"4.0-4.1":0,"4.2-4.3":0,"5.0-5.1":0.00342743900716,"6.0-6.1":0.00359065038846,"7.0-7.1":0.0874813003733,"8":0.0117512194531,"8.1-8.4":0.391054469579,"9.0-9.1":1.1202829212},"op_mob":{"10":0,"11":0,"11.1":0,"11.5":0,"12":0.0984277721335,"12.1":0.295283316401,"0":3.44497202467},"ie":{"5.5":null,"6":0.0254607714017,"7":0.0327352775165,"8":0.825656444026,"9":0.516489934149,"10":0.611058513641,"11":1.83317554092},"bb":{"7":0.47340125,"10":null},"ie_mob":{"10":0.174542693487,"11":0.794726306513},"op_mini":{"5.0-8.0":36.8513578868},"and_chr":{"0":9.559034},"and_ff":{"0":0.109123},"edge":{"12":0.20764,"13":null},"and_uc":{"0":4.159512}},"total":96.9805937317}