{"id":"na","name":"North America","month":"2016-02","access_date":"2016-03-03","data":{"firefox":{"2":null,"3":0.019233,"3.5":null,"3.6":0.025644,"4":null,"5":null,"6":0.032055,"7":null,"8":null,"9":null,"10":0.006411,"11":0.012822,"12":0.012822,"13":null,"14":null,"15":null,"16":0.019233,"17":0.012822,"18":null,"19":null,"20":0.012822,"21":0.044877,"22":0.051288,"23":0.025644,"24":0.025644,"25":0.025644,"26":0.025644,"27":0.025644,"28":0.032055,"29":0.032055,"30":0.032055,"31":0.621867,"32":0.032055,"33":0.06411,"34":0.089754,"35":0.096165,"36":0.070521,"37":0.102576,"38":0.314139,"39":0.121809,"40":0.108987,"41":0.134631,"42":0.211563,"43":2.038698,"44":4.474878,"45":0.057699,"46":null,"47":null},"chrome":{"4":0.025644,"5":null,"6":null,"7":null,"8":null,"9":null,"10":0.012822,"11":0.032055,"12":0.006411,"13":null,"14":null,"15":null,"16":null,"17":null,"18":0.019233,"19":null,"20":0.006411,"21":0.025644,"22":0.019233,"23":0.012822,"24":null,"25":0.012822,"26":0.006411,"27":0.019233,"28":0.025644,"29":0.083343,"30":0.019233,"31":0.089754,"32":0.038466,"33":0.038466,"34":0.06411,"35":0.083343,"36":0.096165,"37":0.096165,"38":0.070521,"39":0.108987,"40":0.147453,"41":0.275673,"42":0.12822,"43":0.416715,"44":0.288495,"45":0.378249,"46":0.859074,"47":2.282316,"48":24.772104,"49":0.108987,"50":0.076932,"51":null},"opera":{"9":null,"9.5-9.6":null,"10.0-10.1":0,"10.5":null,"10.6":null,"11":null,"11.1":null,"11.5":null,"11.6":null,"12":0.006411,"12.1":0.115398,"15":0.006411,"16":null,"17":null,"18":null,"19":null,"20":null,"21":null,"22":null,"23":null,"24":null,"25":null,"26":null,"27":0.032055,"28":0.070521,"29":0.025644,"30":0.038466,"31":0.025644,"32":0.012822,"33":0.006411,"34":0.115398,"35":0.224385,"36":null},"safari":{"3.1":null,"3.2":null,"4":0.044877,"5":0.134631,"5.1":0.237207,"6":0.032055,"6.1":0.19233,"7":0.108987,"7.1":0.096165,"8":0.673155,"9":3.276021,"9.1":0.019233},"android":{"2.1":0,"2.2":0,"2.3":0.0107496192385,"3":0,"4":0.0930075751503,"4.1":0.19583002004,"4.2-4.3":0.439332264529,"4.4":0.884740400802,"4.4.3-4.4.4":0.47532012024,"47":null},"ios_saf":{"3.2":0,"4.0-4.1":0,"4.2-4.3":0,"5.0-5.1":0,"6.0-6.1":0,"7.0-7.1":0.6658907837,"8":0.0452040740893,"8.1-8.4":1.83945809179,"9.0-9.2":14.3453390504,"9.3":null},"op_mob":{"10":0,"11":0,"11.1":0,"11.5":0,"12":2.04970008569e-5,"12.1":2.04970008569e-5,"0":0.000881371036847},"ie":{"5.5":null,"6":0.0650599910193,"7":0.0520479928154,"8":1.12553784463,"9":0.891321876965,"10":0.793731890436,"11":11.4310404221},"bb":{"7":0.045747,"10":null},"ie_mob":{"10":0.0979558834951,"11":0.433068116505},"edge":{"12":0.352605,"13":1.551462,"14":0.006411},"and_uc":{"0":0.39468},"op_mini":{"5.0-8.0":0.357877634961},"and_chr":{"0":16.033869},"and_ff":{"0":0.043056}},"total":97.926515018}