{"id":"na","name":"North America","month":"2015-10","access_date":"2015-11-03","data":{"chrome":{"4":0.025936,"5":null,"6":0.006484,"7":null,"8":null,"9":null,"10":0.019452,"11":0.045388,"12":0.006484,"13":null,"14":0.006484,"15":null,"16":0.006484,"17":null,"18":0.012968,"19":null,"20":0.012968,"21":0.03242,"22":0.025936,"23":null,"24":0.006484,"25":0.012968,"26":0.012968,"27":0.019452,"28":0.025936,"29":0.06484,"30":0.019452,"31":0.110228,"32":0.045388,"33":0.051872,"34":0.071324,"35":0.09726,"36":0.168584,"37":0.116712,"38":0.084292,"39":0.246392,"40":0.687304,"41":0.363104,"42":0.278812,"43":1.03744,"44":0.74566,"45":13.370008,"46":11.716588,"47":0.077808,"48":0.058356,"49":null},"firefox":{"2":null,"3":0.025936,"3.5":0.006484,"3.6":0.03242,"4":0.012968,"5":null,"6":0.038904,"7":null,"8":null,"9":null,"10":0.006484,"11":0.012968,"12":0.012968,"13":null,"14":0.006484,"15":0.006484,"16":0.025936,"17":0.012968,"18":null,"19":0.006484,"20":0.012968,"21":0.051872,"22":0.071324,"23":0.012968,"24":0.03242,"25":0.019452,"26":0.019452,"27":0.019452,"28":0.03242,"29":0.03242,"30":0.025936,"31":0.110228,"32":0.03242,"33":0.084292,"34":0.12968,"35":0.110228,"36":0.084292,"37":0.110228,"38":0.525204,"39":0.35662,"40":0.992052,"41":6.6461,"42":0.06484,"43":0.006484,"44":null},"opera":{"9":null,"9.5-9.6":null,"10.0-10.1":0.110228,"10.5":null,"10.6":null,"11":null,"11.1":null,"11.5":null,"11.6":null,"12":0.006484,"12.1":0.045388,"15":null,"16":null,"17":null,"18":null,"19":null,"20":null,"21":null,"22":null,"23":null,"24":null,"25":null,"26":null,"27":0.012968,"28":0.038904,"29":0.012968,"30":0.019452,"31":0.019452,"32":0.239908,"33":0.012968,"34":null},"safari":{"3.1":null,"3.2":null,"4":0.058356,"5":0.149132,"5.1":0.363104,"6":0.051872,"6.1":0.512236,"7":0.188036,"7.1":0.4863,"8":1.49132,"9":2.100816},"android":{"2.1":0,"2.2":0,"2.3":0.0296092833966,"3":0,"4":0.0863185888851,"4.1":0.309642845012,"4.2-4.3":0.647389416638,"4.4":1.20846024439,"4.4.3-4.4.4":0.626311621678,"44":null},"ios_saf":{"3.2":0,"4.0-4.1":0,"4.2-4.3":0,"5.0-5.1":0.0325858807386,"6.0-6.1":0.0341375893452,"7.0-7.1":0.831715813137,"8":0.111723019675,"8.1-8.4":3.71789382141,"9.0-9.1":10.6509278757},"op_mob":{"10":0,"11":0,"11.1":0,"11.5":0,"12":0.00134380261248,"12.1":0.00403140783745,"0":0.0470330914369},"ie":{"5.5":null,"6":0.0463408364958,"7":0.0595810754945,"8":1.64840975535,"9":1.63516951635,"10":1.48290676786,"11":11.4726670925},"bb":{"7":0.058014,"10":null},"ie_mob":{"10":0.119665241379,"11":0.544858758621},"op_mini":{"5.0-8.0":0.503119698113},"and_chr":{"0":15.527928},"and_ff":{"0":0.049224},"edge":{"12":1.147668,"13":null},"and_uc":{"0":0.471144}},"total":98.506789044}