{"id":"eu","name":"Europe","month":"2015-08","access_date":"2015-09-03","data":{"chrome":{"4":0.006852,"5":null,"6":null,"7":null,"8":null,"9":null,"10":null,"11":0.061668,"12":0.006852,"13":null,"14":null,"15":null,"16":0.013704,"17":0.006852,"18":0.013704,"19":null,"20":null,"21":0.020556,"22":0.06852,"23":0.020556,"24":0.020556,"25":0.013704,"26":0.03426,"27":0.020556,"28":0.020556,"29":0.020556,"30":0.020556,"31":0.191856,"32":0.03426,"33":0.089076,"34":0.082224,"35":0.123336,"36":0.109632,"37":0.123336,"38":0.130188,"39":0.232968,"40":0.13704,"41":0.150744,"42":0.20556,"43":1.288176,"44":28.202832,"45":0.130188,"46":0.123336,"47":null,"48":null},"firefox":{"2":null,"3":0.013704,"3.5":0.006852,"3.6":0.047964,"4":0.013704,"5":0.006852,"6":0.020556,"7":null,"8":null,"9":0.006852,"10":0.020556,"11":0.020556,"12":0.03426,"13":0.013704,"14":0.013704,"15":0.013704,"16":0.03426,"17":0.027408,"18":0.013704,"19":0.013704,"20":0.020556,"21":0.020556,"22":0.013704,"23":0.013704,"24":0.047964,"25":0.054816,"26":0.027408,"27":0.020556,"28":0.03426,"29":0.027408,"30":0.047964,"31":0.178152,"32":0.054816,"33":0.06852,"34":0.082224,"35":0.116484,"36":0.130188,"37":0.20556,"38":0.835944,"39":7.681092,"40":6.591624,"41":0.082224,"42":0.013704,"43":null},"opera":{"9":null,"9.5-9.6":null,"10.0-10.1":0.027408,"10.5":null,"10.6":null,"11":0.013704,"11.1":null,"11.5":null,"11.6":0.013704,"12":0.03426,"12.1":0.459084,"15":null,"16":null,"17":null,"18":0.020556,"19":null,"20":0.006852,"21":null,"22":null,"23":null,"24":null,"25":0.006852,"26":0.006852,"27":0.006852,"28":0.027408,"29":0.027408,"30":0.363156,"31":1.205952,"32":0.013704,"33":null},"safari":{"3.1":null,"3.2":null,"4":0.03426,"5":0.10278,"5.1":0.30834,"6":0.041112,"6.1":0.191856,"7":0.13704,"7.1":0.520752,"8":2.096712,"9":0.041112},"android":{"2.1":0,"2.2":0,"2.3":0.0833253081825,"3":0,"4":0.265599419832,"4.1":0.932201885292,"4.2-4.3":2.02714851313,"4.4":0.0130195794035,"4.4.3-4.4.4":1.78628629416,"44":null},"ios_saf":{"3.2":0,"4.0-4.1":0,"4.2-4.3":0,"5.0-5.1":0.0260556021733,"6.0-6.1":0.0434260036221,"7.0-7.1":0.715660539692,"8":0.0981427681859,"8.1-8.4":7.69248228162,"9":0.0564538047087},"op_mob":{"10":0,"11":0,"11.1":0,"11.5":0,"12":0.00294004061896,"12.1":0.00588008123791,"0":0.0911412591876},"ie":{"5.5":null,"6":0.0275862897694,"7":0.0620691519811,"8":1.23448646718,"9":1.13793445299,"10":0.944830424601,"11":8.21381777883},"bb":{"7":0.08103525,"10":null},"ie_mob":{"10":0.260694279661,"11":1.07678072034},"and_uc":{"0":0.317847},"op_mini":{"5.0-8.0":1.02351761896},"and_chr":{"0":14.6856},"and_ff":{"0":0.201408},"edge":{"12":0.760572,"13":null}},"total":97.9918908153}