{"id":"ww","name":"Worldwide","month":"2015-10","access_date":"2015-11-03","data":{"chrome":{"4":0.011178,"5":0.005589,"6":0.011178,"7":null,"8":0.005589,"9":null,"10":0.016767,"11":0.05589,"12":0.016767,"13":0.011178,"14":0.011178,"15":0.011178,"16":0.011178,"17":0.011178,"18":0.016767,"19":0.011178,"20":0.011178,"21":0.022356,"22":0.067068,"23":0.016767,"24":0.027945,"25":0.016767,"26":0.039123,"27":0.022356,"28":0.027945,"29":0.033534,"30":0.033534,"31":0.424764,"32":0.044712,"33":0.106191,"34":0.072657,"35":0.100602,"36":0.122958,"37":0.089424,"38":0.11178,"39":0.212382,"40":0.268272,"41":0.195615,"42":0.307395,"43":0.743337,"44":0.704214,"45":13.452723,"46":13.072671,"47":0.128547,"48":0.083835,"49":null},"firefox":{"2":0.011178,"3":0.022356,"3.5":0.011178,"3.6":0.039123,"4":0.016767,"5":0.011178,"6":0.022356,"7":0.005589,"8":0.022356,"9":0.011178,"10":0.016767,"11":0.022356,"12":0.033534,"13":0.016767,"14":0.016767,"15":0.022356,"16":0.027945,"17":0.022356,"18":0.022356,"19":0.016767,"20":0.022356,"21":0.033534,"22":0.027945,"23":0.022356,"24":0.033534,"25":0.039123,"26":0.022356,"27":0.022356,"28":0.033534,"29":0.044712,"30":0.044712,"31":0.083835,"32":0.039123,"33":0.067068,"34":0.078246,"35":0.089424,"36":0.083835,"37":0.117369,"38":0.402408,"39":0.33534,"40":0.938952,"41":6.242913,"42":0.234738,"43":0.011178,"44":null},"opera":{"9":null,"9.5-9.6":null,"10.0-10.1":0.05589,"10.5":null,"10.6":null,"11":null,"11.1":null,"11.5":null,"11.6":0.011178,"12":0.011178,"12.1":0.128547,"15":null,"16":null,"17":null,"18":0.005589,"19":null,"20":null,"21":null,"22":null,"23":null,"24":null,"25":null,"26":null,"27":0.005589,"28":0.022356,"29":0.011178,"30":0.022356,"31":0.027945,"32":0.625968,"33":0.033534,"34":null},"safari":{"3.1":null,"3.2":null,"4":0.027945,"5":0.072657,"5.1":0.16767,"6":0.027945,"6.1":0.184437,"7":0.083835,"7.1":0.201204,"8":0.67068,"9":0.966897},"android":{"2.1":0,"2.2":0,"2.3":0.0586482809803,"3":0,"4":0.170974649638,"4.1":0.613321853642,"4.2-4.3":1.28230987228,"4.4":2.39364509493,"4.4.3-4.4.4":1.24056024853,"44":null},"ios_saf":{"3.2":0,"4.0-4.1":0,"4.2-4.3":0,"5.0-5.1":0.0153057390778,"6.0-6.1":0.0160345837958,"7.0-7.1":0.390660768843,"8":0.0524768196953,"8.1-8.4":1.7463119443,"9.0-9.1":5.00279014428},"op_mob":{"10":0,"11":0,"11.1":0,"11.5":0,"12":0.0133772133527,"12.1":0.0401316400581,"0":0.468202467344},"ie":{"5.5":null,"6":0.0513853329341,"7":0.045675851497,"8":1.23324799042,"9":1.00486873293,"10":0.9534834,"11":6.18907787784},"bb":{"7":0.0915075,"10":null},"ie_mob":{"10":0.164386551724,"11":0.748483448276},"op_mini":{"5.0-8.0":5.00842867925},"and_chr":{"0":16.743213},"and_ff":{"0":0.04851},"edge":{"12":0.67068,"13":null},"and_uc":{"0":7.68222}},"total":97.7341196856}