{"id":"sa","name":"South America","month":"2015-10","access_date":"2015-11-03","data":{"chrome":{"4":null,"5":null,"6":0.014254,"7":null,"8":null,"9":null,"10":null,"11":0.035635,"12":0.014254,"13":0.007127,"14":null,"15":null,"16":null,"17":null,"18":0.028508,"19":null,"20":0.007127,"21":0.014254,"22":0.078397,"23":0.007127,"24":0.014254,"25":0.021381,"26":0.049889,"27":0.028508,"28":0.014254,"29":0.028508,"30":0.021381,"31":0.07127,"32":0.085524,"33":0.07127,"34":0.092651,"35":0.149667,"36":0.384858,"37":0.128286,"38":0.163921,"39":0.277953,"40":0.228064,"41":0.135413,"42":0.299334,"43":1.054796,"44":0.947891,"45":23.547608,"46":24.417102,"47":0.192429,"48":0.085524,"49":null},"firefox":{"2":null,"3":0.021381,"3.5":0.014254,"3.6":0.049889,"4":0.007127,"5":null,"6":0.014254,"7":null,"8":0.057016,"9":null,"10":0.007127,"11":0.007127,"12":0.035635,"13":0.007127,"14":0.014254,"15":0.021381,"16":0.021381,"17":0.021381,"18":0.007127,"19":0.007127,"20":0.028508,"21":0.021381,"22":0.014254,"23":0.021381,"24":0.021381,"25":0.021381,"26":0.021381,"27":0.028508,"28":0.021381,"29":0.035635,"30":0.035635,"31":0.07127,"32":0.028508,"33":0.057016,"34":0.035635,"35":0.057016,"36":0.049889,"37":0.092651,"38":0.256572,"39":0.249445,"40":0.85524,"41":5.936791,"42":0.064143,"43":0.014254,"44":null},"opera":{"9":null,"9.5-9.6":null,"10.0-10.1":0,"10.5":null,"10.6":null,"11":null,"11.1":null,"11.5":null,"11.6":null,"12":null,"12.1":0.035635,"15":null,"16":null,"17":null,"18":null,"19":null,"20":null,"21":null,"22":null,"23":null,"24":null,"25":null,"26":null,"27":null,"28":0.014254,"29":0.007127,"30":0.014254,"31":0.028508,"32":0.634303,"33":0.028508,"34":null},"safari":{"3.1":null,"3.2":null,"4":0.014254,"5":0.028508,"5.1":0.064143,"6":0.014254,"6.1":0.042762,"7":0.035635,"7.1":0.099778,"8":0.334969,"9":0.463255},"android":{"2.1":0,"2.2":0,"2.3":0.0526600966517,"3":0,"4":0.1535175699,"4.1":0.550699654815,"4.2-4.3":1.15138177425,"4.4":2.1492459786,"4.4.3-4.4.4":1.11389492579,"44":null},"ios_saf":{"3.2":0,"4.0-4.1":0,"4.2-4.3":0,"5.0-5.1":0.00586832933105,"6.0-6.1":0.00614777358491,"7.0-7.1":0.149782120069,"8":0.0201199862779,"8.1-8.4":0.669548432247,"9.0-9.1":1.91810535849},"op_mob":{"10":0,"11":0,"11.1":0,"11.5":0,"12":0.00431575471698,"12.1":0.0129472641509,"0":0.151051415094},"ie":{"5.5":null,"6":0.0290201197605,"7":0.0362751497006,"8":0.870603592814,"9":0.638442634731,"10":0.62393257485,"11":3.75810550898},"bb":{"7":0.051714,"10":null},"ie_mob":{"10":0.273683521073,"11":1.24613347893},"op_mini":{"5.0-8.0":1.61581856604},"and_chr":{"0":17.55896},"and_ff":{"0":0.043095},"edge":{"12":0.513144,"13":null},"and_uc":{"0":0.657917}},"total":98.9575415808}