{"id":"as","name":"Asia","month":"2015-08","access_date":"2015-09-03","data":{"chrome":{"4":0.013605,"5":0.00907,"6":0.013605,"7":0.00907,"8":0.00907,"9":0.00907,"10":0.022675,"11":0.058955,"12":0.031745,"13":0.01814,"14":0.01814,"15":0.01814,"16":0.01814,"17":0.013605,"18":0.022675,"19":0.00907,"20":0.013605,"21":0.01814,"22":0.086165,"23":0.01814,"24":0.013605,"25":0.02721,"26":0.049885,"27":0.02721,"28":0.031745,"29":0.02721,"30":0.058955,"31":1.62353,"32":0.03628,"33":0.140585,"34":0.058955,"35":0.095235,"36":0.0907,"37":0.086165,"38":0.158725,"39":0.303845,"40":0.2721,"41":0.303845,"42":0.721065,"43":1.437595,"44":21.990215,"45":0.13605,"46":0.23582,"47":null,"48":null},"firefox":{"2":null,"3":0.01814,"3.5":0.013605,"3.6":0.03628,"4":0.013605,"5":0.00907,"6":0.013605,"7":0.00907,"8":0.031745,"9":0.013605,"10":0.01814,"11":0.02721,"12":0.04535,"13":0.022675,"14":0.022675,"15":0.022675,"16":0.02721,"17":0.022675,"18":0.01814,"19":0.022675,"20":0.022675,"21":0.022675,"22":0.013605,"23":0.01814,"24":0.022675,"25":0.022675,"26":0.022675,"27":0.022675,"28":0.02721,"29":0.05442,"30":0.05442,"31":0.06349,"32":0.049885,"33":0.07256,"34":0.07256,"35":0.095235,"36":0.095235,"37":0.158725,"38":0.37187,"39":2.31285,"40":1.800395,"41":0.195005,"42":0.004535,"43":null},"opera":{"9":null,"9.5-9.6":null,"10.0-10.1":0,"10.5":null,"10.6":null,"11":0.013605,"11.1":null,"11.5":null,"11.6":0.004535,"12":0.00907,"12.1":0.05442,"15":null,"16":null,"17":null,"18":null,"19":null,"20":null,"21":null,"22":null,"23":null,"24":null,"25":null,"26":0.004535,"27":null,"28":0.013605,"29":0.01814,"30":0.149655,"31":0.35373,"32":null,"33":null},"safari":{"3.1":null,"3.2":null,"4":0.004535,"5":0.01814,"5.1":0.04535,"6":0.013605,"6.1":0.02721,"7":0.02721,"7.1":0.077095,"8":0.331055,"9":0.004535},"android":{"2.1":0,"2.2":0,"2.3":0.140153637522,"3":0,"4":0.446739719602,"4.1":1.56796881978,"4.2-4.3":3.40967521285,"4.4":0.0218990058629,"4.4.3-4.4.4":3.00454360438,"44":null},"ios_saf":{"3.2":0,"4.0-4.1":0,"4.2-4.3":0,"5.0-5.1":0.0160997283429,"6.0-6.1":0.0268328805715,"7.0-7.1":0.442205871818,"8":0.0606423100916,"8.1-8.4":4.75317646443,"9":0.0348827447429},"op_mob":{"10":0,"11":0,"11.1":0,"11.5":0,"12":0.0198789452725,"12.1":0.039757890545,"0":0.616247303447},"ie":{"5.5":null,"6":0.100858632863,"7":0.0480279204108,"8":1.56090741335,"9":1.00378353659,"10":0.926938863928,"11":3.80861408858},"bb":{"7":0.12432875,"10":null},"ie_mob":{"10":0.153390508475,"11":0.633569491525},"and_uc":{"0":13.667965},"op_mini":{"5.0-8.0":6.92046586074},"and_chr":{"0":17.34316},"and_ff":{"0":0.12023},"edge":{"12":0.195005,"13":null}},"total":96.7396742057}