{"id":"oc","name":"Oceania","month":"2015-08","access_date":"2015-09-03","data":{"chrome":{"4":null,"5":null,"6":null,"7":null,"8":null,"9":null,"10":null,"11":0.037416,"12":null,"13":null,"14":null,"15":null,"16":null,"17":null,"18":0.018708,"19":null,"20":0.006236,"21":0.012472,"22":0.03118,"23":0.006236,"24":0.006236,"25":0.006236,"26":0.043652,"27":0.012472,"28":0.018708,"29":0.024944,"30":0.037416,"31":0.417812,"32":0.056124,"33":0.137192,"34":0.09354,"35":0.149664,"36":0.099776,"37":0.143428,"38":0.149664,"39":0.330508,"40":0.180844,"41":0.205788,"42":0.442756,"43":2.0267,"44":26.47182,"45":0.130956,"46":0.081068,"47":null,"48":null},"firefox":{"2":null,"3":0.006236,"3.5":null,"3.6":0.018708,"4":0.012472,"5":null,"6":0.006236,"7":null,"8":null,"9":null,"10":0.006236,"11":0.006236,"12":0.012472,"13":null,"14":null,"15":0.006236,"16":0.018708,"17":0.012472,"18":0.006236,"19":0.006236,"20":0.012472,"21":0.012472,"22":0.006236,"23":0.006236,"24":0.037416,"25":0.012472,"26":0.018708,"27":0.018708,"28":0.018708,"29":0.024944,"30":0.03118,"31":0.118484,"32":0.043652,"33":0.049888,"34":0.06236,"35":0.074832,"36":0.056124,"37":0.12472,"38":0.367924,"39":4.48992,"40":3.691712,"41":0.056124,"42":null,"43":null},"opera":{"9":null,"9.5-9.6":null,"10.0-10.1":0,"10.5":null,"10.6":null,"11":0.006236,"11.1":null,"11.5":null,"11.6":null,"12":0.006236,"12.1":0.049888,"15":null,"16":null,"17":null,"18":null,"19":null,"20":null,"21":null,"22":null,"23":null,"24":null,"25":null,"26":null,"27":null,"28":0.012472,"29":null,"30":0.068596,"31":0.205788,"32":null,"33":null},"safari":{"3.1":null,"3.2":null,"4":0.024944,"5":0.112248,"5.1":0.461464,"6":0.09354,"6.1":0.34298,"7":0.3118,"7.1":0.96658,"8":3.629352,"9":0.043652},"android":{"2.1":0,"2.2":0,"2.3":0.0598095090492,"3":0,"4":0.190642810094,"4.1":0.669118882488,"4.2-4.3":1.45505321234,"4.4":0.00934523578894,"4.4.3-4.4.4":1.28216635024,"44":null},"ios_saf":{"3.2":0,"4.0-4.1":0,"4.2-4.3":0,"5.0-5.1":0.0605103048596,"6.0-6.1":0.100850508099,"7.0-7.1":1.66201637348,"8":0.227922148305,"8.1-8.4":17.8646590047,"9":0.131105660529},"op_mob":{"10":0,"11":0,"11.1":0,"11.5":0,"12":0.000797853225623,"12.1":0.00159570645125,"0":0.0247334499943},"ie":{"5.5":null,"6":0.0125936780488,"7":0.031484195122,"8":0.787104878049,"9":1.2656646439,"10":1.0578689561,"11":9.71602261463},"bb":{"7":0.013174,"10":null},"ie_mob":{"10":0.118119423729,"11":0.487884576271},"and_uc":{"0":0.779148},"op_mini":{"5.0-8.0":0.277756990329},"and_chr":{"0":12.243628},"and_ff":{"0":0.16938},"edge":{"12":0.854332,"13":null}},"total":98.7235929659}