{"id":"oc","name":"Oceania","month":"2016-02","access_date":"2016-03-03","data":{"firefox":{"2":null,"3":null,"3.5":null,"3.6":0.011716,"4":null,"5":null,"6":0.005858,"7":null,"8":null,"9":null,"10":null,"11":null,"12":0.011716,"13":null,"14":null,"15":null,"16":0.017574,"17":0.005858,"18":null,"19":null,"20":0.011716,"21":0.017574,"22":0.005858,"23":0.005858,"24":0.023432,"25":0.005858,"26":0.011716,"27":0.005858,"28":0.011716,"29":0.011716,"30":0.011716,"31":0.035148,"32":0.011716,"33":0.017574,"34":0.017574,"35":0.02929,"36":0.023432,"37":0.064438,"38":0.216746,"39":0.070296,"40":0.070296,"41":0.08787,"42":0.152308,"43":2.003436,"44":4.616104,"45":0.070296,"46":0.005858,"47":null},"chrome":{"4":null,"5":null,"6":null,"7":null,"8":null,"9":null,"10":null,"11":0.02929,"12":null,"13":null,"14":null,"15":null,"16":null,"17":null,"18":0.005858,"19":null,"20":0.005858,"21":0.005858,"22":0.023432,"23":null,"24":null,"25":null,"26":0.041006,"27":0.011716,"28":0.011716,"29":0.017574,"30":0.017574,"31":0.181598,"32":0.023432,"33":0.064438,"34":0.05858,"35":0.046864,"36":0.05858,"37":0.046864,"38":0.064438,"39":0.111302,"40":0.082012,"41":0.111302,"42":0.105444,"43":0.228462,"44":0.23432,"45":0.43935,"46":0.492072,"47":1.722252,"48":25.710762,"49":0.099586,"50":0.082012,"51":null},"opera":{"9":null,"9.5-9.6":null,"10.0-10.1":0,"10.5":null,"10.6":null,"11":null,"11.1":null,"11.5":null,"11.6":null,"12":null,"12.1":0.041006,"15":null,"16":null,"17":null,"18":null,"19":null,"20":null,"21":null,"22":null,"23":null,"24":null,"25":null,"26":null,"27":null,"28":0.023432,"29":null,"30":null,"31":null,"32":null,"33":null,"34":0.05858,"35":0.193314,"36":null},"safari":{"3.1":null,"3.2":null,"4":0.017574,"5":0.082012,"5.1":0.2929,"6":0.046864,"6.1":0.216746,"7":0.14645,"7.1":0.105444,"8":0.831836,"9":3.919002,"9.1":0.017574},"android":{"2.1":0,"2.2":0,"2.3":0.0141310340681,"3":0,"4":0.122264164329,"4.1":0.257430577154,"4.2-4.3":0.577529218437,"4.4":1.16304554309,"4.4.3-4.4.4":0.624837462926,"47":null},"ios_saf":{"3.2":0,"4.0-4.1":0,"4.2-4.3":0,"5.0-5.1":0,"6.0-6.1":0,"7.0-7.1":0.866861146429,"8":0.0588469707759,"8.1-8.4":2.39461904157,"9.0-9.2":18.6748598412,"9.3":null},"op_mob":{"10":0,"11":0,"11.1":0,"11.5":0,"12":1.37271636675e-5,"12.1":1.37271636675e-5,"0":0.000590268037704},"ie":{"5.5":null,"6":0.0118199113082,"7":0.0177298669623,"8":0.431426762749,"9":0.650095121951,"10":0.626455299335,"11":8.89448325942},"bb":{"7":0.01346475,"10":null},"ie_mob":{"10":0.116164893204,"11":0.513571106796},"edge":{"12":0.521362,"13":1.599234,"14":null},"and_uc":{"0":1.093752},"op_mini":{"5.0-8.0":0.239676277635},"and_chr":{"0":14.63635},"and_ff":{"0":0.049716}},"total":97.9647519717}