{"id":"AO","name":"Angola","month":"2015-10","access_date":"2015-11-03","data":{"chrome":{"4":0,"5":0.003819,"6":0.003819,"7":0,"8":0,"9":0,"10":0,"11":0.080199,"12":0.011457,"13":0.015276,"14":0.007638,"15":0.007638,"16":0.007638,"17":0,"18":0.007638,"19":0,"20":0.007638,"21":0.022914,"22":0.011457,"23":0.011457,"24":0.003819,"25":0.019095,"26":0.042009,"27":0.026733,"28":0.007638,"29":0.015276,"30":0.007638,"31":0.175674,"32":0.07638,"33":0.084018,"34":0.019095,"35":0.061104,"36":0.557574,"37":0.072561,"38":0.034371,"39":0.103113,"40":0.202407,"41":0.03819,"42":0.462099,"43":0.645411,"44":0.294063,"45":6.60687,"46":6.396825,"47":0.072561,"48":0.034371,"49":0},"firefox":{"2":0.003819,"3":0.011457,"3.5":0.007638,"3.6":0.026733,"4":0.034371,"5":0.022914,"6":0.049647,"7":0.007638,"8":0.019095,"9":0.011457,"10":0.015276,"11":0.053466,"12":0.053466,"13":0.026733,"14":0.034371,"15":0.034371,"16":0.049647,"17":0.015276,"18":0.019095,"19":0.019095,"20":0.026733,"21":0.061104,"22":0.022914,"23":0.019095,"24":0.019095,"25":0.030552,"26":0.03819,"27":0.011457,"28":0.019095,"29":0.042009,"30":0.080199,"31":0.026733,"32":0.030552,"33":0.042009,"34":0.030552,"35":0.045828,"36":0.045828,"37":0.129846,"38":0.19095,"39":0.148941,"40":0.538479,"41":2.952087,"42":0.137484,"43":0.007638,"44":0.003819},"opera":{"9":0,"9.5-9.6":0.015276,"10.0-10.1":0,"10.5":0,"10.6":0.011457,"11":0.007638,"11.1":0.007638,"11.5":0.007638,"11.6":0.019095,"12":0.022914,"12.1":0.087837,"15":0.019095,"16":0.007638,"17":0.003819,"18":0.011457,"19":0.003819,"20":0.003819,"21":0.007638,"22":0.015276,"23":0.003819,"24":0.007638,"25":0,"26":0.003819,"27":0.003819,"28":0.030552,"29":0.019095,"30":0.061104,"31":0.030552,"32":0.935655,"33":0.049647,"34":0.007638},"safari":{"3.1":0,"3.2":0,"4":0.007638,"5":0.045828,"5.1":0.095475,"6":0.026733,"6.1":0.061104,"7":0.057285,"7.1":0.122208,"8":0.358986,"9":0.595764},"android":{"2.1":0,"2.2":0,"2.3":0.0776114349327,"3":0,"4":0.22625706455,"4.1":0.811631446669,"4.2-4.3":1.69692798412,"4.4":3.16759890369,"4.4.3-4.4.4":1.64167916603,"44":null},"ios_saf":{"3.2":0,"4.0-4.1":0,"4.2-4.3":0,"5.0-5.1":0.0132346742004,"6.0-6.1":0.0138648967814,"7.0-7.1":0.3377993034,"8":0.0453760258299,"8.1-8.4":1.51001330401,"9.0-9.1":4.32584779578},"op_mob":{"10":0,"11":0,"11.1":0,"11.5":0,"12":0.0896798209966,"12.1":0.26903946299,"0":3.13879373488},"ie":{"5.5":0,"6":0.015379262731,"7":0.0230688940964,"8":0.672842744479,"9":0.569032721046,"10":1.24572028121,"11":5.95177467688},"bb":{"7":0.07262675,"10":null},"ie_mob":{"10":0.130227275862,"11":0.592949724138},"op_mini":{"5.0-8.0":33.5761249811},"and_chr":{"0":10.994042},"and_ff":{"0":0.086534},"edge":{"12":0.675963,"13":null},"and_uc":{"0":2.021187}},"total":98.2434783304}