{"id":"AR","name":"Argentina","month":"2015-10","access_date":"2015-11-03","data":{"chrome":{"4":0,"5":0,"6":0.007226,"7":0,"8":0.007226,"9":0.007226,"10":0.007226,"11":0.03613,"12":0.021678,"13":0.014452,"14":0,"15":0,"16":0,"17":0,"18":0.057808,"19":0,"20":0,"21":0.021678,"22":0.043356,"23":0.014452,"24":0.007226,"25":0.014452,"26":0.07226,"27":0.065034,"28":0.021678,"29":0.021678,"30":0.028904,"31":0.079486,"32":0.050582,"33":0.057808,"34":0.18065,"35":0.173424,"36":0.130068,"37":0.122842,"38":0.202328,"39":0.25291,"40":0.151746,"41":0.130068,"42":0.21678,"43":0.570854,"44":0.859894,"45":23.672376,"46":24.040902,"47":0.166198,"48":0.043356,"49":0},"firefox":{"2":0.007226,"3":0.014452,"3.5":0.028904,"3.6":0.043356,"4":0.007226,"5":0.007226,"6":0.014452,"7":0.007226,"8":0,"9":0.007226,"10":0.014452,"11":0.014452,"12":0.079486,"13":0.007226,"14":0.007226,"15":0.043356,"16":0.021678,"17":0.014452,"18":0.007226,"19":0.014452,"20":0.028904,"21":0.014452,"22":0.007226,"23":0.007226,"24":0.014452,"25":0.014452,"26":0.014452,"27":0.028904,"28":0.014452,"29":0.065034,"30":0.028904,"31":0.043356,"32":0.021678,"33":0.03613,"34":0.03613,"35":0.043356,"36":0.043356,"37":0.093938,"38":0.21678,"39":0.231232,"40":0.881572,"41":6.351654,"42":0.043356,"43":0.007226,"44":0},"opera":{"9":0,"9.5-9.6":0,"10.0-10.1":0,"10.5":0,"10.6":0,"11":0,"11.1":0,"11.5":0,"11.6":0,"12":0.007226,"12.1":0.043356,"15":0,"16":0,"17":0,"18":0,"19":0,"20":0,"21":0,"22":0,"23":0,"24":0,"25":0,"26":0,"27":0,"28":0.007226,"29":0.007226,"30":0.014452,"31":0.014452,"32":0.57808,"33":0.028904,"34":0},"safari":{"3.1":0,"3.2":0,"4":0.014452,"5":0.028904,"5.1":0.057808,"6":0.007226,"6.1":0.03613,"7":0.021678,"7.1":0.043356,"8":0.18065,"9":0.310718},"android":{"2.1":0,"2.2":0,"2.3":0.0585873054884,"3":0,"4":0.170796890576,"4.1":0.612684194684,"4.2-4.3":1.28097667932,"4.4":2.39115646807,"4.4.3-4.4.4":1.23927046186,"44":null},"ios_saf":{"3.2":0,"4.0-4.1":0,"4.2-4.3":0,"5.0-5.1":0.00538039451115,"6.0-6.1":0.00563660377358,"7.0-7.1":0.137328164666,"8":0.0184470668954,"8.1-8.4":0.613877392796,"9.0-9.1":1.75862037736},"op_mob":{"10":0,"11":0,"11.1":0,"11.5":0,"12":0.00713966134494,"12.1":0.0214189840348,"0":0.249888147073},"ie":{"5.5":0,"6":0.0799386537585,"7":0.0799386537585,"8":1.17001120501,"9":0.893859492027,"10":0.581372027335,"11":3.5391022164},"bb":{"7":0.0575605,"10":null},"ie_mob":{"10":0.434593333333,"11":1.97878666667},"op_mini":{"5.0-8.0":2.67308920755},"and_chr":{"0":16.675246},"and_ff":{"0":0.033288},"edge":{"12":0.3613,"13":null},"and_uc":{"0":0.335654}},"total":99.0882767483}