{"id":"AS","name":"American Samoa","month":"2015-08","access_date":"2015-09-03","data":{"chrome":{"4":0.018819,"5":0,"6":0.006273,"7":0.006273,"8":0.006273,"9":0.006273,"10":0.006273,"11":0.025092,"12":0.006273,"13":0,"14":0,"15":0,"16":0.006273,"17":0.006273,"18":0,"19":0.012546,"20":0.006273,"21":0.025092,"22":0,"23":0,"24":0.031365,"25":0,"26":0,"27":0.087822,"28":0.025092,"29":0.031365,"30":0.006273,"31":2.628387,"32":0.012546,"33":0.043911,"34":0.025092,"35":0.031365,"36":0.131733,"37":0.12546,"38":0.056457,"39":0.106641,"40":0.043911,"41":0.276012,"42":0.150552,"43":0.614754,"44":23.166189,"45":0.119187,"46":0.094095,"47":0,"48":0},"firefox":{"2":0.012546,"3":0.025092,"3.5":0.012546,"3.6":0.257193,"4":0.075276,"5":0.012546,"6":0.031365,"7":0.012546,"8":0,"9":0,"10":0.087822,"11":0.012546,"12":0.075276,"13":0,"14":0.031365,"15":0.018819,"16":0.018819,"17":0.075276,"18":0.006273,"19":0.018819,"20":0.025092,"21":0.225828,"22":0.031365,"23":0.012546,"24":0.031365,"25":0.050184,"26":0.006273,"27":0.050184,"28":0.018819,"29":0.207009,"30":0.006273,"31":0.332469,"32":0.545751,"33":0.457929,"34":0.043911,"35":0.06273,"36":0.012546,"37":0.326196,"38":1.147959,"39":3.738708,"40":2.139093,"41":0.31365,"42":0,"43":0},"opera":{"9":0,"9.5-9.6":0.006273,"10.0-10.1":0.018819,"10.5":0,"10.6":0.012546,"11":0.138006,"11.1":0.018819,"11.5":0.018819,"11.6":0.012546,"12":0.100368,"12.1":0.119187,"15":0,"16":0,"17":0,"18":0.006273,"19":0,"20":0,"21":0,"22":0,"23":0,"24":0,"25":0.006273,"26":0.006273,"27":0,"28":0.150552,"29":0.006273,"30":0.081549,"31":0.018819,"32":0,"33":0},"safari":{"3.1":0,"3.2":0,"4":0.094095,"5":0.821763,"5.1":1.536885,"6":0.426564,"6.1":0.388926,"7":0.81549,"7.1":0.276012,"8":0.508113,"9":0},"android":{"2.1":0,"2.2":0,"2.3":0.15477071221,"3":0,"4":0.49333164517,"4.1":1.73149734285,"4.2-4.3":3.76528123298,"4.4":0.0241829237828,"4.4.3-4.4.4":3.317897143,"44":null},"ios_saf":{"3.2":0,"4.0-4.1":0,"4.2-4.3":0,"5.0-5.1":0.0302824237851,"6.0-6.1":0.0504707063085,"7.0-7.1":0.831757239964,"8":0.114063796257,"8.1-8.4":8.94038091548,"9":0.065611918201},"op_mob":{"10":0,"11":0,"11.1":0,"11.5":0,"12":0.0229590663329,"12.1":0.0459181326658,"0":0.71173105632},"ie":{"5.5":0.00630942857143,"6":0.00630942857143,"7":0.0820225714286,"8":0.410112857143,"9":0.447969428571,"10":0.700346571429,"11":9.186528},"bb":{"7":0.01211275,"10":null},"ie_mob":{"10":0.130034398305,"11":0.537098601695},"and_uc":{"0":2.146752},"op_mini":{"5.0-8.0":7.99274974468},"and_chr":{"0":11.662823},"and_ff":{"0":0.275798},"edge":{"12":0.100368,"13":null}},"total":98.1029340357}