{"id":"AT","name":"Austria","month":"2015-08","access_date":"2015-09-03","data":{"chrome":{"4":0.007865,"5":0,"6":0,"7":0,"8":0,"9":0,"10":0,"11":0.055055,"12":0.007865,"13":0,"14":0,"15":0,"16":0.007865,"17":0,"18":0.007865,"19":0,"20":0,"21":0.01573,"22":0.09438,"23":0.007865,"24":0.007865,"25":0.007865,"26":0.039325,"27":0.01573,"28":0.01573,"29":0.007865,"30":0.007865,"31":0.133705,"32":0.023595,"33":0.055055,"34":0.04719,"35":0.07865,"36":0.06292,"37":0.070785,"38":0.11011,"39":0.180895,"40":0.09438,"41":0.09438,"42":0.12584,"43":0.88088,"44":20.26024,"45":0.086515,"46":0.07865,"47":0.007865,"48":0},"firefox":{"2":0.007865,"3":0.007865,"3.5":0.007865,"3.6":0.039325,"4":0.01573,"5":0.007865,"6":0.007865,"7":0.007865,"8":0.007865,"9":0.007865,"10":0.023595,"11":0.007865,"12":0.070785,"13":0.007865,"14":0.007865,"15":0.01573,"16":0.039325,"17":0.01573,"18":0.01573,"19":0.01573,"20":0.03146,"21":0.023595,"22":0.01573,"23":0.01573,"24":0.04719,"25":0.01573,"26":0.023595,"27":0.01573,"28":0.03146,"29":0.04719,"30":0.06292,"31":0.25168,"32":0.055055,"33":0.09438,"34":0.12584,"35":0.18876,"36":0.149435,"37":0.228085,"38":1.061775,"39":10.955945,"40":9.257105,"41":0.14157,"42":0.01573,"43":0.007865},"opera":{"9":0,"9.5-9.6":0,"10.0-10.1":0.007865,"10.5":0,"10.6":0,"11":0.03146,"11.1":0.007865,"11.5":0.007865,"11.6":0.007865,"12":0.023595,"12.1":0.29887,"15":0,"16":0,"17":0,"18":0,"19":0,"20":0,"21":0.007865,"22":0.007865,"23":0,"24":0.007865,"25":0.007865,"26":0,"27":0,"28":0.01573,"29":0.023595,"30":0.322465,"31":0.873015,"32":0.01573,"33":0},"safari":{"3.1":0,"3.2":0,"4":0.039325,"5":0.133705,"5.1":0.50336,"6":0.070785,"6.1":0.322465,"7":0.196625,"7.1":0.747175,"8":3.00443,"9":0.055055},"android":{"2.1":0,"2.2":0,"2.3":0.0774666734642,"3":0,"4":0.246925021667,"4.1":0.866658409381,"4.2-4.3":1.88461891537,"4.4":0.0121041677288,"4.4.3-4.4.4":1.66069181239,"44":null},"ios_saf":{"3.2":0,"4.0-4.1":0,"4.2-4.3":0,"5.0-5.1":0.0337596740115,"6.0-6.1":0.0562661233524,"7.0-7.1":0.927265712848,"8":0.127161438777,"8.1-8.4":9.96698109065,"9":0.0731459603582},"op_mob":{"10":0,"11":0,"11.1":0,"11.5":0,"12":0.000530774263284,"12.1":0.00106154852657,"0":0.0164540021618},"ie":{"5.5":0,"6":0.0157445918367,"7":0.0787229591837,"8":0.968292397959,"9":1.39339637755,"10":1.55871459184,"11":12.926309898},"bb":{"7":0.01868125,"10":null},"ie_mob":{"10":0.09821,"11":0.40565},"and_uc":{"0":0.074725},"op_mini":{"5.0-8.0":0.184778675048},"and_chr":{"0":10.94874},"and_ff":{"0":0.215635},"edge":{"12":0.88088,"13":null}},"total":98.3600170663}