{"id":"AT","name":"Austria","month":"2015-10","access_date":"2015-11-03","data":{"chrome":{"4":0.007872,"5":0,"6":0,"7":0,"8":0,"9":0,"10":0,"11":0.047232,"12":0.007872,"13":0.007872,"14":0,"15":0,"16":0,"17":0,"18":0.007872,"19":0,"20":0,"21":0.015744,"22":0.086592,"23":0.007872,"24":0.007872,"25":0.007872,"26":0.031488,"27":0.007872,"28":0.007872,"29":0.015744,"30":0.007872,"31":0.086592,"32":0.023616,"33":0.047232,"34":0.047232,"35":0.062976,"36":0.070848,"37":0.047232,"38":0.07872,"39":0.141696,"40":0.07872,"41":0.07872,"42":0.086592,"43":0.23616,"44":0.377856,"45":11.170368,"46":11.485248,"47":0.07872,"48":0.055104,"49":0},"firefox":{"2":0.007872,"3":0.007872,"3.5":0.007872,"3.6":0.03936,"4":0.015744,"5":0.007872,"6":0.007872,"7":0.007872,"8":0.007872,"9":0.007872,"10":0.015744,"11":0.007872,"12":0.03936,"13":0.007872,"14":0.007872,"15":0.007872,"16":0.03936,"17":0.007872,"18":0.007872,"19":0.015744,"20":0.023616,"21":0.015744,"22":0.007872,"23":0.015744,"24":0.047232,"25":0.015744,"26":0.015744,"27":0.015744,"28":0.031488,"29":0.031488,"30":0.055104,"31":0.181056,"32":0.086592,"33":0.086592,"34":0.141696,"35":0.125952,"36":0.11808,"37":0.133824,"38":0.858048,"39":0.574656,"40":2.770944,"41":17.491584,"42":0.165312,"43":0.023616,"44":0.007872},"opera":{"9":0,"9.5-9.6":0,"10.0-10.1":0,"10.5":0,"10.6":0,"11":0,"11.1":0.007872,"11.5":0,"11.6":0.007872,"12":0.007872,"12.1":0.23616,"15":0,"16":0,"17":0,"18":0,"19":0,"20":0,"21":0,"22":0.007872,"23":0,"24":0,"25":0.007872,"26":0,"27":0.007872,"28":0.007872,"29":0.007872,"30":0.023616,"31":0.055104,"32":1.06272,"33":0.055104,"34":0.007872},"safari":{"3.1":0,"3.2":0,"4":0.03936,"5":0.11808,"5.1":0.448704,"6":0.070848,"6.1":0.291264,"7":0.173184,"7.1":0.425088,"8":1.503552,"9":2.298624},"android":{"2.1":0,"2.2":0,"2.3":0.0436419965482,"3":0,"4":0.127227515361,"4.1":0.456391726614,"4.2-4.3":0.954206365205,"4.4":1.78118521505,"4.4.3-4.4.4":0.923139181222,"44":null},"ios_saf":{"3.2":0,"4.0-4.1":0,"4.2-4.3":0,"5.0-5.1":0.0221105018666,"6.0-6.1":0.0231633829079,"7.0-7.1":0.564344238119,"8":0.0758074349712,"8.1-8.4":2.52270297488,"9.0-9.1":7.22697546726},"op_mob":{"10":0,"11":0,"11.1":0,"11.5":0,"12":0.000422099661345,"12.1":0.00126629898403,"0":0.0147734881471},"ie":{"5.5":0,"6":0.0157931743883,"7":0.0394829359708,"8":0.837038242582,"9":1.09762561999,"10":1.30293688704,"11":11.8132944425},"bb":{"7":0.017024,"10":null},"ie_mob":{"10":0.0854542835249,"11":0.389089716475},"op_mini":{"5.0-8.0":0.158034113208},"and_chr":{"0":11.699536},"and_ff":{"0":0.057456},"edge":{"12":1.385472,"13":null},"and_uc":{"0":0.076608}},"total":98.4304753024}