{"id":"AU","name":"Australia","month":"2015-10","access_date":"2015-11-03","data":{"chrome":{"4":0,"5":0,"6":0,"7":0,"8":0,"9":0,"10":0,"11":0.04212,"12":0,"13":0,"14":0,"15":0,"16":0,"17":0,"18":0.00702,"19":0,"20":0,"21":0.01404,"22":0.02106,"23":0.00702,"24":0.00702,"25":0.00702,"26":0.04212,"27":0.00702,"28":0.01404,"29":0.01404,"30":0.02106,"31":0.22464,"32":0.0351,"33":0.09126,"34":0.06318,"35":0.09126,"36":0.0702,"37":0.0702,"38":0.09828,"39":0.2808,"40":0.21762,"41":0.14742,"42":0.26676,"43":0.55458,"44":0.73008,"45":13.70304,"46":12.08844,"47":0.07722,"48":0.04212,"49":0},"firefox":{"2":0,"3":0.00702,"3.5":0,"3.6":0.01404,"4":0.04212,"5":0,"6":0.00702,"7":0,"8":0,"9":0,"10":0.00702,"11":0.00702,"12":0.01404,"13":0.00702,"14":0.00702,"15":0.00702,"16":0.01404,"17":0.01404,"18":0.00702,"19":0.00702,"20":0.00702,"21":0.02106,"22":0.00702,"23":0.00702,"24":0.02808,"25":0.00702,"26":0.01404,"27":0.01404,"28":0.01404,"29":0.02106,"30":0.02106,"31":0.0702,"32":0.02106,"33":0.02808,"34":0.11232,"35":0.05616,"36":0.04914,"37":0.08424,"38":0.30888,"39":0.22464,"40":1.1232,"41":6.83748,"42":0.0702,"43":0.00702,"44":0.00702},"opera":{"9":0,"9.5-9.6":0,"10.0-10.1":0,"10.5":0,"10.6":0,"11":0,"11.1":0,"11.5":0,"11.6":0,"12":0,"12.1":0.0351,"15":0,"16":0,"17":0,"18":0,"19":0,"20":0,"21":0,"22":0,"23":0,"24":0,"25":0,"26":0.00702,"27":0,"28":0.01404,"29":0,"30":0.00702,"31":0.00702,"32":0.25272,"33":0.00702,"34":0},"safari":{"3.1":0,"3.2":0,"4":0.02106,"5":0.09828,"5.1":0.37908,"6":0.07722,"6.1":0.28782,"7":0.2457,"7.1":0.54756,"8":1.99368,"9":2.21832},"android":{"2.1":0,"2.2":0,"2.3":0.026861801864,"3":0,"4":0.0783089817052,"4.1":0.280910707629,"4.2-4.3":0.587317362789,"4.4":1.09632574387,"4.4.3-4.4.4":0.56819540214,"44":null},"ios_saf":{"3.2":0,"4.0-4.1":0,"4.2-4.3":0,"5.0-5.1":0.0552186641106,"6.0-6.1":0.0578481243063,"7.0-7.1":1.40939066492,"8":0.189321134093,"8.1-8.4":6.300186629,"9.0-9.1":18.0486147836},"op_mob":{"10":0,"11":0,"11.1":0,"11.5":0,"12":0.000216255442671,"12.1":0.000648766328012,"0":0.00756894049347},"ie":{"5.5":0,"6":0.0141766227819,"7":0.0283532455638,"8":0.694654516314,"9":1.01362852891,"10":0.96401034917,"11":9.59048531196},"bb":{"7":0.01043,"10":null},"ie_mob":{"10":0.084250651341,"11":0.383609348659},"op_mini":{"5.0-8.0":0.0809660377358},"and_chr":{"0":11.13454},"and_ff":{"0":0.04172},"edge":{"12":1.32678,"13":null},"and_uc":{"0":0.27416}},"total":98.9256985747}