{"id":"AU","name":"Australia","month":"2015-08","access_date":"2015-09-03","data":{"chrome":{"4":0,"5":0,"6":0,"7":0,"8":0,"9":0,"10":0,"11":0.042252,"12":0.007042,"13":0,"14":0,"15":0,"16":0,"17":0,"18":0.021126,"19":0,"20":0,"21":0.014084,"22":0.021126,"23":0.007042,"24":0.007042,"25":0.007042,"26":0.042252,"27":0.014084,"28":0.014084,"29":0.028168,"30":0.03521,"31":0.338016,"32":0.056336,"33":0.147882,"34":0.098588,"35":0.154924,"36":0.098588,"37":0.147882,"38":0.154924,"39":0.338016,"40":0.169008,"41":0.21126,"42":0.42252,"43":1.992886,"44":24.47095,"45":0.119714,"46":0.07042,"47":0.007042,"48":0},"firefox":{"2":0.007042,"3":0.007042,"3.5":0.007042,"3.6":0.021126,"4":0.007042,"5":0,"6":0.007042,"7":0,"8":0,"9":0,"10":0.007042,"11":0.007042,"12":0.014084,"13":0.007042,"14":0.007042,"15":0.007042,"16":0.014084,"17":0.014084,"18":0.007042,"19":0.007042,"20":0.014084,"21":0.014084,"22":0.007042,"23":0.007042,"24":0.03521,"25":0.007042,"26":0.021126,"27":0.021126,"28":0.021126,"29":0.028168,"30":0.03521,"31":0.112672,"32":0.042252,"33":0.049294,"34":0.07042,"35":0.07042,"36":0.056336,"37":0.119714,"38":0.3521,"39":4.26041,"40":3.499874,"41":0.049294,"42":0.007042,"43":0},"opera":{"9":0,"9.5-9.6":0,"10.0-10.1":0,"10.5":0,"10.6":0,"11":0.007042,"11.1":0,"11.5":0,"11.6":0,"12":0.007042,"12.1":0.049294,"15":0,"16":0,"17":0,"18":0,"19":0,"20":0,"21":0,"22":0,"23":0,"24":0,"25":0,"26":0,"27":0,"28":0.007042,"29":0.007042,"30":0.063378,"31":0.183092,"32":0,"33":0},"safari":{"3.1":0,"3.2":0,"4":0.021126,"5":0.10563,"5.1":0.450688,"6":0.098588,"6.1":0.338016,"7":0.309848,"7.1":0.943628,"8":3.528042,"9":0.042252},"android":{"2.1":0,"2.2":0,"2.3":0.04553997247,"3":0,"4":0.145158662248,"4.1":0.509478442009,"4.2-4.3":1.10790214275,"4.4":0.00711562069845,"4.4.3-4.4.4":0.976263159827,"44":null},"ios_saf":{"3.2":0,"4.0-4.1":0,"4.2-4.3":0,"5.0-5.1":0.0821214729852,"6.0-6.1":0.136869121642,"7.0-7.1":2.25560312466,"8":0.309324214911,"8.1-8.4":24.2449962077,"9":0.177929858135},"op_mob":{"10":0,"11":0,"11.1":0,"11.5":0,"12":0.000239965183752,"12.1":0.000479930367505,"0":0.00743892069632},"ie":{"5.5":0,"6":0.014227877412,"7":0.0355696935301,"8":0.754077502838,"9":1.26628108967,"10":1.01729323496,"11":9.41174090806},"bb":{"7":0.010353,"10":null},"ie_mob":{"10":0.0882135762712,"11":0.364360423729},"and_uc":{"0":0.28101},"op_mini":{"5.0-8.0":0.0835391837524},"and_chr":{"0":10.211596},"and_ff":{"0":0.13311},"edge":{"12":0.802788,"13":null}},"total":98.9508513065}