{"id":"AW","name":"Aruba","month":"2015-10","access_date":"2015-11-03","data":{"chrome":{"4":0,"5":0,"6":0,"7":0,"8":0,"9":0,"10":0,"11":0.057978,"12":0,"13":0.006442,"14":0,"15":0,"16":0,"17":0,"18":0.006442,"19":0,"20":0,"21":0.006442,"22":0.038652,"23":0,"24":0.012884,"25":0.006442,"26":0.012884,"27":0,"28":0.019326,"29":0.012884,"30":0.019326,"31":0.09663,"32":0.025768,"33":0.038652,"34":0.03221,"35":0.038652,"36":0.070862,"37":0.03221,"38":0.03221,"39":0.09663,"40":0.045094,"41":0.019326,"42":0.16105,"43":0.405846,"44":0.521802,"45":12.117402,"46":12.394408,"47":0.09663,"48":0.051536,"49":0},"firefox":{"2":0,"3":0.006442,"3.5":0,"3.6":0.006442,"4":0,"5":0,"6":0.006442,"7":0,"8":0,"9":0,"10":0,"11":0.006442,"12":0,"13":0,"14":0.006442,"15":0,"16":0,"17":0,"18":0,"19":0,"20":0,"21":0,"22":0.006442,"23":0,"24":0.006442,"25":0,"26":0.006442,"27":0,"28":0,"29":0,"30":0.006442,"31":0.019326,"32":0,"33":0.019326,"34":0.070862,"35":0.012884,"36":0.025768,"37":0.03221,"38":0.090188,"39":0.141724,"40":0.67641,"41":4.908804,"42":0.115956,"43":0.025768,"44":0.038652},"opera":{"9":0,"9.5-9.6":0,"10.0-10.1":0,"10.5":0,"10.6":0,"11":0,"11.1":0,"11.5":0,"11.6":0,"12":0,"12.1":0.025768,"15":0,"16":0,"17":0,"18":0,"19":0,"20":0,"21":0,"22":0,"23":0,"24":0,"25":0,"26":0,"27":0.006442,"28":0.006442,"29":0.012884,"30":0.012884,"31":0.006442,"32":0.367194,"33":0.012884,"34":0},"safari":{"3.1":0,"3.2":0,"4":0.012884,"5":0.051536,"5.1":0.347868,"6":0.038652,"6.1":0.148166,"7":0.090188,"7.1":0.302774,"8":1.114466,"9":1.616942},"android":{"2.1":0,"2.2":0,"2.3":0.0733599319986,"3":0,"4":0.213862852606,"4.1":0.767170814291,"4.2-4.3":1.60397139455,"4.4":2.99407993649,"4.4.3-4.4.4":1.55174907007,"44":null},"ios_saf":{"3.2":0,"4.0-4.1":0,"4.2-4.3":0,"5.0-5.1":0.0419745398043,"6.0-6.1":0.043973327414,"7.0-7.1":1.07135015881,"8":0.1439127079,"8.1-8.4":4.7890951129,"9.0-9.1":13.7196781532},"op_mob":{"10":0,"11":0,"11.1":0,"11.5":0,"12":0.000266806966618,"12.1":0.000800420899855,"0":0.00933824383164},"ie":{"5.5":0,"6":0.00649470727273,"7":0.0844311945455,"8":1.39636206364,"9":0.961216676364,"10":2.47448347091,"11":9.31341022909},"bb":{"7":0.2374965,"10":null},"ie_mob":{"10":0.037802045977,"11":0.172119954023},"op_mini":{"5.0-8.0":0.0998925283019},"and_chr":{"0":17.551922},"and_ff":{"0":0.028464},"edge":{"12":1.752224,"13":null},"and_uc":{"0":0.096066}},"total":98.1238608418}