{"id":"AX","name":"Aland Islands","month":"2015-10","access_date":"2015-11-03","data":{"chrome":{"4":0,"5":0,"6":0,"7":0,"8":0,"9":0,"10":0,"11":0.008183,"12":0,"13":0,"14":0,"15":0,"16":0,"17":0,"18":0,"19":0,"20":0,"21":0.008183,"22":0.016366,"23":0.040915,"24":0,"25":0,"26":0,"27":0,"28":0,"29":0,"30":0,"31":0.040915,"32":0.032732,"33":0.008183,"34":0.032732,"35":0.008183,"36":0.040915,"37":0,"38":0.016366,"39":0.040915,"40":0.057281,"41":0.073647,"42":0.122745,"43":1.14562,"44":0.392784,"45":15.539517,"46":14.140224,"47":0.261856,"48":0.090013,"49":0},"firefox":{"2":0,"3":0,"3.5":0,"3.6":0.016366,"4":0.008183,"5":0,"6":0,"7":0,"8":0,"9":0,"10":0,"11":0,"12":0.008183,"13":0,"14":0,"15":0.008183,"16":0.008183,"17":0.008183,"18":0,"19":0,"20":0.016366,"21":0,"22":0.057281,"23":0,"24":0,"25":0,"26":0.008183,"27":0.008183,"28":0.057281,"29":0,"30":0.343686,"31":0.008183,"32":0,"33":0.008183,"34":0.024549,"35":0.024549,"36":0.008183,"37":0.08183,"38":0.679189,"39":0.40915,"40":1.317463,"41":10.817926,"42":0.229124,"43":0.040915,"44":0},"opera":{"9":0,"9.5-9.6":0,"10.0-10.1":0,"10.5":0,"10.6":0,"11":0,"11.1":0,"11.5":0,"11.6":0,"12":0,"12.1":0.049098,"15":0,"16":0,"17":0,"18":0,"19":0,"20":0,"21":0,"22":0,"23":0,"24":0,"25":0,"26":0,"27":0,"28":0,"29":0,"30":0,"31":0.008183,"32":0.474614,"33":0.016366,"34":0},"safari":{"3.1":0,"3.2":0,"4":0.016366,"5":0.130928,"5.1":0.253673,"6":0.065464,"6.1":0.212758,"7":0.049098,"7.1":0.523712,"8":2.888599,"9":1.522038},"android":{"2.1":0,"2.2":0,"2.3":0.0247022633759,"3":0,"4":0.0720133779772,"4.1":0.258327059372,"4.2-4.3":0.540100334829,"4.4":1.00818729168,"4.4.3-4.4.4":0.522515672765,"44":null},"ios_saf":{"3.2":0,"4.0-4.1":0,"4.2-4.3":0,"5.0-5.1":0.0478588559177,"6.0-6.1":0.0501378490566,"7.0-7.1":1.22154032247,"8":0.164087506003,"8.1-8.4":5.46046756089,"9.0-9.1":15.6430089057},"op_mob":{"10":0,"11":0,"11.1":0,"11.5":0,"12":4.83478471214e-5,"12.1":0.000145043541364,"0":0.00169217464925},"ie":{"5.5":0,"6":0.008183,"7":0.008183,"8":0.597359,"9":0.671006,"10":1.235633,"11":7.872046},"bb":{"7":0.00045425,"10":null},"ie_mob":{"10":0.224785873563,"11":1.02349312644},"op_mini":{"5.0-8.0":0.0181014339623},"and_chr":{"0":8.987714},"and_ff":{"0":0.027255},"edge":{"12":1.202901,"13":null},"and_uc":{"0":0.030889}},"total":99.44951325}