{"id":"AZ","name":"Azerbaijan","month":"2015-08","access_date":"2015-09-03","data":{"chrome":{"4":0.02461,"5":0.054142,"6":0.034454,"7":0.019688,"8":0.103362,"9":0.068908,"10":0.07383,"11":0.093518,"12":0.059064,"13":0.04922,"14":0.059064,"15":0.029532,"16":0.034454,"17":0.029532,"18":0.014766,"19":0.004922,"20":0.004922,"21":0.009844,"22":0.226412,"23":0.014766,"24":0.02461,"25":0.02461,"26":0.078752,"27":0.039376,"28":0.044298,"29":0.014766,"30":0.044298,"31":0.039376,"32":0.029532,"33":0.059064,"34":0.04922,"35":0.054142,"36":0.260866,"37":0.088596,"38":0.12305,"39":0.142738,"40":0.162426,"41":0.349462,"42":0.19688,"43":1.092684,"44":24.344212,"45":0.12305,"46":0.290398,"47":0.004922,"48":0},"firefox":{"2":0,"3":0.004922,"3.5":0.004922,"3.6":0.029532,"4":0.009844,"5":0.004922,"6":0.004922,"7":0,"8":0,"9":0.004922,"10":0.004922,"11":0.004922,"12":0.009844,"13":0.004922,"14":0.004922,"15":0.004922,"16":0.009844,"17":0.004922,"18":0.004922,"19":0.004922,"20":0.004922,"21":0.014766,"22":0.004922,"23":0.004922,"24":0.009844,"25":0.004922,"26":0.004922,"27":0.004922,"28":0.004922,"29":0.009844,"30":0.009844,"31":0.009844,"32":0.009844,"33":0.039376,"34":0.034454,"35":0.044298,"36":0.04922,"37":0.044298,"38":0.09844,"39":0.743222,"40":0.620172,"41":0.009844,"42":0.004922,"43":0},"opera":{"9":0,"9.5-9.6":0.009844,"10.0-10.1":0.004922,"10.5":0.009844,"10.6":0.004922,"11":0.034454,"11.1":0.009844,"11.5":0.02461,"11.6":0.063986,"12":0.12305,"12.1":1.663636,"15":0.039376,"16":0.029532,"17":0.014766,"18":0.054142,"19":0.044298,"20":0.078752,"21":0.04922,"22":0.014766,"23":0.009844,"24":0.014766,"25":0.019688,"26":0.02461,"27":0.02461,"28":0.093518,"29":0.09844,"30":1.117294,"31":3.474932,"32":0.044298,"33":0.004922},"safari":{"3.1":0,"3.2":0,"4":0.004922,"5":0.014766,"5.1":0.054142,"6":0.004922,"6.1":0.014766,"7":0.019688,"7.1":0.04922,"8":0.19688,"9":0},"android":{"2.1":0,"2.2":0,"2.3":0.198004188631,"3":0,"4":0.631138351262,"4.1":2.21517186031,"4.2-4.3":4.81707065154,"4.4":0.0309381544736,"4.4.3-4.4.4":4.24471479378,"44":null},"ios_saf":{"3.2":0,"4.0-4.1":0,"4.2-4.3":0,"5.0-5.1":0.0228768729248,"6.0-6.1":0.0381281215414,"7.0-7.1":0.628351443002,"8":0.0861695546836,"8.1-8.4":6.75401544984,"9":0.0495665580038},"op_mob":{"10":0,"11":0,"11.1":0,"11.5":0,"12":0.0253016015474,"12.1":0.0506032030948,"0":0.784349647969},"ie":{"5.5":0,"6":0.00997823636364,"7":0.0199564727273,"8":0.483944463636,"9":0.289368854545,"10":0.349238272727,"11":1.02775834545},"bb":{"7":0.071092,"10":null},"ie_mob":{"10":0.158364745763,"11":0.654115254237},"and_uc":{"0":0.619516},"op_mini":{"5.0-8.0":8.80825754739},"and_chr":{"0":23.782344},"and_ff":{"0":0.055858},"edge":{"12":0.09844,"13":null}},"total":95.1648986455}