{"id":"AZ","name":"Azerbaijan","month":"2015-10","access_date":"2015-11-03","data":{"chrome":{"4":0.019544,"5":0.04886,"6":0.019544,"7":0.019544,"8":0.092834,"9":0.053746,"10":0.063518,"11":0.083062,"12":0.058632,"13":0.039088,"14":0.058632,"15":0.029316,"16":0.034202,"17":0.029316,"18":0.014658,"19":0.004886,"20":0.004886,"21":0.009772,"22":0.229642,"23":0.019544,"24":0.019544,"25":0.019544,"26":0.07329,"27":0.029316,"28":0.039088,"29":0.014658,"30":0.039088,"31":0.034202,"32":0.02443,"33":0.04886,"34":0.043974,"35":0.034202,"36":0.141694,"37":0.043974,"38":0.087948,"39":0.09772,"40":0.12215,"41":0.17101,"42":0.200326,"43":0.429968,"44":0.522802,"45":12.415326,"46":12.903926,"47":0.141694,"48":0.107492,"49":0},"firefox":{"2":0,"3":0.004886,"3.5":0.004886,"3.6":0.02443,"4":0.009772,"5":0,"6":0.004886,"7":0,"8":0,"9":0.009772,"10":0.004886,"11":0.004886,"12":0.004886,"13":0.004886,"14":0.004886,"15":0.009772,"16":0.009772,"17":0.004886,"18":0,"19":0.004886,"20":0.004886,"21":0.014658,"22":0.004886,"23":0.004886,"24":0.004886,"25":0.004886,"26":0,"27":0.004886,"28":0.004886,"29":0.009772,"30":0.004886,"31":0.009772,"32":0.004886,"33":0.009772,"34":0.019544,"35":0.014658,"36":0.043974,"37":0.02443,"38":0.039088,"39":0.04886,"40":0.190554,"41":1.27036,"42":0.019544,"43":0,"44":0},"opera":{"9":0,"9.5-9.6":0.004886,"10.0-10.1":0.004886,"10.5":0.009772,"10.6":0.009772,"11":0.02443,"11.1":0.014658,"11.5":0.019544,"11.6":0.078176,"12":0.112378,"12.1":1.92997,"15":0.04886,"16":0.02443,"17":0.019544,"18":0.043974,"19":0.02443,"20":0.063518,"21":0.034202,"22":0.009772,"23":0.014658,"24":0.009772,"25":0.009772,"26":0.019544,"27":0.014658,"28":0.068404,"29":0.053746,"30":0.102606,"31":0.102606,"32":4.05538,"33":0.278502,"34":0.009772},"safari":{"3.1":0,"3.2":0,"4":0.009772,"5":0.014658,"5.1":0.043974,"6":0.004886,"6.1":0.009772,"7":0.014658,"7.1":0.04886,"8":0.224756,"9":0.117264},"android":{"2.1":0,"2.2":0,"2.3":0.117949268554,"3":0,"4":0.343852104936,"4.1":1.23346946945,"4.2-4.3":2.57889078702,"4.4":4.81392946911,"4.4.3-4.4.4":2.49492690093,"44":null},"ios_saf":{"3.2":0,"4.0-4.1":0,"4.2-4.3":0,"5.0-5.1":0.0159949484411,"6.0-6.1":0.0167566126526,"7.0-7.1":0.408252017354,"8":0.0548398232267,"8.1-8.4":1.82494745071,"9.0-9.1":5.22806314761},"op_mob":{"10":0,"11":0,"11.1":0,"11.5":0,"12":0.0217351185293,"12.1":0.0652053555878,"0":0.760729148524},"ie":{"5.5":0,"6":0.0101060854701,"7":0.0101060854701,"8":0.313288649573,"9":0.166750410256,"10":0.262758222222,"11":0.965131162393},"bb":{"7":0.0600895,"10":null},"ie_mob":{"10":0.1344531341,"11":0.6121908659},"op_mini":{"5.0-8.0":8.13762837736},"and_chr":{"0":25.70828},"and_ff":{"0":0.020456},"edge":{"12":0.151466,"13":null},"and_uc":{"0":0.634136}},"total":95.4823941154}