{"id":"AZ","name":"Azerbaijan","month":"2016-02","access_date":"2016-03-03","data":{"firefox":{"2":0,"3":0.005439,"3.5":0.005439,"3.6":0.027195,"4":0.016317,"5":0,"6":0.005439,"7":0,"8":0,"9":0.010878,"10":0.005439,"11":0.005439,"12":0.005439,"13":0,"14":0.005439,"15":0.005439,"16":0.005439,"17":0.005439,"18":0,"19":0.005439,"20":0.005439,"21":0.059829,"22":0.010878,"23":0.010878,"24":0.010878,"25":0.016317,"26":0,"27":0.005439,"28":0.010878,"29":0.010878,"30":0.005439,"31":0.010878,"32":0.005439,"33":0.010878,"34":0.010878,"35":0.016317,"36":0.103341,"37":0.065268,"38":0.16317,"39":0.027195,"40":0.016317,"41":0.021756,"42":0.027195,"43":0.478632,"44":0.919191,"45":0.021756,"46":0,"47":0},"chrome":{"4":0.010878,"5":0.043512,"6":0.016317,"7":0.010878,"8":0.059829,"9":0.032634,"10":0.038073,"11":0.059829,"12":0.05439,"13":0.027195,"14":0.043512,"15":0.027195,"16":0.010878,"17":0.016317,"18":0.010878,"19":0,"20":0.005439,"21":0.005439,"22":0.201243,"23":0.027195,"24":0.016317,"25":0.021756,"26":0.081585,"27":0.038073,"28":0.038073,"29":0.043512,"30":0.021756,"31":0.027195,"32":0.021756,"33":0.032634,"34":0.048951,"35":0.038073,"36":0.048951,"37":0.032634,"38":0.076146,"39":0.05439,"40":0.048951,"41":0.146853,"42":0.059829,"43":0.222999,"44":0.239316,"45":1.234653,"46":0.261072,"47":0.794094,"48":28.674408,"49":0.087024,"50":0.168609,"51":0},"opera":{"9":0,"9.5-9.6":0.005439,"10.0-10.1":0,"10.5":0.005439,"10.6":0.005439,"11":0.016317,"11.1":0.010878,"11.5":0.016317,"11.6":0.05439,"12":0.092463,"12.1":1.049727,"15":0.048951,"16":0.016317,"17":0.016317,"18":0.027195,"19":0.016317,"20":0.038073,"21":0.027195,"22":0.005439,"23":0.005439,"24":0.005439,"25":0.010878,"26":0.016317,"27":0.005439,"28":0.125097,"29":0.032634,"30":0.043512,"31":0.043512,"32":0.048951,"33":0.065268,"34":0.886557,"35":3.888885,"36":0.038073},"safari":{"3.1":0,"3.2":0,"4":0.010878,"5":0.010878,"5.1":0.070707,"6":0.005439,"6.1":0.010878,"7":0.016317,"7.1":0.010878,"8":0.212121,"9":0.337218,"9.1":0},"android":{"2.1":0,"2.2":0,"2.3":0.0455698626141,"3":0,"4":0.394278376531,"4.1":0.830164018927,"4.2-4.3":1.86242047206,"4.4":3.75059782298,"4.4.3-4.4.4":2.01498044689,"47":null},"ios_saf":{"3.2":0,"4.0-4.1":0,"4.2-4.3":0,"5.0-5.1":0,"6.0-6.1":0,"7.0-7.1":0.319401624305,"8":0.0216826167936,"8.1-8.4":0.882315714139,"9.0-9.2":6.88089504476,"9.3":null},"op_mob":{"10":0,"11":0,"11.1":0,"11.5":0,"12":0.000346015881177,"12.1":0.000346015881177,"0":0.0148786828906},"ie":{"5.5":0,"6":0.0113676848875,"7":0.0113676848875,"8":0.278508279743,"9":0.130728376206,"10":0.295559807074,"11":1.02877548232},"bb":{"7":0.07183575,"10":null},"ie_mob":{"10":0.119471631068,"11":0.528190368932},"edge":{"12":0.065268,"13":0.125097,"14":0},"and_uc":{"0":1.035347},"op_mini":{"5.0-8.0":6.04143728535},"and_chr":{"0":24.579005},"and_ff":{"0":0.018244}},"total":94.1521320651}