{"id":"BA","name":"Bosnia and Herzegovina","month":"2015-10","access_date":"2015-11-03","data":{"chrome":{"4":0.026205,"5":0.008735,"6":0.008735,"7":0,"8":0.01747,"9":0,"10":0.008735,"11":0.043675,"12":0.01747,"13":0,"14":0.008735,"15":0,"16":0.008735,"17":0,"18":0.008735,"19":0,"20":0,"21":0.026205,"22":0.078615,"23":0.008735,"24":0.008735,"25":0.008735,"26":0.06988,"27":0.008735,"28":0.01747,"29":0.008735,"30":0.03494,"31":0.078615,"32":0.03494,"33":0.06988,"34":0.096085,"35":0.061145,"36":0.096085,"37":0.08735,"38":0.1747,"39":0.235845,"40":0.096085,"41":0.061145,"42":0.200905,"43":0.45422,"44":0.80362,"45":21.741415,"46":24.24836,"47":0.183435,"48":0.10482,"49":0},"firefox":{"2":0,"3":0.01747,"3.5":0.008735,"3.6":0.026205,"4":0.008735,"5":0.008735,"6":0.008735,"7":0.008735,"8":0.008735,"9":0.008735,"10":0.008735,"11":0.01747,"12":0.03494,"13":0.01747,"14":0.01747,"15":0.043675,"16":0.08735,"17":0.01747,"18":0.01747,"19":0.01747,"20":0.01747,"21":0.008735,"22":0.008735,"23":0.008735,"24":0.01747,"25":0.008735,"26":0.026205,"27":0.008735,"28":0.026205,"29":0.01747,"30":0.026205,"31":0.05241,"32":0.03494,"33":0.06988,"34":0.113555,"35":0.253315,"36":0.777415,"37":0.725005,"38":3.61629,"39":1.755735,"40":3.625025,"41":15.56577,"42":0.305725,"43":0.008735,"44":0.008735},"opera":{"9":0,"9.5-9.6":0,"10.0-10.1":0,"10.5":0,"10.6":0,"11":0,"11.1":0,"11.5":0,"11.6":0.008735,"12":0,"12.1":0.148495,"15":0,"16":0,"17":0,"18":0.008735,"19":0,"20":0.008735,"21":0,"22":0,"23":0,"24":0,"25":0.008735,"26":0.01747,"27":0,"28":0.01747,"29":0.01747,"30":0.043675,"31":0.03494,"32":2.21869,"33":0.113555,"34":0},"safari":{"3.1":0,"3.2":0,"4":0.008735,"5":0.01747,"5.1":0.061145,"6":0,"6.1":0.03494,"7":0.01747,"7.1":0.03494,"8":0.1747,"9":0.288255},"android":{"2.1":0,"2.2":0,"2.3":0.0427300931999,"3":0,"4":0.124569085261,"4.1":0.446855381429,"4.2-4.3":0.934268139455,"4.4":1.74396719365,"4.4.3-4.4.4":0.903850107007,"44":null},"ios_saf":{"3.2":0,"4.0-4.1":0,"4.2-4.3":0,"5.0-5.1":0.00439997780244,"6.0-6.1":0.00460950055494,"7.0-7.1":0.112304195339,"8":0.0150856381798,"8.1-8.4":0.502016514983,"9.0-9.1":1.43816417314},"op_mob":{"10":0,"11":0,"11.1":0,"11.5":0,"12":0.000761937590711,"12.1":0.00228581277213,"0":0.0266678156749},"ie":{"5.5":0,"6":0.0175152590674,"7":0.026272888601,"8":0.297759404145,"9":0.297759404145,"10":0.385335699482,"11":2.34704471503},"bb":{"7":0.00411125,"10":null},"ie_mob":{"10":0.122782547893,"11":0.559052452107},"op_mini":{"5.0-8.0":0.285269433962},"and_chr":{"0":7.948645},"and_ff":{"0":0.01518},"edge":{"12":0.38434,"13":null},"and_uc":{"0":0.087285}},"total":99.0934886205}