{"id":"BA","name":"Bosnia and Herzegovina","month":"2016-02","access_date":"2016-03-03","data":{"firefox":{"2":0,"3":0.041975,"3.5":0.008395,"3.6":0.025185,"4":0.008395,"5":0,"6":0.008395,"7":0.008395,"8":0.008395,"9":0,"10":0.008395,"11":0.01679,"12":0.025185,"13":0.01679,"14":0.01679,"15":0.041975,"16":0.08395,"17":0.01679,"18":0.01679,"19":0.01679,"20":0.01679,"21":0.008395,"22":0.008395,"23":0.008395,"24":0.008395,"25":0.008395,"26":0.01679,"27":0.008395,"28":0.01679,"29":0.01679,"30":0.025185,"31":0.041975,"32":0.01679,"33":0.041975,"34":0.03358,"35":0.36938,"36":0.60444,"37":0.20148,"38":0.579255,"39":0.23506,"40":0.11753,"41":0.193085,"42":0.159505,"43":4.037995,"44":9.72141,"45":0.293825,"46":0.008395,"47":0},"chrome":{"4":0,"5":0,"6":0.008395,"7":0,"8":0.01679,"9":0,"10":0.008395,"11":0.041975,"12":0.01679,"13":0,"14":0.008395,"15":0,"16":0.008395,"17":0,"18":0.008395,"19":0,"20":0.008395,"21":0.01679,"22":0.13432,"23":0.008395,"24":0.008395,"25":0.008395,"26":0.13432,"27":0.008395,"28":0.01679,"29":0.025185,"30":0.03358,"31":0.058765,"32":0.03358,"33":0.058765,"34":0.159505,"35":0.05037,"36":0.058765,"37":0.05037,"38":0.11753,"39":0.15111,"40":0.075555,"41":0.03358,"42":0.058765,"43":0.193085,"44":0.277035,"45":0.35259,"46":0.243455,"47":1.29283,"48":50.680615,"49":0.25185,"50":0.159505,"51":0},"opera":{"9":0,"9.5-9.6":0,"10.0-10.1":0,"10.5":0,"10.6":0,"11":0,"11.1":0,"11.5":0,"11.6":0.008395,"12":0.008395,"12.1":0.142715,"15":0,"16":0,"17":0,"18":0.008395,"19":0,"20":0,"21":0,"22":0,"23":0,"24":0,"25":0,"26":0.008395,"27":0,"28":0.025185,"29":0.008395,"30":0.008395,"31":0.01679,"32":0.01679,"33":0.025185,"34":0.5037,"35":1.89727,"36":0.008395},"safari":{"3.1":0,"3.2":0,"4":0.008395,"5":0.01679,"5.1":0.058765,"6":0,"6.1":0.025185,"7":0.01679,"7.1":0.008395,"8":0.06716,"9":0.45333,"9.1":0},"android":{"2.1":0,"2.2":0,"2.3":0.0234115519929,"3":0,"4":0.202560819417,"4.1":0.426497403696,"4.2-4.3":0.956819951013,"4.4":1.92687251837,"4.4.3-4.4.4":1.03519775551,"47":null},"ios_saf":{"3.2":0,"4.0-4.1":0,"4.2-4.3":0,"5.0-5.1":0,"6.0-6.1":0,"7.0-7.1":0.0961947576662,"8":0.00653019242643,"8.1-8.4":0.265728599506,"9.0-9.2":2.0723314504,"9.3":null},"op_mob":{"10":0,"11":0,"11.1":0,"11.5":0,"12":1.67789203085e-5,"12.1":1.67789203085e-5,"0":0.000721493573265},"ie":{"5.5":0,"6":0.00843783163265,"7":0.00843783163265,"8":0.278448443878,"9":0.185632295918,"10":0.362826760204,"11":2.46384683673},"bb":{"7":0.00521625,"10":null},"ie_mob":{"10":0.158988495146,"11":0.702896504854},"edge":{"12":0.176295,"13":0.512095,"14":0},"and_uc":{"0":0.11877},"op_mini":{"5.0-8.0":0.292959948586},"and_chr":{"0":10.816775},"and_ff":{"0":0.01284}},"total":98.50446625}