{"id":"BA","name":"Bosnia and Herzegovina","month":"2015-08","access_date":"2015-09-03","data":{"chrome":{"4":0.008679,"5":0.008679,"6":0.008679,"7":0,"8":0.026037,"9":0,"10":0.008679,"11":0.052074,"12":0.017358,"13":0,"14":0.008679,"15":0.008679,"16":0.008679,"17":0.017358,"18":0.017358,"19":0,"20":0,"21":0.017358,"22":0.069432,"23":0.008679,"24":0.008679,"25":0.008679,"26":0.060753,"27":0.017358,"28":0.017358,"29":0.017358,"30":0.052074,"31":0.104148,"32":0.052074,"33":0.095469,"34":0.138864,"35":0.104148,"36":0.130185,"37":0.17358,"38":0.251691,"39":0.364518,"40":0.182259,"41":0.112827,"42":0.243012,"43":1.874664,"44":48.263919,"45":0.216975,"46":0.243012,"47":0.008679,"48":0},"firefox":{"2":0,"3":0.017358,"3.5":0.008679,"3.6":0.043395,"4":0.008679,"5":0.008679,"6":0.008679,"7":0.008679,"8":0.008679,"9":0.008679,"10":0.008679,"11":0.017358,"12":0.034716,"13":0.017358,"14":0.017358,"15":0.043395,"16":0.08679,"17":0.026037,"18":0.017358,"19":0.017358,"20":0.017358,"21":0.017358,"22":0.008679,"23":0.008679,"24":0.017358,"25":0.008679,"26":0.026037,"27":0.017358,"28":0.026037,"29":0.017358,"30":0.026037,"31":0.078111,"32":0.052074,"33":0.052074,"34":0.060753,"35":0.130185,"36":0.156222,"37":0.824505,"38":1.405998,"39":9.477468,"40":8.522778,"41":0.190938,"42":0.017358,"43":0.008679},"opera":{"9":0,"9.5-9.6":0,"10.0-10.1":0,"10.5":0,"10.6":0,"11":0,"11.1":0,"11.5":0,"11.6":0,"12":0.008679,"12.1":0.147543,"15":0,"16":0.008679,"17":0,"18":0.008679,"19":0.008679,"20":0.008679,"21":0,"22":0.008679,"23":0.017358,"24":0,"25":0,"26":0.026037,"27":0.008679,"28":0.034716,"29":0.060753,"30":0.486024,"31":2.317293,"32":0.017358,"33":0},"safari":{"3.1":0,"3.2":0,"4":0.008679,"5":0.008679,"5.1":0.078111,"6":0,"6.1":0.034716,"7":0.026037,"7.1":0.095469,"8":0.373197,"9":0},"android":{"2.1":0,"2.2":0,"2.3":0.081143353556,"3":0,"4":0.25864443946,"4.1":0.907791267907,"4.2-4.3":1.97406564823,"4.4":0.0126786489931,"4.4.3-4.4.4":1.73951064186,"44":null},"ios_saf":{"3.2":0,"4.0-4.1":0,"4.2-4.3":0,"5.0-5.1":0.00748174464232,"6.0-6.1":0.0124695744039,"7.0-7.1":0.205498586176,"8":0.0281812381527,"8.1-8.4":2.2088604099,"9":0.016210446725},"op_mob":{"10":0,"11":0,"11.1":0,"11.5":0,"12":0.000967941745364,"12.1":0.00193588349073,"0":0.0300061941063},"ie":{"5.5":0,"6":0.0173983674419,"7":0.0260975511628,"8":0.495853472093,"9":0.434959186047,"10":0.382764083721,"11":2.37487715581},"bb":{"7":0.00495375,"10":null},"ie_mob":{"10":0.129513974576,"11":0.534949025424},"and_uc":{"0":0.093791},"op_mini":{"5.0-8.0":0.336969980658},"and_chr":{"0":7.889385},"and_ff":{"0":0.03963},"edge":{"12":0.355839,"13":null}},"total":98.9998345663}