{"id":"BB","name":"Barbados","month":"2015-08","access_date":"2015-09-03","data":{"chrome":{"4":0,"5":0,"6":0,"7":0,"8":0,"9":0,"10":0.007825,"11":0.054775,"12":0.01565,"13":0,"14":0,"15":0,"16":0,"17":0,"18":0.01565,"19":0.007825,"20":0.01565,"21":0.007825,"22":0.2817,"23":0,"24":0,"25":0.007825,"26":0.023475,"27":0.01565,"28":0.023475,"29":0.007825,"30":0,"31":0.07825,"32":0.04695,"33":0.039125,"34":0.086075,"35":0.054775,"36":0.117375,"37":0.039125,"38":0.133025,"39":0.289525,"40":0.101725,"41":0.086075,"42":0.64165,"43":1.4711,"44":32.591125,"45":0.179975,"46":0.305175,"47":0,"48":0},"firefox":{"2":0,"3":0.007825,"3.5":0.007825,"3.6":0.023475,"4":0,"5":0,"6":0.007825,"7":0.007825,"8":0,"9":0.007825,"10":0.007825,"11":0.054775,"12":0.023475,"13":0.007825,"14":0,"15":0,"16":0.01565,"17":0,"18":0.023475,"19":0.007825,"20":0,"21":0.01565,"22":0.007825,"23":0.007825,"24":0,"25":0,"26":0.007825,"27":0.007825,"28":0.007825,"29":0.007825,"30":0.007825,"31":0.007825,"32":0.007825,"33":0.0313,"34":0.023475,"35":0.023475,"36":0.04695,"37":0.07825,"38":0.336475,"39":4.734125,"40":4.530675,"41":0.242575,"42":0.023475,"43":0.007825},"opera":{"9":0,"9.5-9.6":0,"10.0-10.1":0,"10.5":0,"10.6":0,"11":0,"11.1":0,"11.5":0,"11.6":0.007825,"12":0,"12.1":0.10955,"15":0,"16":0,"17":0,"18":0,"19":0.007825,"20":0,"21":0,"22":0,"23":0,"24":0,"25":0,"26":0,"27":0.039125,"28":0.007825,"29":0.01565,"30":0.26605,"31":0.51645,"32":0.01565,"33":0},"safari":{"3.1":0,"3.2":0,"4":0.04695,"5":0.0626,"5.1":0.164325,"6":0.01565,"6.1":0.1252,"7":0.054775,"7.1":0.399075,"8":1.76845,"9":0.101725},"android":{"2.1":0,"2.2":0,"2.3":0.137965026765,"3":0,"4":0.439763522814,"4.1":1.54348373694,"4.2-4.3":3.35643041677,"4.4":0.0215570354321,"4.4.3-4.4.4":2.95762526128,"44":null},"ios_saf":{"3.2":0,"4.0-4.1":0,"4.2-4.3":0,"5.0-5.1":0.0297012526411,"6.0-6.1":0.0495020877352,"7.0-7.1":0.815794405876,"8":0.111874718282,"8.1-8.4":8.76879982141,"9":0.0643527140557},"op_mob":{"10":0,"11":0,"11.1":0,"11.5":0,"12":0.000887916714074,"12.1":0.00177583342815,"0":0.0275254181363},"ie":{"5.5":0,"6":0,"7":0.0706335122132,"8":0.627853441895,"9":0.714183290155,"10":1.01241367506,"11":8.12285390452},"bb":{"7":0.18541875,"10":null},"ie_mob":{"10":0.134389194915,"11":0.555085805085},"and_uc":{"0":0.24795},"op_mini":{"5.0-8.0":0.309110831721},"and_chr":{"0":13.044575},"and_ff":{"0":0.171825},"edge":{"12":1.7528,"13":null}},"total":96.1151565738}