{"id":"BB","name":"Barbados","month":"2015-10","access_date":"2015-11-03","data":{"chrome":{"4":0,"5":0,"6":0,"7":0.007661,"8":0,"9":0,"10":0.015322,"11":0.061288,"12":0,"13":0,"14":0,"15":0,"16":0,"17":0,"18":0.015322,"19":0,"20":0,"21":0.007661,"22":0.45966,"23":0,"24":0,"25":0.007661,"26":0.022983,"27":0.007661,"28":0.007661,"29":0.053627,"30":0,"31":0.053627,"32":0.045966,"33":0.038305,"34":0.045966,"35":0.038305,"36":0.099593,"37":0.038305,"38":0.068949,"39":0.15322,"40":0.061288,"41":0.038305,"42":0.436677,"43":0.390711,"44":0.574575,"45":16.042134,"46":15.827626,"47":0.145559,"48":0.122576,"49":0},"firefox":{"2":0,"3":0.022983,"3.5":0,"3.6":0.045966,"4":0.007661,"5":0.007661,"6":0.007661,"7":0,"8":0.007661,"9":0.038305,"10":0.007661,"11":0.038305,"12":0.007661,"13":0.007661,"14":0.007661,"15":0.007661,"16":0.022983,"17":0,"18":0.022983,"19":0.015322,"20":0,"21":0.015322,"22":0,"23":0.015322,"24":0,"25":0,"26":0.007661,"27":0.015322,"28":0,"29":0.015322,"30":0.015322,"31":0.015322,"32":0.007661,"33":0.022983,"34":0.038305,"35":0.030644,"36":0.022983,"37":0.045966,"38":0.145559,"39":0.214508,"40":1.018913,"41":8.4271,"42":0.237491,"43":0,"44":0.007661},"opera":{"9":0,"9.5-9.6":0,"10.0-10.1":0,"10.5":0,"10.6":0,"11":0,"11.1":0,"11.5":0,"11.6":0,"12":0,"12.1":0.061288,"15":0,"16":0,"17":0,"18":0,"19":0,"20":0,"21":0,"22":0,"23":0,"24":0,"25":0,"26":0,"27":0.045966,"28":0.015322,"29":0.022983,"30":0.022983,"31":0,"32":0.896337,"33":0.030644,"34":0.007661},"safari":{"3.1":0,"3.2":0,"4":0.061288,"5":0.038305,"5.1":0.237491,"6":0.045966,"6.1":0.130237,"7":0.045966,"7.1":0.22983,"8":0.635863,"9":1.202777},"android":{"2.1":0,"2.2":0,"2.3":0.0945979463238,"3":0,"4":0.275777063859,"4.1":0.989270048844,"4.2-4.3":2.06832797894,"4.4":3.86087889403,"4.4.3-4.4.4":2.000987068,"44":null},"ios_saf":{"3.2":0,"4.0-4.1":0,"4.2-4.3":0,"5.0-5.1":0.0200207931591,"6.0-6.1":0.0209741642619,"7.0-7.1":0.511006911109,"8":0.0686427194027,"8.1-8.4":2.28427716234,"9.0-9.1":6.54393924972},"op_mob":{"10":0,"11":0,"11.1":0,"11.5":0,"12":0.000611059506531,"12.1":0.00183317851959,"0":0.0213870827286},"ie":{"5.5":0,"6":0,"7":0.0232840873362,"8":0.597624908297,"9":0.55881809607,"10":0.682999895197,"11":8.68496457642},"bb":{"7":0.19939975,"10":null},"ie_mob":{"10":0.124253773946,"11":0.565751226054},"op_mini":{"5.0-8.0":0.228780679245},"and_chr":{"0":14.696917},"and_ff":{"0":0.030407},"edge":{"12":2.037826,"13":null},"and_uc":{"0":0.311087}},"total":96.7189093133}