{"id":"BD","name":"Bangladesh","month":"2015-10","access_date":"2015-11-03","data":{"chrome":{"4":0.00894,"5":0.005364,"6":0.007152,"7":0.001788,"8":0.005364,"9":0.001788,"10":0.012516,"11":0.023244,"12":0.023244,"13":0.005364,"14":0.007152,"15":0.003576,"16":0.005364,"17":0.005364,"18":0.007152,"19":0.005364,"20":0.001788,"21":0.001788,"22":0.005364,"23":0.00894,"24":0.003576,"25":0.007152,"26":0.00894,"27":0.007152,"28":0.01788,"29":0.010728,"30":0.010728,"31":0.100128,"32":0.005364,"33":0.046488,"34":0.010728,"35":0.010728,"36":0.021456,"37":0.007152,"38":0.014304,"39":0.02682,"40":0.03576,"41":0.016092,"42":0.096552,"43":0.212772,"44":0.23244,"45":2.560416,"46":2.737428,"47":0.148404,"48":0.11622,"49":0},"firefox":{"2":0.005364,"3":0.042912,"3.5":0.014304,"3.6":0.050064,"4":0.025032,"5":0.010728,"6":0.019668,"7":0.007152,"8":0.01788,"9":0.02682,"10":0.025032,"11":0.066156,"12":0.06258,"13":0.03576,"14":0.039336,"15":0.037548,"16":0.041124,"17":0.02682,"18":0.028608,"19":0.033972,"20":0.037548,"21":0.030396,"22":0.02682,"23":0.01788,"24":0.019668,"25":0.023244,"26":0.025032,"27":0.023244,"28":0.02682,"29":0.105492,"30":0.073308,"31":0.048276,"32":0.050064,"33":0.078672,"34":0.06258,"35":0.085824,"36":0.076884,"37":0.091188,"38":0.228864,"39":0.23244,"40":0.624012,"41":3.85314,"42":1.17114,"43":0.019668,"44":0.00894},"opera":{"9":0,"9.5-9.6":0.003576,"10.0-10.1":0.069732,"10.5":0.001788,"10.6":0.003576,"11":0.007152,"11.1":0.001788,"11.5":0.005364,"11.6":0.00894,"12":0.005364,"12.1":0.055428,"15":0.003576,"16":0.001788,"17":0.005364,"18":0.007152,"19":0.005364,"20":0.005364,"21":0.003576,"22":0.005364,"23":0.001788,"24":0.001788,"25":0.003576,"26":0.007152,"27":0.007152,"28":0.010728,"29":0.023244,"30":0.100128,"31":0.012516,"32":0.618648,"33":0.033972,"34":0},"safari":{"3.1":0,"3.2":0,"4":0.005364,"5":0.001788,"5.1":0.007152,"6":0.003576,"6.1":0.003576,"7":0.005364,"7.1":0.00894,"8":0.039336,"9":0.030396},"android":{"2.1":0,"2.2":0,"2.3":0.0548999785986,"3":0,"4":0.160047395236,"4.1":0.574123505005,"4.2-4.3":1.20035546427,"4.4":2.24066353331,"4.4.3-4.4.4":1.16127412358,"44":null},"ios_saf":{"3.2":0,"4.0-4.1":0,"4.2-4.3":0,"5.0-5.1":0.0017912061346,"6.0-6.1":0.00187650166482,"7.0-7.1":0.0457184041974,"8":0.00614127817576,"8.1-8.4":0.204368090405,"9.0-9.1":0.585468519423},"op_mob":{"10":0,"11":0,"11.1":0,"11.5":0,"12":0.11030777939,"12.1":0.330923338171,"0":3.86077227866},"ie":{"5.5":0,"6":0.0160573935484,"7":0.0040143483871,"8":0.224803509677,"9":0.0421506580645,"10":0.0722582709677,"11":0.250896774194},"bb":{"7":0.006159,"10":null},"ie_mob":{"10":0.165624398467,"11":0.754119601533},"op_mini":{"5.0-8.0":41.2992326038},"and_chr":{"0":7.875132},"and_ff":{"0":0.139604},"edge":{"12":0.076884,"13":null},"and_uc":{"0":20.69424}},"total":97.5563759548}