{"id":"BE","name":"Belgium","month":"2015-10","access_date":"2015-11-03","data":{"chrome":{"4":0,"5":0,"6":0,"7":0,"8":0,"9":0,"10":0,"11":0.02499,"12":0,"13":0,"14":0,"15":0,"16":0,"17":0,"18":0.03332,"19":0,"20":0,"21":0.00833,"22":0.03332,"23":0.00833,"24":0.00833,"25":0.00833,"26":0.01666,"27":0.00833,"28":0.00833,"29":0.00833,"30":0.00833,"31":0.0833,"32":0.04165,"33":0.04998,"34":0.06664,"35":0.09996,"36":0.09163,"37":0.0833,"38":0.10829,"39":0.21658,"40":0.09996,"41":0.24157,"42":0.26656,"43":0.34153,"44":0.45815,"45":15.50213,"46":15.88531,"47":0.06664,"48":0.04165,"49":0},"firefox":{"2":0,"3":0.00833,"3.5":0,"3.6":0.02499,"4":0.00833,"5":0,"6":0.00833,"7":0,"8":0,"9":0.00833,"10":0.00833,"11":0.07497,"12":0.01666,"13":0.00833,"14":0.03332,"15":0.00833,"16":0.04165,"17":0.01666,"18":0.00833,"19":0.00833,"20":0.01666,"21":0.00833,"22":0.00833,"23":0.01666,"24":0.01666,"25":0.00833,"26":0.00833,"27":0.00833,"28":0.02499,"29":0.01666,"30":0.03332,"31":0.14161,"32":0.03332,"33":0.04165,"34":0.04998,"35":0.12495,"36":0.09996,"37":0.09996,"38":0.36652,"39":0.23324,"40":1.37445,"41":10.61242,"42":0.07497,"43":0.01666,"44":0.00833},"opera":{"9":0,"9.5-9.6":0,"10.0-10.1":0,"10.5":0,"10.6":0,"11":0,"11.1":0,"11.5":0,"11.6":0,"12":0,"12.1":0.06664,"15":0,"16":0,"17":0,"18":0,"19":0,"20":0,"21":0,"22":0,"23":0,"24":0,"25":0,"26":0,"27":0.00833,"28":0.00833,"29":0.00833,"30":0.01666,"31":0.00833,"32":0.57477,"33":0.02499,"34":0},"safari":{"3.1":0,"3.2":0,"4":0.04998,"5":0.18326,"5.1":0.48314,"6":0.07497,"6.1":0.3332,"7":0.23324,"7.1":0.47481,"8":1.7493,"9":2.74057},"android":{"2.1":0,"2.2":0,"2.3":0.0308395667932,"3":0,"4":0.0899051777701,"4.1":0.322508690024,"4.2-4.3":0.674288833276,"4.4":1.25867248878,"4.4.3-4.4.4":0.652335243355,"44":null},"ios_saf":{"3.2":0,"4.0-4.1":0,"4.2-4.3":0,"5.0-5.1":0.0270084027848,"6.0-6.1":0.0282945172031,"7.0-7.1":0.689357328221,"8":0.0926002381193,"8.1-8.4":3.0815301463,"9.0-9.1":8.82788936737},"op_mob":{"10":0,"11":0,"11.1":0,"11.5":0,"12":0.00045244315433,"12.1":0.00135732946299,"0":0.0158355104015},"ie":{"5.5":0,"6":0.00834233464956,"7":0.0500540078973,"8":0.717440779862,"9":1.63509759131,"10":1.17626918559,"11":13.1975734156},"bb":{"7":0.0112725,"10":null},"ie_mob":{"10":0.14314651341,"11":0.65177348659},"op_mini":{"5.0-8.0":0.169394716981},"and_chr":{"0":8.47551},"and_ff":{"0":0.02004},"edge":{"12":1.97421,"13":null},"and_uc":{"0":0.04175}},"total":98.7511998149}