{"id":"BE","name":"Belgium","month":"2016-02","access_date":"2016-03-03","data":{"firefox":{"2":0.008001,"3":0.008001,"3.5":0,"3.6":0.016002,"4":0,"5":0,"6":0.008001,"7":0,"8":0,"9":0.008001,"10":0.008001,"11":0.008001,"12":0.016002,"13":0.008001,"14":0.008001,"15":0.008001,"16":0.024003,"17":0.016002,"18":0,"19":0,"20":0.016002,"21":0.016002,"22":0.008001,"23":0.008001,"24":0.016002,"25":0.008001,"26":0.008001,"27":0.008001,"28":0.016002,"29":0.016002,"30":0.024003,"31":0.096012,"32":0.016002,"33":0.032004,"34":0.032004,"35":0.056007,"36":0.040005,"37":0.064008,"38":0.32004,"39":0.096012,"40":0.08001,"41":0.104013,"42":0.168021,"43":2.952369,"44":6.728841,"45":0.048006,"46":0.008001,"47":0.008001},"chrome":{"4":0,"5":0,"6":0,"7":0,"8":0,"9":0,"10":0,"11":0.024003,"12":0,"13":0,"14":0,"15":0,"16":0,"17":0,"18":0.008001,"19":0,"20":0,"21":0.008001,"22":0.024003,"23":0,"24":0,"25":0.008001,"26":0.008001,"27":0.008001,"28":0.008001,"29":0.016002,"30":0.008001,"31":0.064008,"32":0.024003,"33":0.032004,"34":0.048006,"35":0.056007,"36":0.072009,"37":0.056007,"38":0.072009,"39":0.144018,"40":0.064008,"41":0.120015,"42":0.088011,"43":0.152019,"44":0.144018,"45":0.168021,"46":0.192024,"47":1.024128,"48":30.739842,"49":0.08001,"50":0.056007,"51":0},"opera":{"9":0,"9.5-9.6":0,"10.0-10.1":0,"10.5":0,"10.6":0,"11":0,"11.1":0,"11.5":0,"11.6":0,"12":0,"12.1":0.048006,"15":0,"16":0,"17":0,"18":0,"19":0,"20":0,"21":0,"22":0,"23":0,"24":0,"25":0,"26":0,"27":0,"28":0.016002,"29":0,"30":0.008001,"31":0.008001,"32":0,"33":0.008001,"34":0.120015,"35":0.504063,"36":0.008001},"safari":{"3.1":0,"3.2":0,"4":0.040005,"5":0.120015,"5.1":0.344043,"6":0.048006,"6.1":0.24003,"7":0.136017,"7.1":0.088011,"8":0.704088,"9":4.224528,"9.1":0.024003},"android":{"2.1":0,"2.2":0,"2.3":0.0146741229125,"3":0,"4":0.12696306346,"4.1":0.267324239145,"4.2-4.3":0.59972502338,"4.4":1.20774411623,"4.4.3-4.4.4":0.64885143487,"47":null},"ios_saf":{"3.2":0,"4.0-4.1":0,"4.2-4.3":0,"5.0-5.1":0,"6.0-6.1":0,"7.0-7.1":0.572846139946,"8":0.0388877275159,"8.1-8.4":1.58243137353,"9.0-9.2":12.340870759,"9.3":null},"op_mob":{"10":0,"11":0,"11.1":0,"11.5":0,"12":6.62336475293e-6,"12.1":6.62336475293e-6,"0":0.000284804684376},"ie":{"5.5":0,"6":0.00801390483871,"7":0.0320556193548,"8":0.464806480645,"9":0.937626866129,"10":0.721251435484,"11":12.718066979},"bb":{"7":0.0109945,"10":null},"ie_mob":{"10":0.147130281553,"11":0.650470718447},"edge":{"12":0.744093,"13":2.360295,"14":0},"and_uc":{"0":0.045977},"op_mini":{"5.0-8.0":0.115643948586},"and_chr":{"0":10.611767},"and_ff":{"0":0.025987}},"total":98.3372127855}