{"id":"BE","name":"Belgium","month":"2015-08","access_date":"2015-09-03","data":{"chrome":{"4":0,"5":0,"6":0,"7":0,"8":0,"9":0,"10":0,"11":0.033504,"12":0,"13":0,"14":0,"15":0,"16":0,"17":0,"18":0.008376,"19":0,"20":0,"21":0.008376,"22":0.033504,"23":0.008376,"24":0.008376,"25":0.033504,"26":0.016752,"27":0.008376,"28":0.008376,"29":0.016752,"30":0.016752,"31":0.12564,"32":0.04188,"33":0.058632,"34":0.08376,"35":0.142392,"36":0.100512,"37":0.117264,"38":0.159144,"39":0.276408,"40":0.12564,"41":0.12564,"42":0.175896,"43":1.139136,"44":30.304368,"45":0.092136,"46":0.058632,"47":0.008376,"48":0},"firefox":{"2":0,"3":0.008376,"3.5":0.008376,"3.6":0.025128,"4":0.008376,"5":0,"6":0.008376,"7":0.008376,"8":0,"9":0.008376,"10":0.008376,"11":0.008376,"12":0.016752,"13":0.008376,"14":0.050256,"15":0.008376,"16":0.04188,"17":0.016752,"18":0.008376,"19":0.008376,"20":0.016752,"21":0.008376,"22":0.008376,"23":0.025128,"24":0.025128,"25":0.008376,"26":0.016752,"27":0.008376,"28":0.025128,"29":0.025128,"30":0.050256,"31":0.16752,"32":0.025128,"33":0.04188,"34":0.058632,"35":0.08376,"36":0.058632,"37":0.142392,"38":0.427176,"39":6.206616,"40":5.645424,"41":0.050256,"42":0.008376,"43":0.008376},"opera":{"9":0,"9.5-9.6":0,"10.0-10.1":0,"10.5":0,"10.6":0,"11":0.008376,"11.1":0,"11.5":0,"11.6":0,"12":0.008376,"12.1":0.08376,"15":0,"16":0,"17":0,"18":0,"19":0,"20":0,"21":0,"22":0,"23":0,"24":0,"25":0,"26":0,"27":0,"28":0.008376,"29":0.008376,"30":0.12564,"31":0.477432,"32":0,"33":0},"safari":{"3.1":0.008376,"3.2":0,"4":0.04188,"5":0.159144,"5.1":0.527688,"6":0.08376,"6.1":0.351792,"7":0.226152,"7.1":0.938112,"8":3.543048,"9":0.04188},"android":{"2.1":0,"2.2":0,"2.3":0.053183657405,"3":0,"4":0.169522907979,"4.1":0.594992167219,"4.2-4.3":1.29385866531,"4.4":0.00830994646954,"4.4.3-4.4.4":1.14012465562,"44":null},"ios_saf":{"3.2":0,"4.0-4.1":0,"4.2-4.3":0,"5.0-5.1":0.0409292846363,"6.0-6.1":0.0682154743938,"7.0-7.1":1.12419101801,"8":0.15416697213,"8.1-8.4":12.0836891341,"9":0.0886801167119},"op_mob":{"10":0,"11":0,"11.1":0,"11.5":0,"12":0.000365487768802,"12.1":0.000730975537604,"0":0.0113301208329},"ie":{"5.5":0,"6":0.00838726816143,"7":0.0503236089686,"8":0.956148570404,"9":1.88713533632,"10":1.40067378296,"11":14.3757776287},"bb":{"7":0.012992,"10":null},"ie_mob":{"10":0.148774915254,"11":0.614505084746},"and_uc":{"0":0.0406},"op_mini":{"5.0-8.0":0.127237415861},"and_chr":{"0":7.685904},"and_ff":{"0":0.079576},"edge":{"12":1.239648,"13":null}},"total":98.8318461955}