{"id":"BF","name":"Burkina Faso","month":"2015-10","access_date":"2015-11-03","data":{"chrome":{"4":0.008992,"5":0.006744,"6":0.002248,"7":0.004496,"8":0.004496,"9":0,"10":0.01124,"11":0.065192,"12":0.01124,"13":0.008992,"14":0.002248,"15":0.01124,"16":0.017984,"17":0.006744,"18":0.002248,"19":0.004496,"20":0,"21":0.002248,"22":0.002248,"23":0.002248,"24":0.002248,"25":0.017984,"26":0.002248,"27":0.008992,"28":0.006744,"29":0.008992,"30":0.013488,"31":0.020232,"32":0.013488,"33":0.013488,"34":0.008992,"35":0.020232,"36":0.040464,"37":0.004496,"38":0.015736,"39":0.017984,"40":0.015736,"41":0.03372,"42":0.14612,"43":0.080928,"44":0.114648,"45":2.043432,"46":2.445824,"47":0.020232,"48":0.01124,"49":0},"firefox":{"2":0.004496,"3":0.047208,"3.5":0.020232,"3.6":0.040464,"4":0.02248,"5":0.029224,"6":0.01124,"7":0.008992,"8":0.02248,"9":0.020232,"10":0.017984,"11":0.065192,"12":0.074184,"13":0.03372,"14":0.047208,"15":0.026976,"16":0.049456,"17":0.020232,"18":0.02248,"19":0.029224,"20":0.076432,"21":0.029224,"22":0.024728,"23":0.029224,"24":0.051704,"25":0.029224,"26":0.02248,"27":0.040464,"28":0.026976,"29":0.051704,"30":0.1124,"31":0.098912,"32":0.092168,"33":0.092168,"34":0.12364,"35":0.184336,"36":0.069688,"37":0.116896,"38":0.173096,"39":0.366424,"40":1.05656,"41":5.633488,"42":0.23604,"43":0.017984,"44":0},"opera":{"9":0,"9.5-9.6":0,"10.0-10.1":0,"10.5":0.004496,"10.6":0,"11":0.002248,"11.1":0,"11.5":0.002248,"11.6":0.004496,"12":0.004496,"12.1":0.193328,"15":0.002248,"16":0.002248,"17":0.002248,"18":0.002248,"19":0.002248,"20":0.002248,"21":0.002248,"22":0.002248,"23":0,"24":0,"25":0.002248,"26":0.002248,"27":0.002248,"28":0.008992,"29":0.013488,"30":0.024728,"31":0.029224,"32":0.49456,"33":0.058448,"34":0.006744},"safari":{"3.1":0,"3.2":0,"4":0,"5":0.006744,"5.1":0.042712,"6":0.006744,"6.1":0.006744,"7":0.013488,"7.1":0.02248,"8":0.035968,"9":0.038216},"android":{"2.1":0,"2.2":0,"2.3":0.0789663168795,"3":0,"4":0.230206889886,"4.1":0.825800296859,"4.2-4.3":1.72655167415,"4.4":3.22289645841,"4.4.3-4.4.4":1.67033836382,"44":null},"ios_saf":{"3.2":0,"4.0-4.1":0,"4.2-4.3":0,"5.0-5.1":0.00254376510947,"6.0-6.1":0.00266489678135,"7.0-7.1":0.0649265761275,"8":0.00872148037534,"8.1-8.4":0.290231485824,"9.0-9.1":0.831447795782},"op_mob":{"10":0,"11":0,"11.1":0,"11.5":0,"12":0.1204991582,"12.1":0.361497474601,"0":4.21747053701},"ie":{"5.5":0,"6":0.015736,"7":0.008992,"8":0.29224,"9":0.240536,"10":0.692384,"11":1.951264},"bb":{"7":0.032946,"10":null},"ie_mob":{"10":0.0977167816092,"11":0.444923218391},"op_mini":{"5.0-8.0":45.1148848302},"and_chr":{"0":7.47904},"and_ff":{"0":0.11628},"edge":{"12":0.125888,"13":null},"and_uc":{"0":10.752024}},"total":96.737634}