{"id":"BG","name":"Bulgaria","month":"2015-08","access_date":"2015-09-03","data":{"chrome":{"4":0.007993,"5":0.007993,"6":0,"7":0.007993,"8":0.007993,"9":0.007993,"10":0.015986,"11":0.07993,"12":0.007993,"13":0.015986,"14":0.007993,"15":0.007993,"16":0.047958,"17":0.007993,"18":0.063944,"19":0,"20":0,"21":0.007993,"22":0.047958,"23":0.007993,"24":0.007993,"25":0.023979,"26":0.07993,"27":0.015986,"28":0.015986,"29":0.023979,"30":0.047958,"31":0.047958,"32":0.047958,"33":0.047958,"34":0.135881,"35":0.111902,"36":0.063944,"37":0.071937,"38":0.111902,"39":0.143874,"40":0.119895,"41":0.087923,"42":0.167853,"43":1.302859,"44":35.297088,"45":0.087923,"46":0.119895,"47":0,"48":0},"firefox":{"2":0.015986,"3":0.031972,"3.5":0.023979,"3.6":0.103909,"4":0.015986,"5":0.015986,"6":0.015986,"7":0.007993,"8":0.007993,"9":0.015986,"10":0.023979,"11":0.047958,"12":0.047958,"13":0.023979,"14":0.023979,"15":0.015986,"16":0.023979,"17":0.023979,"18":0.023979,"19":0.015986,"20":0.047958,"21":0.023979,"22":0.015986,"23":0.031972,"24":0.023979,"25":0.039965,"26":0.047958,"27":0.031972,"28":0.047958,"29":0.023979,"30":0.303734,"31":0.127888,"32":0.071937,"33":0.063944,"34":0.143874,"35":0.127888,"36":0.119895,"37":0.215811,"38":0.631447,"39":9.839383,"40":8.360678,"41":0.095916,"42":0.015986,"43":0.031972},"opera":{"9":0,"9.5-9.6":0,"10.0-10.1":0,"10.5":0,"10.6":0.007993,"11":0.007993,"11.1":0,"11.5":0.007993,"11.6":0.015986,"12":0.031972,"12.1":0.47958,"15":0,"16":0.007993,"17":0,"18":0.015986,"19":0.007993,"20":0.015986,"21":0,"22":0.007993,"23":0.007993,"24":0.007993,"25":0.007993,"26":0.023979,"27":0.007993,"28":0.031972,"29":0.047958,"30":0.535531,"31":1.782439,"32":0.015986,"33":0},"safari":{"3.1":0,"3.2":0,"4":0.015986,"5":0.023979,"5.1":0.063944,"6":0.007993,"6.1":0.031972,"7":0.015986,"7.1":0.07993,"8":0.407643,"9":0.015986},"android":{"2.1":0,"2.2":0,"2.3":0.0874700871782,"3":0,"4":0.27881090288,"4.1":0.978571600306,"4.2-4.3":2.12798321463,"4.4":0.0136672011216,"4.4.3-4.4.4":1.87513999388,"44":null},"ios_saf":{"3.2":0,"4.0-4.1":0,"4.2-4.3":0,"5.0-5.1":0.010574406882,"6.0-6.1":0.01762401147,"7.0-7.1":0.290443709025,"8":0.0398302659221,"8.1-8.4":3.12191739179,"9":0.022911214911},"op_mob":{"10":0,"11":0,"11.1":0,"11.5":0,"12":0.00215862680624,"12.1":0.00431725361247,"0":0.0669174309933},"ie":{"5.5":0,"6":0.0403387733813,"7":0.0645420374101,"8":1.68616072734,"9":1.60548318058,"10":1.05687586259,"11":6.64782985324},"bb":{"7":0.006021,"10":null},"ie_mob":{"10":0.159216330508,"11":0.657632669492},"and_uc":{"0":0.086301},"op_mini":{"5.0-8.0":0.751483688588},"and_chr":{"0":13.224486},"and_ff":{"0":0.134469},"edge":{"12":0.31972,"13":null}},"total":98.6754644345}