{"id":"BG","name":"Bulgaria","month":"2015-10","access_date":"2015-11-03","data":{"chrome":{"4":0.008108,"5":0,"6":0,"7":0.008108,"8":0,"9":0,"10":0.008108,"11":0.064864,"12":0.008108,"13":0.008108,"14":0.008108,"15":0.008108,"16":0.048648,"17":0,"18":0.032432,"19":0,"20":0,"21":0.008108,"22":0.04054,"23":0.008108,"24":0.008108,"25":0.016216,"26":0.072972,"27":0.024324,"28":0.016216,"29":0.024324,"30":0.032432,"31":0.04054,"32":0.032432,"33":0.048648,"34":0.12162,"35":0.105404,"36":0.064864,"37":0.056756,"38":0.097296,"39":0.105404,"40":0.16216,"41":0.08108,"42":0.129728,"43":0.502696,"44":0.583776,"45":18.948396,"46":19.637576,"47":0.089188,"48":0.056756,"49":0},"firefox":{"2":0.008108,"3":0.024324,"3.5":0.024324,"3.6":0.113512,"4":0.016216,"5":0.008108,"6":0.016216,"7":0.008108,"8":0.008108,"9":0.008108,"10":0.024324,"11":0.072972,"12":0.04054,"13":0.016216,"14":0.016216,"15":0.016216,"16":0.032432,"17":0.016216,"18":0.024324,"19":0.016216,"20":0.04054,"21":0.024324,"22":0.016216,"23":0.024324,"24":0.024324,"25":0.04054,"26":0.032432,"27":0.032432,"28":0.048648,"29":0.024324,"30":0.056756,"31":0.08108,"32":0.105404,"33":0.056756,"34":0.12162,"35":0.105404,"36":0.089188,"37":0.170268,"38":0.48648,"39":0.48648,"40":2.010784,"41":16.402484,"42":0.129728,"43":0.016216,"44":0.04054},"opera":{"9":0,"9.5-9.6":0,"10.0-10.1":0,"10.5":0,"10.6":0,"11":0,"11.1":0,"11.5":0.008108,"11.6":0.016216,"12":0.016216,"12.1":0.470264,"15":0,"16":0,"17":0,"18":0.008108,"19":0,"20":0.008108,"21":0,"22":0,"23":0.008108,"24":0.008108,"25":0,"26":0.016216,"27":0.008108,"28":0.032432,"29":0.024324,"30":0.032432,"31":0.032432,"32":2.197268,"33":0.097296,"34":0},"safari":{"3.1":0,"3.2":0,"4":0.008108,"5":0.024324,"5.1":0.064864,"6":0.008108,"6.1":0.032432,"7":0.024324,"7.1":0.056756,"8":0.194592,"9":0.372968},"android":{"2.1":0,"2.2":0,"2.3":0.0474187297204,"3":0,"4":0.138237652744,"4.1":0.495887393856,"4.2-4.3":1.03678239558,"4.4":1.93532713842,"4.4.3-4.4.4":1.00302668968,"44":null},"ios_saf":{"3.2":0,"4.0-4.1":0,"4.2-4.3":0,"5.0-5.1":0.00656525557461,"6.0-6.1":0.00687788679245,"7.0-7.1":0.167570332762,"8":0.0225094476844,"8.1-8.4":0.749064397942,"9.0-9.1":2.14590067925},"op_mob":{"10":0,"11":0,"11.1":0,"11.5":0,"12":0.00150115142719,"12.1":0.00450345428157,"0":0.0525402999516},"ie":{"5.5":0,"6":0.0245326106346,"7":0.0572427581475,"8":1.19392038422,"9":0.874996445969,"10":0.817753687822,"11":6.26399324871},"bb":{"7":0.006622,"10":null},"ie_mob":{"10":0.134237762452,"11":0.611210237548},"op_mini":{"5.0-8.0":0.56203109434},"and_chr":{"0":13.104688},"and_ff":{"0":0.035948},"edge":{"12":0.44594,"13":null},"and_uc":{"0":0.1419}},"total":98.3554131355}