{"id":"BH","name":"Bahrain","month":"2016-02","access_date":"2016-03-03","data":{"firefox":{"2":0.004693,"3":0.018772,"3.5":0.009386,"3.6":0.018772,"4":0.014079,"5":0.023465,"6":0.009386,"7":0.004693,"8":0,"9":0.004693,"10":0.009386,"11":0.009386,"12":0.009386,"13":0.004693,"14":0.056316,"15":0.009386,"16":0.018772,"17":0.004693,"18":0.009386,"19":0.009386,"20":0.004693,"21":0.779038,"22":0.112632,"23":0.117325,"24":0.117325,"25":0.150176,"26":0,"27":0.084474,"28":0.079781,"29":0.084474,"30":0.014079,"31":0.122018,"32":0.004693,"33":0.04693,"34":0.056316,"35":0.004693,"36":0.04693,"37":0.713336,"38":0.032851,"39":0.042237,"40":0.023465,"41":0.04693,"42":0.103246,"43":0.962065,"44":1.820884,"45":0.098553,"46":0,"47":0},"chrome":{"4":0.004693,"5":0.004693,"6":0.004693,"7":0.004693,"8":0,"9":0.004693,"10":0.004693,"11":0.014079,"12":0.009386,"13":0.004693,"14":0.009386,"15":0.004693,"16":0.004693,"17":0,"18":0.009386,"19":0.004693,"20":0.004693,"21":0.004693,"22":0.009386,"23":0.009386,"24":0.009386,"25":0.004693,"26":0.014079,"27":0.276887,"28":0.122018,"29":0.136097,"30":0.042237,"31":0.117325,"32":0.117325,"33":0.131404,"34":0.103246,"35":0.173641,"36":0.183027,"37":0.122018,"38":0.032851,"39":0.023465,"40":0.032851,"41":1.332812,"42":0.028158,"43":0.192413,"44":0.098553,"45":0.112632,"46":0.14079,"47":0.929214,"48":16.589755,"49":0.065702,"50":0.18772,"51":0},"opera":{"9":0,"9.5-9.6":0.004693,"10.0-10.1":0.004693,"10.5":0,"10.6":0,"11":0.004693,"11.1":0.009386,"11.5":0.014079,"11.6":0.09386,"12":0.201799,"12.1":0.215878,"15":0,"16":0,"17":0,"18":0,"19":0,"20":0,"21":0,"22":0,"23":0,"24":0,"25":0,"26":0,"27":0,"28":1.22018,"29":0,"30":0.004693,"31":0,"32":0.004693,"33":0.004693,"34":0.126711,"35":0.253422,"36":0.004693},"safari":{"3.1":0,"3.2":0,"4":0.004693,"5":0.103246,"5.1":0.154869,"6":0.037544,"6.1":0.075088,"7":0.112632,"7.1":0.032851,"8":0.455221,"9":1.187329,"9.1":0.014079},"android":{"2.1":0,"2.2":0,"2.3":0.0322961124471,"3":0,"4":0.279431581608,"4.1":0.588350918058,"4.2-4.3":1.31992807393,"4.4":2.65811047228,"4.4.3-4.4.4":1.42804984168,"47":null},"ios_saf":{"3.2":0,"4.0-4.1":0,"4.2-4.3":0,"5.0-5.1":0,"6.0-6.1":0,"7.0-7.1":0.379178512863,"8":0.0257405778967,"8.1-8.4":1.04744351595,"9.0-9.2":8.16867339329,"9.3":null},"op_mob":{"10":0,"11":0,"11.1":0,"11.5":0,"12":0.000158558183376,"12.1":0.000158558183376,"0":0.00681800188518},"ie":{"5.5":0.00469767430279,"6":0.0939534860558,"7":0.0281860458167,"8":1.27306973606,"9":0.873767420319,"10":0.958325557769,"11":6.19623240538},"bb":{"7":0.14726925,"10":null},"ie_mob":{"10":0.186002621359,"11":0.822327378641},"edge":{"12":0.276887,"13":0.459914,"14":0},"and_uc":{"0":11.234919},"op_mini":{"5.0-8.0":2.76842588175},"and_chr":{"0":23.985239},"and_ff":{"0":0.111447}},"total":97.0562165757}