{"id":"BH","name":"Bahrain","month":"2015-10","access_date":"2015-11-03","data":{"chrome":{"4":0.007832,"5":0.003916,"6":0.003916,"7":0.003916,"8":0,"9":0.003916,"10":0.007832,"11":0.023496,"12":0.007832,"13":0.003916,"14":0.007832,"15":0.003916,"16":0.011748,"17":0.003916,"18":0.007832,"19":0.003916,"20":0.003916,"21":0.007832,"22":0.023496,"23":0.003916,"24":0.01958,"25":0.003916,"26":0.027412,"27":0.043076,"28":0.023496,"29":0.027412,"30":0.015664,"31":0.050908,"32":0.023496,"33":0.109648,"34":0.035244,"35":0.03916,"36":0.129228,"37":0.066572,"38":0.050908,"39":0.054824,"40":0.043076,"41":0.25454,"42":0.105732,"43":0.328944,"44":0.305448,"45":8.666108,"46":7.687108,"47":0.133144,"48":0.109648,"49":0},"firefox":{"2":0.003916,"3":0.015664,"3.5":0.007832,"3.6":0.031328,"4":0.011748,"5":0.007832,"6":0.011748,"7":0.003916,"8":0.003916,"9":0.007832,"10":0.01958,"11":0.007832,"12":0.011748,"13":0.01958,"14":0.03916,"15":0.007832,"16":0.015664,"17":0.003916,"18":0.003916,"19":0.007832,"20":0.007832,"21":0.109648,"22":0.015664,"23":0.01958,"24":0.023496,"25":0.01958,"26":0.003916,"27":0.015664,"28":0.015664,"29":0.03916,"30":0.011748,"31":0.031328,"32":0.011748,"33":0.01958,"34":0.046992,"35":0.015664,"36":0.023496,"37":0.109648,"38":0.07832,"39":0.074404,"40":0.356356,"41":2.592392,"42":0.133144,"43":0.015664,"44":0},"opera":{"9":0,"9.5-9.6":0.003916,"10.0-10.1":0.003916,"10.5":0,"10.6":0.003916,"11":0.007832,"11.1":0.007832,"11.5":0.011748,"11.6":0.011748,"12":0.027412,"12.1":0.082236,"15":0,"16":0,"17":0,"18":0,"19":0,"20":0.003916,"21":0,"22":0,"23":0,"24":0.003916,"25":0,"26":0,"27":0.003916,"28":0.13706,"29":0.003916,"30":0.015664,"31":0.003916,"32":0.399432,"33":0.011748,"34":0},"safari":{"3.1":0,"3.2":0,"4":0.007832,"5":0.03916,"5.1":0.101816,"6":0.031328,"6.1":0.090068,"7":0.07832,"7.1":0.109648,"8":0.505164,"9":0.618728},"android":{"2.1":0,"2.2":0,"2.3":0.106828898861,"3":0,"4":0.311433400069,"4.1":1.11717678978,"4.2-4.3":2.33575050052,"4.4":4.36006760097,"4.4.3-4.4.4":2.2597028098,"44":null},"ios_saf":{"3.2":0,"4.0-4.1":0,"4.2-4.3":0,"5.0-5.1":0.0189176543235,"6.0-6.1":0.0198184950055,"7.0-7.1":0.48285060559,"8":0.0648605291091,"8.1-8.4":2.15841427424,"9.0-9.1":6.18337044173},"op_mob":{"10":0,"11":0,"11.1":0,"11.5":0,"12":0.0134071698113,"12.1":0.040221509434,"0":0.469250943396},"ie":{"5.5":0.00393075879397,"6":0.0275153115578,"7":0.0668228994975,"8":1.88283346231,"9":0.939451351759,"10":1.06130487437,"11":5.39300106533},"bb":{"7":0.056277,"10":null},"ie_mob":{"10":0.107367448276,"11":0.488864551724},"op_mini":{"5.0-8.0":5.01964437736},"and_chr":{"0":24.281628},"and_ff":{"0":0.036504},"edge":{"12":0.501248,"13":null},"and_uc":{"0":13.914108}},"total":98.5813407236}