{"id":"BI","name":"Burundi","month":"2015-10","access_date":"2015-11-03","data":{"chrome":{"4":0,"5":0.000925,"6":0,"7":0.000925,"8":0.02775,"9":0.000925,"10":0.00185,"11":0.006475,"12":0.01295,"13":0.00185,"14":0.000925,"15":0.00185,"16":0.00185,"17":0.000925,"18":0.008325,"19":0,"20":0,"21":0.002775,"22":0,"23":0,"24":0,"25":0.0037,"26":0.000925,"27":0,"28":0.00185,"29":0.01665,"30":0.000925,"31":0.0481,"32":0,"33":0.0074,"34":0.002775,"35":0.000925,"36":0.03145,"37":0.00185,"38":0.0037,"39":0.008325,"40":0.012025,"41":0.00185,"42":0.05735,"43":0.019425,"44":0.041625,"45":1.18215,"46":1.003625,"47":0.00925,"48":0.0111,"49":0},"firefox":{"2":0.006475,"3":0.034225,"3.5":0.002775,"3.6":0.045325,"4":0.00555,"5":0.004625,"6":0.00185,"7":0.00555,"8":0.00555,"9":0.002775,"10":0.00925,"11":0.02405,"12":0.08695,"13":0.00925,"14":0.017575,"15":0.02035,"16":0.008325,"17":0.0037,"18":0.004625,"19":0.008325,"20":0.02035,"21":0.00555,"22":0.0222,"23":0.008325,"24":0.015725,"25":0.010175,"26":0.00925,"27":0.00555,"28":0.0111,"29":0.023125,"30":0.0296,"31":0.05365,"32":0.0185,"33":0.024975,"34":0.013875,"35":0.02405,"36":0.0185,"37":0.05365,"38":0.049025,"39":0.0444,"40":0.5661,"41":2.350425,"42":0.148925,"43":0.000925,"44":0},"opera":{"9":0,"9.5-9.6":0,"10.0-10.1":0.008325,"10.5":0,"10.6":0,"11":0.002775,"11.1":0.000925,"11.5":0.00185,"11.6":0.006475,"12":0,"12.1":0.0222,"15":0,"16":0,"17":0.0037,"18":0,"19":0.000925,"20":0.004625,"21":0.00555,"22":0.00555,"23":0,"24":0.000925,"25":0,"26":0,"27":0.002775,"28":0.0037,"29":0.006475,"30":0.015725,"31":0.0037,"32":0.20165,"33":0.00925,"34":0},"safari":{"3.1":0,"3.2":0,"4":0.0074,"5":0.000925,"5.1":0.0222,"6":0.0037,"6.1":0.01295,"7":0.000925,"7.1":0.03515,"8":0.021275,"9":0.0444},"android":{"2.1":0,"2.2":0,"2.3":0.0201085217466,"3":0,"4":0.0586214532275,"4.1":0.210287422333,"4.2-4.3":0.439660899206,"4.4":0.820700345185,"4.4.3-4.4.4":0.425346358302,"44":null},"ios_saf":{"3.2":0,"4.0-4.1":0,"4.2-4.3":0,"5.0-5.1":0.00120584199374,"6.0-6.1":0.00126326304107,"7.0-7.1":0.0307776813641,"8":0.00413431540712,"8.1-8.4":0.137580829381,"9.0-9.1":0.394138068812},"op_mob":{"10":0,"11":0,"11.1":0,"11.5":0,"12":0.194737119013,"12.1":0.584211357039,"0":6.81579916546},"ie":{"5.5":0,"6":0.00391221322537,"7":0.0195610661269,"8":0.319823431174,"9":0.154532422402,"10":0.165291008772,"11":0.781464591768},"bb":{"7":0.01588125,"10":null},"ie_mob":{"10":0.0866123563218,"11":0.394362643678},"op_mini":{"5.0-8.0":72.9095773585},"and_chr":{"0":2.702525},"and_ff":{"0":0.027225},"edge":{"12":0.056425,"13":null},"and_uc":{"0":3.893175}},"total":98.4972909835}