{"id":"BJ","name":"Benin","month":"2015-08","access_date":"2015-09-03","data":{"chrome":{"4":0.00896,"5":0.019712,"6":0.019712,"7":0.003584,"8":0.00896,"9":0.007168,"10":0.037632,"11":0.028672,"12":0.415744,"13":0.037632,"14":0.039424,"15":0.021504,"16":0.039424,"17":0.007168,"18":0.016128,"19":0.003584,"20":0.001792,"21":0.001792,"22":0.028672,"23":0.00896,"24":0.007168,"25":0.007168,"26":0.057344,"27":0.041216,"28":0.02688,"29":0.064512,"30":0.034048,"31":0.069888,"32":0.007168,"33":0.073472,"34":0.030464,"35":0.01792,"36":0.139776,"37":0.032256,"38":0.06272,"39":0.041216,"40":0.066304,"41":0.0896,"42":0.247296,"43":0.512512,"44":6.429696,"45":0.025088,"46":0.019712,"47":0,"48":0},"firefox":{"2":0.003584,"3":0.019712,"3.5":0.007168,"3.6":0.02688,"4":0.00896,"5":0.003584,"6":0.010752,"7":0.02688,"8":0.019712,"9":0.010752,"10":0.021504,"11":0.05376,"12":0.064512,"13":0.014336,"14":0.039424,"15":0.028672,"16":0.028672,"17":0.028672,"18":0.019712,"19":0.09856,"20":0.030464,"21":0.046592,"22":0.016128,"23":0.019712,"24":0.050176,"25":0.02688,"26":0.023296,"27":0.021504,"28":0.021504,"29":0.059136,"30":0.100352,"31":0.087808,"32":0.06272,"33":0.1344,"34":0.06272,"35":0.091392,"36":0.086016,"37":1.213184,"38":0.229376,"39":1.874432,"40":1.14688,"41":0.086016,"42":0.02688,"43":0.010752},"opera":{"9":0,"9.5-9.6":0.003584,"10.0-10.1":0,"10.5":0,"10.6":0.001792,"11":0.005376,"11.1":0,"11.5":0.005376,"11.6":0.005376,"12":0.012544,"12.1":0.068096,"15":0.001792,"16":0,"17":0.001792,"18":0.001792,"19":0.00896,"20":0.007168,"21":0.001792,"22":0.003584,"23":0,"24":0.003584,"25":0.001792,"26":0.001792,"27":0.001792,"28":0.005376,"29":0.021504,"30":0.123648,"31":0.270592,"32":0,"33":0},"safari":{"3.1":0,"3.2":0,"4":0,"5":0.001792,"5.1":0.014336,"6":0.001792,"6.1":0.005376,"7":0.010752,"7.1":0.043008,"8":0.051968,"9":0},"android":{"2.1":0,"2.2":0,"2.3":0.0491822788682,"3":0,"4":0.156768513892,"4.1":0.550226744838,"4.2-4.3":1.19651262809,"4.4":0.00768473107316,"4.4.3-4.4.4":1.05434510324,"44":null},"ios_saf":{"3.2":0,"4.0-4.1":0,"4.2-4.3":0,"5.0-5.1":0.00233552671295,"6.0-6.1":0.00389254452158,"7.0-7.1":0.0641491337157,"8":0.00879715061877,"8.1-8.4":0.689525336553,"9":0.00506030787806},"op_mob":{"10":0,"11":0,"11.1":0,"11.5":0,"12":0.180084771419,"12.1":0.360169542838,"0":5.58262791398},"ie":{"5.5":0,"6":0.0254364444444,"7":0.00545066666667,"8":0.219843555556,"9":0.0763093333333,"10":0.167153777778,"11":0.526897777778},"bb":{"7":0.063612,"10":null},"ie_mob":{"10":0.148787389831,"11":0.614556610169},"and_uc":{"0":5.975424},"op_mini":{"5.0-8.0":62.6929897718},"and_chr":{"0":2.269408},"and_ff":{"0":0.12312},"edge":{"12":0.032256,"13":null}},"total":98.4645115556}