{"id":"BJ","name":"Benin","month":"2015-10","access_date":"2015-11-03","data":{"chrome":{"4":0.012588,"5":0.023078,"6":0.09441,"7":0.006294,"8":0.016784,"9":0.008392,"10":0.03147,"11":0.035666,"12":0.148958,"13":0.025176,"14":0.06294,"15":0.027274,"16":0.025176,"17":0.004196,"18":0.01049,"19":0.006294,"20":0.002098,"21":0.002098,"22":0.006294,"23":0.027274,"24":0.004196,"25":0.016784,"26":0.075528,"27":0.029372,"28":0.012588,"29":0.119586,"30":0.012588,"31":0.056646,"32":0.012588,"33":0.08392,"34":0.06294,"35":0.023078,"36":0.081822,"37":0.08392,"38":0.029372,"39":0.037764,"40":0.065038,"41":0.06294,"42":0.24127,"43":0.425894,"44":0.28323,"45":4.858968,"46":3.761714,"47":0.033568,"48":0.01049,"49":0},"firefox":{"2":0.004196,"3":0.023078,"3.5":0.014686,"3.6":0.04196,"4":0.044058,"5":0.004196,"6":0.071332,"7":0.008392,"8":0.01049,"9":0.018882,"10":0.018882,"11":0.050352,"12":0.086018,"13":0.014686,"14":0.03147,"15":0.06294,"16":0.027274,"17":0.016784,"18":0.02098,"19":0.029372,"20":0.023078,"21":0.025176,"22":0.012588,"23":0.014686,"24":0.027274,"25":0.025176,"26":0.016784,"27":0.023078,"28":0.033568,"29":0.058744,"30":0.106998,"31":0.086018,"32":0.05245,"33":0.069234,"34":0.035666,"35":0.100704,"36":0.071332,"37":0.092312,"38":0.12588,"39":0.308406,"40":0.648282,"41":3.197352,"42":0.207702,"43":0.025176,"44":0},"opera":{"9":0,"9.5-9.6":0,"10.0-10.1":0.01049,"10.5":0,"10.6":0.002098,"11":0.002098,"11.1":0,"11.5":0.006294,"11.6":0.004196,"12":0.004196,"12.1":0.033568,"15":0.014686,"16":0.002098,"17":0.002098,"18":0.002098,"19":0.004196,"20":0.008392,"21":0.002098,"22":0.002098,"23":0.002098,"24":0.002098,"25":0,"26":0.002098,"27":0.004196,"28":0.002098,"29":0.027274,"30":0.023078,"31":0.014686,"32":0.883258,"33":0.01049,"34":0},"safari":{"3.1":0,"3.2":0,"4":0.004196,"5":0.006294,"5.1":0.012588,"6":0.002098,"6.1":0.004196,"7":0.014686,"7.1":0.01049,"8":0.033568,"9":0.065038},"android":{"2.1":0,"2.2":0,"2.3":0.0371111832931,"3":0,"4":0.108188534346,"4.1":0.38809491681,"4.2-4.3":0.811414007594,"4.4":1.51463948084,"4.4.3-4.4.4":0.784995877114,"44":null},"ios_saf":{"3.2":0,"4.0-4.1":0,"4.2-4.3":0,"5.0-5.1":0.00170368459288,"6.0-6.1":0.00178481243063,"7.0-7.1":0.0434845210372,"8":0.00584120431843,"8.1-8.4":0.194382299263,"9.0-9.1":0.556861478357},"op_mob":{"10":0,"11":0,"11.1":0,"11.5":0,"12":0.152076226415,"12.1":0.456228679245,"0":5.32266792453},"ie":{"5.5":0,"6":0.0148322749004,"7":0.00847558565737,"8":0.173749505976,"9":0.0572102031873,"10":0.205532952191,"11":0.576339824701},"bb":{"7":0.0612405,"10":null},"ie_mob":{"10":0.128066896552,"11":0.583113103448},"op_mini":{"5.0-8.0":56.9373391698},"and_chr":{"0":3.38452},"and_ff":{"0":0.047412},"edge":{"12":0.075528,"13":null},"and_uc":{"0":7.372566}},"total":98.2810788466}