{"id":"BM","name":"Bermuda","month":"2015-10","access_date":"2015-11-03","data":{"chrome":{"4":0,"5":0,"6":0,"7":0,"8":0,"9":0,"10":0,"11":0.161478,"12":0.017942,"13":0,"14":0,"15":0,"16":0.026913,"17":0,"18":0.008971,"19":0,"20":0,"21":0.026913,"22":0.008971,"23":0,"24":0,"25":0.008971,"26":0.026913,"27":0.044855,"28":0.026913,"29":0.008971,"30":0,"31":0.017942,"32":0.017942,"33":0.026913,"34":0.044855,"35":0.017942,"36":0.017942,"37":0.008971,"38":0.044855,"39":0.170449,"40":0.035884,"41":0.071768,"42":0.134565,"43":0.134565,"44":0.17942,"45":11.805836,"46":10.845939,"47":0.053826,"48":0.044855,"49":0},"firefox":{"2":0,"3":0,"3.5":0,"3.6":0.008971,"4":0,"5":0,"6":0.017942,"7":0,"8":0,"9":0,"10":0.008971,"11":0,"12":0.008971,"13":0.017942,"14":0,"15":0,"16":0.044855,"17":0.008971,"18":0.008971,"19":0,"20":0,"21":0,"22":0.026913,"23":0.008971,"24":0,"25":0.008971,"26":0.035884,"27":0,"28":0,"29":0,"30":0.008971,"31":0.008971,"32":0,"33":0.008971,"34":0.017942,"35":0.026913,"36":0.062797,"37":0.017942,"38":0.125594,"39":0.125594,"40":0.681796,"41":4.727717,"42":0.053826,"43":0,"44":0},"opera":{"9":0,"9.5-9.6":0,"10.0-10.1":0,"10.5":0,"10.6":0,"11":0,"11.1":0,"11.5":0,"11.6":0,"12":0,"12.1":0,"15":0,"16":0,"17":0,"18":0,"19":0,"20":0,"21":0,"22":0,"23":0,"24":0,"25":0,"26":0,"27":0.008971,"28":0,"29":0.008971,"30":0,"31":0,"32":0.125594,"33":0,"34":0},"safari":{"3.1":0,"3.2":0,"4":0.08971,"5":0.278101,"5.1":0.870187,"6":0.116623,"6.1":0.475463,"7":0.233246,"7.1":0.636941,"8":1.605809,"9":2.915575},"android":{"2.1":0,"2.2":0,"2.3":0.0206455806006,"3":0,"4":0.0601871163272,"4.1":0.215903783569,"4.2-4.3":0.451403372454,"4.4":0.842619628581,"4.4.3-4.4.4":0.436706518467,"44":null},"ios_saf":{"3.2":0,"4.0-4.1":0,"4.2-4.3":0,"5.0-5.1":0.0416612094642,"6.0-6.1":0.0436450765816,"7.0-7.1":1.0633527749,"8":0.142838432449,"8.1-8.4":4.75334561316,"9.0-9.1":13.6172638935},"op_mob":{"10":0,"11":0,"11.1":0,"11.5":0,"12":3.2358490566e-5,"12.1":9.70754716981e-5,"0":0.00113254716981},"ie":{"5.5":0,"6":0.017942,"7":0.080739,"8":2.816894,"9":5.059644,"10":3.130879,"11":21.306125},"bb":{"7":0.20914425,"10":null},"ie_mob":{"10":0.0177886896552,"11":0.0809953103448},"op_mini":{"5.0-8.0":0.0121150188679},"and_chr":{"0":4.43527},"and_ff":{"0":0.004116},"edge":{"12":1.964649,"13":null},"and_uc":{"0":0.011319}},"total":98.31929325}