{"id":"BN","name":"Brunei Darussalam","month":"2015-10","access_date":"2015-11-03","data":{"chrome":{"4":0,"5":0.003159,"6":0.018954,"7":0,"8":0,"9":0,"10":0.003159,"11":0.025272,"12":0.003159,"13":0,"14":0.012636,"15":0,"16":0.006318,"17":0,"18":0.006318,"19":0,"20":0,"21":0.006318,"22":0.056862,"23":0.003159,"24":0,"25":0.003159,"26":0,"27":0,"28":0.003159,"29":0.006318,"30":0.006318,"31":0.028431,"32":0.018954,"33":0.088452,"34":0.009477,"35":0.03159,"36":0.06318,"37":0.022113,"38":0.060021,"39":0.053703,"40":0.101088,"41":0.022113,"42":0.180063,"43":0.205335,"44":0.277992,"45":5.604066,"46":5.455593,"47":0.107406,"48":0.075816,"49":0},"firefox":{"2":0.003159,"3":0.006318,"3.5":0.006318,"3.6":0.022113,"4":0.003159,"5":0.006318,"6":0.015795,"7":0.003159,"8":0,"9":0.018954,"10":0.012636,"11":0.012636,"12":0.012636,"13":0.009477,"14":0.003159,"15":0.003159,"16":0.022113,"17":0,"18":0.003159,"19":0.006318,"20":0.009477,"21":0.003159,"22":0.006318,"23":0.003159,"24":0.006318,"25":0.006318,"26":0.003159,"27":0.006318,"28":0.006318,"29":0.025272,"30":0.025272,"31":0.056862,"32":0.06318,"33":0.018954,"34":0.028431,"35":0.037908,"36":0.03159,"37":0.110565,"38":0.09477,"39":0.707616,"40":0.578097,"41":4.179357,"42":0.928746,"43":0.006318,"44":0.003159},"opera":{"9":0,"9.5-9.6":0,"10.0-10.1":0,"10.5":0,"10.6":0,"11":0,"11.1":0,"11.5":0,"11.6":0.003159,"12":0,"12.1":0.138996,"15":0,"16":0.006318,"17":0,"18":0,"19":0,"20":0,"21":0,"22":0.003159,"23":0,"24":0,"25":0,"26":0.006318,"27":0,"28":0.003159,"29":0.009477,"30":0.03159,"31":0.003159,"32":0.344331,"33":0.018954,"34":0},"safari":{"3.1":0,"3.2":0,"4":0.015795,"5":0.047385,"5.1":0.145314,"6":0.025272,"6.1":0.069498,"7":0.053703,"7.1":0.09477,"8":0.439101,"9":0.518076},"android":{"2.1":0,"2.2":0,"2.3":0.0981371622368,"3":0,"4":0.286094778046,"4.1":1.02628184915,"4.2-4.3":2.14571083535,"4.4":4.00532689265,"4.4.3-4.4.4":2.07585048257,"44":null},"ios_saf":{"3.2":0,"4.0-4.1":0,"4.2-4.3":0,"5.0-5.1":0.0195736357582,"6.0-6.1":0.0205057136515,"7.0-7.1":0.499593750782,"8":0.067109608314,"8.1-8.4":2.23325863223,"9.0-9.1":6.39778265927},"op_mob":{"10":0,"11":0,"11.1":0,"11.5":0,"12":0.0841141823899,"12.1":0.25234254717,"0":2.94399638365},"ie":{"5.5":0,"6":0.00949322773973,"7":0.00949322773973,"8":0.177206917808,"9":0.234166284247,"10":0.158220462329,"11":1.22462637842},"bb":{"7":0.01197175,"10":null},"ie_mob":{"10":0.0160147547893,"11":0.0729182452107},"op_mini":{"5.0-8.0":31.4923498868},"and_chr":{"0":13.147902},"and_ff":{"0":0.047887},"edge":{"12":0.243243,"13":null},"and_uc":{"0":5.308616}},"total":95.9742102483}