{"id":"BN","name":"Brunei Darussalam","month":"2015-08","access_date":"2015-09-03","data":{"chrome":{"4":0,"5":0.003947,"6":0.015788,"7":0,"8":0.003947,"9":0.003947,"10":0.007894,"11":0.027629,"12":0.003947,"13":0,"14":0.043417,"15":0,"16":0.015788,"17":0,"18":0.003947,"19":0,"20":0.003947,"21":0.011841,"22":0.047364,"23":0.003947,"24":0.003947,"25":0.003947,"26":0,"27":0.003947,"28":0.003947,"29":0.007894,"30":0.007894,"31":0.031576,"32":0.011841,"33":0.102622,"34":0.011841,"35":0.015788,"36":0.043417,"37":0.03947,"38":0.059205,"39":0.067099,"40":0.086834,"41":0.023682,"42":0.173668,"43":0.528898,"44":11.513399,"45":0.047364,"46":0.090781,"47":0,"48":0},"firefox":{"2":0,"3":0.007894,"3.5":0.003947,"3.6":0.031576,"4":0.007894,"5":0.011841,"6":0.019735,"7":0.007894,"8":0.003947,"9":0.023682,"10":0.007894,"11":0.027629,"12":0.015788,"13":0.007894,"14":0.007894,"15":0.011841,"16":0.035523,"17":0.003947,"18":0,"19":0.007894,"20":0.003947,"21":0.003947,"22":0.007894,"23":0.003947,"24":0.007894,"25":0.055258,"26":0.003947,"27":0.011841,"28":0.007894,"29":0.051311,"30":0.027629,"31":0.035523,"32":0.067099,"33":0.035523,"34":0.043417,"35":0.07894,"36":0.074993,"37":0.201297,"38":0.647308,"39":7.408519,"40":4.898227,"41":0.217085,"42":0,"43":0},"opera":{"9":0,"9.5-9.6":0,"10.0-10.1":0,"10.5":0,"10.6":0,"11":0.003947,"11.1":0,"11.5":0,"11.6":0.003947,"12":0,"12.1":0.461799,"15":0,"16":0.007894,"17":0,"18":0,"19":0,"20":0,"21":0,"22":0.003947,"23":0,"24":0.003947,"25":0,"26":0.011841,"27":0.003947,"28":0.003947,"29":0.015788,"30":0.217085,"31":0.161827,"32":0.003947,"33":0},"safari":{"3.1":0,"3.2":0,"4":0.015788,"5":0.055258,"5.1":0.181562,"6":0.031576,"6.1":0.094728,"7":0.063152,"7.1":0.173668,"8":0.864393,"9":0.011841},"android":{"2.1":0,"2.2":0,"2.3":0.16331090288,"3":0,"4":0.520553502931,"4.1":1.82704072598,"4.2-4.3":3.97304805914,"4.4":0.0255173285751,"4.4.3-4.4.4":3.5009774805,"44":null},"ios_saf":{"3.2":0,"4.0-4.1":0,"4.2-4.3":0,"5.0-5.1":0.0318969574404,"6.0-6.1":0.053161595734,"7.0-7.1":0.876103097696,"8":0.120145206359,"8.1-8.4":9.41704506832,"9":0.0691100744542},"op_mob":{"10":0,"11":0,"11.1":0,"11.5":0,"12":0.0731180912504,"12.1":0.146236182501,"0":2.26666082876},"ie":{"5.5":0,"6":0.003947,"7":0.007894,"8":0.217085,"9":0.319707,"10":0.201297,"11":1.203835},"bb":{"7":0.0090795,"10":null},"ie_mob":{"10":0.0165175084746,"11":0.0682244915254},"and_uc":{"0":4.267365},"op_mini":{"5.0-8.0":25.4546328975},"and_chr":{"0":11.918747},"and_ff":{"0":0.084742},"edge":{"12":0.217085,"13":null}},"total":96.6644775}