{"id":"BO","name":"Bolivia","month":"2015-10","access_date":"2015-11-03","data":{"chrome":{"4":0.011146,"5":0.005573,"6":0,"7":0,"8":0.027865,"9":0.005573,"10":0.005573,"11":0.144898,"12":0.016719,"13":0.027865,"14":0.011146,"15":0.011146,"16":0.005573,"17":0.005573,"18":0.078022,"19":0.005573,"20":0,"21":0.011146,"22":0.027865,"23":0.061303,"24":0.011146,"25":0.066876,"26":0.050157,"27":0.033438,"28":0.022292,"29":0.033438,"30":0.033438,"31":0.117033,"32":0.05573,"33":0.200628,"34":0.05573,"35":0.122606,"36":0.122606,"37":0.100314,"38":0.195055,"39":0.22292,"40":0.156044,"41":0.150471,"42":0.228493,"43":1.086735,"44":0.852669,"45":11.998669,"46":13.436503,"47":0.066876,"48":0.027865,"49":0},"firefox":{"2":0.016719,"3":0.027865,"3.5":0.044584,"3.6":0.105887,"4":0.033438,"5":0.022292,"6":0.022292,"7":0.011146,"8":0.072449,"9":0.016719,"10":0.022292,"11":0.022292,"12":0.094741,"13":0.027865,"14":0.033438,"15":0.039011,"16":0.072449,"17":0.089168,"18":0.044584,"19":0.033438,"20":0.072449,"21":0.05573,"22":0.044584,"23":0.044584,"24":0.039011,"25":0.066876,"26":0.072449,"27":0.083595,"28":0.050157,"29":0.083595,"30":0.156044,"31":0.117033,"32":0.117033,"33":0.161617,"34":0.195055,"35":0.250785,"36":0.239639,"37":0.312088,"38":0.691052,"39":0.685479,"40":1.577159,"41":7.735324,"42":0.094741,"43":0.016719,"44":0.005573},"opera":{"9":0,"9.5-9.6":0,"10.0-10.1":0,"10.5":0,"10.6":0.005573,"11":0,"11.1":0,"11.5":0.005573,"11.6":0,"12":0.016719,"12.1":0.05573,"15":0,"16":0,"17":0,"18":0.011146,"19":0,"20":0.005573,"21":0,"22":0,"23":0,"24":0,"25":0,"26":0.005573,"27":0.011146,"28":0.022292,"29":0.016719,"30":0.039011,"31":0.016719,"32":0.629749,"33":0.033438,"34":0},"safari":{"3.1":0,"3.2":0,"4":0.011146,"5":0.044584,"5.1":0.072449,"6":0.022292,"6.1":0.033438,"7":0.061303,"7.1":0.100314,"8":0.490424,"9":0.295369},"android":{"2.1":0,"2.2":0,"2.3":0.107791503107,"3":0,"4":0.314239636175,"4.1":1.12724334605,"4.2-4.3":2.35679727132,"4.4":4.39935490645,"4.4.3-4.4.4":2.2800643369,"44":null},"ios_saf":{"3.2":0,"4.0-4.1":0,"4.2-4.3":0,"5.0-5.1":0.0051569397639,"6.0-6.1":0.00540250832408,"7.0-7.1":0.13162474826,"8":0.0176809363334,"8.1-8.4":0.588382270205,"9.0-9.1":1.68558259711},"op_mob":{"10":0,"11":0,"11.1":0,"11.5":0,"12":0.0257866860184,"12.1":0.0773600580552,"0":0.902534010643},"ie":{"5.5":0,"6":0.0786075309568,"7":0.0224592945591,"8":1.46546896998,"9":0.437956243902,"10":0.735541896811,"11":3.09376782552},"bb":{"7":0.030989,"10":null},"ie_mob":{"10":0.121174283525,"11":0.551729716475},"op_mini":{"5.0-8.0":9.65453524528},"and_chr":{"0":18.550403},"and_ff":{"0":0.172653},"edge":{"12":0.256358,"13":null},"and_uc":{"0":3.855917}},"total":98.7901737617}