{"id":"BR","name":"Brazil","month":"2015-10","access_date":"2015-11-03","data":{"chrome":{"4":0,"5":0,"6":0,"7":0,"8":0,"9":0,"10":0.007136,"11":0.021408,"12":0.014272,"13":0.007136,"14":0.007136,"15":0,"16":0.007136,"17":0,"18":0.014272,"19":0,"20":0,"21":0.007136,"22":0.078496,"23":0.007136,"24":0.007136,"25":0.021408,"26":0.028544,"27":0.014272,"28":0.014272,"29":0.021408,"30":0.007136,"31":0.057088,"32":0.121312,"33":0.07136,"34":0.064224,"35":0.149856,"36":0.599424,"37":0.121312,"38":0.14272,"39":0.271168,"40":0.292576,"41":0.10704,"42":0.328256,"43":1.348704,"44":0.82064,"45":22.613984,"46":24.141088,"47":0.228352,"48":0.121312,"49":0},"firefox":{"2":0,"3":0.021408,"3.5":0,"3.6":0.021408,"4":0.007136,"5":0.007136,"6":0.014272,"7":0,"8":0,"9":0,"10":0.007136,"11":0.007136,"12":0.014272,"13":0.007136,"14":0.007136,"15":0.014272,"16":0.014272,"17":0.014272,"18":0.007136,"19":0.007136,"20":0.03568,"21":0.021408,"22":0.021408,"23":0.014272,"24":0.028544,"25":0.007136,"26":0.014272,"27":0.014272,"28":0.014272,"29":0.021408,"30":0.028544,"31":0.099904,"32":0.028544,"33":0.03568,"34":0.028544,"35":0.042816,"36":0.042816,"37":0.07136,"38":0.242624,"39":0.206944,"40":0.792096,"41":5.573216,"42":0.078496,"43":0.014272,"44":0},"opera":{"9":0,"9.5-9.6":0,"10.0-10.1":0,"10.5":0,"10.6":0,"11":0,"11.1":0,"11.5":0,"11.6":0,"12":0,"12.1":0.021408,"15":0,"16":0,"17":0,"18":0,"19":0,"20":0,"21":0,"22":0,"23":0,"24":0,"25":0,"26":0,"27":0,"28":0.014272,"29":0.007136,"30":0.014272,"31":0.03568,"32":0.599424,"33":0.028544,"34":0},"safari":{"3.1":0,"3.2":0,"4":0.007136,"5":0.021408,"5.1":0.049952,"6":0.007136,"6.1":0.03568,"7":0.028544,"7.1":0.078496,"8":0.264032,"9":0.39248},"android":{"2.1":0,"2.2":0,"2.3":0.0504829823956,"3":0,"4":0.14717072834,"4.1":0.52793220573,"4.2-4.3":1.10378046255,"4.4":2.06039019676,"4.4.3-4.4.4":1.06784342423,"44":null},"ios_saf":{"3.2":0,"4.0-4.1":0,"4.2-4.3":0,"5.0-5.1":0.00973104954091,"6.0-6.1":0.0101944328524,"7.0-7.1":0.248373454949,"8":0.033363598426,"8.1-8.4":1.11026641429,"9.0-9.1":3.18066304994},"op_mob":{"10":0,"11":0,"11.1":0,"11.5":0,"12":0.00206451862603,"12.1":0.00619355587808,"0":0.072258151911},"ie":{"5.5":0,"6":0.00725284678363,"7":0.0145056935673,"8":0.623744823392,"9":0.601986283041,"10":0.623744823392,"11":4.23566252164},"bb":{"7":0.00358,"10":null},"ie_mob":{"10":0.226409624521,"11":1.03088637548},"op_mini":{"5.0-8.0":0.772955773585},"and_chr":{"0":18.945312},"and_ff":{"0":0.025776},"edge":{"12":0.635104,"13":null},"and_uc":{"0":0.736048}},"total":99.2549249918}