{"id":"BT","name":"Bhutan","month":"2015-10","access_date":"2015-11-03","data":{"chrome":{"4":0.015004,"5":0.018755,"6":0.007502,"7":0.007502,"8":0,"9":0.007502,"10":0.243815,"11":0.041261,"12":0.052514,"13":0.003751,"14":0.022506,"15":0.003751,"16":0.003751,"17":0,"18":0.030008,"19":0.003751,"20":0.003751,"21":0,"22":0.003751,"23":0.003751,"24":0.007502,"25":0.007502,"26":0.022506,"27":0.003751,"28":0.015004,"29":0.015004,"30":0.045012,"31":0.026257,"32":0.03751,"33":0.135036,"34":0.022506,"35":0.045012,"36":0.251317,"37":0.015004,"38":0.015004,"39":0.045012,"40":0.648923,"41":0.045012,"42":0.442618,"43":2.336873,"44":0.307582,"45":8.886119,"46":7.385719,"47":0.532642,"48":0.318835,"49":0},"firefox":{"2":0,"3":0.007502,"3.5":0.015004,"3.6":0.022506,"4":0.011253,"5":0.030008,"6":0.011253,"7":0.011253,"8":0.007502,"9":0.007502,"10":0.045012,"11":0.007502,"12":0.045012,"13":0.011253,"14":0.007502,"15":0.071269,"16":0.052514,"17":0.018755,"18":0.033759,"19":0.003751,"20":0.007502,"21":0.026257,"22":0.003751,"23":0.033759,"24":0.007502,"25":0.003751,"26":0.022506,"27":0.033759,"28":0.018755,"29":0.090024,"30":0.022506,"31":0.022506,"32":0.022506,"33":0.030008,"34":0.018755,"35":0.060016,"36":0.018755,"37":0.056265,"38":0.780208,"39":0.138787,"40":0.656425,"41":2.723226,"42":0.705188,"43":0.018755,"44":0},"opera":{"9":0,"9.5-9.6":0,"10.0-10.1":0,"10.5":0,"10.6":0,"11":0,"11.1":0,"11.5":0,"11.6":0,"12":0,"12.1":0.003751,"15":0.003751,"16":0,"17":0,"18":0,"19":0,"20":0,"21":0.007502,"22":0,"23":0,"24":0,"25":0,"26":0.007502,"27":0,"28":0.007502,"29":0.007502,"30":0.03751,"31":0.011253,"32":0.30008,"33":0.007502,"34":0},"safari":{"3.1":0,"3.2":0,"4":0.003751,"5":0.022506,"5.1":0.086273,"6":0.003751,"6.1":0.033759,"7":0.022506,"7.1":0.180048,"8":0.48763,"9":0.153791},"android":{"2.1":0,"2.2":0,"2.3":0.0789458593372,"3":0,"4":0.230147250949,"4.1":0.82558635951,"4.2-4.3":1.72610438212,"4.4":3.22206151329,"4.4.3-4.4.4":1.66990563479,"44":null},"ios_saf":{"3.2":0,"4.0-4.1":0,"4.2-4.3":0,"5.0-5.1":0.00962746070023,"6.0-6.1":0.0100859112098,"7.0-7.1":0.245729473111,"8":0.0330084366865,"8.1-8.4":1.09844742085,"9.0-9.1":3.14680429745},"op_mob":{"10":0,"11":0,"11.1":0,"11.5":0,"12":0.0443808998549,"12.1":0.133142699565,"0":1.55333149492},"ie":{"5.5":0,"6":0.026257,"7":0,"8":0.386353,"9":0.056265,"10":0.157542,"11":1.485396},"bb":{"7":0.0031245,"10":null},"ie_mob":{"10":0.406232885057,"11":1.84965611494},"op_mini":{"5.0-8.0":16.6162089057},"and_chr":{"0":19.679405},"and_ff":{"0":0.06249},"edge":{"12":0.18755,"13":null},"and_uc":{"0":14.272716}},"total":98.6318475}