{"id":"BT","name":"Bhutan","month":"2015-08","access_date":"2015-09-03","data":{"chrome":{"4":0.024702,"5":0.032936,"6":0.012351,"7":0.008234,"8":0.008234,"9":0.004117,"10":0.094691,"11":0.045287,"12":0.037053,"13":0.008234,"14":0.045287,"15":0,"16":0.032936,"17":0.004117,"18":0.028819,"19":0,"20":0.008234,"21":0.004117,"22":0.004117,"23":0.020585,"24":0.008234,"25":0.008234,"26":0.008234,"27":0.016468,"28":0.049404,"29":0.028819,"30":0.049404,"31":0.049404,"32":0.12351,"33":0.131744,"34":0.037053,"35":0.053521,"36":1.72914,"37":0.016468,"38":0.053521,"39":0.086457,"40":0.798698,"41":0.304658,"42":0.930442,"43":2.301403,"44":17.612526,"45":0.218201,"46":1.173345,"47":0,"48":0},"firefox":{"2":0.004117,"3":0.008234,"3.5":0.024702,"3.6":0.037053,"4":0.008234,"5":0.016468,"6":0.008234,"7":0.004117,"8":0.004117,"9":0.012351,"10":0.090574,"11":0.078223,"12":0.069989,"13":0.012351,"14":0.016468,"15":0.069989,"16":0.074106,"17":0.020585,"18":0.045287,"19":0.008234,"20":0.008234,"21":0.078223,"22":0.004117,"23":0.028819,"24":0.016468,"25":0.012351,"26":0.012351,"27":0.016468,"28":0.049404,"29":0.144095,"30":0.069989,"31":0.053521,"32":0.086457,"33":0.037053,"34":0.020585,"35":0.049404,"36":0.061755,"37":0.160563,"38":0.712241,"39":2.778975,"40":1.622098,"41":0.317009,"42":0.004117,"43":0.004117},"opera":{"9":0,"9.5-9.6":0,"10.0-10.1":0,"10.5":0,"10.6":0,"11":0,"11.1":0,"11.5":0,"11.6":0,"12":0,"12.1":0.016468,"15":0,"16":0.028819,"17":0,"18":0.004117,"19":0,"20":0,"21":0,"22":0,"23":0,"24":0,"25":0,"26":0,"27":0,"28":0.004117,"29":0.008234,"30":0.119393,"31":0.12351,"32":0,"33":0},"safari":{"3.1":0,"3.2":0,"4":0.004117,"5":0.012351,"5.1":0.074106,"6":0.004117,"6.1":0.185265,"7":0.04117,"7.1":0.189382,"8":0.555795,"9":0},"android":{"2.1":0,"2.2":0,"2.3":0.13128210859,"3":0,"4":0.418461721132,"4.1":1.46871858985,"4.2-4.3":3.19384754805,"4.4":0.0205128294672,"4.4.3-4.4.4":2.81436020291,"44":null},"ios_saf":{"3.2":0,"4.0-4.1":0,"4.2-4.3":0,"5.0-5.1":0.0098332598853,"6.0-6.1":0.0163887664755,"7.0-7.1":0.270086871516,"8":0.0370386122346,"8.1-8.4":2.90310609347,"9":0.0213053964182},"op_mob":{"10":0,"11":0,"11.1":0,"11.5":0,"12":0.0527133935601,"12.1":0.10542678712,"0":1.63411520036},"ie":{"5.5":0,"6":0.024702,"7":0.004117,"8":0.510508,"9":0.078223,"10":0.259371,"11":1.428599},"bb":{"7":0.01029525,"10":null},"ie_mob":{"10":0.45638120339,"11":1.88505279661},"and_uc":{"0":10.312899},"op_mini":{"5.0-8.0":18.351136619},"and_chr":{"0":17.340724},"and_ff":{"0":0.052947},"edge":{"12":0.111159,"13":null}},"total":98.46905925}