{"id":"BY","name":"Belarus","month":"2015-10","access_date":"2015-11-03","data":{"chrome":{"4":0.025125,"5":0.01675,"6":0.01675,"7":0.01675,"8":0.041875,"9":0.01675,"10":0.025125,"11":0.067,"12":0.058625,"13":0.1005,"14":0.041875,"15":0.041875,"16":0.041875,"17":0.05025,"18":0.041875,"19":0.025125,"20":0.01675,"21":0.041875,"22":0.11725,"23":0.041875,"24":0.058625,"25":0.0335,"26":0.134,"27":0.05025,"28":0.058625,"29":0.0335,"30":0.025125,"31":0.108875,"32":0.041875,"33":0.11725,"34":0.092125,"35":0.058625,"36":0.05025,"37":0.05025,"38":0.134,"39":0.134,"40":0.78725,"41":0.1675,"42":0.15075,"43":0.4355,"44":0.678375,"45":16.90075,"46":16.73325,"47":0.494125,"48":0.427125,"49":0},"firefox":{"2":0.01675,"3":0.05025,"3.5":0.05025,"3.6":0.175875,"4":0.05025,"5":0.01675,"6":0.01675,"7":0.008375,"8":0.008375,"9":0.01675,"10":0.025125,"11":0.025125,"12":0.05025,"13":0.01675,"14":0.025125,"15":0.025125,"16":0.01675,"17":0.01675,"18":0.01675,"19":0.05025,"20":0.025125,"21":0.025125,"22":0.01675,"23":0.0335,"24":0.092125,"25":0.05025,"26":0.025125,"27":0.025125,"28":0.0335,"29":0.025125,"30":0.025125,"31":0.05025,"32":0.041875,"33":0.058625,"34":0.075375,"35":0.092125,"36":0.075375,"37":0.159125,"38":0.3015,"39":0.268,"40":1.072,"41":8.400125,"42":0.05025,"43":0.025125,"44":0.008375},"opera":{"9":0,"9.5-9.6":0.025125,"10.0-10.1":0.0335,"10.5":0.008375,"10.6":0.025125,"11":0.025125,"11.1":0.01675,"11.5":0.05025,"11.6":0.159125,"12":0.259625,"12.1":3.659875,"15":0.025125,"16":0.067,"17":0.025125,"18":0.058625,"19":0.0335,"20":0.08375,"21":0.025125,"22":0.058625,"23":0.025125,"24":0.067,"25":0.05025,"26":0.092125,"27":0.11725,"28":0.1675,"29":0.092125,"30":0.268,"31":0.343375,"32":11.50725,"33":0.494125,"34":0.025125},"safari":{"3.1":0.008375,"3.2":0,"4":0.041875,"5":0.041875,"5.1":0.075375,"6":0.01675,"6.1":0.0335,"7":0.025125,"7.1":0.05025,"8":0.268,"9":0.5695},"android":{"2.1":0,"2.2":0,"2.3":0.0404466689679,"3":0,"4":0.117912323093,"4.1":0.422976182258,"4.2-4.3":0.884342423196,"4.4":1.6507725233,"4.4.3-4.4.4":0.855549879185,"44":null},"ios_saf":{"3.2":0,"4.0-4.1":0,"4.2-4.3":0,"5.0-5.1":0.00725258551105,"6.0-6.1":0.00759794672586,"7.0-7.1":0.185113611139,"8":0.0248660074665,"8.1-8.4":0.827485470689,"9.0-9.1":2.37055937847},"op_mob":{"10":0,"11":0,"11.1":0,"11.5":0,"12":0.00613600628931,"12.1":0.0184080188679,"0":0.214760220126},"ie":{"5.5":0,"6":0.060543200409,"7":0.0518941717791,"8":1.20221497955,"9":0.492994631902,"10":0.397855316973,"11":1.89413726994},"bb":{"7":0.0024375,"10":null},"ie_mob":{"10":0.115294061303,"11":0.524955938697},"op_mini":{"5.0-8.0":2.29732075472},"and_chr":{"0":9.31825},"and_ff":{"0":0.021125},"edge":{"12":0.3015,"13":null},"and_uc":{"0":0.593125}},"total":94.4622020706}