{"id":"CA","name":"Canada","month":"2015-10","access_date":"2015-11-03","data":{"chrome":{"4":0,"5":0,"6":0,"7":0,"8":0,"9":0,"10":0,"11":0.030708,"12":0,"13":0,"14":0,"15":0,"16":0.007677,"17":0,"18":0.007677,"19":0,"20":0,"21":0.023031,"22":0.023031,"23":0.015354,"24":0.007677,"25":0.015354,"26":0.007677,"27":0.015354,"28":0.023031,"29":0.023031,"30":0.015354,"31":0.15354,"32":0.030708,"33":0.061416,"34":0.053739,"35":0.07677,"36":0.07677,"37":0.099801,"38":0.084447,"39":0.191925,"40":0.23031,"41":0.168894,"42":0.199602,"43":0.798408,"44":0.637191,"45":13.526874,"46":13.235148,"47":0.084447,"48":0.038385,"49":0},"firefox":{"2":0.007677,"3":0.015354,"3.5":0.007677,"3.6":0.023031,"4":0.007677,"5":0.007677,"6":0.007677,"7":0,"8":0,"9":0,"10":0.007677,"11":0.007677,"12":0.015354,"13":0.007677,"14":0.007677,"15":0.007677,"16":0.030708,"17":0.007677,"18":0.007677,"19":0.007677,"20":0.015354,"21":0.038385,"22":0.007677,"23":0.007677,"24":0.023031,"25":0.015354,"26":0.015354,"27":0.015354,"28":0.023031,"29":0.023031,"30":0.015354,"31":0.084447,"32":0.030708,"33":0.038385,"34":0.115155,"35":0.061416,"36":0.061416,"37":0.084447,"38":0.376173,"39":0.322434,"40":1.07478,"41":8.014788,"42":0.069093,"43":0.015354,"44":0.007677},"opera":{"9":0,"9.5-9.6":0,"10.0-10.1":0,"10.5":0,"10.6":0,"11":0,"11.1":0,"11.5":0,"11.6":0,"12":0.007677,"12.1":0.046062,"15":0,"16":0,"17":0,"18":0,"19":0,"20":0,"21":0,"22":0,"23":0,"24":0,"25":0,"26":0,"27":0,"28":0.023031,"29":0,"30":0.007677,"31":0.007677,"32":0.245664,"33":0.007677,"34":0},"safari":{"3.1":0,"3.2":0,"4":0.053739,"5":0.15354,"5.1":0.475974,"6":0.061416,"6.1":1.113165,"7":0.199602,"7.1":0.698607,"8":1.619847,"9":2.886552},"android":{"2.1":0,"2.2":0,"2.3":0.023202427166,"3":0,"4":0.0676409741111,"4.1":0.24264233155,"4.2-4.3":0.507307305834,"4.4":0.946973637556,"4.4.3-4.4.4":0.490790323783,"44":null},"ios_saf":{"3.2":0,"4.0-4.1":0,"4.2-4.3":0,"5.0-5.1":0.0447843317526,"6.0-6.1":0.0469169189789,"7.0-7.1":1.1430667533,"8":0.153546280295,"8.1-8.4":5.10967899425,"9.0-9.1":14.6380787214},"op_mob":{"10":0,"11":0,"11.1":0,"11.5":0,"12":0.000219150943396,"12.1":0.000657452830189,"0":0.00767028301887},"ie":{"5.5":0,"6":0.0310615196232,"7":0.0776537990581,"8":1.40553376295,"9":1.38223762323,"10":1.08715318681,"11":10.8094088289},"bb":{"7":0.199778,"10":null},"ie_mob":{"10":0.0313738505747,"11":0.142851149425},"op_mini":{"5.0-8.0":0.0820501132075},"and_chr":{"0":9.805035},"and_ff":{"0":0.037168},"edge":{"12":1.366506,"13":null},"and_uc":{"0":0.11615}},"total":98.3084977206}