{"id":"CD","name":"Congo, Democratic Republic of the","month":"2015-08","access_date":"2015-09-03","data":{"chrome":{"4":0.00144,"5":0.000288,"6":0.000288,"7":0.000288,"8":0.000864,"9":0,"10":0.000864,"11":0.036576,"12":0.001728,"13":0,"14":0.000864,"15":0,"16":0.000288,"17":0,"18":0.000576,"19":0.000288,"20":0,"21":0.00144,"22":0.000288,"23":0.000288,"24":0.000288,"25":0.000864,"26":0.004608,"27":0.000288,"28":0.000288,"29":0.001728,"30":0.000288,"31":0.01008,"32":0.000576,"33":0.00432,"34":0.001152,"35":0.00288,"36":0.003456,"37":0.003168,"38":0.00144,"39":0.00288,"40":0.00432,"41":0.006048,"42":0.015552,"43":0.050688,"44":0.579744,"45":0.004896,"46":0.001728,"47":0,"48":0},"firefox":{"2":0.002304,"3":0.031968,"3.5":0.001728,"3.6":0.0072,"4":0.003168,"5":0.000864,"6":0.000864,"7":0.000576,"8":0.002304,"9":0.001152,"10":0.00288,"11":0.001728,"12":0.006624,"13":0.001728,"14":0.00432,"15":0.00576,"16":0.002304,"17":0.001152,"18":0.003168,"19":0.002016,"20":0.004896,"21":0.005472,"22":0.002016,"23":0.001728,"24":0.00144,"25":0.004896,"26":0.00144,"27":0.002592,"28":0.002592,"29":0.006048,"30":0.01008,"31":0.005472,"32":0.004896,"33":0.006624,"34":0.006624,"35":0.014688,"36":0.006912,"37":0.012096,"38":0.031968,"39":0.280224,"40":0.166752,"41":0.006912,"42":0.00144,"43":0},"opera":{"9":0,"9.5-9.6":0.001152,"10.0-10.1":0.000576,"10.5":0.000288,"10.6":0.002016,"11":0.004032,"11.1":0.004896,"11.5":0.002304,"11.6":0.004896,"12":0.008928,"12.1":0.061056,"15":0.001152,"16":0.003456,"17":0.000864,"18":0.001152,"19":0.001728,"20":0.001728,"21":0.001152,"22":0.002016,"23":0.00144,"24":0.001152,"25":0.000288,"26":0.000288,"27":0.002016,"28":0.004608,"29":0.01728,"30":0.05616,"31":0.074304,"32":0.000576,"33":0},"safari":{"3.1":0,"3.2":0,"4":0.001152,"5":0.002016,"5.1":0.006048,"6":0.00144,"6.1":0.001728,"7":0.003168,"7.1":0.008064,"8":0.0288,"9":0},"android":{"2.1":0,"2.2":0,"2.3":0.0361480091767,"3":0,"4":0.115221779251,"4.1":0.404405852664,"4.2-4.3":0.879413285751,"4.4":0.00564812643385,"4.4.3-4.4.4":0.774922946724,"44":null},"ios_saf":{"3.2":0,"4.0-4.1":0,"4.2-4.3":0,"5.0-5.1":0.00123054633263,"6.0-6.1":0.00205091055438,"7.0-7.1":0.0337990059362,"8":0.0046350578529,"8.1-8.4":0.363298295603,"9":0.0026661837207},"op_mob":{"10":0,"11":0,"11.1":0,"11.5":0,"12":0.230263574923,"12.1":0.460527149846,"0":7.13817082262},"ie":{"5.5":0,"6":0.0023130211433,"7":0.00404778700078,"8":0.0919425904464,"9":0.0225519561472,"10":0.0667884855129,"11":0.178970010963},"bb":{"7":0.050988,"10":null},"ie_mob":{"10":0.153334372881,"11":0.633337627119},"and_uc":{"0":3.438048},"op_mini":{"5.0-8.0":80.1617584526},"and_chr":{"0":1.296208},"and_ff":{"0":0.038848},"edge":{"12":0.012672,"13":null}},"total":98.3373938512}