{"id":"CD","name":"Congo, Democratic Republic of the","month":"2016-02","access_date":"2016-03-03","data":{"firefox":{"2":0.001076,"3":0.02421,"3.5":0.002152,"3.6":0.00269,"4":0.001345,"5":0.000269,"6":0.000807,"7":0.002421,"8":0.001076,"9":0.001883,"10":0.001883,"11":0.002152,"12":0.003497,"13":0.00269,"14":0.00269,"15":0.001614,"16":0.002421,"17":0.001614,"18":0.001076,"19":0.004573,"20":0.002152,"21":0.00269,"22":0.001614,"23":0.001614,"24":0.00269,"25":0.002421,"26":0.006725,"27":0.001614,"28":0.001345,"29":0.006456,"30":0.004035,"31":0.002959,"32":0.005111,"33":0.004035,"34":0.00269,"35":0.003766,"36":0.006187,"37":0.005649,"38":0.007532,"39":0.007263,"40":0.006994,"41":0.007532,"42":0.023134,"43":0.16678,"44":0.191528,"45":0.01076,"46":0.001614,"47":0.000269},"chrome":{"4":0.000269,"5":0,"6":0,"7":0.000269,"8":0.000538,"9":0,"10":0.001345,"11":0.023403,"12":0.000807,"13":0.000269,"14":0.000807,"15":0,"16":0.001076,"17":0,"18":0.000538,"19":0,"20":0,"21":0.000538,"22":0.000269,"23":0.001614,"24":0,"25":0.000269,"26":0.003228,"27":0.000538,"28":0.000538,"29":0.000807,"30":0.006725,"31":0.00538,"32":0.000269,"33":0.003766,"34":0.003766,"35":0.001076,"36":0.002152,"37":0.000538,"38":0.000538,"39":0.003228,"40":0.001076,"41":0.004304,"42":0.00269,"43":0.016678,"44":0.009684,"45":0.013719,"46":0.006725,"47":0.027169,"48":0.458376,"49":0.001883,"50":0.003497,"51":0},"opera":{"9":0,"9.5-9.6":0.000269,"10.0-10.1":0.000269,"10.5":0,"10.6":0.001076,"11":0.004573,"11.1":0.000538,"11.5":0.001614,"11.6":0.002152,"12":0.001883,"12.1":0.101682,"15":0.002152,"16":0.002959,"17":0.000538,"18":0.001883,"19":0.000538,"20":0.000807,"21":0.000807,"22":0.001076,"23":0.000269,"24":0,"25":0.000538,"26":0.000269,"27":0.001614,"28":0.00269,"29":0.009146,"30":0.003497,"31":0.000807,"32":0.004842,"33":0.005649,"34":0.065905,"35":0.075858,"36":0},"safari":{"3.1":0,"3.2":0,"4":0,"5":0.001614,"5.1":0.001883,"6":0.000538,"6.1":0.001614,"7":0.000807,"7.1":0.004035,"8":0.016409,"9":0.025824,"9.1":0},"android":{"2.1":0,"2.2":0,"2.3":0.011636494322,"3":0,"4":0.100680972612,"4.1":0.211986570474,"4.2-4.3":0.475578463594,"4.4":0.957734076152,"4.4.3-4.4.4":0.514535422846,"47":null},"ios_saf":{"3.2":0,"4.0-4.1":0,"4.2-4.3":0,"5.0-5.1":0,"6.0-6.1":0,"7.0-7.1":0.0151491515744,"8":0.00102840193455,"8.1-8.4":0.0418480479523,"9.0-9.2":0.326359398539,"9.3":null},"op_mob":{"10":0,"11":0,"11.1":0,"11.5":0,"12":0.00497528991717,"12.1":0.00497528991717,"0":0.213937466438},"ie":{"5.5":0,"6":0.000539769736842,"7":0.00107953947368,"8":0.0434514638158,"9":0.00971585526316,"10":0.0445310032895,"11":0.143038980263},"bb":{"7":0.038924,"10":null},"ie_mob":{"10":0.141808067961,"11":0.626940932039},"edge":{"12":0.011029,"13":0.010491,"14":0},"and_uc":{"0":4.330295},"op_mini":{"5.0-8.0":86.8685619537},"and_chr":{"0":1.862233},"and_ff":{"0":0.029193}},"total":98.5505406118}