{"id":"CD","name":"Congo, Democratic Republic of the","month":"2015-10","access_date":"2015-11-03","data":{"chrome":{"4":0.000584,"5":0.002628,"6":0.000584,"7":0.000584,"8":0.000584,"9":0,"10":0.000876,"11":0.024528,"12":0.000584,"13":0.000876,"14":0.001752,"15":0,"16":0.001168,"17":0.000292,"18":0.000292,"19":0,"20":0,"21":0.000584,"22":0.000292,"23":0.000292,"24":0,"25":0.000584,"26":0.003504,"27":0,"28":0.001752,"29":0.000876,"30":0.009636,"31":0.004964,"32":0.000584,"33":0.005256,"34":0.001168,"35":0.000876,"36":0.00292,"37":0.002044,"38":0.001752,"39":0.001752,"40":0.003796,"41":0.002336,"42":0.018104,"43":0.01022,"44":0.028032,"45":0.286452,"46":0.307768,"47":0.001752,"48":0.001168,"49":0},"firefox":{"2":0.001168,"3":0.025404,"3.5":0.001752,"3.6":0.00438,"4":0.003796,"5":0.000876,"6":0.000584,"7":0.001752,"8":0.002336,"9":0.001168,"10":0.002044,"11":0.002336,"12":0.004964,"13":0.002336,"14":0.006132,"15":0.003212,"16":0.002044,"17":0.002044,"18":0.00146,"19":0.003504,"20":0.003212,"21":0.00292,"22":0.00146,"23":0.003212,"24":0.001752,"25":0.002336,"26":0.001752,"27":0.002044,"28":0.00146,"29":0.004088,"30":0.007592,"31":0.004672,"32":0.005256,"33":0.00584,"34":0.004088,"35":0.00584,"36":0.004964,"37":0.01022,"38":0.025696,"39":0.0146,"40":0.065992,"41":0.36646,"42":0.019856,"43":0.002336,"44":0.000584},"opera":{"9":0,"9.5-9.6":0.000292,"10.0-10.1":0.000584,"10.5":0.000584,"10.6":0.003212,"11":0.002336,"11.1":0.000876,"11.5":0.003796,"11.6":0.005548,"12":0.001752,"12.1":0.162352,"15":0.000292,"16":0.002044,"17":0.000292,"18":0.001168,"19":0.000584,"20":0.00146,"21":0.000292,"22":0.00146,"23":0.001168,"24":0,"25":0.000292,"26":0.002336,"27":0.002044,"28":0.002044,"29":0.006424,"30":0.0073,"31":0.004964,"32":0.1022,"33":0.003796,"34":0},"safari":{"3.1":0,"3.2":0,"4":0.000876,"5":0.005548,"5.1":0.004672,"6":0.001168,"6.1":0.001168,"7":0.004088,"7.1":0.006132,"8":0.0219,"9":0.011096},"android":{"2.1":0,"2.2":0,"2.3":0.0209590321022,"3":0,"4":0.0611009071453,"4.1":0.219181742492,"4.2-4.3":0.45825680359,"4.4":0.855412700035,"4.4.3-4.4.4":0.443336814636,"44":null},"ios_saf":{"3.2":0,"4.0-4.1":0,"4.2-4.3":0,"5.0-5.1":0.000775637574412,"6.0-6.1":0.000812572697003,"7.0-7.1":0.0197972257088,"8":0.00265932882656,"8.1-8.4":0.0884965537282,"9.0-9.1":0.253522681465},"op_mob":{"10":0,"11":0,"11.1":0,"11.5":0,"12":0.21280574746,"12.1":0.63841724238,"0":7.4482011611},"ie":{"5.5":0,"6":0.000590268336315,"7":0.0020659391771,"8":0.0711273345259,"9":0.0165275134168,"10":0.0634538461538,"11":0.174424293381},"bb":{"7":0.029124,"10":null},"ie_mob":{"10":0.118876505747,"11":0.541267494253},"op_mini":{"5.0-8.0":79.6744718491},"and_chr":{"0":1.321972},"and_ff":{"0":0.029124},"edge":{"12":0.015184,"13":null},"and_uc":{"0":4.155024}},"total":98.690429195}