{"id":"CF","name":"Central African Republic","month":"2015-10","access_date":"2015-11-03","data":{"chrome":{"4":0.004546,"5":0,"6":0.100012,"7":0,"8":0.004546,"9":0,"10":0.009092,"11":0.09092,"12":0.013638,"13":0.004546,"14":0,"15":0,"16":0.02273,"17":0.02273,"18":0,"19":0,"20":0,"21":0.004546,"22":0,"23":0,"24":0,"25":0.013638,"26":0,"27":0,"28":0,"29":0,"30":0,"31":1.1365,"32":0.013638,"33":0.004546,"34":0.013638,"35":0,"36":0.054552,"37":0,"38":0.036368,"39":0.395502,"40":0,"41":0.036368,"42":0.145472,"43":0.104558,"44":0.263668,"45":5.718868,"46":5.191532,"47":0.009092,"48":0.031822,"49":0},"firefox":{"2":0.063644,"3":0.200024,"3.5":0.004546,"3.6":0.200024,"4":0.063644,"5":0.009092,"6":0.004546,"7":0.013638,"8":0.031822,"9":0.013638,"10":0.154564,"11":0.013638,"12":0.127288,"13":0.081828,"14":0.050006,"15":0.013638,"16":0.177294,"17":0.013638,"18":0.018184,"19":0.095466,"20":0.027276,"21":0.118196,"22":0.122742,"23":0.031822,"24":0.281852,"25":0.095466,"26":0.004546,"27":0.013638,"28":0.040914,"29":0.050006,"30":0.459146,"31":0.168202,"32":0.345496,"33":0.236392,"34":0.081828,"35":0.145472,"36":0.200024,"37":0.154564,"38":0.34095,"39":0.827372,"40":1.968418,"41":11.155884,"42":0.127288,"43":0.06819,"44":0},"opera":{"9":0,"9.5-9.6":0,"10.0-10.1":0,"10.5":0,"10.6":0,"11":0.004546,"11.1":0,"11.5":0,"11.6":0,"12":0,"12.1":0.081828,"15":0,"16":0,"17":0,"18":0,"19":0.009092,"20":0.040914,"21":0.02273,"22":0.009092,"23":0.004546,"24":0.004546,"25":0,"26":0.02273,"27":0,"28":0,"29":0.004546,"30":0.06819,"31":0.031822,"32":0.922838,"33":0.095466,"34":0},"safari":{"3.1":0,"3.2":0,"4":0,"5":0,"5.1":0.004546,"6":0,"6.1":0,"7":0.118196,"7.1":0.018184,"8":0.27276,"9":0.195478},"android":{"2.1":0,"2.2":0,"2.3":0.208602045564,"3":0,"4":0.608127997239,"4.1":2.1814824087,"4.2-4.3":4.56095997929,"4.4":8.51379196134,"4.4.3-4.4.4":4.41246360787,"44":null},"ios_saf":{"3.2":0,"4.0-4.1":0,"4.2-4.3":0,"5.0-5.1":0.00910344385027,"6.0-6.1":0.00953694117647,"7.0-7.1":0.232354566845,"8":0.0312118074866,"8.1-8.4":1.03865959358,"9.0-9.1":2.97552564706},"op_mob":{"10":0,"11":0,"11.1":0,"11.5":0,"12":0.0408852104499,"12.1":0.12265563135,"0":1.43098236575},"ie":{"5.5":0,"6":0,"7":0.204738787129,"8":0.732509882838,"9":0.323032308581,"10":1.05554219142,"11":3.14387782013},"bb":{"7":0.1186245,"10":null},"ie_mob":{"10":0.110981586207,"11":0.505320413793},"op_mini":{"5.0-8.0":15.3074227925},"and_chr":{"0":9.15967},"and_ff":{"0":1.128978},"edge":{"12":0.109104,"13":null},"and_uc":{"0":6.51753}},"total":98.5886394901}