{"id":"CG","name":"Congo, Republic of the","month":"2015-10","access_date":"2015-11-03","data":{"chrome":{"4":0.00874,"5":0.003496,"6":0,"7":0,"8":0,"9":0.003496,"10":0.00874,"11":0.036708,"12":0.003496,"13":0.003496,"14":0.015732,"15":0.00874,"16":0,"17":0.001748,"18":0.013984,"19":0,"20":0,"21":0.001748,"22":0.041952,"23":0.001748,"24":0,"25":0.005244,"26":0.00874,"27":0.005244,"28":0.003496,"29":0.001748,"30":0.010488,"31":0.153824,"32":0,"33":0.108376,"34":0.005244,"35":0.012236,"36":0.048944,"37":0.01748,"38":0.010488,"39":0.022724,"40":0.054188,"41":0.027968,"42":0.110124,"43":0.047196,"44":0.181792,"45":2.590536,"46":1.741008,"47":0.02622,"48":0.005244,"49":0},"firefox":{"2":0.005244,"3":0.019228,"3.5":0.022724,"3.6":0.050692,"4":0.012236,"5":0.019228,"6":0.001748,"7":0.00874,"8":0.00874,"9":0.00874,"10":0.010488,"11":0.01748,"12":0.0437,"13":0.015732,"14":0.020976,"15":0.015732,"16":0.066424,"17":0.022724,"18":0.036708,"19":0.00874,"20":0.003496,"21":0.006992,"22":0.038456,"23":0.015732,"24":0.02622,"25":0.010488,"26":0.01748,"27":0.006992,"28":0.015732,"29":0.022724,"30":0.024472,"31":0.019228,"32":0.064676,"33":0.03496,"34":0.06992,"35":0.047196,"36":0.099636,"37":0.0437,"38":0.0874,"39":0.146832,"40":0.73416,"41":3.611368,"42":0.164312,"43":0.003496,"44":0},"opera":{"9":0,"9.5-9.6":0,"10.0-10.1":0,"10.5":0.006992,"10.6":0.00874,"11":0.010488,"11.1":0,"11.5":0.003496,"11.6":0.00874,"12":0.005244,"12.1":0.071668,"15":0.003496,"16":0.001748,"17":0.006992,"18":0.001748,"19":0,"20":0.001748,"21":0.005244,"22":0.001748,"23":0,"24":0.003496,"25":0,"26":0,"27":0.003496,"28":0.006992,"29":0.003496,"30":0.015732,"31":0.024472,"32":0.513912,"33":0.024472,"34":0},"safari":{"3.1":0.001748,"3.2":0,"4":0.001748,"5":0.012236,"5.1":0.031464,"6":0.010488,"6.1":0.00874,"7":0.022724,"7.1":0.073416,"8":0.12236,"9":0.12236},"android":{"2.1":0,"2.2":0,"2.3":0.0548644197446,"3":0,"4":0.159943732137,"4.1":0.573751643769,"4.2-4.3":1.19957799103,"4.4":2.23921224991,"4.4.3-4.4.4":1.16052196341,"44":null},"ios_saf":{"3.2":0,"4.0-4.1":0,"4.2-4.3":0,"5.0-5.1":0.00425202219756,"6.0-6.1":0.00445449944506,"7.0-7.1":0.108527804661,"8":0.0145783618202,"8.1-8.4":0.485135485017,"9.0-9.1":1.38980382686},"op_mob":{"10":0,"11":0,"11.1":0,"11.5":0,"12":0.136056197388,"12.1":0.408168592163,"0":4.76196690856},"ie":{"5.5":0,"6":0.00179315942029,"7":0.00537947826087,"8":0.326355014493,"9":0.378356637681,"10":0.537947826087,"11":1.58515292754},"bb":{"7":0.222804,"10":null},"ie_mob":{"10":0.150085226054,"11":0.683366773946},"op_mini":{"5.0-8.0":50.9394403019},"and_chr":{"0":4.875272},"and_ff":{"0":0.099024},"edge":{"12":0.089148,"13":null},"and_uc":{"0":12.328488}},"total":97.1489410435}