{"id":"CH","name":"Switzerland","month":"2015-10","access_date":"2015-11-03","data":{"chrome":{"4":0,"5":0,"6":0,"7":0,"8":0,"9":0,"10":0.007301,"11":0.029204,"12":0.007301,"13":0.007301,"14":0.007301,"15":0,"16":0,"17":0,"18":0,"19":0,"20":0,"21":0.014602,"22":0.065709,"23":0,"24":0,"25":0.014602,"26":0.014602,"27":0.007301,"28":0.007301,"29":0.014602,"30":0.007301,"31":0.058408,"32":0.051107,"33":0.094913,"34":0.109515,"35":0.087612,"36":0.094913,"37":0.051107,"38":0.080311,"39":0.204428,"40":0.094913,"41":0.160622,"42":0.248234,"43":0.306642,"44":0.408856,"45":8.695491,"46":8.476461,"47":0.058408,"48":0.029204,"49":0},"firefox":{"2":0,"3":0.007301,"3.5":0,"3.6":0.029204,"4":0.007301,"5":0.007301,"6":0.007301,"7":0,"8":0,"9":0,"10":0.021903,"11":0.007301,"12":0.021903,"13":0.007301,"14":0.007301,"15":0.007301,"16":0.043806,"17":0.021903,"18":0.007301,"19":0.007301,"20":0.014602,"21":0.029204,"22":0.007301,"23":0.007301,"24":0.043806,"25":0.014602,"26":0.014602,"27":0.043806,"28":0.051107,"29":0.058408,"30":0.021903,"31":0.175224,"32":0.036505,"33":0.080311,"34":0.058408,"35":0.102214,"36":0.116816,"37":0.124117,"38":0.58408,"39":0.459963,"40":1.744939,"41":11.878727,"42":0.116816,"43":0.036505,"44":0.007301},"opera":{"9":0,"9.5-9.6":0,"10.0-10.1":0,"10.5":0,"10.6":0,"11":0,"11.1":0,"11.5":0,"11.6":0,"12":0.007301,"12.1":0.102214,"15":0,"16":0,"17":0,"18":0,"19":0,"20":0,"21":0,"22":0,"23":0,"24":0,"25":0.007301,"26":0,"27":0,"28":0.014602,"29":0.007301,"30":0.007301,"31":0.007301,"32":0.554876,"33":0.021903,"34":0.007301},"safari":{"3.1":0,"3.2":0,"4":0.051107,"5":0.21903,"5.1":0.854217,"6":0.124117,"6.1":0.627886,"7":0.284739,"7.1":0.715498,"8":2.55535,"9":3.818423},"android":{"2.1":0,"2.2":0,"2.3":0.0289222093545,"3":0,"4":0.0843155933725,"4.1":0.302457680877,"4.2-4.3":0.632366950293,"4.4":1.18041830721,"4.4.3-4.4.4":0.611778258889,"44":null},"ios_saf":{"3.2":0,"4.0-4.1":0,"4.2-4.3":0,"5.0-5.1":0.0444935163959,"6.0-6.1":0.0466122552719,"7.0-7.1":1.13564403753,"8":0.152549199072,"8.1-8.4":5.07649834689,"9.0-9.1":14.5430236448},"op_mob":{"10":0,"11":0,"11.1":0,"11.5":0,"12":0.000195863570392,"12.1":0.000587590711176,"0":0.00685522496372},"ie":{"5.5":0,"6":0.00732101187757,"7":0.0366050593878,"8":0.51247083143,"9":1.32510314984,"10":1.01762065098,"11":13.0753272133},"bb":{"7":0.018893,"10":null},"ie_mob":{"10":0.113244249042,"11":0.515622750958},"op_mini":{"5.0-8.0":0.0733313207547},"and_chr":{"0":9.545967},"and_ff":{"0":0.037786},"edge":{"12":1.409093,"13":null},"and_uc":{"0":0.070174}},"total":97.1489159169}