{"id":"CI","name":"Cote d'Ivoire","month":"2015-10","access_date":"2015-11-03","data":{"chrome":{"4":0.015264,"5":0.01272,"6":0.007632,"7":0.010176,"8":0.015264,"9":0.068688,"10":0.017808,"11":0.078864,"12":0.066144,"13":0.027984,"14":0.035616,"15":0.015264,"16":0.035616,"17":0.020352,"18":0.007632,"19":0.007632,"20":0.002544,"21":0.015264,"22":0.005088,"23":0.015264,"24":0.002544,"25":0.017808,"26":0.043248,"27":0.048336,"28":0.030528,"29":0.053424,"30":0.03816,"31":0.058512,"32":0.01272,"33":0.160272,"34":0.015264,"35":0.033072,"36":0.078864,"37":0.02544,"38":0.05088,"39":0.043248,"40":0.071232,"41":0.048336,"42":0.277296,"43":0.297648,"44":0.35616,"45":3.938112,"46":5.026944,"47":0.045792,"48":0.02544,"49":0},"firefox":{"2":0.005088,"3":0.020352,"3.5":0.005088,"3.6":0.022896,"4":0.017808,"5":0.005088,"6":0.007632,"7":0.002544,"8":0.007632,"9":0.007632,"10":0.015264,"11":0.02544,"12":0.035616,"13":0.03816,"14":0.022896,"15":0.033072,"16":0.02544,"17":0.022896,"18":0.020352,"19":0.027984,"20":0.030528,"21":0.048336,"22":0.02544,"23":0.020352,"24":0.035616,"25":0.015264,"26":0.073776,"27":0.035616,"28":0.017808,"29":0.055968,"30":0.10176,"31":0.109392,"32":0.091584,"33":0.08904,"34":0.053424,"35":0.096672,"36":0.083952,"37":0.172992,"38":0.22896,"39":0.234048,"40":0.765744,"41":4.207776,"42":0.1272,"43":0.03816,"44":0.002544},"opera":{"9":0,"9.5-9.6":0,"10.0-10.1":0.002544,"10.5":0,"10.6":0,"11":0,"11.1":0,"11.5":0.002544,"11.6":0.005088,"12":0.002544,"12.1":0.185712,"15":0.002544,"16":0.005088,"17":0,"18":0.002544,"19":0.002544,"20":0.005088,"21":0.002544,"22":0.002544,"23":0,"24":0.002544,"25":0.002544,"26":0.002544,"27":0.002544,"28":0.007632,"29":0.007632,"30":0.02544,"31":0.015264,"32":0.676704,"33":0.035616,"34":0},"safari":{"3.1":0,"3.2":0,"4":0.005088,"5":0.01272,"5.1":0.02544,"6":0.005088,"6.1":0.017808,"7":0.02544,"7.1":0.030528,"8":0.1272,"9":0.1272},"android":{"2.1":0,"2.2":0,"2.3":0.0709938833276,"3":0,"4":0.206965219192,"4.1":0.742427559544,"4.2-4.3":1.55223914394,"4.4":2.89751306869,"4.4.3-4.4.4":1.5017011253,"44":null},"ios_saf":{"3.2":0,"4.0-4.1":0,"4.2-4.3":0,"5.0-5.1":0.00192260074665,"6.0-6.1":0.00201415316315,"7.0-7.1":0.0490720952477,"8":0.0065917739885,"8.1-8.4":0.219359589951,"9.0-9.1":0.628415786903},"op_mob":{"10":0,"11":0,"11.1":0,"11.5":0,"12":0.138821557813,"12.1":0.41646467344,"0":4.85875452346},"ie":{"5.5":0,"6":0.017904433213,"7":0.00767332851986,"8":0.17904433213,"9":0.117657703971,"10":0.191833212996,"11":0.892663884477},"bb":{"7":0.070832,"10":null},"ie_mob":{"10":0.127551877395,"11":0.580768122605},"op_mini":{"5.0-8.0":51.9747912453},"and_chr":{"0":5.400304},"and_ff":{"0":0.395168},"edge":{"12":0.142464,"13":null},"and_uc":{"0":2.259168}},"total":95.4383128953}