{"id":"CK","name":"Cook Islands","month":"2016-02","access_date":"2016-03-03","data":{"firefox":{"2":0,"3":0,"3.5":0,"3.6":0.02812,"4":0,"5":0.08436,"6":0,"7":0,"8":0,"9":0,"10":0.02812,"11":0,"12":0,"13":0,"14":0,"15":0,"16":0,"17":0,"18":0,"19":0,"20":0,"21":0,"22":0,"23":0.00703,"24":0,"25":0,"26":0.00703,"27":0,"28":0.4921,"29":0.10545,"30":0.02812,"31":0,"32":0,"33":0.00703,"34":0.02109,"35":0.02812,"36":0.00703,"37":0.00703,"38":0.59755,"39":0.04218,"40":0.23199,"41":0.04921,"42":0.19684,"43":1.86998,"44":5.35686,"45":0.01406,"46":0,"47":0},"chrome":{"4":0.02812,"5":0,"6":0,"7":0,"8":0,"9":0,"10":0,"11":0.03515,"12":0.13357,"13":0,"14":0,"15":0,"16":0,"17":0,"18":0,"19":0,"20":0,"21":0,"22":0,"23":0,"24":0,"25":0,"26":0,"27":0,"28":0.07733,"29":0.02109,"30":0.00703,"31":0.02109,"32":0.02812,"33":0,"34":0.05624,"35":0.04218,"36":0.02109,"37":0,"38":0,"39":0.09842,"40":0.00703,"41":0,"42":0.05624,"43":0.50616,"44":0.03515,"45":0.11248,"46":0.27417,"47":0.54834,"48":19.87381,"49":0.00703,"50":0.00703,"51":0},"opera":{"9":0,"9.5-9.6":0,"10.0-10.1":0,"10.5":0,"10.6":0,"11":0,"11.1":0,"11.5":0,"11.6":0,"12":0,"12.1":0,"15":0,"16":0,"17":0,"18":0.00703,"19":0,"20":0,"21":0,"22":0,"23":0,"24":0,"25":0,"26":0,"27":0,"28":0,"29":0,"30":0.01406,"31":0,"32":0,"33":0,"34":0.16872,"35":0.04921,"36":0},"safari":{"3.1":0,"3.2":0,"4":0.00703,"5":0,"5.1":0.03515,"6":0.01406,"6.1":0.04921,"7":0.30229,"7.1":0.01406,"8":0.80142,"9":1.15292,"9.1":0},"android":{"2.1":0,"2.2":0,"2.3":0.0182666399466,"3":0,"4":0.158046145625,"4.1":0.332770527722,"4.2-4.3":0.746549632599,"4.4":1.50342388778,"4.4.3-4.4.4":0.807703166333,"47":null},"ios_saf":{"3.2":0,"4.0-4.1":0,"4.2-4.3":0,"5.0-5.1":0,"6.0-6.1":0,"7.0-7.1":0.535710510393,"8":0.0363667709405,"8.1-8.4":1.47984783289,"9.0-9.2":11.5408548858,"9.3":null},"op_mob":{"10":0,"11":0,"11.1":0,"11.5":0,"12":0.000134375321337,"12.1":0.000134375321337,"0":0.00577813881748},"ie":{"5.5":0,"6":0.02109,"7":0,"8":11.98615,"9":0.46398,"10":0.46398,"11":12.59073},"bb":{"7":0.001485,"10":null},"ie_mob":{"10":0.13860961165,"11":0.61280038835},"edge":{"12":0.37962,"13":0.50616,"14":0},"and_uc":{"0":0.6831},"op_mini":{"5.0-8.0":2.34619311054},"and_chr":{"0":16.04184},"and_ff":{"0":0.03861}},"total":97.261265}