{"id":"CK","name":"Cook Islands","month":"2015-10","access_date":"2015-11-03","data":{"chrome":{"4":0,"5":0,"6":0,"7":0,"8":0,"9":0,"10":0,"11":0,"12":0.026868,"13":0,"14":0,"15":0,"16":0,"17":0,"18":0,"19":0,"20":0,"21":0.04478,"22":0,"23":0,"24":0,"25":0.008956,"26":0.008956,"27":0,"28":0.071648,"29":0,"30":0.008956,"31":0.035824,"32":0.053736,"33":0.017912,"34":0.008956,"35":0.04478,"36":0.008956,"37":0.017912,"38":0.035824,"39":0.04478,"40":0.026868,"41":0.008956,"42":0.053736,"43":0.17912,"44":0.13434,"45":4.012288,"46":3.295808,"47":0,"48":0,"49":0},"firefox":{"2":0,"3":0,"3.5":0,"3.6":0.008956,"4":0,"5":0.053736,"6":0,"7":0,"8":0,"9":0,"10":0.008956,"11":0,"12":0.017912,"13":0,"14":0,"15":0,"16":0.008956,"17":0,"18":0,"19":0,"20":0,"21":0,"22":0,"23":0,"24":0,"25":0,"26":0.008956,"27":0,"28":0.098516,"29":0.188076,"30":0.008956,"31":0.008956,"32":0.008956,"33":0.008956,"34":0.008956,"35":0.026868,"36":0,"37":0.098516,"38":1.020984,"39":0.116428,"40":0.698568,"41":3.242072,"42":0.098516,"43":0,"44":0},"opera":{"9":0,"9.5-9.6":0,"10.0-10.1":0,"10.5":0,"10.6":0,"11":0,"11.1":0,"11.5":0,"11.6":0,"12":0,"12.1":0,"15":0,"16":0,"17":0,"18":0,"19":0,"20":0,"21":0,"22":0,"23":0,"24":0,"25":0,"26":0,"27":0,"28":0,"29":0,"30":0,"31":0,"32":0.098516,"33":0,"34":0},"safari":{"3.1":0,"3.2":0,"4":0.053736,"5":0.008956,"5.1":0.053736,"6":0.017912,"6.1":0.116428,"7":0.170164,"7.1":0.107472,"8":0.26868,"9":0.188076},"android":{"2.1":0,"2.2":0,"2.3":0.0207706068347,"3":0,"4":0.0605515995858,"4.1":0.217211261305,"4.2-4.3":0.454136996893,"4.4":0.847722394201,"4.4.3-4.4.4":0.439351141181,"44":null},"ios_saf":{"3.2":0,"4.0-4.1":0,"4.2-4.3":0,"5.0-5.1":0.0113190317829,"6.0-6.1":0.0118580332963,"7.0-7.1":0.28890481122,"8":0.0388081089698,"8.1-8.4":1.29144762627,"9.0-9.1":3.69970638846},"op_mob":{"10":0,"11":0,"11.1":0,"11.5":0,"12":0.000176777939042,"12.1":0.000530333817126,"0":0.00618722786647},"ie":{"5.5":0,"6":0.00896317053643,"7":0,"8":5.53923939151,"9":0.358526821457,"10":0.304747798239,"11":4.94767013611},"bb":{"7":0.002871,"10":null},"ie_mob":{"10":0.03008,"11":0.13696},"op_mini":{"5.0-8.0":0.0661856603774},"and_chr":{"0":5.384988},"and_ff":{"0":0.053244},"edge":{"12":0.143296,"13":null},"and_uc":{"0":0.084564}},"total":39.4244503179}