{"id":"CM","name":"Cameroon","month":"2016-02","access_date":"2016-03-03","data":{"firefox":{"2":0.026838,"3":0.2982,"3.5":0.01491,"3.6":0.05964,"4":0.023856,"5":0.01491,"6":0.01491,"7":0.017892,"8":0.032802,"9":0.01491,"10":0.041748,"11":0.047712,"12":0.08946,"13":0.038766,"14":0.041748,"15":0.065604,"16":0.07455,"17":0.098406,"18":0.04473,"19":0.05964,"20":0.080514,"21":0.098406,"22":0.068586,"23":0.071568,"24":0.086478,"25":0.122262,"26":0.086478,"27":0.056658,"28":0.062622,"29":0.20874,"30":0.28329,"31":0.235578,"32":0.137172,"33":0.166992,"34":0.158046,"35":0.232596,"36":0.17892,"37":0.28329,"38":0.354858,"39":0.244524,"40":0.32802,"41":0.411516,"42":0.497994,"43":4.270224,"44":4.634028,"45":0.575526,"46":0.07455,"47":0.026838},"chrome":{"4":0.008946,"5":0.008946,"6":0.002982,"7":0.005964,"8":0.005964,"9":0.002982,"10":0.011928,"11":0.098406,"12":0.026838,"13":0.020874,"14":0.008946,"15":0.011928,"16":0.017892,"17":0.002982,"18":0.002982,"19":0.005964,"20":0,"21":0.011928,"22":0.002982,"23":0.005964,"24":0,"25":0.026838,"26":0.017892,"27":0.020874,"28":0.020874,"29":0.02982,"30":0.01491,"31":0.053676,"32":0.011928,"33":0.035784,"34":0.011928,"35":0.047712,"36":0.02982,"37":0.017892,"38":0.011928,"39":0.02982,"40":0.04473,"41":0.071568,"42":0.041748,"43":0.181902,"44":0.205758,"45":0.247506,"46":0.116298,"47":0.319074,"48":5.90436,"49":0.04473,"50":0.056658,"51":0},"opera":{"9":0,"9.5-9.6":0,"10.0-10.1":0,"10.5":0,"10.6":0.002982,"11":0.002982,"11.1":0,"11.5":0.005964,"11.6":0.035784,"12":0.026838,"12.1":0.098406,"15":0.005964,"16":0,"17":0.002982,"18":0.011928,"19":0.002982,"20":0.011928,"21":0.002982,"22":0.005964,"23":0,"24":0.002982,"25":0.002982,"26":0.005964,"27":0.002982,"28":0.053676,"29":0.023856,"30":0.026838,"31":0.011928,"32":0.023856,"33":0.02982,"34":0.259434,"35":0.468174,"36":0.002982},"safari":{"3.1":0,"3.2":0,"4":0.011928,"5":0.011928,"5.1":0.023856,"6":0.01491,"6.1":0.008946,"7":0.020874,"7.1":0.011928,"8":0.032802,"9":0.131208,"9.1":0.002982},"android":{"2.1":0,"2.2":0,"2.3":0.0542657114228,"3":0,"4":0.469516372745,"4.1":0.988579699399,"4.2-4.3":2.21781603206,"4.4":4.46630398798,"4.4.3-4.4.4":2.39948819639,"47":null},"ios_saf":{"3.2":0,"4.0-4.1":0,"4.2-4.3":0,"5.0-5.1":0,"6.0-6.1":0,"7.0-7.1":0.0551901502367,"8":0.0037465898333,"8.1-8.4":0.152457386293,"9.0-9.2":1.18896587364,"9.3":null},"op_mob":{"10":0,"11":0,"11.1":0,"11.5":0,"12":0.00151425227078,"12.1":0.00151425227078,"0":0.0651128476435},"ie":{"5.5":0,"6":0.0272020813953,"7":0.0332469883721,"8":0.268998360465,"9":0.0846286976744,"10":0.217616651163,"11":0.906736046512},"bb":{"7":0.129833,"10":null},"ie_mob":{"10":0.278335242718,"11":1.23053475728},"edge":{"12":0.161028,"13":0.086478,"14":0},"and_uc":{"0":17.811684},"op_mini":{"5.0-8.0":26.4388446478},"and_chr":{"0":11.963912},"and_ff":{"0":0.45617}},"total":96.6031738256}