{"id":"CN","name":"China","month":"2016-02","access_date":"2016-03-03","data":{"firefox":{"2":0,"3":0.022796,"3.5":0.005699,"3.6":0.011398,"4":0.005699,"5":0.005699,"6":0.005699,"7":0,"8":0.51291,"9":0,"10":0,"11":0,"12":0,"13":0,"14":0.017097,"15":0,"16":0,"17":0.005699,"18":0,"19":0,"20":0,"21":0.250756,"22":0.039893,"23":0.039893,"24":0.039893,"25":0.051291,"26":0,"27":0.028495,"28":0.028495,"29":0.034194,"30":0.005699,"31":0.102582,"32":0.005699,"33":0.017097,"34":0.005699,"35":0.017097,"36":0.017097,"37":0.245057,"38":0.028495,"39":0.017097,"40":0.05699,"41":0.022796,"42":0.039893,"43":0.427425,"44":0.917539,"45":0.011398,"46":0,"47":0},"chrome":{"4":0,"5":0,"6":0,"7":0,"8":0,"9":0,"10":0,"11":0.119679,"12":0,"13":0,"14":0.005699,"15":0,"16":0.005699,"17":0.028495,"18":0.011398,"19":0,"20":0.062689,"21":0.182368,"22":0.028495,"23":0.005699,"24":0.017097,"25":0.011398,"26":0.05699,"27":0.11398,"28":0.068388,"29":0.148174,"30":0.131077,"31":12.355432,"32":0.102582,"33":0.119679,"34":0.096883,"35":0.102582,"36":0.153873,"37":0.079786,"38":0.108281,"39":1.612817,"40":0.068388,"41":0.592696,"42":2.194115,"43":0.182368,"44":0.917539,"45":6.941382,"46":0.530007,"47":1.037218,"48":1.464643,"49":0.062689,"50":0.022796,"51":0},"opera":{"9":0,"9.5-9.6":0,"10.0-10.1":0,"10.5":0,"10.6":0,"11":0,"11.1":0,"11.5":0,"11.6":0.028495,"12":0.051291,"12.1":0.068388,"15":0,"16":0,"17":0,"18":0,"19":0,"20":0,"21":0,"22":0,"23":0,"24":0,"25":0,"26":0,"27":0,"28":0.410328,"29":0,"30":0,"31":0,"32":0,"33":0.005699,"34":0.028495,"35":0.119679,"36":0},"safari":{"3.1":0,"3.2":0,"4":0.017097,"5":0.068388,"5.1":0.039893,"6":0.011398,"6.1":0.011398,"7":0.028495,"7.1":0.005699,"8":0.079786,"9":0.410328,"9.1":0.005699},"android":{"2.1":0,"2.2":0,"2.3":0.0601121465153,"3":0,"4":0.520100745936,"4.1":1.09508649521,"4.2-4.3":2.45675729236,"4.4":4.94749101536,"4.4.3-4.4.4":2.65800230461,"47":null},"ios_saf":{"3.2":0,"4.0-4.1":0,"4.2-4.3":0,"5.0-5.1":0,"6.0-6.1":0,"7.0-7.1":0.361377604548,"8":0.0245321611443,"8.1-8.4":0.99827024964,"9.0-9.2":7.78518698467,"9.3":null},"op_mob":{"10":0,"11":0,"11.1":0,"11.5":0,"12":3.19411596687e-6,"12.1":3.19411596687e-6,"0":0.000137346986575},"ie":{"5.5":0,"6":0.593895789474,"7":0.123728289474,"8":5.93070934211,"9":2.33434039474,"10":1.08056039474,"11":4.25625315789},"bb":{"7":0.030107,"10":null},"ie_mob":{"10":0.0468099126214,"11":0.206949087379},"edge":{"12":0.176669,"13":0.461619,"14":0},"and_uc":{"0":12.133121},"op_mini":{"5.0-8.0":0.0557692647815},"and_chr":{"0":11.201879},"and_ff":{"0":0.030107}},"total":93.7464813684}