{"id":"CN","name":"China","month":"2015-10","access_date":"2015-11-03","data":{"chrome":{"4":0,"5":0,"6":0,"7":0,"8":0,"9":0,"10":0,"11":0.08136,"12":0,"13":0,"14":0.005424,"15":0.005424,"16":0.005424,"17":0.037968,"18":0.005424,"19":0.005424,"20":0.059664,"21":0.206112,"22":0.010848,"23":0.005424,"24":0.010848,"25":0.021696,"26":0.059664,"27":0.048816,"28":0.043392,"29":0.065088,"30":0.151872,"31":14.986512,"32":0.119328,"33":0.1356,"34":0.086784,"35":0.086784,"36":0.113904,"37":0.065088,"38":0.173568,"39":1.052256,"40":0.092208,"41":0.390528,"42":4.44768,"43":0.395952,"44":1.05768,"45":1.822464,"46":0.477312,"47":0.032544,"48":0.010848,"49":0},"firefox":{"2":0,"3":0.021696,"3.5":0,"3.6":0.010848,"4":0.037968,"5":0.005424,"6":0.005424,"7":0.005424,"8":0.51528,"9":0.005424,"10":0,"11":0,"12":0,"13":0,"14":0.005424,"15":0,"16":0,"17":0.005424,"18":0,"19":0,"20":0,"21":0.05424,"22":0.010848,"23":0.010848,"24":0.010848,"25":0.010848,"26":0,"27":0.005424,"28":0.010848,"29":0.010848,"30":0.005424,"31":0.021696,"32":0.005424,"33":0.010848,"34":0.005424,"35":0.021696,"36":0.010848,"37":0.065088,"38":0.05424,"39":0.048816,"40":0.320016,"41":1.035984,"42":0.010848,"43":0,"44":0},"opera":{"9":0,"9.5-9.6":0,"10.0-10.1":0,"10.5":0,"10.6":0,"11":0,"11.1":0.005424,"11.5":0,"11.6":0.005424,"12":0.010848,"12.1":0.02712,"15":0,"16":0,"17":0,"18":0,"19":0,"20":0,"21":0,"22":0,"23":0,"24":0,"25":0,"26":0,"27":0,"28":0.08136,"29":0,"30":0,"31":0.005424,"32":0.124752,"33":0.005424,"34":0},"safari":{"3.1":0,"3.2":0,"4":0.021696,"5":0.05424,"5.1":0.016272,"6":0.010848,"6.1":0.010848,"7":0.021696,"7.1":0.02712,"8":0.151872,"9":0.24408},"android":{"2.1":0,"2.2":0,"2.3":0.12691912185,"3":0,"4":0.370001507767,"4.1":1.32727285054,"4.2-4.3":2.77501130825,"4.4":5.18002110873,"4.4.3-4.4.4":2.68466210287,"44":null},"ios_saf":{"3.2":0,"4.0-4.1":0,"4.2-4.3":0,"5.0-5.1":0.0154065373827,"6.0-6.1":0.01614018202,"7.0-7.1":0.393233525578,"8":0.0528224138836,"8.1-8.4":1.7578125509,"9.0-9.1":5.03573679023},"op_mob":{"10":0,"11":0,"11.1":0,"11.5":0,"12":0.000166037735849,"12.1":0.000498113207547,"0":0.00581132075472},"ie":{"5.5":0,"6":1.26472657005,"7":0.0978241545894,"8":7.58137198068,"9":2.70413913043,"10":1.56518647343,"11":3.90597874396},"bb":{"7":0.00572,"10":null},"ie_mob":{"10":0.0271930114943,"11":0.123814988506},"op_mini":{"5.0-8.0":0.0621645283019},"and_chr":{"0":5.443248},"and_ff":{"0":0.018304},"edge":{"12":0.341712,"13":null},"and_uc":{"0":19.255808}},"total":91.6995070531}