{"id":"CO","name":"Colombia","month":"2015-10","access_date":"2015-11-03","data":{"chrome":{"4":0,"5":0,"6":0,"7":0,"8":0.007694,"9":0.007694,"10":0.007694,"11":0.046164,"12":0.007694,"13":0.007694,"14":0,"15":0.007694,"16":0,"17":0.007694,"18":0.03847,"19":0.007694,"20":0.007694,"21":0.015388,"22":0.161574,"23":0.015388,"24":0.007694,"25":0.015388,"26":0.069246,"27":0.015388,"28":0.030776,"29":0.046164,"30":0.030776,"31":0.123104,"32":0.053858,"33":0.053858,"34":0.084634,"35":0.107716,"36":0.15388,"37":0.130798,"38":0.176962,"39":0.253902,"40":0.161574,"41":0.184656,"42":0.284678,"43":0.823258,"44":1.1541,"45":26.944388,"46":26.675098,"47":0.11541,"48":0.03847,"49":0},"firefox":{"2":0.007694,"3":0.015388,"3.5":0.007694,"3.6":0.023082,"4":0.007694,"5":0,"6":0.015388,"7":0,"8":0.007694,"9":0,"10":0.007694,"11":0.015388,"12":0.015388,"13":0.007694,"14":0.007694,"15":0.007694,"16":0.007694,"17":0.007694,"18":0.007694,"19":0.007694,"20":0.015388,"21":0.015388,"22":0.007694,"23":0.007694,"24":0.007694,"25":0.007694,"26":0.007694,"27":0.007694,"28":0.015388,"29":0.015388,"30":0.023082,"31":0.030776,"32":0.023082,"33":0.030776,"34":0.030776,"35":0.03847,"36":0.03847,"37":0.061552,"38":0.176962,"39":0.207738,"40":0.584744,"41":3.88547,"42":0.030776,"43":0.015388,"44":0},"opera":{"9":0,"9.5-9.6":0,"10.0-10.1":0,"10.5":0,"10.6":0,"11":0,"11.1":0,"11.5":0,"11.6":0,"12":0,"12.1":0.07694,"15":0,"16":0,"17":0,"18":0,"19":0,"20":0,"21":0,"22":0,"23":0,"24":0,"25":0,"26":0,"27":0,"28":0.007694,"29":0.007694,"30":0.015388,"31":0.015388,"32":0.569356,"33":0.030776,"34":0},"safari":{"3.1":0,"3.2":0,"4":0.023082,"5":0.023082,"5.1":0.07694,"6":0.03847,"6.1":0.100022,"7":0.100022,"7.1":0.223126,"8":0.823258,"9":0.992526},"android":{"2.1":0,"2.2":0,"2.3":0.0620600776666,"3":0,"4":0.180920904384,"4.1":0.649001151191,"4.2-4.3":1.35690678288,"4.4":2.53289266137,"4.4.3-4.4.4":1.31272842251,"44":null},"ios_saf":{"3.2":0,"4.0-4.1":0,"4.2-4.3":0,"5.0-5.1":0.00667056704672,"6.0-6.1":0.00698821309656,"7.0-7.1":0.170258282716,"8":0.0228705155887,"8.1-8.4":0.761079935425,"9.0-9.1":2.18032248613},"op_mob":{"10":0,"11":0,"11.1":0,"11.5":0,"12":0.00187425253991,"12.1":0.00562275761974,"0":0.065598838897},"ie":{"5.5":0,"6":0.0240752013769,"7":0.0240752013769,"8":0.99510832358,"9":0.401253356282,"10":0.601880034423,"11":2.4717206747},"bb":{"7":0.1251005,"10":null},"ie_mob":{"10":0.170670505747,"11":0.777095494253},"op_mini":{"5.0-8.0":0.701720150943},"and_chr":{"0":15.156164},"and_ff":{"0":0.043814},"edge":{"12":0.353924,"13":null},"and_uc":{"0":0.873974}},"total":98.7048812917}