{"id":"CR","name":"Costa Rica","month":"2015-10","access_date":"2015-11-03","data":{"chrome":{"4":0.006046,"5":0,"6":0.042322,"7":0,"8":0,"9":0,"10":0,"11":0.036276,"12":0.006046,"13":0,"14":0,"15":0,"16":0,"17":0,"18":0.012092,"19":0,"20":0.006046,"21":0.006046,"22":0.024184,"23":0.006046,"24":0.006046,"25":0.006046,"26":0.024184,"27":0.03023,"28":0.018138,"29":0.024184,"30":0.012092,"31":0.054414,"32":0.036276,"33":0.024184,"34":0.048368,"35":0.066506,"36":0.93713,"37":0.114874,"38":0.108828,"39":0.229748,"40":0.108828,"41":0.175334,"42":0.114874,"43":0.495772,"44":0.622738,"45":14.123456,"46":17.315744,"47":0.09069,"48":0.036276,"49":0},"firefox":{"2":0.006046,"3":0.018138,"3.5":0.006046,"3.6":0.054414,"4":0.012092,"5":0.006046,"6":0.012092,"7":0.006046,"8":0,"9":0.006046,"10":0.024184,"11":0.006046,"12":0.024184,"13":0,"14":0.03023,"15":0.006046,"16":0.03023,"17":0.006046,"18":0.006046,"19":0.006046,"20":0.018138,"21":0.054414,"22":0.006046,"23":0.012092,"24":0.012092,"25":0.018138,"26":0.012092,"27":0.006046,"28":0.018138,"29":0.018138,"30":0.018138,"31":0.048368,"32":0.018138,"33":0.042322,"34":0.042322,"35":0.036276,"36":0.078598,"37":0.133012,"38":0.3023,"39":0.284162,"40":1.033866,"41":7.049636,"42":0.078598,"43":0.018138,"44":0},"opera":{"9":0,"9.5-9.6":0,"10.0-10.1":0,"10.5":0,"10.6":0,"11":0,"11.1":0,"11.5":0.006046,"11.6":0.006046,"12":0.012092,"12.1":0.054414,"15":0,"16":0,"17":0,"18":0,"19":0,"20":0,"21":0,"22":0,"23":0,"24":0,"25":0.006046,"26":0,"27":0.102782,"28":0.06046,"29":0.018138,"30":0.048368,"31":0.012092,"32":0.683198,"33":0.03023,"34":0},"safari":{"3.1":0,"3.2":0,"4":0.03023,"5":0.078598,"5.1":0.18138,"6":0.048368,"6.1":0.157196,"7":0.108828,"7.1":0.284162,"8":1.336166,"9":1.759386},"android":{"2.1":0,"2.2":0,"2.3":0.122202461857,"3":0,"4":0.356251244736,"4.1":1.27794777908,"4.2-4.3":2.67188433552,"4.4":4.9875174263,"4.4.3-4.4.4":2.5848927525,"44":null},"ios_saf":{"3.2":0,"4.0-4.1":0,"4.2-4.3":0,"5.0-5.1":0.0149931863586,"6.0-6.1":0.0157071476138,"7.0-7.1":0.382683232772,"8":0.0514052103723,"8.1-8.4":1.71065116739,"9.0-9.1":4.90063005549},"op_mob":{"10":0,"11":0,"11.1":0,"11.5":0,"12":0.0140503773585,"12.1":0.0421511320755,"0":0.491763207547},"ie":{"5.5":0,"6":0.0061596733255,"7":0.012319346651,"8":0.49277386604,"9":0.43733680611,"10":0.535891579318,"11":3.65884595535},"bb":{"7":0.0128505,"10":null},"ie_mob":{"10":0.229983425287,"11":1.04715857471},"op_mini":{"5.0-8.0":5.26046128302},"and_chr":{"0":15.727806},"and_ff":{"0":0.047448},"edge":{"12":0.677152,"13":null},"and_uc":{"0":0.715674}},"total":98.1061137268}