{"id":"CV","name":"Cape Verde","month":"2015-10","access_date":"2015-11-03","data":{"chrome":{"4":0,"5":0.033225,"6":0.006645,"7":0.019935,"8":0,"9":0,"10":0.006645,"11":0.046515,"12":0.059805,"13":0.006645,"14":0,"15":0,"16":0,"17":0,"18":0.033225,"19":0.033225,"20":0.01329,"21":0.01329,"22":0.02658,"23":0,"24":0.006645,"25":0.033225,"26":0.019935,"27":0.006645,"28":0.02658,"29":0.02658,"30":0.006645,"31":0.17277,"32":0.112965,"33":0.232575,"34":0.05316,"35":0.10632,"36":0.724305,"37":0.02658,"38":0.033225,"39":0.259155,"40":0.61134,"41":0.112965,"42":0.711015,"43":2.611485,"44":0.85056,"45":16.273605,"46":15.369885,"47":0.21264,"48":0.126255,"49":0},"firefox":{"2":0,"3":0.006645,"3.5":0,"3.6":0.006645,"4":0.02658,"5":0,"6":0.006645,"7":0,"8":0.006645,"9":0.01329,"10":0.033225,"11":0.05316,"12":0.10632,"13":0.006645,"14":0.006645,"15":0.019935,"16":0.02658,"17":0.02658,"18":0.03987,"19":0.006645,"20":0.02658,"21":0.006645,"22":0.01329,"23":0.006645,"24":0.01329,"25":0.019935,"26":0.019935,"27":0.03987,"28":0.033225,"29":0.073095,"30":0.099675,"31":0.046515,"32":0.059805,"33":0.099675,"34":0.09303,"35":0.10632,"36":0.17277,"37":0.11961,"38":0.219285,"39":0.259155,"40":0.9303,"41":4.95717,"42":0.139545,"43":0.006645,"44":0.01329},"opera":{"9":0,"9.5-9.6":0,"10.0-10.1":0,"10.5":0,"10.6":0,"11":0,"11.1":0,"11.5":0,"11.6":0,"12":0,"12.1":0.01329,"15":0.01329,"16":0,"17":0,"18":0,"19":0,"20":0,"21":0,"22":0,"23":0,"24":0,"25":0.046515,"26":0.006645,"27":0.10632,"28":0.006645,"29":0.033225,"30":0.18606,"31":0.033225,"32":0.897075,"33":0.046515,"34":0},"safari":{"3.1":0,"3.2":0,"4":0.006645,"5":0.06645,"5.1":0.07974,"6":0.01329,"6.1":0.51831,"7":0.06645,"7.1":0.06645,"8":0.27909,"9":0.34554},"android":{"2.1":0,"2.2":0,"2.3":0.124295454781,"3":0,"4":0.362352851225,"4.1":1.29983551864,"4.2-4.3":2.71764638419,"4.4":5.07293991716,"4.4.3-4.4.4":2.62916487401,"44":null},"ios_saf":{"3.2":0,"4.0-4.1":0,"4.2-4.3":0,"5.0-5.1":0.0113180804157,"6.0-6.1":0.011857036626,"7.0-7.1":0.288880528705,"8":0.0388048471395,"8.1-8.4":1.29133907981,"9.0-9.1":3.6993954273},"op_mob":{"10":0,"11":0,"11.1":0,"11.5":0,"12":0.0125629898403,"12.1":0.037688969521,"0":0.439704644412},"ie":{"5.5":0,"6":0.033225,"7":0.006645,"8":0.50502,"9":0.45186,"10":1.0632,"11":6.239655},"bb":{"7":0.0117425,"10":null},"ie_mob":{"10":0.262808333333,"11":1.19661666667},"op_mini":{"5.0-8.0":4.70358339623},"and_chr":{"0":12.939765},"and_ff":{"0":0.04697},"edge":{"12":0.59805,"13":null},"and_uc":{"0":2.63032}},"total":98.5514575}