{"id":"CY","name":"Cyprus","month":"2015-10","access_date":"2015-11-03","data":{"chrome":{"4":0,"5":0,"6":0,"7":0,"8":0.007647,"9":0,"10":0,"11":0.053529,"12":0.007647,"13":0,"14":0,"15":0,"16":0.007647,"17":0,"18":0.007647,"19":0,"20":0,"21":0.007647,"22":0.053529,"23":0.015294,"24":0.007647,"25":0.015294,"26":0.022941,"27":0.015294,"28":0.007647,"29":0.015294,"30":0.061176,"31":0.053529,"32":0.022941,"33":0.053529,"34":0.030588,"35":0.061176,"36":0.084117,"37":0.084117,"38":0.107058,"39":0.198822,"40":0.084117,"41":0.191175,"42":0.221763,"43":0.588819,"44":0.619407,"45":19.04103,"46":20.532195,"47":0.099411,"48":0.068823,"49":0},"firefox":{"2":0,"3":0.015294,"3.5":0,"3.6":0.038235,"4":0.015294,"5":0,"6":0.007647,"7":0,"8":0.007647,"9":0.015294,"10":0.007647,"11":0,"12":0.015294,"13":0.007647,"14":0.007647,"15":0.007647,"16":0.022941,"17":0.007647,"18":0,"19":0.007647,"20":0.007647,"21":0.015294,"22":0.007647,"23":0.007647,"24":0.007647,"25":0.007647,"26":0.084117,"27":0.007647,"28":0.007647,"29":0.015294,"30":0.015294,"31":0.015294,"32":0.015294,"33":0.022941,"34":0.022941,"35":0.030588,"36":0.030588,"37":0.07647,"38":0.15294,"39":0.298233,"40":1.131756,"41":7.960527,"42":0.084117,"43":0.007647,"44":0.022941},"opera":{"9":0,"9.5-9.6":0,"10.0-10.1":0,"10.5":0,"10.6":0,"11":0,"11.1":0,"11.5":0,"11.6":0,"12":0,"12.1":0.061176,"15":0,"16":0,"17":0,"18":0,"19":0,"20":0,"21":0,"22":0,"23":0,"24":0,"25":0,"26":0,"27":0,"28":0.007647,"29":0.007647,"30":0.007647,"31":0.015294,"32":0.802935,"33":0.030588,"34":0},"safari":{"3.1":0,"3.2":0,"4":0.022941,"5":0.061176,"5.1":0.252351,"6":0.022941,"6.1":0.107058,"7":0.053529,"7.1":0.145293,"8":0.542937,"9":1.017051},"android":{"2.1":0,"2.2":0,"2.3":0.0576184794615,"3":0,"4":0.167972516396,"4.1":0.602552573352,"4.2-4.3":1.25979387297,"4.4":2.35161522955,"4.4.3-4.4.4":1.21877732827,"44":null},"ios_saf":{"3.2":0,"4.0-4.1":0,"4.2-4.3":0,"5.0-5.1":0.0220811599233,"6.0-6.1":0.0231326437292,"7.0-7.1":0.563595319948,"8":0.0757068340228,"8.1-8.4":2.51935519887,"9.0-9.1":7.21738484351},"op_mob":{"10":0,"11":0,"11.1":0,"11.5":0,"12":0.000734245283019,"12.1":0.00220273584906,"0":0.0256985849057},"ie":{"5.5":0,"6":0.0154515540839,"7":0.0386288852097,"8":1.39063986755,"9":0.679868379691,"10":0.625787940397,"11":7.7180512649},"bb":{"7":0.01000025,"10":null},"ie_mob":{"10":0.0834729003831,"11":0.380068099617},"op_mini":{"5.0-8.0":0.274901433962},"and_chr":{"0":14.262076},"and_ff":{"0":0.025883},"edge":{"12":0.948228,"13":null},"and_uc":{"0":0.58825}},"total":98.9955701418}