{"id":"DE","name":"Germany","month":"2015-10","access_date":"2015-11-03","data":{"chrome":{"4":0,"5":0,"6":0,"7":0,"8":0,"9":0,"10":0,"11":0.055356,"12":0.007908,"13":0,"14":0,"15":0,"16":0,"17":0,"18":0.007908,"19":0,"20":0,"21":0.007908,"22":0.071172,"23":0.007908,"24":0.007908,"25":0.007908,"26":0.031632,"27":0.007908,"28":0.015816,"29":0.015816,"30":0.007908,"31":0.086988,"32":0.023724,"33":0.071172,"34":0.102804,"35":0.063264,"36":0.047448,"37":0.181884,"38":0.063264,"39":0.142344,"40":0.134436,"41":0.150252,"42":0.205608,"43":0.403308,"44":0.347952,"45":9.663576,"46":9.758472,"47":0.071172,"48":0.047448,"49":0},"firefox":{"2":0.015816,"3":0.015816,"3.5":0.007908,"3.6":0.063264,"4":0.015816,"5":0.007908,"6":0.007908,"7":0.007908,"8":0.007908,"9":0.015816,"10":0.031632,"11":0.015816,"12":0.055356,"13":0.015816,"14":0.015816,"15":0.015816,"16":0.047448,"17":0.031632,"18":0.015816,"19":0.015816,"20":0.031632,"21":0.023724,"22":0.015816,"23":0.023724,"24":0.086988,"25":0.015816,"26":0.047448,"27":0.03954,"28":0.063264,"29":0.055356,"30":0.071172,"31":0.260964,"32":0.07908,"33":0.134436,"34":0.181884,"35":0.1977,"36":0.189792,"37":0.205608,"38":1.692312,"39":1.138752,"40":3.250188,"41":22.18194,"42":0.213516,"43":0.03954,"44":0.015816},"opera":{"9":0,"9.5-9.6":0,"10.0-10.1":0.007908,"10.5":0,"10.6":0,"11":0,"11.1":0.007908,"11.5":0.007908,"11.6":0.015816,"12":0.007908,"12.1":0.379584,"15":0,"16":0,"17":0,"18":0,"19":0,"20":0.007908,"21":0,"22":0.007908,"23":0.007908,"24":0.007908,"25":0.007908,"26":0.007908,"27":0.007908,"28":0.023724,"29":0.015816,"30":0.023724,"31":0.102804,"32":1.34436,"33":0.063264,"34":0},"safari":{"3.1":0,"3.2":0,"4":0.047448,"5":0.102804,"5.1":0.31632,"6":0.03954,"6.1":0.189792,"7":0.110712,"7.1":0.284688,"8":1.043856,"9":1.763484},"android":{"2.1":0,"2.2":0,"2.3":0.0453133848809,"3":0,"4":0.13210003728,"4.1":0.473870482568,"4.2-4.3":0.9907502796,"4.4":1.84940052192,"4.4.3-4.4.4":0.958493293752,"44":null},"ios_saf":{"3.2":0,"4.0-4.1":0,"4.2-4.3":0,"5.0-5.1":0.0202116323277,"6.0-6.1":0.02117409101,"7.0-7.1":0.515877853698,"8":0.0692970251236,"8.1-8.4":2.30605100272,"9.0-9.1":6.60631639512},"op_mob":{"10":0,"11":0,"11.1":0,"11.5":0,"12":0.000703405902274,"12.1":0.00211021770682,"0":0.0246192065796},"ie":{"5.5":0,"6":0.0399404726536,"7":0.0399404726536,"8":0.702952318704,"9":0.838749925726,"10":0.750880885888,"11":9.40997535719},"bb":{"7":0.012552,"10":null},"ie_mob":{"10":0.100584321839,"11":0.457979678161},"op_mini":{"5.0-8.0":0.263355169811},"and_chr":{"0":11.66758},"and_ff":{"0":0.07322},"edge":{"12":1.178292,"13":null},"and_uc":{"0":0.422584}},"total":98.4308114328}