{"id":"DJ","name":"Djibouti","month":"2015-10","access_date":"2015-11-03","data":{"chrome":{"4":0,"5":0,"6":0.010416,"7":0,"8":0.005208,"9":0.05208,"10":0.010416,"11":0.05208,"12":0.007812,"13":0,"14":0.002604,"15":0.010416,"16":0.010416,"17":0.002604,"18":0,"19":0,"20":0.010416,"21":0.005208,"22":0.031248,"23":0.01302,"24":0.007812,"25":0.015624,"26":0.002604,"27":0.01302,"28":0.005208,"29":0.028644,"30":0.031248,"31":0.11718,"32":0.018228,"33":0.080724,"34":0.020832,"35":0.005208,"36":0.036456,"37":0.018228,"38":0.033852,"39":0.072912,"40":0.088536,"41":0.023436,"42":0.450492,"43":0.515592,"44":0.36456,"45":5.825148,"46":5.983992,"47":0.119784,"48":0.1302,"49":0},"firefox":{"2":0,"3":0.007812,"3.5":0.002604,"3.6":0.036456,"4":0.03906,"5":0.005208,"6":0.007812,"7":0.002604,"8":0.018228,"9":0.018228,"10":0.005208,"11":0.031248,"12":0.382788,"13":0.010416,"14":0.028644,"15":0.01302,"16":0.02604,"17":0.005208,"18":0.005208,"19":0.028644,"20":0.023436,"21":0.057288,"22":0.007812,"23":0.080724,"24":0.007812,"25":0.010416,"26":0.01302,"27":0.010416,"28":0.005208,"29":0.080724,"30":0.054684,"31":0.02604,"32":0.036456,"33":0.033852,"34":0.14322,"35":0.192696,"36":0.05208,"37":0.093744,"38":0.140616,"39":0.109368,"40":1.038996,"41":3.1899,"42":0.578088,"43":0.002604,"44":0},"opera":{"9":0,"9.5-9.6":0,"10.0-10.1":0,"10.5":0,"10.6":0.002604,"11":0,"11.1":0,"11.5":0,"11.6":0.020832,"12":0,"12.1":0.007812,"15":0.005208,"16":0,"17":0.002604,"18":0,"19":0,"20":0.002604,"21":0.005208,"22":0,"23":0,"24":0,"25":0,"26":0,"27":0.002604,"28":0,"29":0.007812,"30":0.005208,"31":0.015624,"32":0.484344,"33":0.023436,"34":0},"safari":{"3.1":0,"3.2":0,"4":0.002604,"5":0.005208,"5.1":0.028644,"6":0.005208,"6.1":0.023436,"7":0.020832,"7.1":0.041664,"8":0.205716,"9":0.1302},"android":{"2.1":0,"2.2":0,"2.3":0.082880153262,"3":0,"4":0.241616717984,"4.1":0.86672973835,"4.2-4.3":1.81212538488,"4.4":3.38263405178,"4.4.3-4.4.4":1.75312595375,"44":null},"ios_saf":{"3.2":0,"4.0-4.1":0,"4.2-4.3":0,"5.0-5.1":0.00393839733629,"6.0-6.1":0.00412594006659,"7.0-7.1":0.100522903441,"8":0.0135030765816,"8.1-8.4":0.449352381798,"9.0-9.1":1.28729330078},"op_mob":{"10":0,"11":0,"11.1":0,"11.5":0,"12":0.0622237252056,"12.1":0.186671175617,"0":2.1778303822},"ie":{"5.5":0,"6":0.010416,"7":0.007812,"8":0.307272,"9":0.067704,"10":0.213528,"11":1.578024},"bb":{"7":0.048074,"10":null},"ie_mob":{"10":0.134516521073,"11":0.612479478927},"op_mini":{"5.0-8.0":23.296562717},"and_chr":{"0":8.178804},"and_ff":{"0":0.029584},"edge":{"12":0.231756,"13":null},"and_uc":{"0":28.851796}},"total":97.939414}