{"id":"DJ","name":"Djibouti","month":"2015-08","access_date":"2015-09-03","data":{"chrome":{"4":0.010497,"5":0,"6":0.003499,"7":0,"8":0.013996,"9":0.059483,"10":0.027992,"11":0.199443,"12":0.010497,"13":0.010497,"14":0.006998,"15":0.010497,"16":0.006998,"17":0.003499,"18":0.006998,"19":0.006998,"20":0.010497,"21":0.006998,"22":0.003499,"23":0.006998,"24":0.017495,"25":0.017495,"26":0.020994,"27":0.010497,"28":0.031491,"29":0.010497,"30":0.045487,"31":0.125964,"32":0.031491,"33":0.097972,"34":0.045487,"35":0.020994,"36":0.048986,"37":0.052485,"38":0.020994,"39":0.097972,"40":0.293916,"41":0.059483,"42":0.668309,"43":0.706798,"44":14.048485,"45":0.206441,"46":0.255427,"47":0,"48":0},"firefox":{"2":0,"3":0.013996,"3.5":0.006998,"3.6":0.048986,"4":0.024493,"5":0.013996,"6":0.006998,"7":0,"8":0.013996,"9":0.041988,"10":0.013996,"11":0.041988,"12":0.048986,"13":0.027992,"14":0.006998,"15":0.041988,"16":0.027992,"17":0.003499,"18":0.006998,"19":0.010497,"20":0.041988,"21":0.017495,"22":0.024493,"23":0.038489,"24":0.013996,"25":0.003499,"26":0.041988,"27":0.006998,"28":0.010497,"29":0.150457,"30":0.048986,"31":0.059483,"32":0.045487,"33":0.38489,"34":0.300914,"35":0.181948,"36":0.111968,"37":0.164453,"38":0.402385,"39":5.577406,"40":1.990931,"41":0.262425,"42":0,"43":0},"opera":{"9":0,"9.5-9.6":0,"10.0-10.1":0,"10.5":0,"10.6":0.017495,"11":0.003499,"11.1":0,"11.5":0,"11.6":0.006998,"12":0,"12.1":0.017495,"15":0,"16":0,"17":0,"18":0,"19":0,"20":0.003499,"21":0.013996,"22":0,"23":0,"24":0.003499,"25":0,"26":0,"27":0.010497,"28":0.006998,"29":0.010497,"30":0.181948,"31":0.370894,"32":0,"33":0},"safari":{"3.1":0,"3.2":0,"4":0.003499,"5":0.003499,"5.1":0.020994,"6":0.003499,"6.1":0.013996,"7":0.020994,"7.1":0.073479,"8":0.297415,"9":0},"android":{"2.1":0,"2.2":0,"2.3":0.139977543717,"3":0,"4":0.446178420596,"4.1":1.56599877033,"4.2-4.3":3.40539118073,"4.4":0.0218714912057,"4.4.3-4.4.4":3.00076859342,"44":null},"ios_saf":{"3.2":0,"4.0-4.1":0,"4.2-4.3":0,"5.0-5.1":0.00750366435255,"6.0-6.1":0.0125061072543,"7.0-7.1":0.20610064755,"8":0.0282638023946,"8.1-8.4":2.21533183902,"9":0.0162579394305},"op_mob":{"10":0,"11":0,"11.1":0,"11.5":0,"12":0.0615002440551,"12.1":0.12300048811,"0":1.90650756571},"ie":{"5.5":0,"6":0.00703841193455,"7":0.0175960298364,"8":0.327286154957,"9":0.0985377670837,"10":0.34840139076,"11":2.85407603946},"bb":{"7":0.03738075,"10":null},"ie_mob":{"10":0.136851559322,"11":0.565256440678},"and_uc":{"0":21.960378},"op_mini":{"5.0-8.0":21.4101067021},"and_chr":{"0":8.059409},"and_ff":{"0":0.117018},"edge":{"12":0.153956,"13":null}},"total":97.959745544}