{"id":"DK","name":"Denmark","month":"2015-10","access_date":"2015-11-03","data":{"chrome":{"4":0,"5":0,"6":0,"7":0,"8":0,"9":0,"10":0,"11":0.016134,"12":0.008067,"13":0,"14":0,"15":0,"16":0,"17":0,"18":0,"19":0,"20":0,"21":0.008067,"22":0.024201,"23":0,"24":0.008067,"25":0.008067,"26":0.016134,"27":0.008067,"28":0.008067,"29":0.008067,"30":0,"31":0.08067,"32":0.040335,"33":0.088737,"34":0.056469,"35":0.08067,"36":0.096804,"37":0.040335,"38":0.112938,"39":0.16134,"40":0.088737,"41":0.250077,"42":0.274278,"43":0.363015,"44":0.475953,"45":16.359876,"46":15.157893,"47":0.088737,"48":0.040335,"49":0},"firefox":{"2":0.008067,"3":0,"3.5":0,"3.6":0.008067,"4":0.008067,"5":0,"6":0.008067,"7":0,"8":0,"9":0,"10":0,"11":0,"12":0.008067,"13":0,"14":0,"15":0.008067,"16":0.016134,"17":0,"18":0.048402,"19":0.008067,"20":0.008067,"21":0.008067,"22":0,"23":0,"24":0.008067,"25":0.008067,"26":0.008067,"27":0.008067,"28":0.008067,"29":0.016134,"30":0.016134,"31":0.040335,"32":0.008067,"33":0.024201,"34":0.024201,"35":0.088737,"36":0.072603,"37":0.096804,"38":0.185541,"39":0.169407,"40":0.919638,"41":6.961821,"42":0.048402,"43":0.008067,"44":0},"opera":{"9":0,"9.5-9.6":0,"10.0-10.1":0,"10.5":0,"10.6":0,"11":0,"11.1":0,"11.5":0,"11.6":0,"12":0,"12.1":0.048402,"15":0,"16":0,"17":0,"18":0,"19":0,"20":0,"21":0,"22":0,"23":0,"24":0,"25":0,"26":0,"27":0,"28":0.008067,"29":0,"30":0.008067,"31":0.040335,"32":0.459819,"33":0.016134,"34":0},"safari":{"3.1":0,"3.2":0,"4":0.024201,"5":0.112938,"5.1":0.233943,"6":0.072603,"6.1":0.290412,"7":0.233943,"7.1":0.556623,"8":2.274894,"9":3.565614},"android":{"2.1":0,"2.2":0,"2.3":0.0179199516741,"3":0,"4":0.0522412150501,"4.1":0.187400172592,"4.2-4.3":0.391809112875,"4.4":0.731377010701,"4.4.3-4.4.4":0.379052537107,"44":null},"ios_saf":{"3.2":0,"4.0-4.1":0,"4.2-4.3":0,"5.0-5.1":0.0452669249319,"6.0-6.1":0.0474224927858,"7.0-7.1":1.15538436969,"8":0.155200885481,"8.1-8.4":5.16474057794,"9.0-9.1":14.7958177492},"op_mob":{"10":0,"11":0,"11.1":0,"11.5":0,"12":0.000177682631834,"12.1":0.000533047895501,"0":0.00621889211418},"ie":{"5.5":0,"6":0.0161681279746,"7":0.0161681279746,"8":0.42037132734,"9":1.13985302221,"10":1.23686179006,"11":12.3767019646},"bb":{"7":0.00241625,"10":null},"ie_mob":{"10":0.10024937931,"11":0.45645462069},"op_mini":{"5.0-8.0":0.0665243773585},"and_chr":{"0":7.070059},"and_ff":{"0":0.015464},"edge":{"12":2.153889,"13":null},"and_uc":{"0":0.09665}},"total":99.0720916101}