{"id":"DM","name":"Dominica","month":"2015-10","access_date":"2015-11-03","data":{"chrome":{"4":0,"5":0,"6":0,"7":0,"8":0,"9":0,"10":0,"11":0.040914,"12":0.020457,"13":0,"14":0,"15":0,"16":0,"17":0,"18":0.927384,"19":0,"20":0,"21":0.013638,"22":0.27276,"23":0,"24":0,"25":0,"26":0.027276,"27":0,"28":0.006819,"29":0.006819,"30":0.034095,"31":0.640986,"32":0.327312,"33":0.020457,"34":0.020457,"35":0.109104,"36":0.190932,"37":0.013638,"38":0.061371,"39":0.129561,"40":0.034095,"41":0.034095,"42":0.436416,"43":0.675081,"44":0.490968,"45":17.327079,"46":15.779166,"47":0.265941,"48":0.184113,"49":0},"firefox":{"2":0,"3":0.115923,"3.5":0,"3.6":0,"4":0,"5":0,"6":0.006819,"7":0,"8":0,"9":0,"10":0.006819,"11":0,"12":0.006819,"13":0,"14":0,"15":0.006819,"16":0,"17":0.006819,"18":0,"19":0,"20":0.109104,"21":0.006819,"22":0.006819,"23":0,"24":0,"25":0,"26":0,"27":0.006819,"28":0.013638,"29":0.047733,"30":0.013638,"31":0.020457,"32":0.006819,"33":0.006819,"34":0.013638,"35":0.006819,"36":0.006819,"37":0.075009,"38":0.184113,"39":0.265941,"40":0.620529,"41":4.125495,"42":0.259122,"43":0.006819,"44":0.013638},"opera":{"9":0,"9.5-9.6":0,"10.0-10.1":0,"10.5":0,"10.6":0,"11":0,"11.1":0,"11.5":0,"11.6":0,"12":0,"12.1":0.06819,"15":0,"16":0,"17":0,"18":0,"19":0,"20":0,"21":0,"22":0,"23":0,"24":0.006819,"25":0,"26":0,"27":0.020457,"28":0.006819,"29":0.006819,"30":0,"31":0.006819,"32":1.336524,"33":0.013638,"34":0},"safari":{"3.1":0,"3.2":0,"4":0,"5":0.006819,"5.1":0.054552,"6":0.061371,"6.1":0.095466,"7":0.088647,"7.1":0.286398,"8":0.668262,"9":1.179687},"android":{"2.1":0,"2.2":0,"2.3":0.135987301691,"3":0,"4":0.396437557473,"4.1":1.42210449396,"4.2-4.3":2.97328168105,"4.4":5.55012580463,"4.4.3-4.4.4":2.8764771612,"44":null},"ios_saf":{"3.2":0,"4.0-4.1":0,"4.2-4.3":0,"5.0-5.1":0.0115028511755,"6.0-6.1":0.0120506059933,"7.0-7.1":0.293596582383,"8":0.0394383468873,"8.1-8.4":1.31242054364,"9.0-9.1":3.75978906992},"op_mob":{"10":0,"11":0,"11.1":0,"11.5":0,"12":0.000877198838897,"12.1":0.00263159651669,"0":0.0307019593614},"ie":{"5.5":0,"6":0,"7":0.0204794555434,"8":0.191141585071,"9":0.443721536773,"10":0.430068566411,"11":5.0993844303},"bb":{"7":0.216308,"10":null},"ie_mob":{"10":0.406132042146,"11":1.84919695785},"op_mini":{"5.0-8.0":0.328423245283},"and_chr":{"0":19.50843},"and_ff":{"0":0.022267},"edge":{"12":1.172868,"13":null},"and_uc":{"0":1.059273}},"total":97.5299625741}