{"id":"DM","name":"Dominica","month":"2016-02","access_date":"2016-03-03","data":{"firefox":{"2":0,"3":0,"3.5":0,"3.6":0,"4":0,"5":0,"6":0.006495,"7":0.006495,"8":0,"9":0,"10":0.006495,"11":0,"12":0,"13":0.019485,"14":0.006495,"15":0.006495,"16":0,"17":0.006495,"18":0,"19":0,"20":0.071445,"21":0,"22":0.01299,"23":0,"24":0.006495,"25":0,"26":0,"27":0,"28":0.03897,"29":0.006495,"30":0.006495,"31":0,"32":0,"33":0,"34":0.006495,"35":0.006495,"36":0,"37":0.006495,"38":0.032475,"39":0.06495,"40":0.03897,"41":0.06495,"42":0.123405,"43":1.305495,"44":3.344925,"45":0.20784,"46":0.006495,"47":0},"chrome":{"4":0,"5":0,"6":0,"7":0,"8":0,"9":0,"10":0,"11":0.02598,"12":0,"13":0,"14":0,"15":0,"16":0,"17":0,"18":0.058455,"19":0,"20":0.006495,"21":0.03897,"22":0.188355,"23":0.006495,"24":0,"25":0,"26":0.02598,"27":0,"28":0.032475,"29":0,"30":0.11691,"31":0.6495,"32":0.27279,"33":0.019485,"34":0.045465,"35":0.10392,"36":0.03897,"37":0.006495,"38":0.02598,"39":0.045465,"40":0.032475,"41":0.02598,"42":0.032475,"43":0.15588,"44":0.240315,"45":0.55857,"46":0.123405,"47":1.22106,"48":33.299865,"49":0.123405,"50":0.331245,"51":0},"opera":{"9":0,"9.5-9.6":0,"10.0-10.1":0,"10.5":0,"10.6":0,"11":0,"11.1":0,"11.5":0,"11.6":0,"12":0,"12.1":0.15588,"15":0,"16":0,"17":0,"18":0,"19":0,"20":0,"21":0,"22":0,"23":0,"24":0,"25":0,"26":0,"27":0.01299,"28":0,"29":0.02598,"30":0,"31":0,"32":0.006495,"33":0.006495,"34":0.19485,"35":1.110645,"36":0},"safari":{"3.1":0,"3.2":0,"4":0.02598,"5":0.019485,"5.1":0.045465,"6":0.01299,"6.1":0.019485,"7":0.16887,"7.1":0.045465,"8":0.20784,"9":1.864065,"9.1":0.01299},"android":{"2.1":0,"2.2":0,"2.3":0.0666142685371,"3":0,"4":0.576358236473,"4.1":1.21353819639,"4.2-4.3":2.72249619238,"4.4":5.48264392786,"4.4.3-4.4.4":2.94550917836,"47":null},"ios_saf":{"3.2":0,"4.0-4.1":0,"4.2-4.3":0,"5.0-5.1":0,"6.0-6.1":0,"7.0-7.1":0.276762034884,"8":0.0187880232558,"8.1-8.4":0.764528023256,"9.0-9.2":5.9623069186,"9.3":null},"op_mob":{"10":0,"11":0,"11.1":0,"11.5":0,"12":1.66189660097e-5,"12.1":1.66189660097e-5,"0":0.000714615538418},"ie":{"5.5":0,"6":0,"7":0.00651061298077,"8":0.319020036058,"9":0.208339615385,"10":0.319020036058,"11":4.56393969952},"bb":{"7":0.2435975,"10":null},"ie_mob":{"10":0.215948834951,"11":0.954721165049},"edge":{"12":0.63651,"13":1.630245,"14":0},"and_uc":{"0":0.564305},"op_mini":{"5.0-8.0":0.29016714653},"and_chr":{"0":19.90242},"and_ff":{"0":0.00701}},"total":97.0912125}