{"id":"DZ","name":"Algeria","month":"2015-08","access_date":"2015-09-03","data":{"chrome":{"4":0.095823,"5":0.07371,"6":0.044226,"7":0.029484,"8":0.036855,"9":0.014742,"10":0.058968,"11":0.140049,"12":0.066339,"13":0.036855,"14":0.066339,"15":0.110565,"16":0.066339,"17":0.029484,"18":0.169533,"19":0.014742,"20":0.022113,"21":0.014742,"22":0.066339,"23":0.036855,"24":0.022113,"25":0.081081,"26":0.110565,"27":0.051597,"28":0.058968,"29":0.07371,"30":0.125307,"31":0.228501,"32":0.066339,"33":0.390663,"34":0.132678,"35":0.125307,"36":0.375921,"37":0.132678,"38":0.257985,"39":0.287469,"40":1.62162,"41":0.265356,"42":0.633906,"43":2.859948,"44":30.07368,"45":0.272727,"46":0.184275,"47":0.007371,"48":0},"firefox":{"2":0.022113,"3":0.184275,"3.5":0.058968,"3.6":0.316953,"4":0.066339,"5":0.022113,"6":0.036855,"7":0.029484,"8":0.044226,"9":0.044226,"10":0.066339,"11":0.088452,"12":0.206388,"13":0.058968,"14":0.095823,"15":0.117936,"16":0.095823,"17":0.081081,"18":0.07371,"19":0.095823,"20":0.07371,"21":0.081081,"22":0.117936,"23":0.103194,"24":0.07371,"25":0.103194,"26":0.110565,"27":0.110565,"28":0.088452,"29":0.265356,"30":0.375921,"31":0.228501,"32":0.257985,"33":0.36855,"34":0.324324,"35":0.36855,"36":0.405405,"37":0.508599,"38":1.149876,"39":8.498763,"40":5.1597,"41":0.331695,"42":0.022113,"43":0.007371},"opera":{"9":0,"9.5-9.6":0,"10.0-10.1":0.007371,"10.5":0,"10.6":0,"11":0,"11.1":0.007371,"11.5":0.014742,"11.6":0.022113,"12":0.022113,"12.1":0.154791,"15":0.007371,"16":0.007371,"17":0.007371,"18":0.014742,"19":0.007371,"20":0.022113,"21":0.007371,"22":0.007371,"23":0,"24":0.007371,"25":0.007371,"26":0.014742,"27":0.007371,"28":0.044226,"29":0.066339,"30":0.449631,"31":1.422603,"32":0.022113,"33":0},"safari":{"3.1":0,"3.2":0,"4":0.014742,"5":0.022113,"5.1":0.036855,"6":0.014742,"6.1":0.007371,"7":0.022113,"7.1":0.044226,"8":0.117936,"9":0},"android":{"2.1":0,"2.2":0,"2.3":0.153541138924,"3":0,"4":0.489412380321,"4.1":1.71774149172,"4.2-4.3":3.73536802039,"4.4":0.0239908029569,"4.4.3-4.4.4":3.29153816569,"44":null},"ios_saf":{"3.2":0,"4.0-4.1":0,"4.2-4.3":0,"5.0-5.1":0.0071458587383,"6.0-6.1":0.0119097645638,"7.0-7.1":0.196272920012,"8":0.0269160679143,"8.1-8.4":2.10969569484,"9":0.015482693933},"op_mob":{"10":0,"11":0,"11.1":0,"11.5":0,"12":0.00935659574468,"12.1":0.0187131914894,"0":0.290054468085},"ie":{"5.5":0,"6":0.0849015706806,"7":0.108056544503,"8":1.32755183246,"9":0.447662827225,"10":0.393634554974,"11":1.99132774869},"bb":{"7":0.0144595,"10":null},"ie_mob":{"10":0.0850637457627,"11":0.351350254237},"and_uc":{"0":4.138046},"op_mini":{"5.0-8.0":3.25731574468},"and_chr":{"0":9.504443},"and_ff":{"0":0.194546},"edge":{"12":0.184275,"13":null}},"total":97.3860985785}