{"id":"DZ","name":"Algeria","month":"2015-10","access_date":"2015-11-03","data":{"chrome":{"4":0.088488,"5":0.066366,"6":0.051618,"7":0.029496,"8":0.03687,"9":0.014748,"10":0.051618,"11":0.140106,"12":0.07374,"13":0.029496,"14":0.07374,"15":0.11061,"16":0.058992,"17":0.022122,"18":0.162228,"19":0.007374,"20":0.022122,"21":0.007374,"22":0.058992,"23":0.029496,"24":0.022122,"25":0.058992,"26":0.125358,"27":0.044244,"28":0.051618,"29":0.066366,"30":0.11061,"31":0.199098,"32":0.066366,"33":0.40557,"34":0.132732,"35":0.103236,"36":0.250716,"37":0.103236,"38":0.250716,"39":0.213846,"40":0.752148,"41":0.176976,"42":0.597294,"43":2.647266,"44":1.157718,"45":16.03845,"46":16.156434,"47":0.199098,"48":0.103236,"49":0},"firefox":{"2":0.022122,"3":0.191724,"3.5":0.066366,"3.6":0.309708,"4":0.058992,"5":0.022122,"6":0.044244,"7":0.029496,"8":0.051618,"9":0.044244,"10":0.066366,"11":0.081114,"12":0.18435,"13":0.058992,"14":0.081114,"15":0.125358,"16":0.103236,"17":0.07374,"18":0.066366,"19":0.095862,"20":0.081114,"21":0.07374,"22":0.081114,"23":0.095862,"24":0.066366,"25":0.088488,"26":0.103236,"27":0.103236,"28":0.088488,"29":0.228594,"30":0.309708,"31":0.199098,"32":0.228594,"33":0.309708,"34":0.265464,"35":0.309708,"36":0.560424,"37":0.398196,"38":0.671034,"39":0.81114,"40":1.850874,"41":10.456332,"42":0.597294,"43":0.03687,"44":0.007374},"opera":{"9":0,"9.5-9.6":0,"10.0-10.1":0.029496,"10.5":0,"10.6":0,"11":0,"11.1":0,"11.5":0.007374,"11.6":0.029496,"12":0.022122,"12.1":0.132732,"15":0.007374,"16":0.007374,"17":0.007374,"18":0.014748,"19":0.007374,"20":0.022122,"21":0.007374,"22":0.007374,"23":0,"24":0,"25":0.007374,"26":0.014748,"27":0.007374,"28":0.029496,"29":0.029496,"30":0.051618,"31":0.058992,"32":1.814004,"33":0.132732,"34":0.007374},"safari":{"3.1":0,"3.2":0,"4":0.022122,"5":0.014748,"5.1":0.044244,"6":0.007374,"6.1":0.007374,"7":0.022122,"7.1":0.029496,"8":0.088488,"9":0.088488},"android":{"2.1":0,"2.2":0,"2.3":0.0916139861926,"3":0,"4":0.267078061443,"4.1":0.958064906455,"4.2-4.3":2.00308546082,"4.4":3.7390928602,"4.4.3-4.4.4":1.93786872489,"44":null},"ios_saf":{"3.2":0,"4.0-4.1":0,"4.2-4.3":0,"5.0-5.1":0.00449113954192,"6.0-6.1":0.00470500332963,"7.0-7.1":0.114630990213,"8":0.0153981927152,"8.1-8.4":0.512417635355,"9.0-9.1":1.46796103885},"op_mob":{"10":0,"11":0,"11.1":0,"11.5":0,"12":0.00592660377358,"12.1":0.0177798113208,"0":0.207431132075},"ie":{"5.5":0,"6":0.0945017475728,"7":0.118127184466,"8":1.1655215534,"9":0.37013184466,"10":0.362256699029,"11":1.89003495146},"bb":{"7":0.014443,"10":null},"ie_mob":{"10":0.0766067586207,"11":0.348805241379},"op_mini":{"5.0-8.0":2.21892045283},"and_chr":{"0":10.922776},"and_ff":{"0":0.081406},"edge":{"12":0.228594,"13":null},"and_uc":{"0":4.632264}},"total":97.6201649806}