{"id":"EC","name":"Ecuador","month":"2016-02","access_date":"2016-03-03","data":{"firefox":{"2":0.007667,"3":0.015334,"3.5":0,"3.6":0.023001,"4":0.015334,"5":0.007667,"6":0.023001,"7":0.007667,"8":0,"9":0.007667,"10":0.007667,"11":0.015334,"12":0.030668,"13":0.023001,"14":0.038335,"15":0.015334,"16":0.030668,"17":0.038335,"18":0.015334,"19":0.015334,"20":0.030668,"21":0.030668,"22":0.015334,"23":0.023001,"24":0.030668,"25":0.038335,"26":0.023001,"27":0.023001,"28":0.046002,"29":0.069003,"30":0.053669,"31":0.069003,"32":0.061336,"33":0.130339,"34":0.107338,"35":0.099671,"36":0.122672,"37":0.15334,"38":0.222343,"39":0.237677,"40":0.199342,"41":0.253011,"42":0.299013,"43":3.933171,"44":8.05035,"45":0.115005,"46":0.015334,"47":0},"chrome":{"4":0.023001,"5":0,"6":0,"7":0.007667,"8":0.007667,"9":0.007667,"10":0.007667,"11":0.038335,"12":0.007667,"13":0.007667,"14":0.007667,"15":0,"16":0,"17":0,"18":0.023001,"19":0,"20":0,"21":0.015334,"22":0.207009,"23":0.007667,"24":0.007667,"25":0.007667,"26":0.053669,"27":0.015334,"28":0.015334,"29":0.061336,"30":0.023001,"31":0.053669,"32":0.038335,"33":0.038335,"34":0.046002,"35":0.07667,"36":0.099671,"37":0.084337,"38":0.092004,"39":0.15334,"40":0.099671,"41":0.107338,"42":0.107338,"43":0.360349,"44":0.414018,"45":0.46002,"46":0.452353,"47":1.364726,"48":42.613186,"49":0.222343,"50":0.084337,"51":0},"opera":{"9":0,"9.5-9.6":0,"10.0-10.1":0,"10.5":0,"10.6":0,"11":0,"11.1":0,"11.5":0,"11.6":0.007667,"12":0.007667,"12.1":0.023001,"15":0,"16":0,"17":0,"18":0,"19":0,"20":0,"21":0,"22":0,"23":0,"24":0,"25":0,"26":0,"27":0,"28":0.030668,"29":0.007667,"30":0.007667,"31":0.007667,"32":0.007667,"33":0.007667,"34":0.222343,"35":0.797368,"36":0.015334},"safari":{"3.1":0,"3.2":0,"4":0.030668,"5":0.053669,"5.1":0.115005,"6":0.061336,"6.1":0.084337,"7":0.122672,"7.1":0.069003,"8":0.544357,"9":2.047089,"9.1":0.007667},"android":{"2.1":0,"2.2":0,"2.3":0.0252780345135,"3":0,"4":0.21870995079,"4.1":0.460499846137,"4.2-4.3":1.03310228012,"4.4":2.08049214496,"4.4.3-4.4.4":1.11772874349,"47":null},"ios_saf":{"3.2":0,"4.0-4.1":0,"4.2-4.3":0,"5.0-5.1":0,"6.0-6.1":0,"7.0-7.1":0.163806002264,"8":0.0111199897098,"8.1-8.4":0.452498042807,"9.0-9.2":3.52888596522,"9.3":null},"op_mob":{"10":0,"11":0,"11.1":0,"11.5":0,"12":9.66252499286e-5,"12.1":9.66252499286e-5,"0":0.00415488574693},"ie":{"5.5":0,"6":0.0322326938776,"7":0.00805817346939,"8":0.459315887755,"9":0.201454336735,"10":0.402908673469,"11":2.03065971429},"bb":{"7":0.102652,"10":null},"ie_mob":{"10":0.248747631068,"11":1.09972636893},"edge":{"12":0.23001,"13":0.406351,"14":0},"and_uc":{"0":0.510927},"op_mini":{"5.0-8.0":1.68707686375},"and_chr":{"0":14.849447},"and_ff":{"0":0.020997}},"total":97.9749284796}