{"id":"EC","name":"Ecuador","month":"2015-10","access_date":"2015-11-03","data":{"chrome":{"4":0.038935,"5":0,"6":0.007787,"7":0.007787,"8":0,"9":0.023361,"10":0.007787,"11":0.054509,"12":0.007787,"13":0.015574,"14":0.007787,"15":0,"16":0,"17":0,"18":0.038935,"19":0,"20":0.007787,"21":0.015574,"22":0.210249,"23":0.015574,"24":0.015574,"25":0.015574,"26":0.070083,"27":0.023361,"28":0.007787,"29":0.031148,"30":0.038935,"31":0.07787,"32":0.070083,"33":0.054509,"34":0.070083,"35":0.116805,"36":0.249184,"37":0.15574,"38":0.15574,"39":0.249184,"40":0.140166,"41":0.124592,"42":0.319267,"43":0.770913,"44":0.93444,"45":20.074886,"46":22.42656,"47":0.171314,"48":0.070083,"49":0},"firefox":{"2":0.007787,"3":0.015574,"3.5":0.007787,"3.6":0.038935,"4":0.023361,"5":0.015574,"6":0.015574,"7":0.007787,"8":0.007787,"9":0.015574,"10":0.015574,"11":0.023361,"12":0.046722,"13":0.031148,"14":0.038935,"15":0.023361,"16":0.046722,"17":0.046722,"18":0.015574,"19":0.023361,"20":0.046722,"21":0.038935,"22":0.023361,"23":0.031148,"24":0.038935,"25":0.070083,"26":0.038935,"27":0.031148,"28":0.062296,"29":0.109018,"30":0.093444,"31":0.124592,"32":0.109018,"33":0.179101,"34":0.15574,"35":0.171314,"36":0.202462,"37":0.288119,"38":0.62296,"39":0.638534,"40":1.806584,"41":12.015341,"42":0.140166,"43":0.007787,"44":0},"opera":{"9":0,"9.5-9.6":0,"10.0-10.1":0,"10.5":0,"10.6":0,"11":0,"11.1":0,"11.5":0,"11.6":0,"12":0,"12.1":0.031148,"15":0,"16":0,"17":0,"18":0,"19":0,"20":0,"21":0,"22":0,"23":0,"24":0,"25":0,"26":0,"27":0,"28":0.015574,"29":0.015574,"30":0.023361,"31":0.031148,"32":1.027884,"33":0.054509,"34":0},"safari":{"3.1":0,"3.2":0,"4":0.031148,"5":0.046722,"5.1":0.124592,"6":0.070083,"6.1":0.093444,"7":0.132379,"7.1":0.202462,"8":0.817635,"9":0.926653},"android":{"2.1":0,"2.2":0,"2.3":0.0626025640318,"3":0,"4":0.182502390059,"4.1":0.654674271315,"4.2-4.3":1.36876792544,"4.4":2.55503346082,"4.4.3-4.4.4":1.32420338833,"44":null},"ios_saf":{"3.2":0,"4.0-4.1":0,"4.2-4.3":0,"5.0-5.1":0.00686439380486,"6.0-6.1":0.00719126970033,"7.0-7.1":0.175205479972,"8":0.0235350644738,"8.1-8.4":0.783194645545,"9.0-9.1":2.2436761465},"op_mob":{"10":0,"11":0,"11.1":0,"11.5":0,"12":0.00759614658926,"12.1":0.0227884397678,"0":0.265865130624},"ie":{"5.5":0,"6":0.0244646692913,"7":0.0163097795276,"8":0.60346184252,"9":0.30173092126,"10":0.595306952756,"11":2.49539626772},"bb":{"7":0.152697,"10":null},"ie_mob":{"10":0.269392475096,"11":1.2265955249},"op_mini":{"5.0-8.0":2.84399728302},"and_chr":{"0":11.107768},"and_ff":{"0":0.035408},"edge":{"12":0.443859,"13":null},"and_uc":{"0":0.411618}},"total":98.2622994331}