{"id":"EE","name":"Estonia","month":"2015-10","access_date":"2015-11-03","data":{"chrome":{"4":0,"5":0,"6":0.008387,"7":0,"8":0.016774,"9":0,"10":0.008387,"11":0.025161,"12":0.016774,"13":0.025161,"14":0.008387,"15":0.008387,"16":0.08387,"17":0.008387,"18":0.016774,"19":0,"20":0.008387,"21":0.041935,"22":0.041935,"23":0.008387,"24":0.008387,"25":0.008387,"26":0.025161,"27":0.016774,"28":0.016774,"29":0.008387,"30":0.008387,"31":0.08387,"32":0.016774,"33":0.041935,"34":0.08387,"35":0.050322,"36":0.067096,"37":0.050322,"38":0.100644,"39":0.176127,"40":0.075483,"41":0.075483,"42":0.092257,"43":0.410963,"44":0.662573,"45":20.112026,"46":19.952673,"47":0.218062,"48":0.134192,"49":0},"firefox":{"2":0,"3":0.008387,"3.5":0.008387,"3.6":0.050322,"4":0.008387,"5":0.008387,"6":0.008387,"7":0,"8":0,"9":0.008387,"10":0.008387,"11":0.008387,"12":0.016774,"13":0.008387,"14":0.008387,"15":0.008387,"16":0.016774,"17":0.067096,"18":0.008387,"19":0.008387,"20":0.025161,"21":0.008387,"22":0.008387,"23":0.008387,"24":0.511607,"25":0.016774,"26":0.016774,"27":0.008387,"28":0.033548,"29":0.033548,"30":0.033548,"31":0.092257,"32":0.041935,"33":0.041935,"34":0.058709,"35":0.08387,"36":0.142579,"37":0.134192,"38":0.427737,"39":0.427737,"40":1.568369,"41":13.276621,"42":0.176127,"43":0.016774,"44":0.016774},"opera":{"9":0,"9.5-9.6":0.008387,"10.0-10.1":0,"10.5":0,"10.6":0.008387,"11":0,"11.1":0,"11.5":0.008387,"11.6":0.016774,"12":0.025161,"12.1":0.469672,"15":0,"16":0,"17":0,"18":0.008387,"19":0,"20":0.008387,"21":0,"22":0,"23":0,"24":0,"25":0,"26":0.008387,"27":0.016774,"28":0.025161,"29":0.016774,"30":0.016774,"31":0.041935,"32":1.954171,"33":0.075483,"34":0.008387},"safari":{"3.1":0,"3.2":0,"4":0.016774,"5":0.067096,"5.1":0.134192,"6":0.041935,"6.1":0.142579,"7":0.075483,"7.1":0.293545,"8":0.964505,"9":1.828366},"android":{"2.1":0,"2.2":0,"2.3":0.0308819074905,"3":0,"4":0.0900286116672,"4.1":0.322951473248,"4.2-4.3":0.675214587504,"4.4":1.26040056334,"4.4.3-4.4.4":0.653230856748,"44":null},"ios_saf":{"3.2":0,"4.0-4.1":0,"4.2-4.3":0,"5.0-5.1":0.0116486222379,"6.0-6.1":0.012203318535,"7.0-7.1":0.297317215215,"8":0.0399381333871,"8.1-8.4":1.32905232772,"9.0-9.1":3.80743538291},"op_mob":{"10":0,"11":0,"11.1":0,"11.5":0,"12":0.000671107885825,"12.1":0.00201332365747,"0":0.0234887760039},"ie":{"5.5":0,"6":0.00839404789916,"7":0.00839404789916,"8":0.50364287395,"9":0.436490490756,"10":0.69670597563,"11":8.28492527647},"bb":{"7":0.00685525,"10":null},"ie_mob":{"10":0.0702921915709,"11":0.320053808429},"op_mini":{"5.0-8.0":0.251262792453},"and_chr":{"0":10.787943},"and_ff":{"0":0.040325},"edge":{"12":0.830313,"13":null},"and_uc":{"0":0.558098}},"total":97.9361779626}