{"id":"EE","name":"Estonia","month":"2015-08","access_date":"2015-09-03","data":{"chrome":{"4":0,"5":0.008401,"6":0.008401,"7":0,"8":0.016802,"9":0,"10":0,"11":0.025203,"12":0.008401,"13":0.016802,"14":0,"15":0,"16":0.126015,"17":0.008401,"18":0.008401,"19":0,"20":0.008401,"21":0.025203,"22":0.033604,"23":0.008401,"24":0.159619,"25":0.008401,"26":0.033604,"27":0.016802,"28":0.025203,"29":0.008401,"30":0.008401,"31":0.100812,"32":0.016802,"33":0.050406,"34":0.067208,"35":0.058807,"36":0.058807,"37":0.08401,"38":0.117614,"39":0.226827,"40":0.109213,"41":0.134416,"42":0.159619,"43":1.604591,"44":37.493663,"45":0.226827,"46":0.361243,"47":0.008401,"48":0},"firefox":{"2":0,"3":0.008401,"3.5":0.008401,"3.6":0.050406,"4":0.008401,"5":0.008401,"6":0.016802,"7":0,"8":0.008401,"9":0.008401,"10":0.016802,"11":0.016802,"12":0.033604,"13":0.008401,"14":0,"15":0.016802,"16":0.016802,"17":0.08401,"18":0.016802,"19":0.008401,"20":0.058807,"21":0.008401,"22":0.008401,"23":0.008401,"24":0.033604,"25":0.016802,"26":0.016802,"27":0.008401,"28":0.042005,"29":0.050406,"30":0.033604,"31":0.117614,"32":0.033604,"33":0.092411,"34":0.058807,"35":0.100812,"36":0.08401,"37":0.235228,"38":0.781293,"39":8.686634,"40":7.359276,"41":0.126015,"42":0.016802,"43":0.016802},"opera":{"9":0,"9.5-9.6":0.008401,"10.0-10.1":0,"10.5":0,"10.6":0,"11":0.008401,"11.1":0,"11.5":0.008401,"11.6":0.016802,"12":0.025203,"12.1":0.394847,"15":0,"16":0.008401,"17":0,"18":0.008401,"19":0.008401,"20":0.008401,"21":0.008401,"22":0.008401,"23":0,"24":0,"25":0.008401,"26":0.025203,"27":0.008401,"28":0.025203,"29":0.033604,"30":0.453654,"31":1.554185,"32":0.050406,"33":0},"safari":{"3.1":0,"3.2":0,"4":0.016802,"5":0.058807,"5.1":0.142817,"6":0.042005,"6.1":0.151218,"7":0.117614,"7.1":0.478857,"8":1.974235,"9":0.058807},"android":{"2.1":0,"2.2":0,"2.3":0.055138504206,"3":0,"4":0.175753982157,"4.1":0.616862015804,"4.2-4.3":1.34141642264,"4.4":0.00861539128218,"4.4.3-4.4.4":1.18203168392,"44":null},"ios_saf":{"3.2":0,"4.0-4.1":0,"4.2-4.3":0,"5.0-5.1":0.0176869121642,"6.0-6.1":0.0294781869403,"7.0-7.1":0.485800520777,"8":0.0666207024852,"8.1-8.4":5.22176603461,"9":0.0383216430224},"op_mob":{"10":0,"11":0,"11.1":0,"11.5":0,"12":0.00115490408465,"12.1":0.0023098081693,"0":0.0358020266242},"ie":{"5.5":0,"6":0.0168267452135,"7":0.0336534904271,"8":0.891817496318,"9":0.656243063328,"10":0.874990751105,"11":8.91817496318},"bb":{"7":0.00599625,"10":null},"ie_mob":{"10":0.0869557881356,"11":0.359165211864},"and_uc":{"0":0.574041},"op_mini":{"5.0-8.0":0.402057261122},"and_chr":{"0":9.800178},"and_ff":{"0":0.092742},"edge":{"12":0.646877,"13":null}},"total":98.1242727596}