{"id":"EG","name":"Egypt","month":"2016-02","access_date":"2016-03-03","data":{"firefox":{"2":0.560421,"3":0.061416,"3.5":0.023031,"3.6":0.161217,"4":0.069093,"5":0.07677,"6":0.023031,"7":0.030708,"8":0.061416,"9":0.061416,"10":0.061416,"11":0.099801,"12":0.122832,"13":0.130509,"14":0.053739,"15":0.660222,"16":0.107478,"17":0.046062,"18":0.629514,"19":0.092124,"20":0.099801,"21":0.675576,"22":0.092124,"23":0.644868,"24":0.115155,"25":1.259028,"26":0.199602,"27":0.184248,"28":0.291726,"29":0.330111,"30":0.360819,"31":0.353142,"32":0.214956,"33":0.145863,"34":0.168894,"35":0.214956,"36":0.222633,"37":0.261018,"38":0.330111,"39":0.214956,"40":0.176571,"41":0.161217,"42":0.176571,"43":2.924937,"44":4.782771,"45":0.683253,"46":0.007677,"47":0},"chrome":{"4":0.053739,"5":0.061416,"6":0.023031,"7":0.007677,"8":0,"9":0.053739,"10":0.023031,"11":0.099801,"12":0.061416,"13":0.007677,"14":0.007677,"15":0.007677,"16":0.061416,"17":0.07677,"18":0.007677,"19":0.583452,"20":0.107478,"21":0.053739,"22":0.030708,"23":0.061416,"24":1.711971,"25":0.099801,"26":0.222633,"27":0.107478,"28":0.161217,"29":0.15354,"30":0.683253,"31":0.253341,"32":0.391527,"33":0.982656,"34":0.514359,"35":1.504692,"36":0.468297,"37":0.560421,"38":0.445266,"39":0.575775,"40":0.744669,"41":0.729315,"42":0.667899,"43":5.957352,"44":1.22832,"45":0.951948,"46":0.783054,"47":1.374183,"48":21.549339,"49":0.099801,"50":0.115155,"51":0},"opera":{"9":0,"9.5-9.6":0,"10.0-10.1":0.560421,"10.5":0,"10.6":0,"11":0.030708,"11.1":0,"11.5":0.007677,"11.6":0.053739,"12":0.015354,"12.1":0.061416,"15":0.030708,"16":0,"17":0.030708,"18":0.023031,"19":0.07677,"20":0.115155,"21":0.107478,"22":0.069093,"23":0.069093,"24":0,"25":0,"26":0.015354,"27":0,"28":0.053739,"29":0.053739,"30":0.030708,"31":0.023031,"32":0.007677,"33":0.007677,"34":0.207279,"35":0.721638,"36":0.015354},"safari":{"3.1":0,"3.2":0,"4":0,"5":0.575775,"5.1":0.015354,"6":0.030708,"6.1":0.007677,"7":0.038385,"7.1":0.007677,"8":0.061416,"9":0.15354,"9.1":0},"android":{"2.1":0,"2.2":0,"2.3":0.0259000331775,"3":0,"4":0.224091591405,"4.1":0.471831039189,"4.2-4.3":1.05852309508,"4.4":2.13168533935,"4.4.3-4.4.4":1.1452319018,"47":null},"ios_saf":{"3.2":0,"4.0-4.1":0,"4.2-4.3":0,"5.0-5.1":0,"6.0-6.1":0,"7.0-7.1":0.095036220107,"8":0.0064515449681,"8.1-8.4":0.262528252933,"9.0-9.2":2.04737298199,"9.3":null},"op_mob":{"10":0,"11":0,"11.1":0,"11.5":0,"12":0.000106562067981,"12.1":0.000106562067981,"0":0.00458216892316},"ie":{"5.5":0,"6":0.0155370581222,"7":0.0155370581222,"8":1.72461345156,"9":1.28180729508,"10":1.28957582414,"11":0.885612312966},"bb":{"7":0.009292,"10":null},"ie_mob":{"10":0.0535643203883,"11":0.236810679612},"edge":{"12":0.07677,"13":0.107478,"14":0},"and_uc":{"0":1.238159},"op_mini":{"5.0-8.0":1.86057370694},"and_chr":{"0":14.923048},"and_ff":{"0":0.060398}},"total":97.381902}