{"id":"ER","name":"Eritrea","month":"2015-10","access_date":"2015-11-03","data":{"chrome":{"4":0,"5":0,"6":0,"7":0,"8":0,"9":0,"10":0,"11":0,"12":0.24129,"13":0,"14":0.016086,"15":0.048258,"16":0.056301,"17":0,"18":0.064344,"19":0,"20":0.201075,"21":0,"22":0.048258,"23":0.072387,"24":0.024129,"25":0.032172,"26":0,"27":0.008043,"28":0,"29":0.056301,"30":0,"31":0.08043,"32":0.016086,"33":0.225204,"34":0.008043,"35":0.088473,"36":0,"37":0.016086,"38":0.072387,"39":0.032172,"40":0.305634,"41":0.008043,"42":0.088473,"43":0.868644,"44":0.24129,"45":3.876726,"46":3.482619,"47":0.040215,"48":0.048258,"49":0},"firefox":{"2":0.056301,"3":0.426279,"3.5":0.619311,"3.6":2.380728,"4":2.147481,"5":1.093848,"6":0.056301,"7":0.788214,"8":0.619311,"9":0.932988,"10":0.394107,"11":0.458451,"12":1.938363,"13":0.225204,"14":0.184989,"15":0.707784,"16":0.353892,"17":1.520127,"18":0.932988,"19":1.914234,"20":0.337806,"21":0.88473,"22":0.627354,"23":1.311009,"24":1.616643,"25":0.297591,"26":1.238622,"27":1.560342,"28":0.474537,"29":0.506709,"30":3.691737,"31":1.857933,"32":3.000039,"33":1.302966,"34":1.214493,"35":0.8043,"36":1.954449,"37":1.471869,"38":0.973203,"39":3.643479,"40":4.26279,"41":9.538998,"42":1.198407,"43":0.032172,"44":0},"opera":{"9":0,"9.5-9.6":0,"10.0-10.1":0,"10.5":0,"10.6":0.008043,"11":0,"11.1":0,"11.5":0.032172,"11.6":0.32172,"12":0.024129,"12.1":0.128688,"15":0.056301,"16":0,"17":0,"18":0,"19":0,"20":0,"21":0.008043,"22":0,"23":0,"24":0,"25":0,"26":0,"27":0,"28":0,"29":0.016086,"30":0,"31":0.016086,"32":0.088473,"33":0,"34":0},"safari":{"3.1":0,"3.2":0,"4":0.112602,"5":0,"5.1":0,"6":0,"6.1":0,"7":0.040215,"7.1":0.289548,"8":0.024129,"9":0.008043},"android":{"2.1":0,"2.2":0,"2.3":0.0316406593027,"3":0,"4":0.0922405661029,"4.1":0.330886216776,"4.2-4.3":0.691804245771,"4.4":1.29136792544,"4.4.3-4.4.4":0.669280386607,"44":null},"ios_saf":{"3.2":0,"4.0-4.1":0,"4.2-4.3":0,"5.0-5.1":0.00478415639189,"6.0-6.1":0.00501197336293,"7.0-7.1":0.122109896479,"8":0.016402821915,"8.1-8.4":0.545849462617,"9.0-9.1":1.56373568923},"op_mob":{"10":0,"11":0,"11.1":0,"11.5":0,"12":0.0066890203193,"12.1":0.0200670609579,"0":0.234115711176},"ie":{"5.5":0,"6":0.623293707395,"7":0,"8":0.841851241158,"9":0.169989192926,"10":0.259031151125,"11":0.615198983923},"bb":{"7":0.01223125,"10":null},"ie_mob":{"10":0.0151536283525,"11":0.0689973716475},"op_mini":{"5.0-8.0":2.50436920755},"and_chr":{"0":6.580113},"and_ff":{"0":0.203528},"edge":{"12":0.056301,"13":null},"and_uc":{"0":6.035388}},"total":96.7062155265}