{"id":"ES","name":"Spain","month":"2015-10","access_date":"2015-11-03","data":{"chrome":{"4":0,"5":0.006852,"6":0,"7":0,"8":0,"9":0,"10":0,"11":0.123336,"12":0,"13":0,"14":0,"15":0,"16":0,"17":0,"18":0.013704,"19":0,"20":0,"21":0.013704,"22":0.047964,"23":0.013704,"24":0.020556,"25":0.013704,"26":0.027408,"27":0.013704,"28":0.006852,"29":0.020556,"30":0.013704,"31":0.089076,"32":0.03426,"33":0.089076,"34":0.075372,"35":0.130188,"36":0.13704,"37":0.095928,"38":0.150744,"39":0.301488,"40":0.157596,"41":0.123336,"42":0.157596,"43":0.527604,"44":0.555012,"45":16.191276,"46":16.780548,"47":0.06852,"48":0.027408,"49":0},"firefox":{"2":0.006852,"3":0.013704,"3.5":0.006852,"3.6":0.047964,"4":0.013704,"5":0.013704,"6":0.013704,"7":0.006852,"8":0.006852,"9":0.006852,"10":0.041112,"11":0.006852,"12":0.020556,"13":0.006852,"14":0.006852,"15":0.020556,"16":0.03426,"17":0.027408,"18":0.006852,"19":0.013704,"20":0.027408,"21":0.020556,"22":0.006852,"23":0.013704,"24":0.027408,"25":0.020556,"26":0.03426,"27":0.013704,"28":0.020556,"29":0.027408,"30":0.041112,"31":0.082224,"32":0.054816,"33":0.061668,"34":0.109632,"35":0.089076,"36":0.06852,"37":0.123336,"38":0.335748,"39":0.349452,"40":1.185396,"41":9.120012,"42":0.041112,"43":0.013704,"44":0},"opera":{"9":0,"9.5-9.6":0,"10.0-10.1":0,"10.5":0,"10.6":0,"11":0,"11.1":0,"11.5":0,"11.6":0,"12":0.006852,"12.1":0.061668,"15":0,"16":0,"17":0,"18":0,"19":0,"20":0,"21":0,"22":0,"23":0,"24":0,"25":0,"26":0.006852,"27":0,"28":0.020556,"29":0.006852,"30":0.013704,"31":0.013704,"32":0.486492,"33":0.027408,"34":0},"safari":{"3.1":0,"3.2":0,"4":0.041112,"5":0.095928,"5.1":0.253524,"6":0.03426,"6.1":0.150744,"7":0.13704,"7.1":0.246672,"8":0.774276,"9":1.295028},"android":{"2.1":0,"2.2":0,"2.3":0.0614670024163,"3":0,"4":0.179191939247,"4.1":0.64279899137,"4.2-4.3":1.34393954436,"4.4":2.50868714946,"4.4.3-4.4.4":1.30018337314,"44":null},"ios_saf":{"3.2":0,"4.0-4.1":0,"4.2-4.3":0,"5.0-5.1":0.0215189421855,"6.0-6.1":0.0225436537181,"7.0-7.1":0.549245381495,"8":0.0737792303501,"8.1-8.4":2.45520883221,"9.0-9.1":7.03361996004},"op_mob":{"10":0,"11":0,"11.1":0,"11.5":0,"12":0.000327440735365,"12.1":0.000982322206096,"0":0.0114604257378},"ie":{"5.5":0,"6":0.0209172653779,"7":0.0418345307557,"8":1.07375295606,"9":0.683297335677,"10":0.550821321617,"11":5.47335110721},"bb":{"7":0.014166,"10":null},"ie_mob":{"10":0.105439908046,"11":0.480088091954},"op_mini":{"5.0-8.0":0.122593811321},"and_chr":{"0":21.556168},"and_ff":{"0":0.056664},"edge":{"12":0.671496,"13":null},"and_uc":{"0":0.072404}},"total":99.0387005167}