{"id":"ET","name":"Ethiopia","month":"2016-02","access_date":"2016-03-03","data":{"firefox":{"2":0.001605,"3":0.120375,"3.5":0.00642,"3.6":0.027285,"4":0.046545,"5":0.024075,"6":0.011235,"7":0.01926,"8":0.0642,"9":0.00642,"10":0.03531,"11":0.13161,"12":0.085065,"13":0.027285,"14":0.02247,"15":0.0321,"16":0.052965,"17":0.069015,"18":0.024075,"19":0.040125,"20":0.07062,"21":0.052965,"22":0.02568,"23":0.046545,"24":0.03531,"25":0.04815,"26":0.065805,"27":0.04494,"28":0.091485,"29":0.14445,"30":0.113955,"31":0.101115,"32":0.078645,"33":0.08346,"34":0.08988,"35":0.0963,"36":0.10914,"37":0.104325,"38":0.14445,"39":0.181365,"40":0.18297,"41":0.18297,"42":0.239145,"43":1.75587,"44":1.789575,"45":0.49434,"46":0.004815,"47":0.001605},"chrome":{"4":0.004815,"5":0.00642,"6":0,"7":0.00963,"8":0.00321,"9":0.00642,"10":0.020865,"11":0.01605,"12":0.004815,"13":0.00321,"14":0.00321,"15":0.00321,"16":0.00642,"17":0.00321,"18":0.001605,"19":0.001605,"20":0,"21":0.001605,"22":0.001605,"23":0.00642,"24":0.00321,"25":0.02247,"26":0.014445,"27":0.008025,"28":0.00321,"29":0.00963,"30":0.01605,"31":0.02568,"32":0.00642,"33":0.049755,"34":0.00642,"35":0.008025,"36":0.02247,"37":0.011235,"38":0.01926,"39":0.02247,"40":0.04815,"41":0.01926,"42":0.043335,"43":0.74793,"44":0.37557,"45":0.14766,"46":0.072225,"47":0.213465,"48":3.683475,"49":0.036915,"50":0.078645,"51":0},"opera":{"9":0,"9.5-9.6":0,"10.0-10.1":0,"10.5":0,"10.6":0.001605,"11":0.00321,"11.1":0,"11.5":0.00321,"11.6":0.00963,"12":0.011235,"12.1":0.049755,"15":0.004815,"16":0.004815,"17":0.00321,"18":0.00321,"19":0.001605,"20":0.004815,"21":0.00321,"22":0.001605,"23":0.001605,"24":0.004815,"25":0.001605,"26":0.004815,"27":0.001605,"28":0.004815,"29":0.01605,"30":0.008025,"31":0.008025,"32":0.01284,"33":0.01284,"34":0.13161,"35":0.312975,"36":0.001605},"safari":{"3.1":0,"3.2":0,"4":0.004815,"5":0.004815,"5.1":0.00642,"6":0.00963,"6.1":0.001605,"7":0.011235,"7.1":0.00642,"8":0.027285,"9":0.081855,"9.1":0},"android":{"2.1":0,"2.2":0,"2.3":0.0176356891561,"3":0,"4":0.152587049655,"4.1":0.321276250278,"4.2-4.3":0.720762948118,"4.4":1.45149389446,"4.4.3-4.4.4":0.779804168337,"47":null},"ios_saf":{"3.2":0,"4.0-4.1":0,"4.2-4.3":0,"5.0-5.1":0,"6.0-6.1":0,"7.0-7.1":0.0391729625437,"8":0.00265926116485,"8.1-8.4":0.108211473554,"9.0-9.2":0.843906302737,"9.3":null},"op_mob":{"10":0,"11":0,"11.1":0,"11.5":0,"12":0.00329277749215,"12.1":0.00329277749215,"0":0.141589432162},"ie":{"5.5":0,"6":0.00965922610015,"7":0.00643948406677,"8":0.21411284522,"9":0.0563454855842,"10":0.130399552352,"11":0.63750892261},"bb":{"7":0.0041975,"10":null},"ie_mob":{"10":0.0433605825243,"11":0.191699417476},"edge":{"12":0.06741,"13":0.05136,"14":0},"and_uc":{"0":14.682855},"op_mini":{"5.0-8.0":57.4918950129},"and_chr":{"0":4.72701},"and_ff":{"0":0.058765}},"total":96.7889880159}