{"id":"ET","name":"Ethiopia","month":"2015-10","access_date":"2015-11-03","data":{"chrome":{"4":0.003446,"5":0.006892,"6":0.005169,"7":0.003446,"8":0.005169,"9":0.006892,"10":0.01723,"11":0.015507,"12":0.006892,"13":0.015507,"14":0.003446,"15":0.005169,"16":0.008615,"17":0.001723,"18":0.001723,"19":0.005169,"20":0.001723,"21":0.001723,"22":0.001723,"23":0.015507,"24":0.005169,"25":0.008615,"26":0.015507,"27":0.010338,"28":0.006892,"29":0.01723,"30":0.015507,"31":0.055136,"32":0.012061,"33":0.079258,"34":0.024122,"35":0.015507,"36":0.05169,"37":0.012061,"38":0.01723,"39":0.044798,"40":0.110272,"41":0.024122,"42":0.106826,"43":0.406628,"44":0.186084,"45":2.036586,"46":1.952159,"47":0.058582,"48":0.055136,"49":0},"firefox":{"2":0.001723,"3":0.01723,"3.5":0.005169,"3.6":0.032737,"4":0.048244,"5":0.031014,"6":0.022399,"7":0.022399,"8":0.031014,"9":0.008615,"10":0.039629,"11":0.070643,"12":0.084427,"13":0.280849,"14":0.039629,"15":0.03446,"16":0.113718,"17":0.082704,"18":0.048244,"19":0.048244,"20":0.110272,"21":0.074089,"22":0.032737,"23":0.065474,"24":0.039629,"25":0.053413,"26":0.049967,"27":0.080981,"28":0.132671,"29":0.237774,"30":0.199868,"31":0.125779,"32":0.174023,"33":0.139563,"34":0.156793,"35":0.148178,"36":0.143009,"37":0.184361,"38":0.286018,"39":0.385952,"40":0.858054,"41":2.644805,"42":0.665078,"43":0.003446,"44":0.005169},"opera":{"9":0,"9.5-9.6":0,"10.0-10.1":0,"10.5":0,"10.6":0.001723,"11":0.003446,"11.1":0,"11.5":0.008615,"11.6":0.013784,"12":0.015507,"12.1":0.063751,"15":0.006892,"16":0.005169,"17":0.006892,"18":0.006892,"19":0.001723,"20":0.01723,"21":0.003446,"22":0.005169,"23":0.001723,"24":0.003446,"25":0.003446,"26":0.005169,"27":0.003446,"28":0.005169,"29":0.010338,"30":0.029291,"31":0.018953,"32":0.410074,"33":0.012061,"34":0},"safari":{"3.1":0,"3.2":0,"4":0.001723,"5":0.006892,"5.1":0.015507,"6":0.008615,"6.1":0.006892,"7":0.013784,"7.1":0.013784,"8":0.056859,"9":0.049967},"android":{"2.1":0,"2.2":0,"2.3":0.0343381120124,"3":0,"4":0.100104326545,"4.1":0.359095171384,"4.2-4.3":0.750782449085,"4.4":1.40146057163,"4.4.3-4.4.4":0.726338369348,"44":null},"ios_saf":{"3.2":0,"4.0-4.1":0,"4.2-4.3":0,"5.0-5.1":0.00222845151851,"6.0-6.1":0.00233456825749,"7.0-7.1":0.0568785720916,"8":0.00764040520634,"8.1-8.4":0.254255706589,"9.0-9.1":0.728385296337},"op_mob":{"10":0,"11":0,"11.1":0,"11.5":0,"12":0.145898642961,"12.1":0.437695928882,"0":5.10645250363},"ie":{"5.5":0,"6":0.133196429703,"7":0.0121087663366,"8":0.249094621782,"9":0.0761122455446,"10":0.188550790099,"11":1.07422055644},"bb":{"7":0.00620775,"10":null},"ie_mob":{"10":0.0402433448276,"11":0.183235655172},"op_mini":{"5.0-8.0":54.6244519245},"and_chr":{"0":3.493133},"and_ff":{"0":0.08277},"edge":{"12":0.08615,"13":null},"and_uc":{"0":12.117528}},"total":96.8386511599}