{"id":"FI","name":"Finland","month":"2015-10","access_date":"2015-11-03","data":{"chrome":{"4":0,"5":0,"6":0,"7":0,"8":0,"9":0,"10":0,"11":0.019062,"12":0,"13":0,"14":0,"15":0,"16":0,"17":0,"18":0.006354,"19":0,"20":0,"21":0.006354,"22":0.108018,"23":0.006354,"24":0,"25":0.006354,"26":0.006354,"27":0.006354,"28":0.006354,"29":0.006354,"30":0.006354,"31":0.044478,"32":0.025416,"33":0.038124,"34":0.03177,"35":0.038124,"36":0.044478,"37":0.044478,"38":0.044478,"39":0.082602,"40":0.057186,"41":0.09531,"42":0.088956,"43":0.279576,"44":0.38124,"45":12.212388,"46":11.46897,"47":0.076248,"48":0.038124,"49":0},"firefox":{"2":0,"3":0.006354,"3.5":0,"3.6":0.012708,"4":0.006354,"5":0,"6":0,"7":0,"8":0,"9":0,"10":0.006354,"11":0.006354,"12":0.012708,"13":0.012708,"14":0.006354,"15":0.006354,"16":0.025416,"17":0.012708,"18":0.006354,"19":0.006354,"20":0.012708,"21":0.006354,"22":0.006354,"23":0.006354,"24":0.019062,"25":0.012708,"26":0.006354,"27":0.019062,"28":0.03177,"29":0.03177,"30":0.025416,"31":0.139788,"32":0.019062,"33":0.050832,"34":0.044478,"35":0.057186,"36":0.057186,"37":0.088956,"38":0.749772,"39":0.203328,"40":1.607562,"41":13.05747,"42":0.184266,"43":0.019062,"44":0.006354},"opera":{"9":0,"9.5-9.6":0,"10.0-10.1":0,"10.5":0,"10.6":0,"11":0,"11.1":0,"11.5":0,"11.6":0,"12":0.006354,"12.1":0.152496,"15":0,"16":0,"17":0,"18":0,"19":0,"20":0,"21":0,"22":0,"23":0,"24":0.006354,"25":0.006354,"26":0.006354,"27":0,"28":0.019062,"29":0.006354,"30":0.019062,"31":0.038124,"32":0.743418,"33":0.038124,"34":0},"safari":{"3.1":0,"3.2":0,"4":0.025416,"5":0.082602,"5.1":0.260514,"6":0.025416,"6.1":0.216036,"7":0.09531,"7.1":0.311346,"8":0.946746,"9":1.639332},"android":{"2.1":0,"2.2":0,"2.3":0.0362821691405,"3":0,"4":0.105771747325,"4.1":0.379425395927,"4.2-4.3":0.793288104936,"4.4":1.48080446255,"4.4.3-4.4.4":0.767460120124,"44":null},"ios_saf":{"3.2":0,"4.0-4.1":0,"4.2-4.3":0,"5.0-5.1":0.0362045042882,"6.0-6.1":0.0379285283019,"7.0-7.1":0.924076871355,"8":0.124129728988,"8.1-8.4":4.13076153688,"9.0-9.1":11.8337008302},"op_mob":{"10":0,"11":0,"11.1":0,"11.5":0,"12":0.000546811804548,"12.1":0.00164043541364,"0":0.0191384131592},"ie":{"5.5":0,"6":0,"7":0.00636344832714,"8":0.190903449814,"9":0.852702075836,"10":0.935426904089,"11":6.56071522528},"bb":{"7":0.0027345,"10":null},"ie_mob":{"10":0.827264827586,"11":3.76669517241},"op_mini":{"5.0-8.0":0.204726339623},"and_chr":{"0":17.743184},"and_ff":{"0":0.098442},"edge":{"12":0.800604,"13":null},"and_uc":{"0":0.03646}},"total":99.2086616033}