{"id":"FI","name":"Finland","month":"2015-08","access_date":"2015-09-03","data":{"chrome":{"4":0,"5":0,"6":0,"7":0,"8":0,"9":0,"10":0,"11":0.018897,"12":0.006299,"13":0,"14":0,"15":0,"16":0,"17":0,"18":0.006299,"19":0,"20":0,"21":0.006299,"22":0.138578,"23":0.006299,"24":0,"25":0.006299,"26":0.006299,"27":0.006299,"28":0.012598,"29":0.006299,"30":0.006299,"31":0.050392,"32":0.037794,"33":0.037794,"34":0.025196,"35":0.031495,"36":0.018897,"37":0.037794,"38":0.044093,"39":0.075588,"40":0.069289,"41":0.100784,"42":0.176372,"43":0.799973,"44":23.545662,"45":0.119681,"46":0.06299,"47":0.006299,"48":0},"firefox":{"2":0,"3":0.006299,"3.5":0,"3.6":0.018897,"4":0.006299,"5":0,"6":0.006299,"7":0.006299,"8":0,"9":0.006299,"10":0.006299,"11":0.006299,"12":0.012598,"13":0.006299,"14":0,"15":0.006299,"16":0.025196,"17":0.018897,"18":0.006299,"19":0.006299,"20":0.012598,"21":0.006299,"22":0.006299,"23":0.012598,"24":0.025196,"25":0.012598,"26":0.012598,"27":0.012598,"28":0.018897,"29":0.025196,"30":0.025196,"31":0.277156,"32":0.025196,"33":0.056691,"34":0.056691,"35":0.069289,"36":0.06299,"37":0.12598,"38":0.617302,"39":7.439119,"40":6.86591,"41":0.132279,"42":0.006299,"43":0.006299},"opera":{"9":0,"9.5-9.6":0,"10.0-10.1":0,"10.5":0,"10.6":0,"11":0,"11.1":0,"11.5":0,"11.6":0,"12":0.006299,"12.1":0.195269,"15":0,"16":0,"17":0,"18":0,"19":0,"20":0,"21":0,"22":0,"23":0,"24":0.006299,"25":0.006299,"26":0,"27":0,"28":0.012598,"29":0.012598,"30":0.201568,"31":0.655096,"32":0.012598,"33":0},"safari":{"3.1":0,"3.2":0,"4":0.025196,"5":0.088186,"5.1":0.270857,"6":0.031495,"6.1":0.207867,"7":0.107083,"7.1":0.617302,"8":1.895999,"9":0.025196},"android":{"2.1":0,"2.2":0,"2.3":0.0664112159062,"3":0,"4":0.211685750701,"4.1":0.742975477951,"4.2-4.3":1.61566036197,"4.4":0.0103767524853,"4.4.3-4.4.4":1.42369044099,"44":null},"ios_saf":{"3.2":0,"4.0-4.1":0,"4.2-4.3":0,"5.0-5.1":0.0535804557803,"6.0-6.1":0.0893007596338,"7.0-7.1":1.47167651876,"8":0.201819716772,"8.1-8.4":15.8187365615,"9":0.116090987524},"op_mob":{"10":0,"11":0,"11.1":0,"11.5":0,"12":0.000677962225509,"12.1":0.00135592445102,"0":0.0210168289908},"ie":{"5.5":0,"6":0,"7":0.00630799857143,"8":0.359555918571,"9":1.02189576857,"10":1.03451176571,"11":6.40261855},"bb":{"7":0.00277575,"10":null},"ie_mob":{"10":0.988292457627,"11":4.08207754237},"and_uc":{"0":0.033309},"op_mini":{"5.0-8.0":0.236019284333},"and_chr":{"0":16.472378},"and_ff":{"0":0.314585},"edge":{"12":0.510219,"13":null}},"total":99.2104147514}