{"id":"FK","name":"Falkland Islands (Malvinas)","month":"2015-08","access_date":"2015-09-03","data":{"chrome":{"4":0,"5":0,"6":0,"7":0,"8":0,"9":0,"10":0,"11":0.008669,"12":0,"13":0,"14":0,"15":0,"16":0,"17":0,"18":0,"19":0,"20":0,"21":0.026007,"22":0,"23":0,"24":0.026007,"25":0,"26":0,"27":0,"28":0,"29":0.017338,"30":0.138704,"31":6.779158,"32":0.043345,"33":0.034676,"34":0,"35":0.026007,"36":0.008669,"37":0.008669,"38":0.008669,"39":0.060683,"40":0.069352,"41":0,"42":0.078021,"43":0.338091,"44":27.628103,"45":0.008669,"46":0,"47":0,"48":0},"firefox":{"2":0,"3":0,"3.5":0,"3.6":0,"4":0,"5":0,"6":0,"7":0,"8":0,"9":0,"10":0,"11":0.008669,"12":0.017338,"13":0,"14":0,"15":0.008669,"16":0,"17":0,"18":0,"19":0,"20":0,"21":0,"22":0.190718,"23":0,"24":0,"25":0.034676,"26":0.052014,"27":0.026007,"28":0.008669,"29":0.017338,"30":0.017338,"31":0.017338,"32":0,"33":0.026007,"34":0.069352,"35":0.069352,"36":0.078021,"37":0.026007,"38":0.996935,"39":3.424255,"40":3.606304,"41":0,"42":0,"43":0},"opera":{"9":0,"9.5-9.6":0,"10.0-10.1":0,"10.5":0,"10.6":0,"11":0,"11.1":0,"11.5":0,"11.6":0,"12":0.017338,"12.1":0.095359,"15":0,"16":0,"17":0,"18":0,"19":0,"20":0,"21":0,"22":0,"23":0,"24":0,"25":0,"26":0,"27":0,"28":0,"29":0,"30":0.381436,"31":0.364098,"32":0,"33":0},"safari":{"3.1":0.026007,"3.2":0.026007,"4":0.008669,"5":0.034676,"5.1":0.138704,"6":0.052014,"6.1":0.416112,"7":0.190718,"7.1":0.320753,"8":2.089229,"9":0},"android":{"2.1":0,"2.2":0,"2.3":0.0378226133061,"3":0,"4":0.120559579913,"4.1":0.423140486362,"4.2-4.3":0.920153264339,"4.4":0.00590978332908,"4.4.3-4.4.4":0.81082227275,"44":null},"ios_saf":{"3.2":0,"4.0-4.1":0,"4.2-4.3":0,"5.0-5.1":0.0491462209478,"6.0-6.1":0.0819103682463,"7.0-7.1":1.3498828687,"8":0.185117432237,"8.1-8.4":14.5096026312,"9":0.10648347872},"op_mob":{"10":0,"11":0,"11.1":0,"11.5":0,"12":0.00188784230288,"12.1":0.00377568460576,"0":0.0585231113892},"ie":{"5.5":0,"6":0.100426886117,"7":0.0182594338395,"8":0.456485845987,"9":5.7334622256,"10":2.97628771584,"11":15.9678748926},"bb":{"7":0.006655,"10":null},"ie_mob":{"10":0.0308724322034,"11":0.127516567797},"and_uc":{"0":0},"op_mini":{"5.0-8.0":0.657215361702},"and_chr":{"0":5.919235},"and_ff":{"0":0.087846},"edge":{"12":0.476795,"13":null}},"total":99.388634}