{"id":"FK","name":"Falkland Islands (Malvinas)","month":"2015-10","access_date":"2015-11-03","data":{"chrome":{"4":0,"5":0,"6":0,"7":0,"8":0,"9":0,"10":0,"11":0,"12":0,"13":0,"14":0,"15":0,"16":0,"17":0,"18":0,"19":0,"20":0,"21":0,"22":0,"23":0.008073,"24":0,"25":0,"26":0,"27":0,"28":0,"29":0.048438,"30":0.048438,"31":0.153387,"32":0.314847,"33":0,"34":0,"35":0.016146,"36":0,"37":0,"38":0,"39":0,"40":0.072657,"41":0,"42":0.048438,"43":0.209898,"44":0.500526,"45":7.564401,"46":7.903467,"47":0.016146,"48":0.016146,"49":0},"firefox":{"2":0.008073,"3":0,"3.5":0,"3.6":0,"4":0.008073,"5":0,"6":0.008073,"7":0,"8":0,"9":0,"10":0,"11":0.048438,"12":0.032292,"13":0,"14":0,"15":0,"16":0,"17":0,"18":0,"19":0,"20":0,"21":0,"22":0.314847,"23":0,"24":0.040365,"25":0,"26":0.048438,"27":0.032292,"28":0.040365,"29":0,"30":0,"31":0,"32":0,"33":0.016146,"34":0.169533,"35":0.056511,"36":0.088803,"37":0.032292,"38":0.678132,"39":0.016146,"40":2.769039,"41":7.661277,"42":0.411723,"43":0,"44":0},"opera":{"9":0,"9.5-9.6":0,"10.0-10.1":0,"10.5":0,"10.6":0,"11":0,"11.1":0,"11.5":0,"11.6":0,"12":0.032292,"12.1":0,"15":0,"16":0,"17":0,"18":0.008073,"19":0,"20":0,"21":0,"22":0,"23":0,"24":0,"25":0,"26":0,"27":0,"28":0,"29":0,"30":0.008073,"31":0,"32":0.217971,"33":0,"34":0},"safari":{"3.1":0,"3.2":0,"4":0.032292,"5":0.064584,"5.1":0.209898,"6":0.032292,"6.1":0.040365,"7":0.169533,"7.1":0.355212,"8":1.872936,"9":3.705507},"android":{"2.1":0,"2.2":0,"2.3":0.0267616423887,"3":0,"4":0.0780169913704,"4.1":0.279863277183,"4.2-4.3":0.585127435278,"4.4":1.09223787919,"4.4.3-4.4.4":0.566076774594,"44":null},"ios_saf":{"3.2":0,"4.0-4.1":0,"4.2-4.3":0,"5.0-5.1":0.0443596384825,"6.0-6.1":0.0464720022198,"7.0-7.1":1.13222696317,"8":0.152090189083,"8.1-8.4":5.06122351448,"9.0-9.1":14.4992646926},"op_mob":{"10":0,"11":0,"11.1":0,"11.5":0,"12":0.00350999274311,"12.1":0.0105299782293,"0":0.122849746009},"ie":{"5.5":0,"6":0,"7":0.056511,"8":0.96876,"9":3.762018,"10":2.720601,"11":16.9533},"bb":{"7":0,"10":null},"ie_mob":{"10":0.0562152413793,"11":0.255958758621},"op_mini":{"5.0-8.0":1.31414128302},"and_chr":{"0":10.093658},"and_ff":{"0":0.011562},"edge":{"12":1.380483,"13":null},"and_uc":{"0":0}},"total":97.424713}