{"id":"FM","name":"Micronesia","month":"2015-08","access_date":"2015-09-03","data":{"chrome":{"4":0,"5":0,"6":0,"7":0,"8":0,"9":0,"10":0,"11":0.078921,"12":0,"13":0,"14":0,"15":0,"16":0,"17":0,"18":0,"19":0,"20":0.008769,"21":0,"22":0,"23":0,"24":0,"25":0,"26":0.017538,"27":0.017538,"28":0.008769,"29":0.017538,"30":0,"31":0.727827,"32":0.026307,"33":0.17538,"34":0.043845,"35":0.017538,"36":0.052614,"37":0.017538,"38":0.070152,"39":0.184149,"40":0.210456,"41":0.298146,"42":0.955821,"43":2.648238,"44":33.480042,"45":0.061383,"46":0.254301,"47":0,"48":0},"firefox":{"2":0.008769,"3":0,"3.5":0.035076,"3.6":0.061383,"4":0.061383,"5":0,"6":0.052614,"7":0,"8":0,"9":0,"10":0.035076,"11":0.026307,"12":0,"13":0.113997,"14":0.008769,"15":0,"16":0.122766,"17":0.026307,"18":0.035076,"19":0.017538,"20":1.350426,"21":0.043845,"22":0,"23":0.017538,"24":0.017538,"25":0,"26":0.070152,"27":0.008769,"28":0.026307,"29":0,"30":0.078921,"31":0.017538,"32":0,"33":0.043845,"34":0.017538,"35":0.035076,"36":0.105228,"37":0.061383,"38":0.833055,"39":5.287707,"40":4.875564,"41":0.236763,"42":0,"43":0},"opera":{"9":0,"9.5-9.6":0,"10.0-10.1":0.017538,"10.5":0,"10.6":0,"11":0.08769,"11.1":0,"11.5":0.008769,"11.6":0.008769,"12":0.035076,"12.1":0.017538,"15":0,"16":0.017538,"17":0,"18":0,"19":0,"20":0,"21":0,"22":0,"23":0,"24":0,"25":0,"26":0,"27":0.043845,"28":0.035076,"29":0,"30":0.078921,"31":0.070152,"32":0,"33":0},"safari":{"3.1":0,"3.2":0,"4":0.061383,"5":0.210456,"5.1":0.736596,"6":0.052614,"6.1":0.192918,"7":0.271839,"7.1":0.429681,"8":0.947052,"9":0},"android":{"2.1":0,"2.2":0,"2.3":0.0794432995157,"3":0,"4":0.253225517206,"4.1":0.888771913332,"4.2-4.3":1.93270652103,"4.4":0.0124130155493,"4.4.3-4.4.4":1.70306573337,"44":null},"ios_saf":{"3.2":0,"4.0-4.1":0,"4.2-4.3":0,"5.0-5.1":0.0270676245095,"6.0-6.1":0.0451127075158,"7.0-7.1":0.743457419861,"8":0.101954718986,"8.1-8.4":7.99126500936,"9":0.0586465197706},"op_mob":{"10":0,"11":0,"11.1":0,"11.5":0,"12":0.00195861918307,"12.1":0.00391723836614,"0":0.0607171946752},"ie":{"5.5":0,"6":0.026307,"7":0.026307,"8":2.130867,"9":0.464757,"10":2.130867,"11":15.670203},"bb":{"7":0.00030775,"10":null},"ie_mob":{"10":0.0115171525424,"11":0.0475708474576},"and_uc":{"0":1.910512},"op_mini":{"5.0-8.0":0.681854947776},"and_chr":{"0":4.381026},"and_ff":{"0":0.02462},"edge":{"12":0.271839,"13":null}},"total":98.11079375}