{"id":"FM","name":"Micronesia","month":"2015-10","access_date":"2015-11-03","data":{"chrome":{"4":0.008575,"5":0,"6":0,"7":0,"8":0,"9":0,"10":0,"11":0.060025,"12":0.01715,"13":0,"14":0,"15":0,"16":0,"17":0,"18":0,"19":0,"20":0.01715,"21":0,"22":0.008575,"23":0,"24":0.008575,"25":0,"26":0,"27":0.008575,"28":0.008575,"29":0.008575,"30":0,"31":0.22295,"32":0.0343,"33":0.01715,"34":0.042875,"35":0.008575,"36":0.128625,"37":0.008575,"38":0.01715,"39":0.094325,"40":0.0686,"41":0.162925,"42":0.780325,"43":9.261,"44":0.4459,"45":14.11445,"46":10.65015,"47":0.060025,"48":0.111475,"49":0},"firefox":{"2":0,"3":0.008575,"3.5":0.0343,"3.6":0.08575,"4":0.008575,"5":0.008575,"6":0.025725,"7":0.008575,"8":0,"9":0,"10":0.0686,"11":0.060025,"12":0.01715,"13":0.060025,"14":0,"15":0.025725,"16":0.060025,"17":0.008575,"18":0.025725,"19":0.008575,"20":0.025725,"21":0.01715,"22":0,"23":0.008575,"24":0.128625,"25":0.042875,"26":0.111475,"27":0.042875,"28":0,"29":0.0686,"30":0.008575,"31":0.042875,"32":0.01715,"33":0,"34":0.08575,"35":0,"36":0.05145,"37":0.025725,"38":2.889775,"39":0.5145,"40":1.037575,"41":10.350025,"42":0.488775,"43":0,"44":0},"opera":{"9":0,"9.5-9.6":0,"10.0-10.1":0,"10.5":0,"10.6":0,"11":0,"11.1":0.008575,"11.5":0.008575,"11.6":0.008575,"12":0.01715,"12.1":0.008575,"15":0,"16":0.01715,"17":0,"18":0,"19":0,"20":0,"21":0,"22":0,"23":0,"24":0,"25":0,"26":0,"27":0,"28":0,"29":0,"30":0,"31":0,"32":0.214375,"33":0,"34":0},"safari":{"3.1":0,"3.2":0,"4":0.008575,"5":0.060025,"5.1":0.848925,"6":0.08575,"6.1":0.111475,"7":0.042875,"7.1":0.7203,"8":3.044125,"9":0.951825},"android":{"2.1":0,"2.2":0,"2.3":0.0480339834311,"3":0,"4":0.140031273731,"4.1":0.502321487746,"4.2-4.3":1.05023455299,"4.4":1.96043783224,"4.4.3-4.4.4":1.01604086987,"44":null},"ios_saf":{"3.2":0,"4.0-4.1":0,"4.2-4.3":0,"5.0-5.1":0.014198996065,"6.0-6.1":0.0148751387347,"7.0-7.1":0.362412470992,"8":0.0486822722228,"8.1-8.4":1.62003783675,"9.0-9.1":4.64104328524},"op_mob":{"10":0,"11":0,"11.1":0,"11.5":0,"12":0.0050361030479,"12.1":0.0151083091437,"0":0.176263606676},"ie":{"5.5":0,"6":0.008575,"7":0.0343,"8":0.36015,"9":0.523075,"10":1.1319,"11":16.438275},"bb":{"7":0.0021375,"10":null},"ie_mob":{"10":0.0289968390805,"11":0.13202816092},"op_mini":{"5.0-8.0":1.88551698113},"and_chr":{"0":5.602375},"and_ff":{"0":0.03705},"edge":{"12":0.728875,"13":null},"and_uc":{"0":0.959025}},"total":98.4916125}