{"id":"FO","name":"Faroe Islands","month":"2015-08","access_date":"2015-09-03","data":{"chrome":{"4":0,"5":0,"6":0,"7":0,"8":0,"9":0,"10":0.006966,"11":0.013932,"12":0.020898,"13":0,"14":0,"15":0,"16":0,"17":0,"18":0,"19":0,"20":0,"21":0,"22":0.013932,"23":0,"24":0,"25":0,"26":0.006966,"27":0,"28":0,"29":0.006966,"30":0.006966,"31":0.013932,"32":0.006966,"33":0.020898,"34":0.020898,"35":0.006966,"36":0.027864,"37":0.020898,"38":0.03483,"39":0.020898,"40":0.03483,"41":0.090558,"42":0.06966,"43":0.369198,"44":20.208366,"45":0.041796,"46":0.083592,"47":0,"48":0},"firefox":{"2":0,"3":0,"3.5":0,"3.6":0,"4":0,"5":0.006966,"6":0,"7":0,"8":0,"9":0,"10":0,"11":0.222912,"12":0,"13":0,"14":0,"15":0,"16":0.020898,"17":0,"18":0,"19":0,"20":0.006966,"21":0,"22":0,"23":0,"24":0.006966,"25":0,"26":0,"27":0,"28":0,"29":0,"30":0.006966,"31":0.45279,"32":0,"33":0,"34":0.020898,"35":0.006966,"36":0.006966,"37":0.013932,"38":0.188082,"39":2.640114,"40":2.737638,"41":0.020898,"42":0,"43":0},"opera":{"9":0,"9.5-9.6":0,"10.0-10.1":0,"10.5":0,"10.6":0,"11":0,"11.1":0,"11.5":0,"11.6":0,"12":0,"12.1":0.083592,"15":0,"16":0,"17":0,"18":0,"19":0,"20":0,"21":0,"22":0,"23":0,"24":0,"25":0,"26":0,"27":0,"28":0,"29":0,"30":0.027864,"31":0.153252,"32":0,"33":0},"safari":{"3.1":0,"3.2":0,"4":0.076626,"5":0.055728,"5.1":0.20898,"6":0.03483,"6.1":0.424926,"7":0.097524,"7.1":1.037934,"8":2.061936,"9":0.020898},"android":{"2.1":0,"2.2":0,"2.3":0.0399244496559,"3":0,"4":0.127259183278,"4.1":0.446654780525,"4.2-4.3":0.971287001784,"4.4":0.00623819525873,"4.4.3-4.4.4":0.855880389498,"44":null},"ios_saf":{"3.2":0,"4.0-4.1":0,"4.2-4.3":0,"5.0-5.1":0.107097959553,"6.0-6.1":0.178496599255,"7.0-7.1":2.94162395573,"8":0.403402314317,"8.1-8.4":31.6188875921,"9":0.232045579032},"op_mob":{"10":0,"11":0,"11.1":0,"11.5":0,"12":0.000254070315167,"12.1":0.000508140630333,"0":0.00787617977017},"ie":{"5.5":0,"6":0,"7":0.0557693259177,"8":0.362500618465,"9":1.0526460267,"10":0.571635590656,"11":16.7517112725},"bb":{"7":0.0204795,"10":null},"ie_mob":{"10":0.231818169492,"11":0.957509830508},"and_uc":{"0":0},"op_mini":{"5.0-8.0":0.0884496092843},"and_chr":{"0":8.749856},"and_ff":{"0":0.103156},"edge":{"12":0.842886,"13":null}},"total":99.5186783343}