{"id":"FO","name":"Faroe Islands","month":"2016-02","access_date":"2016-03-03","data":{"firefox":{"2":0,"3":0,"3.5":0,"3.6":0.014834,"4":0,"5":0,"6":0,"7":0,"8":0,"9":0,"10":0,"11":0.081587,"12":0,"13":0,"14":0,"15":0,"16":0.007417,"17":0,"18":0,"19":0,"20":0.007417,"21":0,"22":0,"23":0,"24":0.007417,"25":0,"26":0,"27":0,"28":0,"29":0,"30":0,"31":0.014834,"32":0,"33":0,"34":0.022251,"35":0.007417,"36":0,"37":0.007417,"38":0.585943,"39":0.014834,"40":0.014834,"41":0.014834,"42":0.051919,"43":1.446315,"44":3.893925,"45":0.029668,"46":0,"47":0},"chrome":{"4":0,"5":0,"6":0,"7":0,"8":0,"9":0,"10":0,"11":0.007417,"12":0,"13":0,"14":0,"15":0,"16":0,"17":0,"18":0,"19":0,"20":0,"21":0,"22":0.014834,"23":0.007417,"24":0,"25":0,"26":0.014834,"27":0,"28":0,"29":0.014834,"30":0,"31":0,"32":0.007417,"33":0.066753,"34":0.022251,"35":0.007417,"36":0.014834,"37":0.007417,"38":0.044502,"39":0.007417,"40":0.014834,"41":0.051919,"42":0.029668,"43":0.044502,"44":0.066753,"45":0.044502,"46":0.215093,"47":0.548858,"48":22.510595,"49":0.07417,"50":0.044502,"51":0},"opera":{"9":0,"9.5-9.6":0,"10.0-10.1":0,"10.5":0,"10.6":0,"11":0,"11.1":0,"11.5":0,"11.6":0,"12":0,"12.1":0.007417,"15":0,"16":0,"17":0,"18":0,"19":0,"20":0,"21":0,"22":0,"23":0,"24":0,"25":0,"26":0,"27":0,"28":0,"29":0,"30":0,"31":0,"32":0,"33":0,"34":0.07417,"35":0.237344,"36":0},"safari":{"3.1":0,"3.2":0,"4":0.066753,"5":0.044502,"5.1":0.14834,"6":0.044502,"6.1":0.422769,"7":0.066753,"7.1":0.044502,"8":0.400518,"9":2.603367,"9.1":0},"android":{"2.1":0,"2.2":0,"2.3":0.00723637564017,"3":0,"4":0.0626103805389,"4.1":0.131827886662,"4.2-4.3":0.295747526163,"4.4":0.595585177689,"4.4.3-4.4.4":0.319973653307,"47":null},"ios_saf":{"3.2":0,"4.0-4.1":0,"4.2-4.3":0,"5.0-5.1":0,"6.0-6.1":0,"7.0-7.1":1.29462430099,"8":0.0878857227825,"8.1-8.4":3.57627287322,"9.0-9.2":27.890196103,"9.3":null},"op_mob":{"10":0,"11":0,"11.1":0,"11.5":0,"12":7.8205655527e-6,"12.1":7.8205655527e-6,"0":0.000336284318766},"ie":{"5.5":0,"6":0,"7":0.029668,"8":0.259595,"9":0.793619,"10":0.348599,"11":16.480574},"bb":{"7":0.005166,"10":null},"ie_mob":{"10":0.171531262136,"11":0.758348737864},"edge":{"12":0.407935,"13":2.692371,"14":0.007417},"and_uc":{"0":0.010332},"op_mini":{"5.0-8.0":0.13654707455},"and_chr":{"0":8.129784},"and_ff":{"0":0.030996}},"total":98.791335}