{"id":"FO","name":"Faroe Islands","month":"2015-10","access_date":"2015-11-03","data":{"chrome":{"4":0,"5":0,"6":0,"7":0,"8":0,"9":0,"10":0.007612,"11":0.022836,"12":0.015224,"13":0,"14":0,"15":0,"16":0,"17":0,"18":0,"19":0,"20":0,"21":0,"22":0.030448,"23":0.007612,"24":0.007612,"25":0,"26":0.007612,"27":0,"28":0,"29":0,"30":0,"31":0.030448,"32":0.007612,"33":0.068508,"34":0.030448,"35":0.015224,"36":0.03806,"37":0.022836,"38":0.03806,"39":0.015224,"40":0.015224,"41":0.068508,"42":0.083732,"43":0.07612,"44":0.121792,"45":10.641576,"46":11.524568,"47":0.106568,"48":0.045672,"49":0},"firefox":{"2":0,"3":0,"3.5":0,"3.6":0.015224,"4":0,"5":0,"6":0,"7":0,"8":0,"9":0,"10":0,"11":0.07612,"12":0,"13":0.015224,"14":0,"15":0,"16":0.03806,"17":0,"18":0,"19":0,"20":0.007612,"21":0,"22":0,"23":0,"24":0.007612,"25":0,"26":0,"27":0,"28":0,"29":0,"30":0,"31":0.022836,"32":0.007612,"33":0,"34":0.022836,"35":0.007612,"36":0.015224,"37":0.007612,"38":0.471944,"39":0.07612,"40":0.49478,"41":5.160936,"42":0.03806,"43":0,"44":0},"opera":{"9":0,"9.5-9.6":0,"10.0-10.1":0,"10.5":0,"10.6":0,"11":0,"11.1":0,"11.5":0,"11.6":0,"12":0,"12.1":0.015224,"15":0,"16":0,"17":0,"18":0,"19":0,"20":0,"21":0,"22":0,"23":0,"24":0,"25":0,"26":0,"27":0,"28":0,"29":0,"30":0,"31":0,"32":0.144628,"33":0,"34":0},"safari":{"3.1":0,"3.2":0,"4":0.091344,"5":0.060896,"5.1":0.213136,"6":0.045672,"6.1":0.464332,"7":0.060896,"7.1":0.41866,"8":0.997172,"9":1.849716},"android":{"2.1":0,"2.2":0,"2.3":0.0213412999655,"3":0,"4":0.0622153151536,"4.1":0.223179357266,"4.2-4.3":0.466614863652,"4.4":0.871014412151,"4.4.3-4.4.4":0.451422751812,"44":null},"ios_saf":{"3.2":0,"4.0-4.1":0,"4.2-4.3":0,"5.0-5.1":0.0681341027142,"6.0-6.1":0.0713785837958,"7.0-7.1":1.73904185975,"8":0.233602637877,"8.1-8.4":7.77377667158,"9.0-9.1":22.2701181443},"op_mob":{"10":0,"11":0,"11.1":0,"11.5":0,"12":0.000202177068215,"12.1":0.000606531204644,"0":0.00707619738752},"ie":{"5.5":0,"6":0,"7":0.03806,"8":0.365376,"9":1.134188,"10":0.715528,"11":18.755968},"bb":{"7":0.008358,"10":null},"ie_mob":{"10":0.210281241379,"11":0.957450758621},"op_mini":{"5.0-8.0":0.0756950943396},"and_chr":{"0":7.428792},"and_ff":{"0":0.016716},"edge":{"12":1.7127,"13":null},"and_uc":{"0":0.002388}},"total":99.577462}