{"id":"FR","name":"France","month":"2016-02","access_date":"2016-03-03","data":{"firefox":{"2":0,"3":0.015946,"3.5":0.007973,"3.6":0.039865,"4":0.007973,"5":0.015946,"6":0.015946,"7":0,"8":0,"9":0.007973,"10":0.015946,"11":0.015946,"12":0.023919,"13":0.015946,"14":0.015946,"15":0.015946,"16":0.047838,"17":0.039865,"18":0.007973,"19":0.007973,"20":0.023919,"21":0.039865,"22":0.015946,"23":0.015946,"24":0.071757,"25":0.015946,"26":0.023919,"27":0.015946,"28":0.023919,"29":0.031892,"30":0.039865,"31":0.310947,"32":0.031892,"33":0.047838,"34":0.063784,"35":0.095676,"36":0.167433,"37":0.095676,"38":0.518245,"39":0.143514,"40":0.143514,"41":0.167433,"42":0.231217,"43":4.209744,"44":10.069899,"45":0.07973,"46":0.015946,"47":0.007973},"chrome":{"4":0,"5":0,"6":0,"7":0,"8":0,"9":0,"10":0,"11":0.031892,"12":0,"13":0.007973,"14":0,"15":0,"16":0.015946,"17":0,"18":0.007973,"19":0,"20":0.015946,"21":0.015946,"22":0.023919,"23":0.047838,"24":0.015946,"25":0.023919,"26":0.015946,"27":0.015946,"28":0.015946,"29":0.055811,"30":0.015946,"31":0.103649,"32":0.031892,"33":0.055811,"34":0.071757,"35":0.111622,"36":0.07973,"37":0.07973,"38":0.095676,"39":0.15946,"40":0.127568,"41":0.23919,"42":0.167433,"43":0.263109,"44":0.247163,"45":0.342839,"46":0.406623,"47":1.219869,"48":29.595776,"49":0.103649,"50":0.055811,"51":0},"opera":{"9":0,"9.5-9.6":0,"10.0-10.1":0,"10.5":0,"10.6":0,"11":0,"11.1":0,"11.5":0,"11.6":0.007973,"12":0.015946,"12.1":0.063784,"15":0.007973,"16":0,"17":0,"18":0,"19":0,"20":0,"21":0,"22":0,"23":0,"24":0,"25":0,"26":0,"27":0.007973,"28":0.039865,"29":0,"30":0.007973,"31":0.007973,"32":0.007973,"33":0.007973,"34":0.143514,"35":0.446488,"36":0.007973},"safari":{"3.1":0,"3.2":0,"4":0.047838,"5":0.167433,"5.1":0.446488,"6":0.055811,"6.1":0.287028,"7":0.151487,"7.1":0.095676,"8":0.709597,"9":4.417042,"9.1":0.023919},"android":{"2.1":0,"2.2":0,"2.3":0.0155535822757,"3":0,"4":0.13457229882,"4.1":0.2833456945,"4.2-4.3":0.635668145179,"4.4":1.28012744556,"4.4.3-4.4.4":0.687738833667,"47":null},"ios_saf":{"3.2":0,"4.0-4.1":0,"4.2-4.3":0,"5.0-5.1":0,"6.0-6.1":0,"7.0-7.1":0.432079294196,"8":0.029331753653,"8.1-8.4":1.1935767448,"9.0-9.2":9.30831920735,"9.3":null},"op_mob":{"10":0,"11":0,"11.1":0,"11.5":0,"12":9.95841188232e-6,"12.1":9.95841188232e-6,"0":0.00042821171094},"ie":{"5.5":0,"6":0.0243272373933,"7":0.0486544747867,"8":0.640617251358,"9":0.713598963538,"10":0.543308301784,"11":8.44966045462},"bb":{"7":0.01672275,"10":null},"ie_mob":{"10":0.130121592233,"11":0.575274407767},"edge":{"12":0.550137,"13":1.666357,"14":0},"and_uc":{"0":0.853367},"op_mini":{"5.0-8.0":0.173873871465},"and_chr":{"0":11.556098},"and_ff":{"0":0.036486}},"total":98.0786164335}