{"id":"GA","name":"Gabon","month":"2015-10","access_date":"2015-11-03","data":{"chrome":{"4":0.002483,"5":0.002483,"6":0.004966,"7":0.002483,"8":0,"9":0,"10":0.002483,"11":0.064558,"12":0.004966,"13":0.004966,"14":0,"15":0.002483,"16":0.002483,"17":0.017381,"18":0,"19":0,"20":0.004966,"21":0.019864,"22":0.002483,"23":0.007449,"24":0.004966,"25":0.004966,"26":0.037245,"27":0.004966,"28":0.004966,"29":0.004966,"30":0.007449,"31":0.067041,"32":0.007449,"33":0.034762,"34":0.009932,"35":0.012415,"36":0.039728,"37":0.014898,"38":0.022347,"39":0.032279,"40":0.034762,"41":0.027313,"42":0.183742,"43":0.141531,"44":0.131599,"45":3.220451,"46":3.45137,"47":0.034762,"48":0.014898,"49":0},"firefox":{"2":0.007449,"3":0.019864,"3.5":0.032279,"3.6":0.037245,"4":0.022347,"5":0.004966,"6":0.012415,"7":0.004966,"8":0.014898,"9":0.007449,"10":0.022347,"11":0.019864,"12":0.027313,"13":0.017381,"14":0.014898,"15":0.022347,"16":0.034762,"17":0.022347,"18":0.037245,"19":0.029796,"20":0.02483,"21":0.022347,"22":0.002483,"23":0.004966,"24":0.017381,"25":0.014898,"26":0.014898,"27":0.007449,"28":0.014898,"29":0.034762,"30":0.057109,"31":0.039728,"32":0.052143,"33":0.069524,"34":0.07449,"35":0.09932,"36":0.054626,"37":0.084422,"38":0.109252,"39":0.481702,"40":0.84422,"41":4.044807,"42":0.094354,"43":0.019864,"44":0.002483},"opera":{"9":0,"9.5-9.6":0.002483,"10.0-10.1":0,"10.5":0,"10.6":0.002483,"11":0.002483,"11.1":0.002483,"11.5":0.017381,"11.6":0.007449,"12":0.004966,"12.1":0.516464,"15":0.002483,"16":0.002483,"17":0,"18":0.004966,"19":0,"20":0.002483,"21":0,"22":0.002483,"23":0,"24":0,"25":0,"26":0.002483,"27":0,"28":0.009932,"29":0.004966,"30":0.017381,"31":0.034762,"32":0.476736,"33":0.02483,"34":0},"safari":{"3.1":0,"3.2":0,"4":0.007449,"5":0.019864,"5.1":0.052143,"6":0.037245,"6.1":0.029796,"7":0.012415,"7.1":0.101803,"8":0.151463,"9":0.203606},"android":{"2.1":0,"2.2":0,"2.3":0.0668253816017,"3":0,"4":0.194812976873,"4.1":0.698834922851,"4.2-4.3":1.46109732654,"4.4":2.72738167622,"4.4.3-4.4.4":1.41352671591,"44":null},"ios_saf":{"3.2":0,"4.0-4.1":0,"4.2-4.3":0,"5.0-5.1":0.00510219907174,"6.0-6.1":0.0053451609323,"7.0-7.1":0.13022755726,"8":0.0174932539602,"8.1-8.4":0.582136617899,"9.0-9.1":1.66769021088},"op_mob":{"10":0,"11":0,"11.1":0,"11.5":0,"12":0.130411040155,"12.1":0.391233120464,"0":4.56438640542},"ie":{"5.5":0.0025125009901,"6":0.0326625128713,"7":0.0150750059406,"8":0.653250257426,"9":0.391950154455,"10":0.645712754455,"11":3.31398880594},"bb":{"7":0.74606225,"10":null},"ie_mob":{"10":0.303214467433,"11":1.38059353257},"op_mini":{"5.0-8.0":48.825893434},"and_chr":{"0":6.426085},"and_ff":{"0":0.060136},"edge":{"12":0.158912,"13":null},"and_uc":{"0":1.95442}},"total":95.1213712421}