{"id":"GB","name":"United Kingdom","month":"2016-02","access_date":"2016-03-03","data":{"firefox":{"2":0,"3":0.006763,"3.5":0,"3.6":0.013526,"4":0.006763,"5":0,"6":0.033815,"7":0,"8":0,"9":0,"10":0.006763,"11":0.027052,"12":0.006763,"13":0.006763,"14":0.006763,"15":0.006763,"16":0.013526,"17":0.006763,"18":0,"19":0,"20":0.006763,"21":0.013526,"22":0.006763,"23":0.006763,"24":0.013526,"25":0.006763,"26":0.006763,"27":0.006763,"28":0.006763,"29":0.006763,"30":0.013526,"31":0.033815,"32":0.006763,"33":0.020289,"34":0.060867,"35":0.040578,"36":0.054104,"37":0.040578,"38":0.169075,"39":0.06763,"40":0.054104,"41":0.06763,"42":0.13526,"43":1.873351,"44":4.443291,"45":0.074393,"46":0.006763,"47":0},"chrome":{"4":0,"5":0,"6":0,"7":0,"8":0,"9":0,"10":0,"11":0.033815,"12":0.006763,"13":0,"14":0,"15":0,"16":0,"17":0,"18":0.006763,"19":0,"20":0,"21":0.020289,"22":0.040578,"23":0.006763,"24":0.006763,"25":0.013526,"26":0.013526,"27":0.006763,"28":0.006763,"29":0.027052,"30":0.006763,"31":0.060867,"32":0.020289,"33":0.087919,"34":0.047341,"35":0.040578,"36":0.054104,"37":0.054104,"38":0.06763,"39":0.074393,"40":0.081156,"41":0.128497,"42":0.101445,"43":0.196127,"44":0.162312,"45":0.229942,"46":0.351676,"47":1.28497,"48":24.908129,"49":0.114971,"50":0.06763,"51":0},"opera":{"9":0,"9.5-9.6":0,"10.0-10.1":0,"10.5":0,"10.6":0,"11":0,"11.1":0,"11.5":0,"11.6":0,"12":0.006763,"12.1":0.047341,"15":0,"16":0,"17":0,"18":0,"19":0,"20":0,"21":0,"22":0,"23":0,"24":0,"25":0,"26":0,"27":0,"28":0.020289,"29":0.006763,"30":0.006763,"31":0.006763,"32":0.006763,"33":0.006763,"34":0.128497,"35":0.399017,"36":0},"safari":{"3.1":0,"3.2":0,"4":0.020289,"5":0.087919,"5.1":0.216416,"6":0.033815,"6.1":0.169075,"7":0.114971,"7.1":0.081156,"8":0.628959,"9":3.489708,"9.1":0.027052},"android":{"2.1":0,"2.2":0,"2.3":0.0175526361612,"3":0,"4":0.151868460699,"4.1":0.319763241372,"4.2-4.3":0.717368608328,"4.4":1.44465827188,"4.4.3-4.4.4":0.776131781563,"47":null},"ios_saf":{"3.2":0,"4.0-4.1":0,"4.2-4.3":0,"5.0-5.1":0,"6.0-6.1":0,"7.0-7.1":0.891409129039,"8":0.0605134134596,"8.1-8.4":2.46243044001,"9.0-9.2":19.2036990175,"9.3":null},"op_mob":{"10":0,"11":0,"11.1":0,"11.5":0,"12":5.58454155955e-5,"12.1":5.58454155955e-5,"0":0.00240135287061},"ie":{"5.5":0,"6":0.00679779356913,"7":0.0271911742765,"8":0.713768324759,"9":0.734161705466,"10":0.598205834084,"11":8.47684858071},"bb":{"7":0.26624325,"10":null},"ie_mob":{"10":0.197048446602,"11":0.871161553398},"edge":{"12":0.6763,"13":1.940981,"14":0},"and_uc":{"0":0.984048},"op_mini":{"5.0-8.0":0.975060956298},"and_chr":{"0":13.38684},"and_ff":{"0":0.03237}},"total":97.1554196629}