{"id":"GB","name":"United Kingdom","month":"2015-08","access_date":"2015-09-03","data":{"chrome":{"4":0,"5":0,"6":0,"7":0,"8":0,"9":0,"10":0,"11":0.048769,"12":0.006967,"13":0,"14":0,"15":0,"16":0.006967,"17":0,"18":0.006967,"19":0,"20":0,"21":0.027868,"22":0.048769,"23":0.006967,"24":0.006967,"25":0.020901,"26":0.020901,"27":0.013934,"28":0.013934,"29":0.013934,"30":0.013934,"31":0.125406,"32":0.027868,"33":0.125406,"34":0.062703,"35":0.125406,"36":0.076637,"37":0.125406,"38":0.104505,"39":0.222944,"40":0.13934,"41":0.153274,"42":0.236878,"43":1.316763,"44":23.234945,"45":0.13934,"46":0.076637,"47":0.006967,"48":0},"firefox":{"2":0,"3":0.006967,"3.5":0,"3.6":0.020901,"4":0.006967,"5":0,"6":0.034835,"7":0,"8":0,"9":0,"10":0.013934,"11":0.034835,"12":0.013934,"13":0.006967,"14":0.006967,"15":0.006967,"16":0.020901,"17":0.006967,"18":0.006967,"19":0.006967,"20":0.013934,"21":0.013934,"22":0.006967,"23":0.013934,"24":0.020901,"25":0.006967,"26":0.013934,"27":0.013934,"28":0.013934,"29":0.020901,"30":0.027868,"31":0.083604,"32":0.027868,"33":0.034835,"34":0.062703,"35":0.06967,"36":0.097538,"37":0.090571,"38":0.264746,"39":4.145365,"40":3.594972,"41":0.048769,"42":0.006967,"43":0},"opera":{"9":0,"9.5-9.6":0,"10.0-10.1":0,"10.5":0,"10.6":0,"11":0.006967,"11.1":0,"11.5":0,"11.6":0,"12":0.006967,"12.1":0.062703,"15":0,"16":0,"17":0,"18":0,"19":0,"20":0,"21":0,"22":0,"23":0,"24":0,"25":0.006967,"26":0.006967,"27":0,"28":0.013934,"29":0.006967,"30":0.118439,"31":0.362284,"32":0,"33":0},"safari":{"3.1":0,"3.2":0,"4":0.027868,"5":0.104505,"5.1":0.34835,"6":0.055736,"6.1":0.243845,"7":0.195076,"7.1":0.675799,"8":3.009744,"9":0.048769},"android":{"2.1":0,"2.2":0,"2.3":0.0595003578894,"3":0,"4":0.189657390772,"4.1":0.665660253887,"4.2-4.3":1.44753214428,"4.4":0.00929693092021,"4.4.3-4.4.4":1.27553892225,"44":null},"ios_saf":{"3.2":0,"4.0-4.1":0,"4.2-4.3":0,"5.0-5.1":0.0680483127075,"6.0-6.1":0.113413854513,"7.0-7.1":1.86906032237,"8":0.256315311198,"8.1-8.4":20.0901301883,"9":0.147438010866},"op_mob":{"10":0,"11":0,"11.1":0,"11.5":0,"12":0.00379392445102,"12.1":0.00758784890204,"0":0.117611657982},"ie":{"5.5":0,"6":0.0139616331185,"7":0.0628273490332,"8":1.75916577293,"9":1.5078563768,"10":1.22164289787,"11":9.47994888746},"bb":{"7":0.3381795,"10":null},"ie_mob":{"10":0.209277,"11":0.864405},"and_uc":{"0":0.33363},"op_mini":{"5.0-8.0":1.32078056867},"and_chr":{"0":11.761247},"and_ff":{"0":0.133452},"edge":{"12":1.107753,"13":null}},"total":97.1846954172}