{"id":"GD","name":"Grenada","month":"2015-08","access_date":"2015-09-03","data":{"chrome":{"4":0,"5":0,"6":0,"7":0,"8":0,"9":0,"10":0.007134,"11":0.07134,"12":0.028536,"13":0,"14":0,"15":0,"16":0,"17":0,"18":0.014268,"19":0,"20":0,"21":0,"22":0.171216,"23":0,"24":0,"25":0.007134,"26":0,"27":0,"28":0,"29":0.007134,"30":0.042804,"31":0.156948,"32":0.135546,"33":0.049938,"34":0.049938,"35":0.064206,"36":0.192618,"37":0.028536,"38":0.114144,"39":0.24969,"40":0.342432,"41":0.021402,"42":0.634926,"43":1.198512,"44":33.522666,"45":0.156948,"46":0.42804,"47":0,"48":0},"firefox":{"2":0,"3":0.007134,"3.5":0,"3.6":0.014268,"4":0,"5":0,"6":0,"7":0,"8":0,"9":0,"10":0,"11":0.007134,"12":0.014268,"13":0,"14":0,"15":0.007134,"16":0.007134,"17":0.014268,"18":0,"19":0,"20":0,"21":0.021402,"22":0,"23":0,"24":0,"25":0,"26":0.007134,"27":0,"28":0.021402,"29":0.007134,"30":0.007134,"31":0,"32":0.007134,"33":0.028536,"34":0.028536,"35":0.03567,"36":0.014268,"37":0.042804,"38":0.192618,"39":3.146094,"40":3.723948,"41":0.085608,"42":0,"43":0},"opera":{"9":0,"9.5-9.6":0,"10.0-10.1":0,"10.5":0,"10.6":0,"11":0.007134,"11.1":0,"11.5":0,"11.6":0,"12":0.007134,"12.1":0.064206,"15":0,"16":0,"17":0,"18":0,"19":0,"20":0.014268,"21":0,"22":0,"23":0.007134,"24":0,"25":0,"26":0,"27":0.014268,"28":0.03567,"29":0.028536,"30":0.385236,"31":0.577854,"32":0.028536,"33":0},"safari":{"3.1":0,"3.2":0,"4":0.007134,"5":0.057072,"5.1":0.206886,"6":0.014268,"6.1":0.092742,"7":0.057072,"7.1":0.42804,"8":1.334058,"9":0.014268},"android":{"2.1":0,"2.2":0,"2.3":0.185892021412,"3":0,"4":0.592530818251,"4.1":2.07966698955,"4.2-4.3":4.52240433342,"4.4":0.0290456283457,"4.4.3-4.4.4":3.98506020902,"44":null},"ios_saf":{"3.2":0,"4.0-4.1":0,"4.2-4.3":0,"5.0-5.1":0.0209976154543,"6.0-6.1":0.0349960257571,"7.0-7.1":0.576734504477,"8":0.0790910182111,"8.1-8.4":6.19919600262,"9":0.0454948334843},"op_mob":{"10":0,"11":0,"11.1":0,"11.5":0,"12":0.000967507338719,"12.1":0.00193501467744,"0":0.0299927275003},"ie":{"5.5":0,"6":0,"7":0.007134,"8":1.055832,"9":0.370968,"10":0.57072,"11":8.81049},"bb":{"7":0.2572235,"10":null},"ie_mob":{"10":0.236857898305,"11":0.978326101695},"and_uc":{"0":0.524478},"op_mini":{"5.0-8.0":0.336818750484},"and_chr":{"0":15.932774},"and_ff":{"0":0.4299},"edge":{"12":0.827544,"13":null}},"total":97.2414055}