{"id":"GE","name":"Georgia","month":"2016-02","access_date":"2016-03-03","data":{"firefox":{"2":0,"3":0.008271,"3.5":0,"3.6":0.033084,"4":0,"5":0.008271,"6":0.008271,"7":0,"8":0,"9":0,"10":0.008271,"11":0.016542,"12":0.008271,"13":0,"14":0.008271,"15":0,"16":0.008271,"17":0.008271,"18":0.008271,"19":0,"20":0,"21":0.041355,"22":0.008271,"23":0.008271,"24":0.008271,"25":0.016542,"26":0,"27":0.008271,"28":0.008271,"29":0.008271,"30":0.008271,"31":0.016542,"32":0.016542,"33":0.008271,"34":0.016542,"35":0.024813,"36":0.024813,"37":0.074439,"38":0.033084,"39":0.041355,"40":0.033084,"41":0.024813,"42":0.066168,"43":0.951165,"44":2.299338,"45":0.08271,"46":0,"47":0},"chrome":{"4":0.024813,"5":0.016542,"6":0.008271,"7":0,"8":0.008271,"9":0.016542,"10":0.008271,"11":0.016542,"12":0.049626,"13":0.016542,"14":0,"15":0.033084,"16":0.008271,"17":0.016542,"18":0.033084,"19":0,"20":0.016542,"21":0.008271,"22":0.049626,"23":0.016542,"24":0.041355,"25":0.016542,"26":0.024813,"27":0.033084,"28":0.024813,"29":0.049626,"30":0.049626,"31":0.049626,"32":0.016542,"33":0.198504,"34":0.041355,"35":0.033084,"36":0.066168,"37":0.041355,"38":0.049626,"39":0.132336,"40":0.099252,"41":0.157149,"42":0.08271,"43":0.388737,"44":0.289485,"45":0.66168,"46":0.297756,"47":1.149669,"48":52.140384,"49":0.339111,"50":0.363924,"51":0},"opera":{"9":0,"9.5-9.6":0.008271,"10.0-10.1":0,"10.5":0,"10.6":0.008271,"11":0.016542,"11.1":0.008271,"11.5":0.008271,"11.6":0.074439,"12":0.049626,"12.1":0.90981,"15":0.057897,"16":0.033084,"17":0.041355,"18":0.08271,"19":0.033084,"20":0.099252,"21":0.016542,"22":0.008271,"23":0,"24":0.008271,"25":0.008271,"26":0.016542,"27":0.024813,"28":0.115794,"29":0.049626,"30":0.099252,"31":0.066168,"32":0.090981,"33":0.148878,"34":1.869246,"35":9.486837,"36":0.074439},"safari":{"3.1":0,"3.2":0,"4":0,"5":0.016542,"5.1":0.033084,"6":0,"6.1":0.016542,"7":0.016542,"7.1":0.008271,"8":0.041355,"9":0.355653,"9.1":0},"android":{"2.1":0,"2.2":0,"2.3":0.013333413939,"3":0,"4":0.115363016255,"4.1":0.242900019149,"4.2-4.3":0.54493083055,"4.4":1.09739793854,"4.4.3-4.4.4":0.589568781563,"47":null},"ios_saf":{"3.2":0,"4.0-4.1":0,"4.2-4.3":0,"5.0-5.1":0,"6.0-6.1":0,"7.0-7.1":0.152479796049,"8":0.0103511088701,"8.1-8.4":0.4212105071,"9.0-9.2":3.28488458798,"9.3":null},"op_mob":{"10":0,"11":0,"11.1":0,"11.5":0,"12":0.000111908426164,"12.1":0.000111908426164,"0":0.00481206232505},"ie":{"5.5":0,"6":0.016732685879,"7":0.00836634293948,"8":0.359752746398,"9":0.150594172911,"10":0.108762458213,"11":2.25891259366},"bb":{"7":0.0129675,"10":null},"ie_mob":{"10":0.0759081359223,"11":0.335593864078},"edge":{"12":0.074439,"13":0.215046,"14":0.008271},"and_uc":{"0":0.383838},"op_mini":{"5.0-8.0":1.95392112082},"and_chr":{"0":9.65939},"and_ff":{"0":0.015561}},"total":97.2575475}