{"id":"GE","name":"Georgia","month":"2015-10","access_date":"2015-11-03","data":{"chrome":{"4":0.033124,"5":0.024843,"6":0,"7":0,"8":0.016562,"9":0.016562,"10":0.033124,"11":0.033124,"12":0.107653,"13":0.008281,"14":0.024843,"15":0.049686,"16":0.016562,"17":0.024843,"18":0.024843,"19":0,"20":0.008281,"21":0.008281,"22":0.041405,"23":0.008281,"24":0.057967,"25":0.024843,"26":0.024843,"27":0.041405,"28":0.024843,"29":0.024843,"30":0.132496,"31":0.057967,"32":0.016562,"33":0.223587,"34":0.049686,"35":0.049686,"36":0.985439,"37":0.074529,"38":0.08281,"39":0.33124,"40":0.149058,"41":0.314678,"42":0.364364,"43":0.794976,"44":0.902629,"45":23.02118,"46":27.136837,"47":0.364364,"48":0.306397,"49":0},"firefox":{"2":0,"3":0,"3.5":0.008281,"3.6":0.024843,"4":0.008281,"5":0,"6":0.008281,"7":0,"8":0,"9":0.008281,"10":0.008281,"11":0.016562,"12":0.024843,"13":0,"14":0.008281,"15":0,"16":0.008281,"17":0.008281,"18":0.008281,"19":0.016562,"20":0.008281,"21":0.033124,"22":0.008281,"23":0.008281,"24":0.008281,"25":0.016562,"26":0.008281,"27":0.016562,"28":0.008281,"29":0.008281,"30":0.008281,"31":0.033124,"32":0.016562,"33":0.016562,"34":0.033124,"35":0.033124,"36":0.08281,"37":0.091091,"38":0.115934,"39":0.132496,"40":0.347802,"41":3.138499,"42":0.066248,"43":0.016562,"44":0},"opera":{"9":0,"9.5-9.6":0,"10.0-10.1":0.008281,"10.5":0,"10.6":0.008281,"11":0.008281,"11.1":0.008281,"11.5":0.016562,"11.6":0.091091,"12":0.074529,"12.1":1.449175,"15":0.091091,"16":0.091091,"17":0.057967,"18":0.099372,"19":0.049686,"20":0.140777,"21":0.016562,"22":0.024843,"23":0.016562,"24":0.016562,"25":0.016562,"26":0.033124,"27":0.033124,"28":0.157339,"29":0.08281,"30":0.215306,"31":0.16562,"32":11.038573,"33":0.720447,"34":0.024843},"safari":{"3.1":0,"3.2":0,"4":0,"5":0.016562,"5.1":0.049686,"6":0.008281,"6.1":0.024843,"7":0.016562,"7.1":0.041405,"8":0.132496,"9":0.231868},"android":{"2.1":0,"2.2":0,"2.3":0.0292145006904,"3":0,"4":0.0851676969279,"4.1":0.305514354677,"4.2-4.3":0.638757726959,"4.4":1.19234775699,"4.4.3-4.4.4":0.617960963756,"44":null},"ios_saf":{"3.2":0,"4.0-4.1":0,"4.2-4.3":0,"5.0-5.1":0.00733931248108,"6.0-6.1":0.00768880355161,"7.0-7.1":0.187327213803,"8":0.025163357078,"8.1-8.4":0.837380604984,"9.0-9.1":2.3989067081},"op_mob":{"10":0,"11":0,"11.1":0,"11.5":0,"12":0.00716457910015,"12.1":0.0214937373004,"0":0.250760268505},"ie":{"5.5":0,"6":0.008410390625,"7":0.008410390625,"8":0.38687796875,"9":0.1682078125,"10":0.126155859375,"11":1.9848521875},"bb":{"7":0.0094545,"10":null},"ie_mob":{"10":0.0746019655172,"11":0.339677034483},"op_mini":{"5.0-8.0":2.68241841509},"and_chr":{"0":8.714409},"and_ff":{"0":0.015471},"edge":{"12":0.198744,"13":null},"and_uc":{"0":0.318015}},"total":97.3776381094}