{"id":"GG","name":"Guernsey","month":"2015-08","access_date":"2015-09-03","data":{"chrome":{"4":0,"5":0,"6":0,"7":0,"8":0,"9":0,"10":0,"11":0.07977,"12":0,"13":0,"14":0,"15":0,"16":0,"17":0,"18":0,"19":0,"20":0,"21":0.007977,"22":0.015954,"23":0,"24":0.199425,"25":0,"26":0.007977,"27":0,"28":0,"29":0.007977,"30":0,"31":0.015954,"32":0.015954,"33":0.047862,"34":0.007977,"35":0.071793,"36":0.031908,"37":0.071793,"38":0.031908,"39":0.063816,"40":0.031908,"41":0.047862,"42":0.071793,"43":0.781746,"44":19.838799,"45":0.071793,"46":0.031908,"47":0,"48":0},"firefox":{"2":0,"3":0,"3.5":0.007977,"3.6":0.031908,"4":0,"5":0,"6":0,"7":0,"8":0,"9":0,"10":0,"11":0,"12":0,"13":0,"14":0,"15":0,"16":0.015954,"17":0,"18":0.007977,"19":0,"20":0.015954,"21":0,"22":0,"23":0,"24":0,"25":0.071793,"26":0,"27":0.007977,"28":0.015954,"29":0.007977,"30":0.015954,"31":0.055839,"32":0.047862,"33":0.007977,"34":0.015954,"35":0.007977,"36":0.023931,"37":0.47862,"38":0.087747,"39":3.50988,"40":3.222708,"41":0.039885,"42":0.007977,"43":0.095724},"opera":{"9":0,"9.5-9.6":0,"10.0-10.1":0,"10.5":0,"10.6":0,"11":0,"11.1":0,"11.5":0,"11.6":0,"12":0,"12.1":0.007977,"15":0,"16":0,"17":0,"18":0,"19":0,"20":0,"21":0,"22":0,"23":0,"24":0,"25":0,"26":0,"27":0,"28":0,"29":0,"30":0.063816,"31":0.143586,"32":0,"33":0},"safari":{"3.1":0.007977,"3.2":0.063816,"4":0.095724,"5":0.390873,"5.1":0.733884,"6":0.103701,"6.1":0.606252,"7":0.231333,"7.1":1.35609,"8":4.443189,"9":0.015954},"android":{"2.1":0,"2.2":0,"2.3":0.0297764119296,"3":0,"4":0.0949123130257,"4.1":0.333123608463,"4.2-4.3":0.724404271476,"4.4":0.00465256436401,"4.4.3-4.4.4":0.638331830742,"44":null},"ios_saf":{"3.2":0,"4.0-4.1":0,"4.2-4.3":0,"5.0-5.1":0.0985546906127,"6.0-6.1":0.164257817688,"7.0-7.1":2.7069688355,"8":0.371222667975,"8.1-8.4":29.0966298252,"9":0.213535162994},"op_mob":{"10":0,"11":0,"11.1":0,"11.5":0,"12":7.41160541586e-5,"12.1":0.000148232108317,"0":0.00229759767892},"ie":{"5.5":0,"6":0.007977,"7":0.047862,"8":1.236435,"9":1.818756,"10":0.829608,"11":13.616739},"bb":{"7":0.05310375,"10":null},"ie_mob":{"10":0.159696991525,"11":0.659618008475},"and_uc":{"0":0.006069},"op_mini":{"5.0-8.0":0.0258020541586},"and_chr":{"0":6.043799},"and_ff":{"0":0.086989},"edge":{"12":1.140711,"13":null}},"total":97.83158775}