{"id":"GH","name":"Ghana","month":"2015-08","access_date":"2015-09-03","data":{"chrome":{"4":0.003027,"5":0.003027,"6":0.003027,"7":0.003027,"8":0.003027,"9":0.003027,"10":0.009081,"11":0.045405,"12":0.006054,"13":0.009081,"14":0.006054,"15":0.006054,"16":0.018162,"17":0.009081,"18":0.009081,"19":0.003027,"20":0.006054,"21":0.012108,"22":0.009081,"23":0.006054,"24":0.006054,"25":0.015135,"26":0.012108,"27":0.012108,"28":0.009081,"29":0.012108,"30":0.015135,"31":0.072648,"32":0.018162,"33":0.09081,"34":0.018162,"35":0.036324,"36":0.054486,"37":0.018162,"38":0.027243,"39":0.099891,"40":0.105945,"41":0.066594,"42":0.384429,"43":0.508536,"44":7.706742,"45":0.130161,"46":0.254268,"47":0,"48":0},"firefox":{"2":0.006054,"3":0.018162,"3.5":0.009081,"3.6":0.054486,"4":0.042378,"5":0.021189,"6":0.021189,"7":0.021189,"8":0.018162,"9":0.015135,"10":0.075675,"11":0.069621,"12":0.066594,"13":0.054486,"14":0.057513,"15":0.06054,"16":0.102918,"17":0.039351,"18":0.045405,"19":0.051459,"20":0.054486,"21":0.054486,"22":0.036324,"23":0.048432,"24":0.057513,"25":0.039351,"26":0.057513,"27":0.078702,"28":0.048432,"29":0.220971,"30":0.172539,"31":0.166485,"32":0.130161,"33":0.154377,"34":0.202809,"35":0.27243,"36":0.21189,"37":0.369294,"38":0.729507,"39":4.098558,"40":2.945271,"41":0.723453,"42":0.015135,"43":0.009081},"opera":{"9":0,"9.5-9.6":0.003027,"10.0-10.1":0,"10.5":0,"10.6":0.006054,"11":0.003027,"11.1":0.006054,"11.5":0.012108,"11.6":0.021189,"12":0.015135,"12.1":0.136215,"15":0.006054,"16":0.009081,"17":0.006054,"18":0.006054,"19":0.012108,"20":0.009081,"21":0.006054,"22":0.006054,"23":0.003027,"24":0.003027,"25":0.003027,"26":0.009081,"27":0.009081,"28":0.021189,"29":0.045405,"30":0.326916,"31":0.644751,"32":0.003027,"33":0},"safari":{"3.1":0,"3.2":0,"4":0.003027,"5":0.015135,"5.1":0.057513,"6":0.012108,"6.1":0.024216,"7":0.024216,"7.1":0.06054,"8":0.323889,"9":0.003027},"android":{"2.1":0,"2.2":0,"2.3":0.0877212745348,"3":0,"4":0.27961156258,"4.1":0.981381758858,"4.2-4.3":2.13409413204,"4.4":0.0137064491461,"4.4.3-4.4.4":1.88052482284,"44":null},"ios_saf":{"3.2":0,"4.0-4.1":0,"4.2-4.3":0,"5.0-5.1":0.00701837307576,"6.0-6.1":0.0116972884596,"7.0-7.1":0.192771313814,"8":0.0264358719187,"8.1-8.4":2.07205767773,"9":0.0152064749975},"op_mob":{"10":0,"11":0,"11.1":0,"11.5":0,"12":0.134284794743,"12.1":0.268569589487,"0":4.16282863705},"ie":{"5.5":0,"6":0.0182113085973,"7":0.0060704361991,"8":0.6707832,"9":0.352085299548,"10":0.543304039819,"11":1.74525040724},"bb":{"7":0.08193275,"10":null},"ie_mob":{"10":0.334349440678,"11":1.38100855932},"and_uc":{"0":4.992668},"op_mini":{"5.0-8.0":46.7486239787},"and_chr":{"0":4.659849},"and_ff":{"0":0.27892},"edge":{"12":0.187674,"13":null}},"total":97.7188094414}