{"id":"GI","name":"Gibraltar","month":"2015-08","access_date":"2015-09-03","data":{"chrome":{"4":0,"5":0,"6":0,"7":0.007252,"8":0,"9":0,"10":0,"11":0.014504,"12":0,"13":0,"14":0,"15":0,"16":0.065268,"17":0,"18":0,"19":0,"20":0,"21":0.007252,"22":0.03626,"23":0,"24":0,"25":0,"26":0.029008,"27":0,"28":0.007252,"29":0.007252,"30":0,"31":0.03626,"32":0,"33":0.014504,"34":0.007252,"35":0.03626,"36":0.116032,"37":0.137788,"38":0.029008,"39":0.297332,"40":0.03626,"41":0.050764,"42":0.123284,"43":2.690492,"44":27.369048,"45":0.087024,"46":0.079772,"47":0,"48":0},"firefox":{"2":0,"3":0,"3.5":0.007252,"3.6":0.007252,"4":0,"5":0,"6":0,"7":0.007252,"8":0,"9":0,"10":0.03626,"11":0,"12":0.007252,"13":0,"14":0,"15":0.007252,"16":0.014504,"17":0,"18":0,"19":0.007252,"20":0.007252,"21":0.014504,"22":0,"23":0.007252,"24":0.021756,"25":0,"26":0.007252,"27":0,"28":0.043512,"29":0.050764,"30":0.007252,"31":0.029008,"32":0.03626,"33":0.021756,"34":0.029008,"35":0.094276,"36":0.050764,"37":0.449624,"38":0.5439,"39":3.691268,"40":2.385908,"41":0.007252,"42":0,"43":0},"opera":{"9":0,"9.5-9.6":0,"10.0-10.1":0,"10.5":0,"10.6":0,"11":0,"11.1":0,"11.5":0,"11.6":0,"12":0,"12.1":0.03626,"15":0,"16":0,"17":0,"18":0,"19":0,"20":0,"21":0,"22":0,"23":0,"24":0,"25":0,"26":0,"27":0,"28":0,"29":0.007252,"30":0.07252,"31":0.116032,"32":0.007252,"33":0},"safari":{"3.1":0,"3.2":0,"4":0.007252,"5":0.03626,"5.1":0.551152,"6":0.058016,"6.1":0.166796,"7":0.137788,"7.1":0.819476,"8":3.430196,"9":0.03626},"android":{"2.1":0,"2.2":0,"2.3":0.0681414835585,"3":0,"4":0.217200978843,"4.1":0.762332847311,"4.2-4.3":1.6577545297,"4.4":0.010647106806,"4.4.3-4.4.4":1.46078305379,"44":null},"ios_saf":{"3.2":0,"4.0-4.1":0,"4.2-4.3":0,"5.0-5.1":0.0875446785391,"6.0-6.1":0.145907797565,"7.0-7.1":2.40456050387,"8":0.329751622497,"8.1-8.4":25.8461072607,"9":0.189680136835},"op_mob":{"10":0,"11":0,"11.1":0,"11.5":0,"12":0.000151016497895,"12.1":0.00030203299579,"0":0.00468151143475},"ie":{"5.5":0,"6":0,"7":0.007252,"8":0.369852,"9":0.311836,"10":1.066044,"11":8.709652},"bb":{"7":0.019236,"10":null},"ie_mob":{"10":0.063204,"11":0.26106},"and_uc":{"0":0.05496},"op_mini":{"5.0-8.0":0.0525734390716},"and_chr":{"0":9.04408},"and_ff":{"0":0.101676},"edge":{"12":1.066044,"13":null}},"total":98.6735}