{"id":"GI","name":"Gibraltar","month":"2015-10","access_date":"2015-11-03","data":{"chrome":{"4":0.008121,"5":0,"6":0,"7":0.008121,"8":0,"9":0,"10":0.227388,"11":0.284235,"12":0.178662,"13":0.211146,"14":0.227388,"15":0.056847,"16":0.08121,"17":0.170541,"18":0.032484,"19":0.121815,"20":0.008121,"21":0.016242,"22":0.024363,"23":0,"24":0.008121,"25":0,"26":0.008121,"27":0.008121,"28":0,"29":0,"30":0,"31":0.032484,"32":0.844584,"33":0.779616,"34":0.860826,"35":0.860826,"36":0.852705,"37":0.820221,"38":0.868947,"39":0.844584,"40":0.836463,"41":0.828342,"42":0.820221,"43":1.266876,"44":1.169424,"45":10.191855,"46":9.858894,"47":0.073089,"48":0.024363,"49":0},"firefox":{"2":0,"3":0,"3.5":0,"3.6":0.008121,"4":0.008121,"5":0,"6":0,"7":0,"8":0,"9":0,"10":0,"11":0,"12":0.008121,"13":0,"14":0,"15":0,"16":0.008121,"17":0,"18":0,"19":0.024363,"20":0,"21":0.016242,"22":0,"23":0,"24":0.008121,"25":0.008121,"26":0.008121,"27":0.925794,"28":0.950157,"29":0.917673,"30":0,"31":0.877068,"32":0.016242,"33":0.933915,"34":0.032484,"35":0.040605,"36":0.901431,"37":0.942036,"38":2.249517,"39":1.656684,"40":1.575474,"41":5.051262,"42":0.795858,"43":0.933915,"44":0.008121},"opera":{"9":0,"9.5-9.6":0,"10.0-10.1":0,"10.5":0,"10.6":0,"11":0,"11.1":0,"11.5":0.008121,"11.6":0,"12":0.008121,"12.1":0.008121,"15":0,"16":0,"17":0,"18":0,"19":0,"20":0,"21":0,"22":0,"23":0,"24":0,"25":0,"26":0,"27":0,"28":0,"29":0,"30":0,"31":0,"32":0.064968,"33":0,"34":0},"safari":{"3.1":0,"3.2":0,"4":0.016242,"5":0.024363,"5.1":0.316719,"6":0.024363,"6.1":0.16242,"7":0.073089,"7.1":0.259872,"8":1.54299,"9":1.29936},"android":{"2.1":0,"2.2":0,"2.3":0.0298278094581,"3":0,"4":0.0869556479116,"4.1":0.311928109078,"4.2-4.3":0.652167359337,"4.4":1.21737907076,"4.4.3-4.4.4":0.630934003452,"44":null},"ios_saf":{"3.2":0,"4.0-4.1":0,"4.2-4.3":0,"5.0-5.1":0.0450735092322,"6.0-6.1":0.0472198668147,"7.0-7.1":1.15044766421,"8":0.154537745939,"8.1-8.4":5.14267276763,"9.0-9.1":14.7325984462},"op_mob":{"10":0,"11":0,"11.1":0,"11.5":0,"12":4.09071117562e-5,"12.1":0.000122721335269,"0":0.00143174891147},"ie":{"5.5":0,"6":0,"7":0.016242,"8":0.373566,"9":0.332961,"10":0.844584,"11":7.690587},"bb":{"7":0.009395,"10":null},"ie_mob":{"10":0.0483860498084,"11":0.220310950192},"op_mini":{"5.0-8.0":0.0153156226415},"and_chr":{"0":7.65803},"and_ff":{"0":0.028185},"edge":{"12":1.104456,"13":null},"and_uc":{"0":0.05637}},"total":98.83153}