{"id":"GL","name":"Greenland","month":"2015-10","access_date":"2015-11-03","data":{"chrome":{"4":0,"5":0,"6":0,"7":0,"8":0,"9":0,"10":0.005873,"11":0.005873,"12":0,"13":0,"14":0,"15":0.005873,"16":0,"17":0,"18":0,"19":0,"20":0.017619,"21":0.011746,"22":0.011746,"23":0,"24":0,"25":0,"26":0,"27":0,"28":0.005873,"29":0.011746,"30":0.005873,"31":0.023492,"32":0.023492,"33":0.005873,"34":0.011746,"35":0.017619,"36":0.011746,"37":0.035238,"38":0.099841,"39":0.046984,"40":0.011746,"41":0.052857,"42":0.311269,"43":0.11746,"44":0.123333,"45":8.850611,"46":8.57458,"47":0.170317,"48":0.005873,"49":0},"firefox":{"2":0,"3":0.011746,"3.5":0,"3.6":0.023492,"4":0,"5":0,"6":0,"7":0,"8":0,"9":0,"10":0,"11":0.017619,"12":0,"13":0.011746,"14":0,"15":0,"16":0,"17":0,"18":0,"19":0,"20":0,"21":0,"22":0,"23":0.005873,"24":0.005873,"25":0.005873,"26":0.005873,"27":0,"28":0,"29":0,"30":0.111587,"31":0.005873,"32":0.017619,"33":0.011746,"34":0.005873,"35":0.035238,"36":0.070476,"37":0.046984,"38":0.076349,"39":0.05873,"40":0.716506,"41":4.598559,"42":0.05873,"43":0,"44":0.052857},"opera":{"9":0,"9.5-9.6":0,"10.0-10.1":0,"10.5":0,"10.6":0,"11":0,"11.1":0,"11.5":0,"11.6":0,"12":0,"12.1":0.029365,"15":0,"16":0,"17":0,"18":0,"19":0,"20":0,"21":0,"22":0,"23":0,"24":0.005873,"25":0,"26":0,"27":0,"28":0,"29":0.011746,"30":0,"31":0.005873,"32":0.211428,"33":0.017619,"34":0},"safari":{"3.1":0,"3.2":0,"4":0.017619,"5":0.035238,"5.1":0.258412,"6":0.023492,"6.1":0.328888,"7":0.070476,"7.1":0.728252,"8":1.268568,"9":2.384438},"android":{"2.1":0,"2.2":0,"2.3":0.0333161309976,"3":0,"4":0.0971249920608,"4.1":0.348407675009,"4.2-4.3":0.728437440456,"4.4":1.35974988885,"4.4.3-4.4.4":0.704720872627,"44":null},"ios_saf":{"3.2":0,"4.0-4.1":0,"4.2-4.3":0,"5.0-5.1":0.039231502472,"6.0-6.1":0.0410996692564,"7.0-7.1":1.00133739643,"8":0.134508008475,"8.1-8.4":4.47612761538,"9.0-9.1":12.823096808},"op_mob":{"10":0,"11":0,"11.1":0,"11.5":0,"12":0.0316163739719,"12.1":0.0948491219158,"0":1.10657308902},"ie":{"5.5":0,"6":0,"7":0.046984,"8":0.463967,"9":1.280314,"10":1.156981,"11":12.603458},"bb":{"7":0.00103175,"10":null},"ie_mob":{"10":0.0683722145594,"11":0.311311785441},"op_mini":{"5.0-8.0":11.8371704151},"and_chr":{"0":8.460506},"and_ff":{"0":0.008254},"edge":{"12":1.303806,"13":null},"and_uc":{"0":8.287016}},"total":98.77817675}