{"id":"GM","name":"Gambia","month":"2016-02","access_date":"2016-03-03","data":{"firefox":{"2":0,"3":0.065152,"3.5":0.008144,"3.6":0.044792,"4":0.012216,"5":0.004072,"6":0.008144,"7":0.008144,"8":0.004072,"9":0.008144,"10":0.004072,"11":0.134376,"12":0.06108,"13":0.024432,"14":0.06108,"15":0.024432,"16":0.008144,"17":0.008144,"18":0.02036,"19":0.016288,"20":0.016288,"21":0.965064,"22":0.130304,"23":0.158808,"24":0.138448,"25":0.2036,"26":0.008144,"27":0.089584,"28":0.118088,"29":0.280968,"30":0.126232,"31":0.207672,"32":0.38684,"33":0.069224,"34":0.04072,"35":0.052936,"36":0.114016,"37":1.07908,"38":0.16288,"39":0.333904,"40":0.138448,"41":0.109944,"42":0.18324,"43":2.496136,"44":4.568784,"45":2.036,"46":0,"47":0},"chrome":{"4":0.004072,"5":0.004072,"6":0,"7":0,"8":0,"9":0.004072,"10":0.004072,"11":0.024432,"12":0.004072,"13":0.004072,"14":0.004072,"15":0.004072,"16":0,"17":0,"18":0.004072,"19":0.012216,"20":0.004072,"21":0,"22":0.004072,"23":0,"24":0.004072,"25":0.024432,"26":0.02036,"27":0.350192,"28":0.146592,"29":0.146592,"30":0.105872,"31":0.097728,"32":0.146592,"33":0.08144,"34":0.138448,"35":0.187312,"36":0.2036,"37":0.154736,"38":0.016288,"39":0.032576,"40":0.008144,"41":1.60844,"42":0.032576,"43":0.093656,"44":0.126232,"45":0.659664,"46":0.118088,"47":0.260608,"48":7.915968,"49":0.219888,"50":0.252464,"51":0},"opera":{"9":0,"9.5-9.6":0,"10.0-10.1":0,"10.5":0,"10.6":0,"11":0.004072,"11.1":0.004072,"11.5":0.012216,"11.6":0.118088,"12":0.236176,"12.1":0.36648,"15":0,"16":0,"17":0,"18":0,"19":0,"20":0.012216,"21":0.024432,"22":0,"23":0,"24":0,"25":0,"26":0,"27":0.004072,"28":1.48628,"29":0.016288,"30":0.016288,"31":0,"32":0.016288,"33":0.093656,"34":0.114016,"35":0.521216,"36":0},"safari":{"3.1":0,"3.2":0,"4":0.004072,"5":0.126232,"5.1":0.154736,"6":0.012216,"6.1":0.02036,"7":0.044792,"7.1":0.012216,"8":0.044792,"9":0.260608,"9.1":0},"android":{"2.1":0,"2.2":0,"2.3":0.0471334580272,"3":0,"4":0.407806875974,"4.1":0.858648648408,"4.2-4.3":1.92632393676,"4.4":3.87928852371,"4.4.3-4.4.4":2.08411855711,"47":null},"ios_saf":{"3.2":0,"4.0-4.1":0,"4.2-4.3":0,"5.0-5.1":0,"6.0-6.1":0,"7.0-7.1":0.21287516773,"8":0.0144510557728,"8.1-8.4":0.588046807985,"9.0-9.2":4.58598696851,"9.3":null},"op_mob":{"10":0,"11":0,"11.1":0,"11.5":0,"12":0.00132207437875,"12.1":0.00132207437875,"0":0.0568491982862},"ie":{"5.5":0,"6":0.00409274904459,"7":0.00409274904459,"8":0.401089406369,"9":0.613912356688,"10":0.548428371975,"11":1.63300686879},"bb":{"7":0.219336,"10":null},"ie_mob":{"10":0.422096621359,"11":1.86611137864},"edge":{"12":0.179168,"13":0.146592,"14":0},"and_uc":{"0":11.008296},"op_mini":{"5.0-8.0":23.083418653},"and_chr":{"0":10.381632},"and_ff":{"0":0.136344}},"total":97.0123105019}