{"id":"GM","name":"Gambia","month":"2015-08","access_date":"2015-09-03","data":{"chrome":{"4":0.003766,"5":0,"6":0,"7":0,"8":0,"9":0.003766,"10":0.003766,"11":0.026362,"12":0,"13":0,"14":0.022596,"15":0,"16":0.003766,"17":0,"18":0,"19":0,"20":0.003766,"21":0.007532,"22":0.030128,"23":0.003766,"24":0.007532,"25":0.026362,"26":0.022596,"27":0.030128,"28":0.015064,"29":0.015064,"30":0.033894,"31":0.399196,"32":0.007532,"33":0.628922,"34":0.022596,"35":0.041426,"36":0.052724,"37":0.03766,"38":0.033894,"39":0.15064,"40":0.041426,"41":0.124278,"42":0.787094,"43":0.402962,"44":9.430064,"45":0.146874,"46":0.316344,"47":0,"48":0},"firefox":{"2":0.003766,"3":0.052724,"3.5":0.007532,"3.6":0.041426,"4":0.060256,"5":0.007532,"6":0.007532,"7":0.003766,"8":0.011298,"9":0.003766,"10":0.026362,"11":0.13181,"12":0.109214,"13":0.033894,"14":0.045192,"15":0.079086,"16":0.033894,"17":0.01883,"18":0.026362,"19":0.139342,"20":0.033894,"21":0.199598,"22":0.01883,"23":0.033894,"24":0.01883,"25":0.030128,"26":0.030128,"27":0.045192,"28":0.154406,"29":0.248556,"30":0.165704,"31":0.067788,"32":0.045192,"33":0.146874,"34":0.090384,"35":0.143108,"36":0.13181,"37":0.391664,"38":0.820988,"39":4.451412,"40":5.539786,"41":1.683402,"42":0,"43":0},"opera":{"9":0,"9.5-9.6":0,"10.0-10.1":0.01883,"10.5":0,"10.6":0,"11":0.090384,"11.1":0.007532,"11.5":0.015064,"11.6":0.015064,"12":0.079086,"12.1":0.135576,"15":0,"16":0.026362,"17":0,"18":0.003766,"19":0,"20":0.003766,"21":0,"22":0,"23":0,"24":0.007532,"25":0.007532,"26":0.007532,"27":0.003766,"28":0.07532,"29":0.033894,"30":0.323876,"31":0.67788,"32":0.003766,"33":0},"safari":{"3.1":0,"3.2":0,"4":0.007532,"5":0.026362,"5.1":0.07532,"6":0.003766,"6.1":0.015064,"7":0.033894,"7.1":0.079086,"8":0.421792,"9":0.007532},"android":{"2.1":0,"2.2":0,"2.3":0.118184915626,"3":0,"4":0.376714418557,"4.1":1.32219374356,"4.2-4.3":2.87521740046,"4.4":0.0184663930665,"4.4.3-4.4.4":2.53358912873,"44":null},"ios_saf":{"3.2":0,"4.0-4.1":0,"4.2-4.3":0,"5.0-5.1":0.013544889828,"6.0-6.1":0.0225748163799,"7.0-7.1":0.372032973941,"8":0.0510190850186,"8.1-8.4":3.99890297354,"9":0.0293472612939},"op_mob":{"10":0,"11":0,"11.1":0,"11.5":0,"12":0.0979480632609,"12.1":0.195896126522,"0":3.03638996109},"ie":{"5.5":0,"6":0.0150959490986,"7":0.00754797454931,"8":0.611385938494,"9":0.592516002121,"10":0.249083160127,"11":2.07191901379},"bb":{"7":0.1761105,"10":null},"ie_mob":{"10":0.207782389831,"11":0.858231610169},"and_uc":{"0":7.275078},"op_mini":{"5.0-8.0":34.0987018491},"and_chr":{"0":5.444184},"and_ff":{"0":0.130914},"edge":{"12":0.173236,"13":null}},"total":97.3993225382}