{"id":"GM","name":"Gambia","month":"2015-10","access_date":"2015-11-03","data":{"chrome":{"4":0.009972,"5":0,"6":0.003324,"7":0.006648,"8":0,"9":0.003324,"10":0.003324,"11":0.0831,"12":0,"13":0.006648,"14":0.013296,"15":0.003324,"16":0.006648,"17":0,"18":0,"19":0.013296,"20":0.019944,"21":0,"22":0.01662,"23":0,"24":0.013296,"25":0.01662,"26":0.013296,"27":0.019944,"28":0.019944,"29":0.013296,"30":0.0831,"31":0.019944,"32":0.013296,"33":0.09972,"34":0.013296,"35":0.026592,"36":0.093072,"37":0.01662,"38":0.029916,"39":0.079776,"40":0.013296,"41":0.036564,"42":0.525192,"43":0.106368,"44":0.285864,"45":4.607064,"46":4.494048,"47":0.329076,"48":0.305808,"49":0},"firefox":{"2":0.006648,"3":0.019944,"3.5":0.009972,"3.6":0.026592,"4":0.023268,"5":0.009972,"6":0.013296,"7":0.006648,"8":0.06648,"9":0.003324,"10":0.023268,"11":0.255948,"12":0.146256,"13":0.029916,"14":0.043212,"15":0.086424,"16":0.039888,"17":0.023268,"18":0.063156,"19":0.043212,"20":0.026592,"21":0.039888,"22":0.009972,"23":0.009972,"24":0.023268,"25":0.009972,"26":0.026592,"27":0.013296,"28":0.006648,"29":0.162876,"30":0.259272,"31":0.059832,"32":0.029916,"33":0.03324,"34":0.06648,"35":0.122988,"36":0.096396,"37":0.594996,"38":0.19944,"39":0.545136,"40":1.170048,"41":6.707832,"42":2.466408,"43":0.006648,"44":0},"opera":{"9":0,"9.5-9.6":0.003324,"10.0-10.1":0,"10.5":0,"10.6":0.003324,"11":0.013296,"11.1":0.006648,"11.5":0.009972,"11.6":0.013296,"12":0.009972,"12.1":0.113016,"15":0.003324,"16":0,"17":0.006648,"18":0,"19":0,"20":0.009972,"21":0.029916,"22":0,"23":0,"24":0,"25":0.003324,"26":0,"27":0.009972,"28":0.01662,"29":0.013296,"30":0.03324,"31":0.019944,"32":0.7479,"33":0.013296,"34":0},"safari":{"3.1":0,"3.2":0,"4":0,"5":0.053184,"5.1":0.063156,"6":0.006648,"6.1":0.01662,"7":0.026592,"7.1":0.026592,"8":0.103044,"9":0.26592},"android":{"2.1":0,"2.2":0,"2.3":0.0887781574042,"3":0,"4":0.258810899551,"4.1":0.928408866414,"4.2-4.3":1.94108174663,"4.4":3.62335259372,"4.4.3-4.4.4":1.87788373628,"44":null},"ios_saf":{"3.2":0,"4.0-4.1":0,"4.2-4.3":0,"5.0-5.1":0.00937310664918,"6.0-6.1":0.00981944506104,"7.0-7.1":0.23923738876,"8":0.0321363656543,"8.1-8.4":1.06942683483,"9.0-9.1":3.06366685905},"op_mob":{"10":0,"11":0,"11.1":0,"11.5":0,"12":0.0910804063861,"12.1":0.273241219158,"0":3.18781422351},"ie":{"5.5":0.00333667090216,"6":0.0133466836086,"7":0.0133466836086,"8":0.320320406607,"9":0.303637052097,"10":0.310310393901,"11":1.65498876747},"bb":{"7":0.043394,"10":null},"ie_mob":{"10":0.210383524904,"11":0.957916475096},"op_mini":{"5.0-8.0":34.1005041509},"and_chr":{"0":6.8039},"and_ff":{"0":0.060084},"edge":{"12":0.28254,"13":null},"and_uc":{"0":9.693552}},"total":98.2006046582}