{"id":"GN","name":"Guinea","month":"2015-10","access_date":"2015-11-03","data":{"chrome":{"4":0.001647,"5":0.003294,"6":0.004941,"7":0.004941,"8":0.001647,"9":0,"10":0.001647,"11":0.044469,"12":0.004941,"13":0.001647,"14":0.001647,"15":0,"16":0.003294,"17":0,"18":0,"19":0.003294,"20":0,"21":0.001647,"22":0.003294,"23":0,"24":0.001647,"25":0.064233,"26":0.008235,"27":0.004941,"28":0.009882,"29":0.003294,"30":0.004941,"31":0.036234,"32":0.006588,"33":0.090585,"34":0.003294,"35":0.001647,"36":0.03294,"37":0.003294,"38":0.008235,"39":0.036234,"40":0.042822,"41":0.013176,"42":0.410103,"43":0.187758,"44":0.125172,"45":1.996164,"46":1.92699,"47":0.023058,"48":0.006588,"49":0},"firefox":{"2":0.009882,"3":0.055998,"3.5":0.018117,"3.6":0.029646,"4":0.011529,"5":0.003294,"6":0.006588,"7":0.004941,"8":0.006588,"9":0.009882,"10":0.014823,"11":0.026352,"12":0.019764,"13":0.008235,"14":0.014823,"15":0.01647,"16":0.021411,"17":0.009882,"18":0.009882,"19":0.037881,"20":0.029646,"21":0.029646,"22":0.019764,"23":0.019764,"24":0.057645,"25":0.014823,"26":0.023058,"27":0.014823,"28":0.014823,"29":0.03294,"30":0.046116,"31":0.042822,"32":0.03294,"33":0.041175,"34":0.04941,"35":0.067527,"36":0.039528,"37":0.067527,"38":0.103761,"39":0.123525,"40":0.643977,"41":2.778489,"42":0.064233,"43":0.008235,"44":0},"opera":{"9":0,"9.5-9.6":0.001647,"10.0-10.1":0.003294,"10.5":0,"10.6":0.003294,"11":0.003294,"11.1":0,"11.5":0.008235,"11.6":0.024705,"12":0.003294,"12.1":0.087291,"15":0.011529,"16":0.003294,"17":0.019764,"18":0.004941,"19":0.001647,"20":0.006588,"21":0.003294,"22":0.004941,"23":0.001647,"24":0.003294,"25":0.001647,"26":0.014823,"27":0.004941,"28":0.009882,"29":0.027999,"30":0.116937,"31":0.029646,"32":1.031022,"33":0.029646,"34":0},"safari":{"3.1":0,"3.2":0,"4":0.001647,"5":0.004941,"5.1":0.029646,"6":0.009882,"6.1":0.004941,"7":0.018117,"7.1":0.039528,"8":0.111996,"9":0.113643},"android":{"2.1":0,"2.2":0,"2.3":0.125691577667,"3":0,"4":0.366422904384,"4.1":1.31443565119,"4.2-4.3":2.74817178288,"4.4":5.12992066137,"4.4.3-4.4.4":2.65869642251,"44":null},"ios_saf":{"3.2":0,"4.0-4.1":0,"4.2-4.3":0,"5.0-5.1":0.00477338835637,"6.0-6.1":0.00500069256382,"7.0-7.1":0.121835055191,"8":0.0163659029361,"8.1-8.4":0.544620881041,"9.0-9.1":1.56021607991},"op_mob":{"10":0,"11":0,"11.1":0,"11.5":0,"12":0.116444941945,"12.1":0.349334825835,"0":4.07557296807},"ie":{"5.5":0,"6":0.00333194136126,"7":0.0166597068063,"8":0.259891426178,"9":0.0733027099476,"10":0.311536517277,"11":0.896292226178},"bb":{"7":0.01879425,"10":null},"ie_mob":{"10":0.0857382643678,"11":0.390382735632},"op_mini":{"5.0-8.0":43.5969862642},"and_chr":{"0":15.849485},"and_ff":{"0":0.225531},"edge":{"12":0.149877,"13":null},"and_uc":{"0":4.777916}},"total":97.4226957777}