{"id":"GN","name":"Guinea","month":"2015-08","access_date":"2015-09-03","data":{"chrome":{"4":0,"5":0.006004,"6":0.004503,"7":0.007505,"8":0.001501,"9":0,"10":0.001501,"11":0.054036,"12":0.003002,"13":0.001501,"14":0.004503,"15":0,"16":0.006004,"17":0,"18":0.001501,"19":0.009006,"20":0,"21":0,"22":0.003002,"23":0,"24":0.001501,"25":0.081054,"26":0.009006,"27":0.004503,"28":0.006004,"29":0.009006,"30":0.006004,"31":0.130587,"32":0.003002,"33":0.114076,"34":0.012008,"35":0.007505,"36":0.043529,"37":0.003002,"38":0.013509,"39":0.037525,"40":0.10507,"41":0.034523,"42":0.43529,"43":0.348232,"44":3.509338,"45":0.016511,"46":0.007505,"47":0,"48":0},"firefox":{"2":0.003002,"3":0.058539,"3.5":0.01501,"3.6":0.03002,"4":0.01501,"5":0.006004,"6":0.004503,"7":0.001501,"8":0.006004,"9":0.007505,"10":0.001501,"11":0.054036,"12":0.010507,"13":0.010507,"14":0.004503,"15":0.012008,"16":0.009006,"17":0.010507,"18":0.010507,"19":0.036024,"20":0.018012,"21":0.018012,"22":0.019513,"23":0.022515,"24":0.025517,"25":0.046531,"26":0.019513,"27":0.024016,"28":0.012008,"29":0.031521,"30":0.073549,"31":0.049533,"32":0.052535,"33":0.079553,"34":0.054036,"35":0.069046,"36":0.03002,"37":0.087058,"38":0.310707,"39":1.625583,"40":0.906604,"41":0.036024,"42":0.003002,"43":0},"opera":{"9":0,"9.5-9.6":0,"10.0-10.1":0,"10.5":0,"10.6":0.001501,"11":0.006004,"11.1":0.003002,"11.5":0.003002,"11.6":0.006004,"12":0.003002,"12.1":0.037525,"15":0.004503,"16":0.001501,"17":0.010507,"18":0.003002,"19":0.004503,"20":0.007505,"21":0.004503,"22":0.03002,"23":0,"24":0.004503,"25":0.004503,"26":0.006004,"27":0.007505,"28":0.01501,"29":0.094563,"30":0.782021,"31":0.393262,"32":0.003002,"33":0},"safari":{"3.1":0,"3.2":0,"4":0.001501,"5":0.004503,"5.1":0.018012,"6":0.001501,"6.1":0.003002,"7":0.013509,"7.1":0.051034,"8":0.138092,"9":0.001501},"android":{"2.1":0,"2.2":0,"2.3":0.163440730054,"3":0,"4":0.520967327046,"4.1":1.82849316747,"4.2-4.3":3.97620651083,"4.4":0.0255376140709,"4.4.3-4.4.4":3.50376065052,"44":null},"ios_saf":{"3.2":0,"4.0-4.1":0,"4.2-4.3":0,"5.0-5.1":0.00537484757018,"6.0-6.1":0.00895807928363,"7.0-7.1":0.147629146594,"8":0.020245259181,"8.1-8.4":1.5868341643,"9":0.0116455030687},"op_mob":{"10":0,"11":0,"11.1":0,"11.5":0,"12":0.163427579474,"12.1":0.326855158949,"0":5.0662549637},"ie":{"5.5":0,"6":0.00602815124698,"7":0.0301407562349,"8":0.453618381335,"9":0.082887079646,"10":0.470195797265,"11":0.800237078037},"bb":{"7":0.01062375,"10":null},"ie_mob":{"10":0.0877989915254,"11":0.362648008475},"and_uc":{"0":2.821668},"op_mini":{"5.0-8.0":56.8941142979},"and_chr":{"0":8.232542},"and_ff":{"0":0.195477},"edge":{"12":0.118579,"13":null}},"total":98.5537719938}