{"id":"GN","name":"Guinea","month":"2016-02","access_date":"2016-03-03","data":{"firefox":{"2":0.00371,"3":0.17808,"3.5":0.01113,"3.6":0.04823,"4":0.009275,"5":0.00371,"6":0.00371,"7":0,"8":0.01484,"9":0.01113,"10":0.01113,"11":0.024115,"12":0.012985,"13":0.009275,"14":0.009275,"15":0.01113,"16":0.01484,"17":0.005565,"18":0.005565,"19":0.024115,"20":0.03339,"21":0.04823,"22":0.042665,"23":0.027825,"24":0.1113,"25":0.02968,"26":0.01113,"27":0.01855,"28":0.016695,"29":0.05194,"30":0.04452,"31":0.035245,"32":0.046375,"33":0.03339,"34":0.035245,"35":0.050085,"36":0.03339,"37":0.064925,"38":0.08162,"39":0.05194,"40":0.061215,"41":0.06307,"42":0.11872,"43":1.660225,"44":1.667645,"45":0.05194,"46":0.001855,"47":0.001855},"chrome":{"4":0,"5":0.001855,"6":0.01113,"7":0.001855,"8":0.001855,"9":0,"10":0.001855,"11":0.053795,"12":0.005565,"13":0,"14":0.064925,"15":0,"16":0.01113,"17":0,"18":0,"19":0,"20":0,"21":0.00371,"22":0.001855,"23":0,"24":0.001855,"25":0.020405,"26":0.005565,"27":0.016695,"28":0.012985,"29":0.012985,"30":0.005565,"31":0.061215,"32":0.016695,"33":0.05565,"34":0.005565,"35":0.01113,"36":0.016695,"37":0.009275,"38":0.005565,"39":0.016695,"40":0.01855,"41":0.120575,"42":0.08533,"43":0.265265,"44":0.08904,"45":0.39326,"46":0.076055,"47":0.354305,"48":4.327715,"49":0.01855,"50":0.01113,"51":0},"opera":{"9":0,"9.5-9.6":0.005565,"10.0-10.1":0,"10.5":0.012985,"10.6":0,"11":0.001855,"11.1":0,"11.5":0,"11.6":0.009275,"12":0.01113,"12.1":0.08533,"15":0.016695,"16":0.001855,"17":0.001855,"18":0.07791,"19":0.01113,"20":0.00742,"21":0.001855,"22":0.00742,"23":0,"24":0,"25":0,"26":0.00371,"27":0.001855,"28":0.06307,"29":0.024115,"30":0.04081,"31":0.005565,"32":0.02226,"33":0.0742,"34":0.428505,"35":0.75684,"36":0.009275},"safari":{"3.1":0,"3.2":0,"4":0,"5":0.00742,"5.1":0.009275,"6":0.001855,"6.1":0.001855,"7":0.009275,"7.1":0.038955,"8":0.068635,"9":0.38955,"9.1":0.00742},"android":{"2.1":0,"2.2":0,"2.3":0.0540347895792,"3":0,"4":0.467518396794,"4.1":0.984372905812,"4.2-4.3":2.20837835671,"4.4":4.44729811623,"4.4.3-4.4.4":2.38927743487,"47":null},"ios_saf":{"3.2":0,"4.0-4.1":0,"4.2-4.3":0,"5.0-5.1":0,"6.0-6.1":0,"7.0-7.1":0.0787538330932,"8":0.0053462132126,"8.1-8.4":0.217549753036,"9.0-9.2":1.69660020066,"9.3":null},"op_mob":{"10":0,"11":0,"11.1":0,"11.5":0,"12":0.00221527249357,"12.1":0.00221527249357,"0":0.0952567172237},"ie":{"5.5":0,"6":0.00742857803468,"7":0.016714300578,"8":0.263714520231,"9":0.0668572023121,"10":0.243285930636,"11":0.986143734104},"bb":{"7":0.03258,"10":null},"ie_mob":{"10":0.13071538835,"11":0.57789961165},"edge":{"12":0.120575,"13":0.124285,"14":0},"and_uc":{"0":6.97212},"op_mini":{"5.0-8.0":38.6786577378},"and_chr":{"0":20.979935},"and_ff":{"0":0.19548}},"total":95.3622542659}