{"id":"GQ","name":"Equatorial Guinea","month":"2015-08","access_date":"2015-09-03","data":{"chrome":{"4":0,"5":0.0377,"6":0.00377,"7":0,"8":0,"9":0.00377,"10":0.00377,"11":0.12441,"12":0.00377,"13":0,"14":0,"15":0.01508,"16":0.01508,"17":0,"18":0,"19":0,"20":0,"21":0,"22":0,"23":0,"24":0,"25":0.00754,"26":0.0377,"27":0,"28":0.01131,"29":0.0377,"30":0.12064,"31":0.16965,"32":0.01131,"33":0.04147,"34":0.10933,"35":0.0377,"36":0.06786,"37":0.02262,"38":0.04524,"39":0.08294,"40":0.09425,"41":0.20358,"42":0.20358,"43":0.6786,"44":12.01122,"45":0.1131,"46":0.01508,"47":0,"48":0},"firefox":{"2":0,"3":0,"3.5":0.00377,"3.6":0.0377,"4":0,"5":0.01131,"6":0.06786,"7":0.01508,"8":0.08671,"9":0,"10":0.00377,"11":0.1131,"12":0.02262,"13":0.00754,"14":0.01885,"15":0.15457,"16":0.01131,"17":0.01131,"18":0.00377,"19":0.00754,"20":0.00377,"21":0.02262,"22":0.00754,"23":0.06409,"24":0.19604,"25":0.00754,"26":0.02262,"27":0.00377,"28":0.03016,"29":0.38077,"30":2.01318,"31":0.74269,"32":0.02262,"33":0.35815,"34":0.16965,"35":1.08576,"36":0.08671,"37":0.15834,"38":0.78416,"39":2.5636,"40":1.74174,"41":0.0377,"42":0,"43":0},"opera":{"9":0,"9.5-9.6":0,"10.0-10.1":0.00377,"10.5":0,"10.6":0.00377,"11":0,"11.1":0,"11.5":0,"11.6":0.00377,"12":0.01131,"12.1":0.69745,"15":0.00377,"16":0,"17":0.01131,"18":0.07917,"19":0.00377,"20":0.00754,"21":0,"22":0.00377,"23":0.00377,"24":0,"25":0.00377,"26":0.01508,"27":0,"28":0,"29":0.01885,"30":0.13572,"31":0.5278,"32":0,"33":0},"safari":{"3.1":0,"3.2":0,"4":0,"5":0,"5.1":0.04901,"6":0.01131,"6.1":0.01508,"7":0.05278,"7.1":0.8294,"8":0.41847,"9":0},"android":{"2.1":0,"2.2":0,"2.3":0.116728299771,"3":0,"4":0.372071455519,"4.1":1.30589785368,"4.2-4.3":2.83978066786,"4.4":0.0182387968392,"4.4.3-4.4.4":2.50236292633,"44":null},"ios_saf":{"3.2":0,"4.0-4.1":0,"4.2-4.3":0,"5.0-5.1":0.00781228493812,"6.0-6.1":0.0130204748969,"7.0-7.1":0.2145774263,"8":0.0294262732669,"8.1-8.4":2.30644692323,"9":0.0169266173659},"op_mob":{"10":0,"11":0,"11.1":0,"11.5":0,"12":0.0953255922175,"12.1":0.190651184435,"0":2.95509335874},"ie":{"5.5":0,"6":0.0188834417504,"7":0.0453202602011,"8":1.62397599054,"9":0.626930266115,"10":0.963055529273,"11":3.04778749852},"bb":{"7":0.09345,"10":null},"ie_mob":{"10":0.109288983051,"11":0.451411016949},"and_uc":{"0":6.16147},"op_mini":{"5.0-8.0":33.1857398646},"and_chr":{"0":9.44523},"and_ff":{"0":0.1246},"edge":{"12":0.15457,"13":null}},"total":97.3563129864}