{"id":"GQ","name":"Equatorial Guinea","month":"2015-10","access_date":"2015-11-03","data":{"chrome":{"4":0,"5":0.014796,"6":0,"7":0,"8":0,"9":0,"10":0.003699,"11":0.081378,"12":0,"13":0,"14":0,"15":0,"16":0.018495,"17":0,"18":0,"19":0,"20":0,"21":0,"22":0.007398,"23":0.003699,"24":0,"25":0.088776,"26":0.007398,"27":0,"28":0.018495,"29":0.003699,"30":0.014796,"31":0.159057,"32":0.011097,"33":0.011097,"34":0.040689,"35":0.092475,"36":0.07398,"37":0.011097,"38":0.011097,"39":0.03699,"40":0.155358,"41":0.525258,"42":0.207144,"43":0.639927,"44":0.270027,"45":6.070059,"46":4.608954,"47":0.014796,"48":0.007398,"49":0},"firefox":{"2":0.003699,"3":0.003699,"3.5":0,"3.6":0.018495,"4":0.003699,"5":0.018495,"6":0.029592,"7":0.003699,"8":0.085077,"9":0,"10":0.207144,"11":0.022194,"12":0.007398,"13":0.007398,"14":0.040689,"15":0.173853,"16":0.018495,"17":0.199746,"18":0,"19":0.003699,"20":0.007398,"21":0.136863,"22":0.029592,"23":0.136863,"24":0.236736,"25":0.018495,"26":0.018495,"27":0.003699,"28":0.059184,"29":0.270027,"30":1.642356,"31":0.469773,"32":0.018495,"33":0.207144,"34":0.244134,"35":0.314415,"36":0.029592,"37":0.085077,"38":0.51786,"39":0.658422,"40":1.298349,"41":4.701429,"42":0.503064,"43":0,"44":0},"opera":{"9":0,"9.5-9.6":0,"10.0-10.1":0,"10.5":0,"10.6":0,"11":0.029592,"11.1":0,"11.5":0,"11.6":0.03699,"12":0.040689,"12.1":0.107271,"15":0,"16":0.007398,"17":0.014796,"18":0.033291,"19":0.018495,"20":0,"21":0,"22":0.003699,"23":0,"24":0,"25":0,"26":0.003699,"27":0.014796,"28":0.018495,"29":0.003699,"30":0.048087,"31":0.007398,"32":0.55485,"33":0.003699,"34":0},"safari":{"3.1":0,"3.2":0,"4":0,"5":0.003699,"5.1":0.18495,"6":0.003699,"6.1":0.011097,"7":0.144261,"7.1":0.033291,"8":0.207144,"9":0.399492},"android":{"2.1":0,"2.2":0,"2.3":0.0977887424922,"3":0,"4":0.28507904591,"4.1":1.02263820538,"4.2-4.3":2.13809284432,"4.4":3.99110664273,"4.4.3-4.4.4":2.06848051916,"44":null},"ios_saf":{"3.2":0,"4.0-4.1":0,"4.2-4.3":0,"5.0-5.1":0.00552616557361,"6.0-6.1":0.00578931631521,"7.0-7.1":0.141048797498,"8":0.0189468533952,"8.1-8.4":0.630509176874,"9.0-9.1":1.80626669034},"op_mob":{"10":0,"11":0,"11.1":0,"11.5":0,"12":0.0731458611514,"12.1":0.219437583454,"0":2.5601051403},"ie":{"5.5":0,"6":0.00744979463244,"7":0.00744979463244,"8":0.934949226371,"9":0.402288910152,"10":1.16589285998,"11":3.81801974912},"bb":{"7":0.08978925,"10":null},"ie_mob":{"10":0.135024877395,"11":0.614794122605},"op_mini":{"5.0-8.0":27.3858104151},"and_chr":{"0":8.881481},"and_ff":{"0":0.081913},"edge":{"12":0.273726,"13":null},"and_uc":{"0":11.228382}},"total":97.6891715849}