{"id":"GR","name":"Greece","month":"2015-08","access_date":"2015-09-03","data":{"chrome":{"4":0,"5":0,"6":0,"7":0,"8":0,"9":0,"10":0,"11":0.197156,"12":0,"13":0,"14":0,"15":0.025716,"16":0.051432,"17":0.060004,"18":0.04286,"19":0,"20":0,"21":0.008572,"22":0.351452,"23":0.12858,"24":0.017144,"25":0.008572,"26":0.060004,"27":0.008572,"28":0.008572,"29":0.025716,"30":0.051432,"31":0.102864,"32":0.025716,"33":0.060004,"34":0.120008,"35":0.137152,"36":0.102864,"37":0.08572,"38":0.12858,"39":0.205728,"40":0.111436,"41":0.111436,"42":0.17144,"43":1.251512,"44":40.751288,"45":0.094292,"46":0.162868,"47":0,"48":0},"firefox":{"2":0.008572,"3":0.008572,"3.5":0.008572,"3.6":0.04286,"4":0.060004,"5":0.051432,"6":0.060004,"7":0,"8":0,"9":0,"10":0.025716,"11":0.008572,"12":0.120008,"13":0.017144,"14":0.008572,"15":0.008572,"16":0.04286,"17":0.008572,"18":0.017144,"19":0.017144,"20":0.017144,"21":0.008572,"22":0.008572,"23":0.008572,"24":0.017144,"25":0.017144,"26":0.025716,"27":0.017144,"28":0.034288,"29":0.017144,"30":0.08572,"31":0.068576,"32":0.051432,"33":0.051432,"34":0.12858,"35":0.094292,"36":0.094292,"37":0.334308,"38":0.651472,"39":9.309192,"40":8.949168,"41":0.08572,"42":0.017144,"43":0.017144},"opera":{"9":0,"9.5-9.6":0,"10.0-10.1":0,"10.5":0,"10.6":0,"11":0.008572,"11.1":0,"11.5":0,"11.6":0,"12":0.231444,"12.1":0.240016,"15":0,"16":0,"17":0,"18":0,"19":0,"20":0,"21":0,"22":0,"23":0,"24":0,"25":0,"26":0.008572,"27":0,"28":0.008572,"29":0.017144,"30":0.274304,"31":0.90006,"32":0.008572,"33":0},"safari":{"3.1":0,"3.2":0,"4":0.008572,"5":0.145724,"5.1":0.205728,"6":0.008572,"6.1":0.051432,"7":0.034288,"7.1":0.137152,"8":0.565752,"9":0.008572},"android":{"2.1":0,"2.2":0,"2.3":0.0918744389498,"3":0,"4":0.292849774152,"4.1":1.02784528575,"4.2-4.3":2.23513283508,"4.4":0.0143553810859,"4.4.3-4.4.4":1.96955828499,"44":null},"ios_saf":{"3.2":0,"4.0-4.1":0,"4.2-4.3":0,"5.0-5.1":0.017374766073,"6.0-6.1":0.0289579434551,"7.0-7.1":0.47722690814,"8":0.0654449522085,"8.1-8.4":5.12961010363,"9":0.0376453264916},"op_mob":{"10":0,"11":0,"11.1":0,"11.5":0,"12":0.000698808510638,"12.1":0.00139761702128,"0":0.0216630638298},"ie":{"5.5":0,"6":0.0514817889642,"7":0.145865068732,"8":1.35568710939,"9":0.686423852856,"10":0.797967728945,"11":5.80886185479},"bb":{"7":0.006783,"10":null},"ie_mob":{"10":0.122190813559,"11":0.504701186441},"and_uc":{"0":0.091392},"op_mini":{"5.0-8.0":0.243276510638},"and_chr":{"0":8.195928},"and_ff":{"0":0.095676},"edge":{"12":0.351452,"13":null}},"total":98.0252944037}