{"id":"GR","name":"Greece","month":"2016-02","access_date":"2016-03-03","data":{"firefox":{"2":0.008491,"3":0.008491,"3.5":0,"3.6":0.033964,"4":0.118874,"5":0.118874,"6":0.127365,"7":0,"8":0,"9":0,"10":0.016982,"11":0.008491,"12":0.08491,"13":0.008491,"14":0,"15":0.008491,"16":0.042455,"17":0.016982,"18":0.008491,"19":0.008491,"20":0.016982,"21":0.008491,"22":0.008491,"23":0.008491,"24":0.008491,"25":0.008491,"26":0.008491,"27":0.042455,"28":0.016982,"29":0.008491,"30":0.042455,"31":0.033964,"32":0.033964,"33":0.033964,"34":0.08491,"35":0.067928,"36":0.033964,"37":0.08491,"38":0.152838,"39":0.110383,"40":0.110383,"41":0.118874,"42":0.195293,"43":4.568158,"44":12.218549,"45":0.144347,"46":0.008491,"47":0.008491},"chrome":{"4":0.008491,"5":0,"6":0,"7":0,"8":0,"9":0,"10":0,"11":0.203784,"12":0.008491,"13":0,"14":0,"15":0,"16":0.135856,"17":0.016982,"18":0.008491,"19":0,"20":0,"21":0.008491,"22":0.16982,"23":0.050946,"24":0,"25":0.008491,"26":0.033964,"27":0.008491,"28":0.008491,"29":0.016982,"30":0.025473,"31":0.059437,"32":0.025473,"33":0.033964,"34":0.093401,"35":0.059437,"36":0.050946,"37":0.033964,"38":0.059437,"39":0.118874,"40":0.067928,"41":0.025473,"42":0.033964,"43":0.195293,"44":0.186802,"45":0.229257,"46":0.229257,"47":0.976465,"48":43.422974,"49":0.110383,"50":0.118874,"51":0},"opera":{"9":0,"9.5-9.6":0,"10.0-10.1":0,"10.5":0,"10.6":0,"11":0,"11.1":0,"11.5":0,"11.6":0,"12":0.25473,"12.1":0.127365,"15":0,"16":0,"17":0,"18":0,"19":0,"20":0,"21":0,"22":0,"23":0,"24":0,"25":0,"26":0.016982,"27":0,"28":0.008491,"29":0,"30":0.008491,"31":0.008491,"32":0.025473,"33":0.008491,"34":0.195293,"35":0.866082,"36":0.008491},"safari":{"3.1":0,"3.2":0,"4":0.025473,"5":0.08491,"5.1":0.288694,"6":0.008491,"6.1":0.050946,"7":0.016982,"7.1":0.016982,"8":0.093401,"9":0.713244,"9.1":0.008491},"android":{"2.1":0,"2.2":0,"2.3":0.0245083718548,"3":0,"4":0.212050695613,"4.1":0.446478600312,"4.2-4.3":1.00164650189,"4.4":2.01714556179,"4.4.3-4.4.4":1.08369626854,"47":null},"ios_saf":{"3.2":0,"4.0-4.1":0,"4.2-4.3":0,"5.0-5.1":0,"6.0-6.1":0,"7.0-7.1":0.192982262811,"8":0.0131006235851,"8.1-8.4":0.533094605886,"9.0-9.2":4.15743250772,"9.3":null},"op_mob":{"10":0,"11":0,"11.1":0,"11.5":0,"12":9.7410454156e-6,"12.1":9.7410454156e-6,"0":0.000418864952871},"ie":{"5.5":0,"6":0.0510076033857,"7":0.195529146312,"8":0.867129257557,"9":0.544081102781,"10":0.433564628779,"11":4.93073499395},"bb":{"7":0.00943125,"10":null},"ie_mob":{"10":0.115797436893,"11":0.511946563107},"edge":{"12":0.203784,"13":0.687771,"14":0},"and_uc":{"0":0.099594},"op_mini":{"5.0-8.0":0.170078652956},"and_chr":{"0":10.477451},"and_ff":{"0":0.024144}},"total":97.4930249828}