{"id":"GR","name":"Greece","month":"2015-10","access_date":"2015-11-03","data":{"chrome":{"4":0.008779,"5":0.008779,"6":0,"7":0,"8":0,"9":0,"10":0,"11":0.228254,"12":0.008779,"13":0,"14":0,"15":0,"16":0.08779,"17":0.026337,"18":0.008779,"19":0,"20":0,"21":0.008779,"22":0.245812,"23":0.043895,"24":0,"25":0.008779,"26":0.052674,"27":0.008779,"28":0.008779,"29":0.017558,"30":0.035116,"31":0.096569,"32":0.026337,"33":0.061453,"34":0.105348,"35":0.096569,"36":0.08779,"37":0.070232,"38":0.122906,"39":0.193138,"40":0.08779,"41":0.079011,"42":0.210696,"43":0.368718,"44":0.52674,"45":21.289075,"46":23.220455,"47":0.149243,"48":0.096569,"49":0},"firefox":{"2":0,"3":0.008779,"3.5":0,"3.6":0.035116,"4":0.08779,"5":0.08779,"6":0.096569,"7":0,"8":0,"9":0,"10":0.017558,"11":0.008779,"12":0.096569,"13":0.017558,"14":0.008779,"15":0.008779,"16":0.052674,"17":0.035116,"18":0.017558,"19":0.008779,"20":0.026337,"21":0.008779,"22":0.008779,"23":0.008779,"24":0.008779,"25":0.008779,"26":0.017558,"27":0.026337,"28":0.017558,"29":0.017558,"30":0.052674,"31":0.061453,"32":0.052674,"33":0.043895,"34":0.122906,"35":0.079011,"36":0.061453,"37":0.140464,"38":0.359939,"39":0.316044,"40":1.834811,"41":16.513299,"42":0.149243,"43":0.017558,"44":0.017558},"opera":{"9":0,"9.5-9.6":0,"10.0-10.1":0,"10.5":0,"10.6":0,"11":0,"11.1":0,"11.5":0,"11.6":0,"12":0.219475,"12.1":0.17558,"15":0.008779,"16":0,"17":0,"18":0,"19":0,"20":0,"21":0,"22":0,"23":0,"24":0,"25":0,"26":0.008779,"27":0,"28":0.008779,"29":0.008779,"30":0.017558,"31":0.008779,"32":1.071038,"33":0.052674,"34":0},"safari":{"3.1":0,"3.2":0,"4":0.035116,"5":0.114127,"5.1":0.280928,"6":0.008779,"6.1":0.052674,"7":0.026337,"7.1":0.061453,"8":0.254591,"9":0.491624},"android":{"2.1":0,"2.2":0,"2.3":0.049881373835,"3":0,"4":0.145416886434,"4.1":0.521640807732,"4.2-4.3":1.09062664826,"4.4":2.03583641008,"4.4.3-4.4.4":1.05511787366,"44":null},"ios_saf":{"3.2":0,"4.0-4.1":0,"4.2-4.3":0,"5.0-5.1":0.0100534464736,"6.0-6.1":0.01053218202,"7.0-7.1":0.25660225285,"8":0.0344689593381,"8.1-8.4":1.14705036908,"9.0-9.1":3.28604079023},"op_mob":{"10":0,"11":0,"11.1":0,"11.5":0,"12":0.000454847605225,"12.1":0.00136454281567,"0":0.0159196661829},"ie":{"5.5":0,"6":0.0615847320472,"7":0.149562920686,"8":1.16131209003,"9":0.580656045016,"10":0.580656045016,"11":5.64819971061},"bb":{"7":0.003663,"10":null},"ie_mob":{"10":0.0969642413793,"11":0.441496758621},"op_mini":{"5.0-8.0":0.170294943396},"and_chr":{"0":7.631105},"and_ff":{"0":0.025641},"edge":{"12":0.579414,"13":null},"and_uc":{"0":0.08547}},"total":98.0396015434}