{"id":"GT","name":"Guatemala","month":"2015-10","access_date":"2015-11-03","data":{"chrome":{"4":0,"5":0,"6":0,"7":0,"8":0,"9":0,"10":0.005742,"11":0.034452,"12":0.011484,"13":0,"14":0,"15":0,"16":0,"17":0,"18":0.040194,"19":0,"20":0.005742,"21":0.017226,"22":0.045936,"23":0.011484,"24":0.005742,"25":0.005742,"26":0.02871,"27":0.011484,"28":0.011484,"29":0.017226,"30":0.011484,"31":0.034452,"32":0.02871,"33":0.034452,"34":0.045936,"35":0.05742,"36":0.074646,"37":0.097614,"38":0.08613,"39":0.223938,"40":0.132066,"41":0.080388,"42":0.17226,"43":0.48807,"44":0.769428,"45":16.829802,"46":16.267086,"47":0.068904,"48":0.034452,"49":0},"firefox":{"2":0.005742,"3":0.011484,"3.5":0.005742,"3.6":0.034452,"4":0.011484,"5":0.005742,"6":0.005742,"7":0.005742,"8":0.005742,"9":0.005742,"10":0.011484,"11":0.011484,"12":0.022968,"13":0.011484,"14":0.011484,"15":0.011484,"16":0.034452,"17":0.005742,"18":0.011484,"19":0.011484,"20":0.011484,"21":0.017226,"22":0.011484,"23":0.005742,"24":0.011484,"25":0.011484,"26":0.011484,"27":0.011484,"28":0.011484,"29":0.022968,"30":0.034452,"31":0.040194,"32":0.02871,"33":0.051678,"34":0.040194,"35":0.068904,"36":0.091872,"37":0.149292,"38":0.241164,"39":0.281358,"40":0.964656,"41":5.472126,"42":0.040194,"43":0.011484,"44":0},"opera":{"9":0,"9.5-9.6":0,"10.0-10.1":0,"10.5":0,"10.6":0,"11":0,"11.1":0,"11.5":0,"11.6":0,"12":0,"12.1":0.022968,"15":0,"16":0,"17":0,"18":0,"19":0,"20":0.005742,"21":0,"22":0,"23":0,"24":0,"25":0,"26":0,"27":0.011484,"28":0.011484,"29":0.017226,"30":0.045936,"31":0.011484,"32":0.712008,"33":0.02871,"34":0},"safari":{"3.1":0,"3.2":0,"4":0.022968,"5":0.074646,"5.1":0.137808,"6":0.051678,"6.1":0.091872,"7":0.149292,"7.1":0.22968,"8":1.03356,"9":1.056528},"android":{"2.1":0,"2.2":0,"2.3":0.111900475319,"3":0,"4":0.326218334829,"4.1":1.17021344529,"4.2-4.3":2.44663751122,"4.4":4.56705668761,"4.4.3-4.4.4":2.36697954574,"44":null},"ios_saf":{"3.2":0,"4.0-4.1":0,"4.2-4.3":0,"5.0-5.1":0.00965863969327,"6.0-6.1":0.0101185749168,"7.0-7.1":0.24652527979,"8":0.0331153360912,"8.1-8.4":1.10200479548,"9.0-9.1":3.15699537403},"op_mob":{"10":0,"11":0,"11.1":0,"11.5":0,"12":0.0171185195936,"12.1":0.0513555587808,"0":0.599148185776},"ie":{"5.5":0,"6":0.0290063612903,"7":0.0348076335484,"8":0.626537403871,"9":0.307467429677,"10":0.638139948387,"11":2.7672068671},"bb":{"7":0.168191,"10":null},"ie_mob":{"10":0.203193065134,"11":0.925176934866},"op_mini":{"5.0-8.0":6.40917373585},"and_chr":{"0":17.915222},"and_ff":{"0":0.04258},"edge":{"12":0.470844,"13":null},"and_uc":{"0":4.500706}},"total":98.6420246439}