{"id":"GT","name":"Guatemala","month":"2015-08","access_date":"2015-09-03","data":{"chrome":{"4":0.005357,"5":0,"6":0,"7":0,"8":0.005357,"9":0.010714,"10":0.005357,"11":0.037499,"12":0.010714,"13":0,"14":0.005357,"15":0,"16":0,"17":0,"18":0.037499,"19":0,"20":0.005357,"21":0.021428,"22":0.058927,"23":0.010714,"24":0.010714,"25":0.010714,"26":0.037499,"27":0.016071,"28":0.010714,"29":0.016071,"30":0.021428,"31":0.058927,"32":0.032142,"33":0.05357,"34":0.064284,"35":0.069641,"36":0.085712,"37":0.112497,"38":0.139282,"39":0.26785,"40":0.176781,"41":0.117854,"42":0.208923,"43":1.494603,"44":29.286719,"45":0.101783,"46":0.042856,"47":0,"48":0},"firefox":{"2":0.005357,"3":0.010714,"3.5":0.010714,"3.6":0.037499,"4":0.021428,"5":0.010714,"6":0.010714,"7":0.010714,"8":0.005357,"9":0.010714,"10":0.010714,"11":0.010714,"12":0.026785,"13":0.016071,"14":0.010714,"15":0.010714,"16":0.026785,"17":0.005357,"18":0.016071,"19":0.010714,"20":0.016071,"21":0.021428,"22":0.010714,"23":0.010714,"24":0.010714,"25":0.016071,"26":0.010714,"27":0.016071,"28":0.016071,"29":0.032142,"30":0.042856,"31":0.037499,"32":0.037499,"33":0.05357,"34":0.058927,"35":0.096426,"36":0.123211,"37":0.176781,"38":0.37499,"39":3.798113,"40":2.576717,"41":0.026785,"42":0.005357,"43":0},"opera":{"9":0,"9.5-9.6":0,"10.0-10.1":0,"10.5":0,"10.6":0,"11":0.005357,"11.1":0,"11.5":0,"11.6":0,"12":0.005357,"12.1":0.032142,"15":0,"16":0,"17":0,"18":0,"19":0,"20":0,"21":0,"22":0,"23":0,"24":0,"25":0,"26":0.005357,"27":0.010714,"28":0.021428,"29":0.032142,"30":0.262493,"31":0.551771,"32":0,"33":0},"safari":{"3.1":0,"3.2":0,"4":0.026785,"5":0.05357,"5.1":0.133925,"6":0.042856,"6.1":0.064284,"7":0.085712,"7.1":0.273207,"8":1.199968,"9":0.010714},"android":{"2.1":0,"2.2":0,"2.3":0.199998433852,"3":0,"4":0.637495007902,"4.1":2.23748247872,"4.2-4.3":4.86558689855,"4.4":0.0312497552893,"4.4.3-4.4.4":4.28746642569,"44":null},"ios_saf":{"3.2":0,"4.0-4.1":0,"4.2-4.3":0,"5.0-5.1":0.0129157712043,"6.0-6.1":0.0215262853406,"7.0-7.1":0.354753182413,"8":0.0486494048697,"8.1-8.4":3.81316618523,"9":0.0279841709428},"op_mob":{"10":0,"11":0,"11.1":0,"11.5":0,"12":0.0290392206167,"12.1":0.0580784412334,"0":0.900215839117},"ie":{"5.5":0,"6":0.0323337017893,"7":0.0215558011928,"8":0.781397793241,"9":0.431116023857,"10":1.04545635785,"11":3.03397901789},"bb":{"7":0.181077,"10":null},"ie_mob":{"10":0.224437898305,"11":0.927026101695},"and_uc":{"0":4.062625},"op_mini":{"5.0-8.0":10.109436499},"and_chr":{"0":16.484652},"and_ff":{"0":0.120718},"edge":{"12":0.326777,"13":null}},"total":98.6248976958}