{"id":"GU","name":"Guam","month":"2015-10","access_date":"2015-11-03","data":{"chrome":{"4":0.006395,"5":0,"6":0,"7":0,"8":0,"9":0,"10":0.006395,"11":0.02558,"12":0.006395,"13":0,"14":0,"15":0,"16":0,"17":0,"18":0,"19":0,"20":0.006395,"21":0.006395,"22":0.031975,"23":0.006395,"24":0.006395,"25":0.006395,"26":0,"27":0.01279,"28":0.01279,"29":0.006395,"30":0,"31":0.05116,"32":0.019185,"33":0.019185,"34":0.02558,"35":0.01279,"36":0.03837,"37":0.044765,"38":0.15348,"39":0.057555,"40":0.02558,"41":0.057555,"42":0.121505,"43":0.236615,"44":0.39649,"45":13.077775,"46":11.517395,"47":0.108715,"48":0.083135,"49":0},"firefox":{"2":0,"3":0.006395,"3.5":0.05116,"3.6":0.019185,"4":0.006395,"5":0.006395,"6":0.006395,"7":0.006395,"8":0,"9":0,"10":0.057555,"11":0.01279,"12":0.006395,"13":0,"14":0.006395,"15":0.006395,"16":0.01279,"17":0,"18":0,"19":0.006395,"20":0.006395,"21":0.031975,"22":0.006395,"23":0.006395,"24":0,"25":0.02558,"26":0.006395,"27":0,"28":0,"29":0,"30":0.006395,"31":0.006395,"32":0.006395,"33":0.01279,"34":0.019185,"35":0.019185,"36":0.019185,"37":0.02558,"38":0.070345,"39":0.1279,"40":0.697055,"41":5.09042,"42":0.08953,"43":0.006395,"44":0},"opera":{"9":0,"9.5-9.6":0,"10.0-10.1":0,"10.5":0,"10.6":0,"11":0.006395,"11.1":0.006395,"11.5":0.006395,"11.6":0,"12":0.006395,"12.1":0.019185,"15":0,"16":0,"17":0,"18":0,"19":0,"20":0,"21":0,"22":0,"23":0,"24":0,"25":0,"26":0,"27":0.019185,"28":0,"29":0.01279,"30":0,"31":0.006395,"32":0.23022,"33":0.02558,"34":0},"safari":{"3.1":0,"3.2":0,"4":0.02558,"5":0.159875,"5.1":0.249405,"6":0.044765,"6.1":0.300565,"7":0.198245,"7.1":0.44765,"8":1.387715,"9":2.129535},"android":{"2.1":0,"2.2":0,"2.3":0.0585629478771,"3":0,"4":0.170725881947,"4.1":0.612429471867,"4.2-4.3":1.2804441146,"4.4":2.39016234726,"4.4.3-4.4.4":1.23875523645,"44":null},"ios_saf":{"3.2":0,"4.0-4.1":0,"4.2-4.3":0,"5.0-5.1":0.0574355720916,"6.0-6.1":0.0601705993341,"7.0-7.1":1.46597460196,"8":0.196921961457,"8.1-8.4":6.55312527293,"9.0-9.1":18.7732269922},"op_mob":{"10":0,"11":0,"11.1":0,"11.5":0,"12":0.000183127721335,"12.1":0.000549383164006,"0":0.00640947024673},"ie":{"5.5":0,"6":0,"7":0.0323147078353,"8":0.517035325365,"9":1.6286612749,"10":0.626905332005,"11":6.4564786255},"bb":{"7":0.00721,"10":null},"ie_mob":{"10":0.0272654022989,"11":0.124144597701},"op_mini":{"5.0-8.0":0.0685630188679},"and_chr":{"0":16.524955},"and_ff":{"0":0.02163},"edge":{"12":1.03599,"13":null},"and_uc":{"0":0.126175}},"total":98.0231252656}