{"id":"GU","name":"Guam","month":"2015-08","access_date":"2015-09-03","data":{"chrome":{"4":0,"5":0,"6":0,"7":0,"8":0,"9":0.006267,"10":0.006267,"11":0.031335,"12":0,"13":0,"14":0,"15":0,"16":0,"17":0,"18":0.006267,"19":0,"20":0.006267,"21":0.012534,"22":0.025068,"23":0,"24":0.006267,"25":0.006267,"26":0.012534,"27":0.006267,"28":0.006267,"29":0,"30":0,"31":0.131607,"32":0.006267,"33":0.037602,"34":0.018801,"35":0.012534,"36":0.043869,"37":0.075204,"38":0.206811,"39":0.112806,"40":0.031335,"41":0.056403,"42":0.131607,"43":1.052856,"44":22.235316,"45":0.100272,"46":0.181743,"47":0,"48":0},"firefox":{"2":0,"3":0,"3.5":0.006267,"3.6":0.037602,"4":0,"5":0,"6":0.006267,"7":0,"8":0,"9":0.012534,"10":0.012534,"11":0.006267,"12":0,"13":0.006267,"14":0,"15":0.006267,"16":0.025068,"17":0.006267,"18":0,"19":0.006267,"20":0.006267,"21":0.012534,"22":0.006267,"23":0.012534,"24":0,"25":0.006267,"26":0.006267,"27":0.006267,"28":0.006267,"29":0,"30":0.006267,"31":0.018801,"32":0.006267,"33":0.043869,"34":0.012534,"35":0.106539,"36":0.043869,"37":0.037602,"38":0.169209,"39":3.214971,"40":2.857752,"41":0.050136,"42":0,"43":0},"opera":{"9":0,"9.5-9.6":0,"10.0-10.1":0,"10.5":0,"10.6":0,"11":0.006267,"11.1":0,"11.5":0.006267,"11.6":0,"12":0.006267,"12.1":0.025068,"15":0,"16":0,"17":0,"18":0,"19":0,"20":0,"21":0,"22":0,"23":0,"24":0,"25":0,"26":0,"27":0.012534,"28":0,"29":0,"30":0.025068,"31":0.144141,"32":0,"33":0},"safari":{"3.1":0,"3.2":0,"4":0.012534,"5":0.087738,"5.1":0.338418,"6":0.100272,"6.1":0.319617,"7":0.238146,"7.1":0.808443,"8":2.738679,"9":0.006267},"android":{"2.1":0,"2.2":0,"2.3":0.110398221769,"3":0,"4":0.351894331889,"4.1":1.23508010604,"4.2-4.3":2.68578173898,"4.4":0.0172497221514,"4.4.3-4.4.4":2.36666187917,"44":null},"ios_saf":{"3.2":0,"4.0-4.1":0,"4.2-4.3":0,"5.0-5.1":0.0899074675521,"6.0-6.1":0.149845779253,"7.0-7.1":2.4694584421,"8":0.338651461113,"8.1-8.4":26.543681337,"9":0.194799513029},"op_mob":{"10":0,"11":0,"11.1":0,"11.5":0,"12":0.000185609398111,"12.1":0.000371218796223,"0":0.00575389134145},"ie":{"5.5":0,"6":0,"7":0.0314880669923,"8":0.554189979065,"9":0.692737473831,"10":1.00761814375,"11":6.73844633636},"bb":{"7":0.007466,"10":null},"ie_mob":{"10":0.0465675932203,"11":0.19234440678},"and_uc":{"0":0.108257},"op_mini":{"5.0-8.0":0.0646162804642},"and_chr":{"0":15.535883},"and_ff":{"0":0.167985},"edge":{"12":0.645501,"13":null}},"total":98.55728}