{"id":"GW","name":"Guinea-Bissau","month":"2015-10","access_date":"2015-11-03","data":{"chrome":{"4":0,"5":0,"6":0.00423,"7":0.07191,"8":0,"9":0.00423,"10":0,"11":0.06345,"12":0.00423,"13":0.00846,"14":0,"15":0,"16":0.02115,"17":0.11421,"18":0.00423,"19":0,"20":0,"21":0,"22":0.01692,"23":0,"24":0,"25":0.03807,"26":0.07614,"27":0.02961,"28":0.00423,"29":0,"30":0.00423,"31":0.23688,"32":0.06768,"33":0.20727,"34":0.02961,"35":0.16074,"36":0.56259,"37":0.00846,"38":0.02961,"39":0.0423,"40":0.18189,"41":0.05499,"42":0.44838,"43":0.87984,"44":0.24957,"45":5.28327,"46":6.39153,"47":0.07191,"48":0.1692,"49":0},"firefox":{"2":0.00846,"3":0.0423,"3.5":0.00846,"3.6":0.02538,"4":0.05922,"5":0.0846,"6":0.00846,"7":0.02115,"8":0.02115,"9":0.02115,"10":0.02115,"11":0.00423,"12":0.09729,"13":0.00846,"14":0.02115,"15":0.02115,"16":0.15228,"17":0.1692,"18":0.03807,"19":0.02961,"20":0.05499,"21":0.05499,"22":0.08037,"23":0.05499,"24":0.00423,"25":0.01269,"26":0.04653,"27":0.01269,"28":0.01692,"29":0.05922,"30":0.07191,"31":0.06345,"32":0.01269,"33":0.01269,"34":0.06345,"35":0.14382,"36":0.06768,"37":0.08037,"38":1.68354,"39":0.16497,"40":1.73853,"41":5.08446,"42":0.19881,"43":0.00846,"44":0},"opera":{"9":0,"9.5-9.6":0.00423,"10.0-10.1":0,"10.5":0,"10.6":0,"11":0.00423,"11.1":0,"11.5":0,"11.6":0.00846,"12":0.00846,"12.1":1.20978,"15":0.00423,"16":0,"17":0,"18":0,"19":0.02115,"20":0,"21":0,"22":0,"23":0,"24":0,"25":0,"26":0,"27":0,"28":0,"29":0,"30":0.01269,"31":0.01692,"32":0.60912,"33":0.00846,"34":0},"safari":{"3.1":0,"3.2":0,"4":0.01269,"5":0.02538,"5.1":0.04653,"6":0.00423,"6.1":0.05499,"7":0.05922,"7.1":0,"8":0.75717,"9":0.1269},"android":{"2.1":0,"2.2":0,"2.3":0.0885098774594,"3":0,"4":0.258028795305,"4.1":0.925603294788,"4.2-4.3":1.93521596479,"4.4":3.61240313428,"4.4.3-4.4.4":1.87220893338,"44":null},"ios_saf":{"3.2":0,"4.0-4.1":0,"4.2-4.3":0,"5.0-5.1":0.0108943618202,"6.0-6.1":0.0114131409545,"7.0-7.1":0.278065615982,"8":0.0373520976693,"8.1-8.4":1.24299480577,"9.0-9.1":3.5608999778},"op_mob":{"10":0,"11":0,"11.1":0,"11.5":0,"12":0.0656138606676,"12.1":0.196841582003,"0":2.29648512337},"ie":{"5.5":0.0806604439855,"6":0.0169811461022,"7":0.00424528652555,"8":0.590094827052,"9":0.394811646877,"10":1.02311405266,"11":6.02830686629},"bb":{"7":0.0591425,"10":null},"ie_mob":{"10":0.227550229885,"11":1.03607977011},"op_mini":{"5.0-8.0":24.565829434},"and_chr":{"0":8.62238},"and_ff":{"0":0.55969},"edge":{"12":0.23688,"13":null},"and_uc":{"0":3.87167}},"total":92.9011967695}