{"id":"GY","name":"Guyana","month":"2015-10","access_date":"2015-11-03","data":{"chrome":{"4":0.006243,"5":0.018729,"6":0,"7":0,"8":0.006243,"9":0.024972,"10":0.018729,"11":0.06243,"12":0.012486,"13":0.012486,"14":0.018729,"15":0,"16":0.012486,"17":0,"18":0.018729,"19":0,"20":0.031215,"21":0.006243,"22":0.093645,"23":0,"24":0,"25":0.031215,"26":0.068673,"27":0.012486,"28":0.006243,"29":0.006243,"30":0.006243,"31":0.112374,"32":0.056187,"33":0.093645,"34":0.087402,"35":0.056187,"36":0.293421,"37":0.068673,"38":0.049944,"39":0.193533,"40":0.149832,"41":0.037458,"42":1.641909,"43":0.805347,"44":0.699216,"45":14.140395,"46":13.940619,"47":0.337122,"48":0.131103,"49":0},"firefox":{"2":0,"3":0.006243,"3.5":0.006243,"3.6":0.018729,"4":0.006243,"5":0.006243,"6":0.006243,"7":0,"8":0.012486,"9":0,"10":0,"11":0.018729,"12":0.031215,"13":0.006243,"14":0.006243,"15":0.018729,"16":0.006243,"17":0.006243,"18":0.006243,"19":0.012486,"20":0.018729,"21":0.006243,"22":0.006243,"23":0,"24":0.006243,"25":0.006243,"26":0.006243,"27":0.006243,"28":0.006243,"29":0.012486,"30":0.031215,"31":0.031215,"32":0.006243,"33":0.031215,"34":0.031215,"35":0.093645,"36":0.043701,"37":0.118617,"38":0.274692,"39":0.274692,"40":0.892749,"41":5.550027,"42":0.711702,"43":0.018729,"44":0.012486},"opera":{"9":0,"9.5-9.6":0,"10.0-10.1":0,"10.5":0,"10.6":0,"11":0,"11.1":0,"11.5":0,"11.6":0.012486,"12":0.012486,"12.1":0.099888,"15":0,"16":0,"17":0,"18":0,"19":0,"20":0.024972,"21":0.006243,"22":0,"23":0,"24":0,"25":0,"26":0,"27":0.106131,"28":0.006243,"29":0.068673,"30":0.049944,"31":0.018729,"32":1.242357,"33":0.037458,"34":0},"safari":{"3.1":0,"3.2":0,"4":0,"5":0.018729,"5.1":0.06243,"6":0,"6.1":0.031215,"7":0.018729,"7.1":0.06243,"8":0.099888,"9":0.280935},"android":{"2.1":0,"2.2":0,"2.3":0.116099485157,"3":0,"4":0.338459516051,"4.1":1.21412512444,"4.2-4.3":2.53844637038,"4.4":4.73843322472,"4.4.3-4.4.4":2.45579927925,"44":null},"ios_saf":{"3.2":0,"4.0-4.1":0,"4.2-4.3":0,"5.0-5.1":0.0107527416002,"6.0-6.1":0.0112647769145,"7.0-7.1":0.274450928463,"8":0.0368665426294,"8.1-8.4":1.22683661306,"9.0-9.1":3.51461039734},"op_mob":{"10":0,"11":0,"11.1":0,"11.5":0,"12":0.00361704402516,"12.1":0.0108511320755,"0":0.126596540881},"ie":{"5.5":0,"6":0.0564445416348,"7":0.0564445416348,"8":0.771408735676,"9":1.09753275401,"10":0.689877731092,"11":5.3434166081},"bb":{"7":1.19566525,"10":null},"ie_mob":{"10":0.159665302682,"11":0.726986697318},"op_mini":{"5.0-8.0":1.35422128302},"and_chr":{"0":19.46632},"and_ff":{"0":0.052598},"edge":{"12":1.204899,"13":null},"and_uc":{"0":1.938612}},"total":94.7319661621}