{"id":"HK","name":"Hong Kong","month":"2015-10","access_date":"2015-11-03","data":{"chrome":{"4":0,"5":0,"6":0,"7":0,"8":0,"9":0,"10":0,"11":0.060597,"12":0.006733,"13":0,"14":0,"15":0,"16":0.006733,"17":0.006733,"18":0.013466,"19":0,"20":0.006733,"21":0.013466,"22":0.013466,"23":0.006733,"24":0.020199,"25":0.114461,"26":0.026932,"27":0.026932,"28":0.013466,"29":0.020199,"30":0.020199,"31":0.646368,"32":0.026932,"33":0.107728,"34":0.060597,"35":0.074063,"36":0.087529,"37":0.080796,"38":0.087529,"39":0.175058,"40":0.121194,"41":0.121194,"42":0.478043,"43":0.626169,"44":1.097479,"45":15.566696,"46":13.957509,"47":0.121194,"48":0.087529,"49":0},"firefox":{"2":0.006733,"3":0.006733,"3.5":0.006733,"3.6":0.013466,"4":0.006733,"5":0.006733,"6":0.006733,"7":0,"8":0,"9":0.006733,"10":0.006733,"11":0.013466,"12":0.013466,"13":0.006733,"14":0.013466,"15":0.006733,"16":0.020199,"17":0.006733,"18":0.006733,"19":0.006733,"20":0.006733,"21":0.013466,"22":0.006733,"23":0.006733,"24":0.006733,"25":0.006733,"26":0.006733,"27":0.006733,"28":0.020199,"29":0.053864,"30":0.020199,"31":0.060597,"32":0.020199,"33":0.033665,"34":0.047131,"35":0.080796,"36":0.040398,"37":0.074063,"38":0.235655,"39":0.195257,"40":0.834892,"41":5.372934,"42":0.181791,"43":0.006733,"44":0.006733},"opera":{"9":0,"9.5-9.6":0,"10.0-10.1":0,"10.5":0,"10.6":0,"11":0,"11.1":0,"11.5":0,"11.6":0,"12":0,"12.1":0.033665,"15":0,"16":0,"17":0,"18":0,"19":0,"20":0,"21":0,"22":0,"23":0,"24":0,"25":0,"26":0,"27":0,"28":0.013466,"29":0,"30":0.006733,"31":0.013466,"32":0.242388,"33":0.013466,"34":0},"safari":{"3.1":0,"3.2":0,"4":0.020199,"5":0.087529,"5.1":0.242388,"6":0.06733,"6.1":0.161592,"7":0.208723,"7.1":0.302985,"8":1.461061,"9":1.764046},"android":{"2.1":0,"2.2":0,"2.3":0.0511586108043,"3":0,"4":0.149140356921,"4.1":0.534997675699,"4.2-4.3":1.11855267691,"4.4":2.08796499689,"4.4.3-4.4.4":1.08213468278,"44":null},"ios_saf":{"3.2":0,"4.0-4.1":0,"4.2-4.3":0,"5.0-5.1":0.0327028056705,"6.0-6.1":0.034260082131,"7.0-7.1":0.834700182827,"8":0.112123905156,"8.1-8.4":3.73123439935,"9.0-9.1":10.6891456249},"op_mob":{"10":0,"11":0,"11.1":0,"11.5":0,"12":0.000489970972424,"12.1":0.00146991291727,"0":0.0171489840348},"ie":{"5.5":0,"6":0.0342537911523,"7":0.0685075823045,"8":1.78119713992,"9":1.23998723971,"10":0.986509185185,"11":9.15261299588},"bb":{"7":0.00898425,"10":null},"ie_mob":{"10":0.0223557931034,"11":0.101790206897},"op_mini":{"5.0-8.0":0.183445132075},"and_chr":{"0":17.519129},"and_ff":{"0":0.055539},"edge":{"12":0.80796,"13":null},"and_uc":{"0":0.427977}},"total":98.9144601842}