{"id":"HN","name":"Honduras","month":"2015-10","access_date":"2015-11-03","data":{"chrome":{"4":0,"5":0,"6":0,"7":0.005294,"8":0.005294,"9":0.005294,"10":0.005294,"11":0.063528,"12":0.005294,"13":0.005294,"14":0,"15":0.005294,"16":0,"17":0,"18":0.037058,"19":0,"20":0.005294,"21":0.010588,"22":0.047646,"23":0.005294,"24":0.005294,"25":0.005294,"26":0.021176,"27":0.010588,"28":0.010588,"29":0.02647,"30":0.015882,"31":0.042352,"32":0.037058,"33":0.031764,"34":0.058234,"35":0.095292,"36":0.142938,"37":0.095292,"38":0.10588,"39":0.190584,"40":0.127056,"41":0.074116,"42":0.217054,"43":0.63528,"44":0.693514,"45":14.182626,"46":14.547912,"47":0.07941,"48":0.02647,"49":0},"firefox":{"2":0.005294,"3":0.010588,"3.5":0.010588,"3.6":0.021176,"4":0.005294,"5":0.005294,"6":0.010588,"7":0,"8":0.005294,"9":0.005294,"10":0.010588,"11":0.021176,"12":0.015882,"13":0.010588,"14":0.010588,"15":0.010588,"16":0.095292,"17":0.005294,"18":0.010588,"19":0.005294,"20":0.010588,"21":0.021176,"22":0.010588,"23":0.015882,"24":0.010588,"25":0.010588,"26":0.010588,"27":0.005294,"28":0.010588,"29":0.015882,"30":0.015882,"31":0.031764,"32":0.015882,"33":0.031764,"34":0.031764,"35":0.042352,"36":0.07941,"37":0.089998,"38":0.248818,"39":0.762336,"40":0.762336,"41":5.622228,"42":0.074116,"43":0.005294,"44":0.005294},"opera":{"9":0,"9.5-9.6":0.005294,"10.0-10.1":0.005294,"10.5":0,"10.6":0,"11":0,"11.1":0,"11.5":0,"11.6":0.005294,"12":0.005294,"12.1":0.037058,"15":0,"16":0,"17":0,"18":0,"19":0,"20":0,"21":0.005294,"22":0,"23":0,"24":0,"25":0,"26":0.010588,"27":0.042352,"28":0.02647,"29":0.084704,"30":0.047646,"31":0.021176,"32":0.97939,"33":0.037058,"34":0},"safari":{"3.1":0,"3.2":0,"4":0.015882,"5":0.058234,"5.1":0.07941,"6":0.015882,"6.1":0.058234,"7":0.058234,"7.1":0.10588,"8":0.577046,"9":0.598222},"android":{"2.1":0,"2.2":0,"2.3":0.215835543321,"3":0,"4":0.629215482223,"4.1":2.257127631,"4.2-4.3":4.71911611667,"4.4":8.80901675112,"4.4.3-4.4.4":4.56547047566,"44":null},"ios_saf":{"3.2":0,"4.0-4.1":0,"4.2-4.3":0,"5.0-5.1":0.011335991121,"6.0-6.1":0.011875800222,"7.0-7.1":0.289337678135,"8":0.0388662552719,"8.1-8.4":1.29338260599,"9.0-9.1":3.70524966926},"op_mob":{"10":0,"11":0,"11.1":0,"11.5":0,"12":0.00606748427673,"12.1":0.0182024528302,"0":0.212361949686},"ie":{"5.5":0,"6":0.0217743390663,"7":0.0108871695332,"8":0.702222434889,"9":0.342945840295,"10":0.609681493857,"11":2.68368728993},"bb":{"7":0.3070665,"10":null},"ie_mob":{"10":0.119489126437,"11":0.544056873563},"op_mini":{"5.0-8.0":2.27166611321},"and_chr":{"0":18.437426},"and_ff":{"0":0.032942},"edge":{"12":0.471166,"13":null},"and_uc":{"0":1.97652}},"total":98.0948070676}