{"id":"HN","name":"Honduras","month":"2016-02","access_date":"2016-03-03","data":{"firefox":{"2":0.005781,"3":0.028905,"3.5":0,"3.6":0.011562,"4":0.005781,"5":0,"6":0.028905,"7":0,"8":0.005781,"9":0,"10":0.005781,"11":0.005781,"12":0.005781,"13":0.005781,"14":0.005781,"15":0.005781,"16":0.023124,"17":0.005781,"18":0.005781,"19":0,"20":0,"21":0.040467,"22":0.005781,"23":0.017343,"24":0.005781,"25":0.011562,"26":0.005781,"27":0.011562,"28":0.011562,"29":0.023124,"30":0.017343,"31":0.023124,"32":0.011562,"33":0.017343,"34":0.017343,"35":0.028905,"36":0.046248,"37":0.063591,"38":0.075153,"39":0.109839,"40":0.080934,"41":0.104058,"42":0.144525,"43":1.873044,"44":4.22013,"45":0.080934,"46":0.011562,"47":0},"chrome":{"4":0,"5":0,"6":0,"7":0,"8":0,"9":0,"10":0.005781,"11":0.052029,"12":0,"13":0,"14":0,"15":0.005781,"16":0,"17":0,"18":0.046248,"19":0,"20":0,"21":0.005781,"22":0.040467,"23":0,"24":0,"25":0.005781,"26":0.017343,"27":0.028905,"28":0.017343,"29":0.05781,"30":0.011562,"31":0.063591,"32":0.028905,"33":0.017343,"34":0.040467,"35":0.063591,"36":0.080934,"37":0.080934,"38":0.080934,"39":0.098277,"40":0.086715,"41":0.080934,"42":0.075153,"43":0.219678,"44":0.300612,"45":0.294831,"46":0.341079,"47":1.138857,"48":32.558592,"49":0.121401,"50":0.046248,"51":0},"opera":{"9":0,"9.5-9.6":0,"10.0-10.1":0.005781,"10.5":0,"10.6":0,"11":0,"11.1":0,"11.5":0,"11.6":0.005781,"12":0.011562,"12.1":0.034686,"15":0.005781,"16":0,"17":0,"18":0,"19":0,"20":0,"21":0,"22":0,"23":0,"24":0,"25":0,"26":0,"27":0.023124,"28":0.05781,"29":0.150306,"30":0.011562,"31":0.017343,"32":0.011562,"33":0.028905,"34":0.248583,"35":0.80934,"36":0.005781},"safari":{"3.1":0,"3.2":0,"4":0.034686,"5":0.034686,"5.1":0.063591,"6":0.023124,"6.1":0.040467,"7":0.040467,"7.1":0.028905,"8":0.225459,"9":1.312287,"9.1":0.005781},"android":{"2.1":0,"2.2":0,"2.3":0.0621892139835,"3":0,"4":0.538071894901,"4.1":1.13292524605,"4.2-4.3":2.54164613672,"4.4":5.11844269873,"4.4.3-4.4.4":2.74984480962,"47":null},"ios_saf":{"3.2":0,"4.0-4.1":0,"4.2-4.3":0,"5.0-5.1":0,"6.0-6.1":0,"7.0-7.1":0.253816362214,"8":0.0172303535707,"8.1-8.4":0.701142849146,"9.0-9.2":5.46798643507,"9.3":null},"op_mob":{"10":0,"11":0,"11.1":0,"11.5":0,"12":0.000124605712654,"12.1":0.000124605712654,"0":0.0053580456441},"ie":{"5.5":0,"6":0.0182087971919,"7":0.0121391981279,"8":0.576611911076,"9":0.370245542902,"10":0.430941533541,"11":2.42177002652},"bb":{"7":0.19090975,"10":null},"ie_mob":{"10":0.119074106796,"11":0.526432893204},"edge":{"12":0.306393,"13":0.410451,"14":0},"and_uc":{"0":1.337423},"op_mini":{"5.0-8.0":2.17561574293},"and_chr":{"0":23.900315},"and_ff":{"0":0.021095}},"total":97.9724847594}