{"id":"HR","name":"Croatia","month":"2015-10","access_date":"2015-11-03","data":{"chrome":{"4":0,"5":0,"6":0,"7":0.008319,"8":0,"9":0,"10":0,"11":0.041595,"12":0.008319,"13":0,"14":0,"15":0,"16":0,"17":0,"18":0.024957,"19":0,"20":0,"21":0.008319,"22":0.074871,"23":0,"24":0,"25":0.008319,"26":0.074871,"27":0.008319,"28":0.008319,"29":0.016638,"30":0.008319,"31":0.08319,"32":0.033276,"33":0.066552,"34":0.091509,"35":0.066552,"36":0.08319,"37":0.099828,"38":0.124785,"39":0.24957,"40":0.099828,"41":0.232932,"42":0.324441,"43":0.474183,"44":0.607287,"45":16.097265,"46":16.870932,"47":0.099828,"48":0.049914,"49":0},"firefox":{"2":0.008319,"3":0.008319,"3.5":0.008319,"3.6":0.033276,"4":0.008319,"5":0,"6":0.008319,"7":0.008319,"8":0,"9":0.008319,"10":0.016638,"11":0.008319,"12":0.024957,"13":0.008319,"14":0.008319,"15":0.008319,"16":0.016638,"17":0.008319,"18":0.016638,"19":0.008319,"20":0.049914,"21":0.008319,"22":0.008319,"23":0.008319,"24":0.008319,"25":0.008319,"26":0.016638,"27":0.041595,"28":0.033276,"29":0.016638,"30":0.133104,"31":0.041595,"32":0.049914,"33":0.058233,"34":0.08319,"35":0.183018,"36":0.266208,"37":2.171259,"38":4.117905,"39":5.057952,"40":2.4957,"41":18.38499,"42":0.158061,"43":0.016638,"44":0.008319},"opera":{"9":0,"9.5-9.6":0,"10.0-10.1":0,"10.5":0,"10.6":0,"11":0,"11.1":0,"11.5":0,"11.6":0.008319,"12":0.008319,"12.1":0.216294,"15":0,"16":0,"17":0,"18":0.008319,"19":0,"20":0.008319,"21":0.008319,"22":0,"23":0,"24":0,"25":0,"26":0.008319,"27":0,"28":0.016638,"29":0.016638,"30":0.033276,"31":0.024957,"32":1.613886,"33":0.074871,"34":0},"safari":{"3.1":0,"3.2":0,"4":0.008319,"5":0.091509,"5.1":0.08319,"6":0.008319,"6.1":0.041595,"7":0.08319,"7.1":0.058233,"8":0.216294,"9":0.366036},"android":{"2.1":0,"2.2":0,"2.3":0.0413043786676,"3":0,"4":0.120412764929,"4.1":0.431945790473,"4.2-4.3":0.903095736969,"4.4":1.68577870901,"4.4.3-4.4.4":0.873692619952,"44":null},"ios_saf":{"3.2":0,"4.0-4.1":0,"4.2-4.3":0,"5.0-5.1":0.00859807083039,"6.0-6.1":0.00900750277469,"7.0-7.1":0.219455522147,"8":0.0294790999899,"8.1-8.4":0.980998938553,"9.0-9.1":2.8103408657},"op_mob":{"10":0,"11":0,"11.1":0,"11.5":0,"12":0.000918979196904,"12.1":0.00275693759071,"0":0.0321642718916},"ie":{"5.5":0,"6":0.0166617346648,"7":0.0249926019971,"8":0.616484182596,"9":0.433205101284,"10":0.424874233951,"11":4.29872754351},"bb":{"7":0.00462275,"10":null},"ie_mob":{"10":0.158316708812,"11":0.720846291188},"op_mini":{"5.0-8.0":0.344065811321},"and_chr":{"0":10.469253},"and_ff":{"0":0.025215},"edge":{"12":0.515778,"13":null},"and_uc":{"0":0.065559}},"total":98.959974148}