{"id":"HR","name":"Croatia","month":"2015-08","access_date":"2015-09-03","data":{"chrome":{"4":0,"5":0,"6":0,"7":0,"8":0,"9":0,"10":0,"11":0.048156,"12":0.008026,"13":0,"14":0,"15":0,"16":0.008026,"17":0,"18":0.032104,"19":0,"20":0,"21":0.008026,"22":0.096312,"23":0.008026,"24":0.008026,"25":0.008026,"26":0.088286,"27":0.008026,"28":0.016052,"29":0.016052,"30":0.016052,"31":0.096312,"32":0.04013,"33":0.104338,"34":0.104338,"35":0.112364,"36":0.16052,"37":0.136442,"38":0.216702,"39":0.393274,"40":0.16052,"41":0.184598,"42":0.28091,"43":1.789798,"44":36.694872,"45":0.12039,"46":0.112364,"47":0,"48":0},"firefox":{"2":0.008026,"3":0.016052,"3.5":0.008026,"3.6":0.048156,"4":0.008026,"5":0.008026,"6":0.008026,"7":0,"8":0.008026,"9":0.008026,"10":0.008026,"11":0.008026,"12":0.032104,"13":0.016052,"14":0.008026,"15":0.016052,"16":0.024078,"17":0.016052,"18":0.016052,"19":0.016052,"20":0.048156,"21":0.016052,"22":0.008026,"23":0.016052,"24":0.016052,"25":0.008026,"26":0.032104,"27":0.016052,"28":0.032104,"29":0.024078,"30":0.04013,"31":0.048156,"32":0.064208,"33":0.072234,"34":0.096312,"35":0.152494,"36":0.128416,"37":0.569846,"38":1.292186,"39":10.449852,"40":8.050078,"41":0.128416,"42":0.016052,"43":0.008026},"opera":{"9":0,"9.5-9.6":0,"10.0-10.1":0,"10.5":0,"10.6":0,"11":0,"11.1":0,"11.5":0,"11.6":0.008026,"12":0.016052,"12.1":0.28091,"15":0,"16":0.008026,"17":0.008026,"18":0.008026,"19":0,"20":0.008026,"21":0.008026,"22":0.008026,"23":0,"24":0.008026,"25":0.008026,"26":0.016052,"27":0.008026,"28":0.04013,"29":0.04013,"30":0.425378,"31":1.813876,"32":0.032104,"33":0},"safari":{"3.1":0,"3.2":0,"4":0.024078,"5":0.072234,"5.1":0.088286,"6":0.008026,"6.1":0.056182,"7":0.072234,"7.1":0.152494,"8":0.577872,"9":0.016052},"android":{"2.1":0,"2.2":0,"2.3":0.0838229028804,"3":0,"4":0.267185502931,"4.1":0.937768725975,"4.2-4.3":2.03925405914,"4.4":0.0130973285751,"4.4.3-4.4.4":1.7969534805,"44":null},"ios_saf":{"3.2":0,"4.0-4.1":0,"4.2-4.3":0,"5.0-5.1":0.0176949833987,"6.0-6.1":0.0294916389979,"7.0-7.1":0.486022210685,"8":0.0666511041352,"8.1-8.4":5.22414893209,"9":0.0383391306973},"op_mob":{"10":0,"11":0,"11.1":0,"11.5":0,"12":0.00125528342246,"12.1":0.00251056684492,"0":0.0389137860963},"ie":{"5.5":0,"6":0.0160863358289,"7":0.0321726716578,"8":0.957136981818,"9":0.538892250267,"10":0.595194425668,"11":5.36479299893},"bb":{"7":0.0074025,"10":null},"ie_mob":{"10":0.21469759322,"11":0.88679440678},"and_uc":{"0":0.075012},"op_mini":{"5.0-8.0":0.437002363636},"and_chr":{"0":11.697092},"and_ff":{"0":0.116466},"edge":{"12":0.457482,"13":null}},"total":98.9427701642}