{"id":"HT","name":"Haiti","month":"2015-10","access_date":"2015-11-03","data":{"chrome":{"4":0.010484,"5":0.002621,"6":0,"7":0.002621,"8":0,"9":0.002621,"10":0.005242,"11":0.070767,"12":0.083872,"13":0.005242,"14":0.002621,"15":0.002621,"16":0.002621,"17":0.002621,"18":0.013105,"19":0.002621,"20":0.007863,"21":0.002621,"22":0.005242,"23":0.002621,"24":0.005242,"25":0.007863,"26":0.007863,"27":0.049799,"28":0.02621,"29":0.034073,"30":0.013105,"31":0.036694,"32":0.036694,"33":0.041936,"34":0.094356,"35":0.055041,"36":0.102219,"37":0.036694,"38":0.020968,"39":0.049799,"40":0.039315,"41":0.248995,"42":0.411497,"43":0.123187,"44":0.167744,"45":4.382312,"46":4.447837,"47":0.041936,"48":0.010484,"49":0},"firefox":{"2":0.005242,"3":0.015726,"3.5":0.002621,"3.6":0.049799,"4":0.010484,"5":0.005242,"6":0.007863,"7":0.005242,"8":0.005242,"9":0.005242,"10":0.018347,"11":0.015726,"12":0.034073,"13":0.013105,"14":0.013105,"15":0.015726,"16":0.015726,"17":0.005242,"18":0.010484,"19":0.013105,"20":0.018347,"21":0.152018,"22":0.036694,"23":0.02621,"24":0.028831,"25":0.036694,"26":0.005242,"27":0.018347,"28":0.036694,"29":0.039315,"30":0.015726,"31":0.039315,"32":0.015726,"33":0.028831,"34":0.018347,"35":0.034073,"36":0.039315,"37":0.15726,"38":0.138913,"39":0.125808,"40":0.408876,"41":2.670799,"42":0.076009,"43":0.002621,"44":0},"opera":{"9":0,"9.5-9.6":0,"10.0-10.1":0.002621,"10.5":0,"10.6":0,"11":0.005242,"11.1":0.002621,"11.5":0.010484,"11.6":0.036694,"12":0.036694,"12.1":0.10484,"15":0,"16":0.002621,"17":0,"18":0.002621,"19":0.005242,"20":0.005242,"21":0,"22":0.002621,"23":0.002621,"24":0,"25":0.002621,"26":0.002621,"27":0.041936,"28":0.212301,"29":0.047178,"30":0.062904,"31":0.013105,"32":0.615935,"33":0.028831,"34":0},"safari":{"3.1":0,"3.2":0,"4":0.005242,"5":0.047178,"5.1":0.091735,"6":0.036694,"6.1":0.070767,"7":0.034073,"7.1":0.07863,"8":0.345972,"9":0.36694},"android":{"2.1":0,"2.2":0,"2.3":0.155527543666,"3":0,"4":0.453402330687,"4.1":1.62644905834,"4.2-4.3":3.40051748015,"4.4":6.34763262962,"4.4.3-4.4.4":3.28980295754,"44":null},"ios_saf":{"3.2":0,"4.0-4.1":0,"4.2-4.3":0,"5.0-5.1":0.00900574543437,"6.0-6.1":0.00943459045505,"7.0-7.1":0.229860931087,"8":0.0308768414893,"8.1-8.4":1.02751266956,"9.0-9.1":2.94359222198},"op_mob":{"10":0,"11":0,"11.1":0,"11.5":0,"12":0.0800730382196,"12.1":0.240219114659,"0":2.80255633769},"ie":{"5.5":0,"6":0.028831,"7":0.005242,"8":0.429844,"9":0.330246,"10":0.60283,"11":3.153063},"bb":{"7":0.1438905,"10":null},"ie_mob":{"10":0.23785259387,"11":1.08298840613},"op_mini":{"5.0-8.0":29.9793455094},"and_chr":{"0":12.807585},"and_ff":{"0":0.051653},"edge":{"12":0.380045,"13":null},"and_uc":{"0":8.345649}},"total":97.7075985}