{"id":"HU","name":"Hungary","month":"2015-08","access_date":"2015-09-03","data":{"chrome":{"4":0.17504,"5":0,"6":0.008752,"7":0.017504,"8":0.008752,"9":0.008752,"10":0.008752,"11":0.04376,"12":0.035008,"13":0,"14":0,"15":0,"16":0.008752,"17":0,"18":0.017504,"19":0,"20":0,"21":0,"22":0.04376,"23":0.008752,"24":0.008752,"25":0.008752,"26":0.04376,"27":0.052512,"28":0.078768,"29":0.008752,"30":0.026256,"31":0.052512,"32":0.017504,"33":0.052512,"34":0.096272,"35":0.061264,"36":0.04376,"37":0.078768,"38":0.096272,"39":0.17504,"40":0.113776,"41":0.052512,"42":0.122528,"43":0.945216,"44":36.347056,"45":0.13128,"46":0.08752,"47":0,"48":0},"firefox":{"2":0.008752,"3":0.008752,"3.5":0.008752,"3.6":0.052512,"4":0.008752,"5":0.008752,"6":0.017504,"7":0.008752,"8":0.008752,"9":0.017504,"10":0.017504,"11":0.008752,"12":0.04376,"13":0.008752,"14":0.008752,"15":0.026256,"16":0.017504,"17":0.017504,"18":0.026256,"19":0.017504,"20":0.017504,"21":0.017504,"22":0.008752,"23":0.017504,"24":0.026256,"25":0.017504,"26":0.026256,"27":0.026256,"28":0.04376,"29":0.017504,"30":0.04376,"31":0.122528,"32":0.052512,"33":0.070016,"34":0.078768,"35":0.113776,"36":0.08752,"37":0.192544,"38":4.06968,"39":15.876128,"40":9.23336,"41":0.04376,"42":0.008752,"43":0.008752},"opera":{"9":0,"9.5-9.6":0,"10.0-10.1":0,"10.5":0,"10.6":0.017504,"11":0,"11.1":0.008752,"11.5":0,"11.6":0.008752,"12":0.017504,"12.1":3.947152,"15":0,"16":0,"17":0,"18":0,"19":0,"20":0.008752,"21":0,"22":0,"23":0,"24":0,"25":0.008752,"26":0.017504,"27":0.008752,"28":0.026256,"29":0.04376,"30":0.472608,"31":1.776656,"32":0.035008,"33":0},"safari":{"3.1":0,"3.2":0,"4":0,"5":0.017504,"5.1":0.061264,"6":0.008752,"6.1":0.04376,"7":0.026256,"7.1":0.096272,"8":0.586384,"9":0.026256},"android":{"2.1":0,"2.2":0,"2.3":0.0456054570482,"3":0,"4":0.145367394341,"4.1":0.510211050726,"4.2-4.3":1.10949525975,"4.4":0.00712585266378,"4.4.3-4.4.4":0.97766698547,"44":null},"ios_saf":{"3.2":0,"4.0-4.1":0,"4.2-4.3":0,"5.0-5.1":0.0100012315122,"6.0-6.1":0.016668719187,"7.0-7.1":0.274700492202,"8":0.0376713053627,"8.1-8.4":2.95269691679,"9":0.0216693349432},"op_mob":{"10":0,"11":0,"11.1":0,"11.5":0,"12":0.00241023461145,"12.1":0.00482046922289,"0":0.0747172729548},"ie":{"5.5":0,"6":0.0263308034188,"7":0.0351077378917,"8":0.886470381766,"9":0.473954461538,"10":0.386185116809,"11":4.30947482621},"bb":{"7":0.013728,"10":null},"ie_mob":{"10":0.186819254237,"11":0.771644745763},"and_uc":{"0":0.07488},"op_mini":{"5.0-8.0":0.839076023211},"and_chr":{"0":7.316608},"and_ff":{"0":0.084864},"edge":{"12":0.542624,"13":null}},"total":99.0511713276}