{"id":"HU","name":"Hungary","month":"2016-02","access_date":"2016-03-03","data":{"firefox":{"2":0,"3":0.008758,"3.5":0.008758,"3.6":0.04379,"4":0.008758,"5":0,"6":0.008758,"7":0.008758,"8":0,"9":0.017516,"10":0.008758,"11":0.008758,"12":0.026274,"13":0.008758,"14":0.008758,"15":0.017516,"16":0.017516,"17":0.008758,"18":0.017516,"19":0.017516,"20":0.017516,"21":0.008758,"22":0.008758,"23":0.008758,"24":0.017516,"25":0.008758,"26":0.017516,"27":0.017516,"28":0.026274,"29":0.017516,"30":0.026274,"31":0.052548,"32":0.026274,"33":0.04379,"34":0.04379,"35":0.052548,"36":0.035032,"37":0.070064,"38":0.227708,"39":0.13137,"40":0.105096,"41":0.148886,"42":4.07247,"43":11.376642,"44":12.30499,"45":0.04379,"46":0.008758,"47":0.008758},"chrome":{"4":0.078822,"5":0,"6":0,"7":0.008758,"8":0.008758,"9":0.008758,"10":0.008758,"11":0.035032,"12":0.017516,"13":0,"14":0,"15":0,"16":0.008758,"17":0,"18":0.008758,"19":0,"20":0,"21":0,"22":0.035032,"23":0,"24":0,"25":0.008758,"26":0.035032,"27":0.017516,"28":0.008758,"29":0.008758,"30":0.008758,"31":0.035032,"32":0.008758,"33":0.035032,"34":0.070064,"35":0.035032,"36":0.026274,"37":0.052548,"38":0.052548,"39":0.08758,"40":0.052548,"41":0.035032,"42":0.035032,"43":0.113854,"44":0.113854,"45":0.105096,"46":0.13137,"47":5.044608,"48":34.50652,"49":0.122612,"50":0.061306,"51":0},"opera":{"9":0,"9.5-9.6":0,"10.0-10.1":0,"10.5":0,"10.6":0.008758,"11":0,"11.1":0,"11.5":0,"11.6":0.008758,"12":0.017516,"12.1":4.098744,"15":0,"16":0,"17":0,"18":0,"19":0,"20":0.008758,"21":0,"22":0,"23":0,"24":0.008758,"25":0,"26":0.008758,"27":0,"28":0.017516,"29":0.008758,"30":0.017516,"31":0.008758,"32":0.017516,"33":0.017516,"34":0.455416,"35":1.821664,"36":0.035032},"safari":{"3.1":0,"3.2":0,"4":0,"5":0.008758,"5.1":0.04379,"6":0,"6.1":0.035032,"7":0.017516,"7.1":0.008758,"8":0.105096,"9":0.70064,"9.1":0.008758},"android":{"2.1":0,"2.2":0,"2.3":0.0103578049432,"3":0,"4":0.0896175297261,"4.1":0.188692185705,"4.2-4.3":0.423318984636,"4.4":0.852492380762,"4.4.3-4.4.4":0.457995114228,"47":null},"ios_saf":{"3.2":0,"4.0-4.1":0,"4.2-4.3":0,"5.0-5.1":0,"6.0-6.1":0,"7.0-7.1":0.125270873842,"8":0.0085040279893,"8.1-8.4":0.346048523565,"9.0-9.2":2.6987205746,"9.3":null},"op_mob":{"10":0,"11":0,"11.1":0,"11.5":0,"12":3.14313624679e-5,"12.1":3.14313624679e-5,"0":0.00135154858612},"ie":{"5.5":0,"6":0.00879055762082,"7":0.00879055762082,"8":0.404365650558,"9":0.281297843866,"10":0.237345055762,"11":3.77993977695},"bb":{"7":0.0114885,"10":null},"ie_mob":{"10":0.16930992233,"11":0.74852807767},"edge":{"12":0.245224,"13":0.805736,"14":0},"and_uc":{"0":0.078246},"op_mini":{"5.0-8.0":0.548791588689},"and_chr":{"0":8.476826},"and_ff":{"0":0.019872}},"total":98.7192019424}