{"id":"HU","name":"Hungary","month":"2015-10","access_date":"2015-11-03","data":{"chrome":{"4":0.132645,"5":0,"6":0.008843,"7":0.008843,"8":0.008843,"9":0.008843,"10":0.008843,"11":0.035372,"12":0.026529,"13":0,"14":0,"15":0,"16":0.008843,"17":0,"18":0.008843,"19":0,"20":0,"21":0,"22":0.044215,"23":0,"24":0.008843,"25":0.008843,"26":0.044215,"27":0.026529,"28":0.008843,"29":0.008843,"30":0.017686,"31":0.053058,"32":0.017686,"33":0.044215,"34":0.08843,"35":0.044215,"36":0.044215,"37":0.061901,"38":0.070744,"39":0.132645,"40":0.070744,"41":0.044215,"42":0.106116,"43":0.282976,"44":0.450993,"45":21.117084,"46":16.996246,"47":0.106116,"48":0.044215,"49":0},"firefox":{"2":0,"3":0.008843,"3.5":0.008843,"3.6":0.053058,"4":0.008843,"5":0.008843,"6":0.008843,"7":0.008843,"8":0.008843,"9":0.017686,"10":0.017686,"11":0.008843,"12":0.035372,"13":0.008843,"14":0.008843,"15":0.026529,"16":0.017686,"17":0.008843,"18":0.017686,"19":0.017686,"20":0.017686,"21":0.017686,"22":0.008843,"23":0.017686,"24":0.017686,"25":0.017686,"26":0.017686,"27":0.026529,"28":0.026529,"29":0.017686,"30":0.035372,"31":0.061901,"32":0.044215,"33":0.061901,"34":0.061901,"35":0.08843,"36":0.061901,"37":0.150331,"38":0.389092,"39":4.200425,"40":2.007361,"41":23.52238,"42":0.061901,"43":0.008843,"44":0.008843},"opera":{"9":0,"9.5-9.6":0.008843,"10.0-10.1":0,"10.5":0,"10.6":0.017686,"11":0,"11.1":0,"11.5":0,"11.6":0.008843,"12":0.017686,"12.1":4.023565,"15":0,"16":0,"17":0,"18":0,"19":0,"20":0.008843,"21":0,"22":0,"23":0,"24":0.008843,"25":0,"26":0.008843,"27":0.008843,"28":0.017686,"29":0.017686,"30":0.035372,"31":0.026529,"32":2.069262,"33":0.123802,"34":0.008843},"safari":{"3.1":0,"3.2":0,"4":0,"5":0.017686,"5.1":0.070744,"6":0.008843,"6.1":0.035372,"7":0.026529,"7.1":0.053058,"8":0.229918,"9":0.512894},"android":{"2.1":0,"2.2":0,"2.3":0.0237376836382,"3":0,"4":0.0692013828098,"4.1":0.248239844149,"4.2-4.3":0.519010371074,"4.4":0.968819359337,"4.4.3-4.4.4":0.502112358992,"44":null},"ios_saf":{"3.2":0,"4.0-4.1":0,"4.2-4.3":0,"5.0-5.1":0.00625458863889,"6.0-6.1":0.00655242619312,"7.0-7.1":0.159640929069,"8":0.0214443039048,"8.1-8.4":0.713618779941,"9.0-9.1":2.04435697225},"op_mob":{"10":0,"11":0,"11.1":0,"11.5":0,"12":0.0018163836478,"12.1":0.0054491509434,"0":0.063573427673},"ie":{"5.5":0,"6":0.0266195426621,"7":0.0177463617747,"8":0.550137215017,"9":0.363800416382,"10":0.319434511945,"11":3.88645322867},"bb":{"7":0.01301625,"10":null},"ie_mob":{"10":0.171679295019,"11":0.781688704981},"op_mini":{"5.0-8.0":0.680054037736},"and_chr":{"0":7.3264},"and_ff":{"0":0.033553},"edge":{"12":0.672068,"13":null},"and_uc":{"0":0.08099}},"total":99.0951275265}