{"id":"ID","name":"Indonesia","month":"2015-10","access_date":"2015-11-03","data":{"chrome":{"4":0.02142,"5":0.02142,"6":0.03978,"7":0.02142,"8":0.00918,"9":0.00918,"10":0.02754,"11":0.04896,"12":0.02448,"13":0.01224,"14":0.0153,"15":0.0153,"16":0.01224,"17":0.00918,"18":0.01224,"19":0.00612,"20":0.00612,"21":0.00918,"22":0.00918,"23":0.0153,"24":0.01224,"25":0.0153,"26":0.02448,"27":0.0153,"28":0.01836,"29":0.01836,"30":0.02142,"31":0.15606,"32":0.01836,"33":0.10404,"34":0.03366,"35":0.04284,"36":0.06732,"37":0.05814,"38":0.06426,"39":0.09486,"40":0.21114,"41":0.06732,"42":0.11016,"43":0.56916,"44":0.57222,"45":4.50738,"46":4.16466,"47":0.08874,"48":0.06426,"49":0},"firefox":{"2":0.00306,"3":0.02142,"3.5":0.0153,"3.6":0.08874,"4":0.0459,"5":0.02754,"6":0.02754,"7":0.02142,"8":0.02754,"9":0.03366,"10":0.0459,"11":0.05202,"12":0.11628,"13":0.06426,"14":0.05202,"15":0.0612,"16":0.08262,"17":0.05508,"18":0.05508,"19":0.05508,"20":0.07038,"21":0.0612,"22":0.04284,"23":0.05202,"24":0.06426,"25":0.07956,"26":0.0765,"27":0.08568,"28":0.07344,"29":0.1989,"30":0.21726,"31":0.153,"32":0.15912,"33":0.21726,"34":0.27234,"35":0.32436,"36":0.306,"37":0.4131,"38":0.67014,"39":0.77724,"40":1.55142,"41":5.65488,"42":0.82314,"43":0.01224,"44":0.00612},"opera":{"9":0,"9.5-9.6":0.00306,"10.0-10.1":0.00306,"10.5":0,"10.6":0.00612,"11":0.00306,"11.1":0,"11.5":0.00306,"11.6":0.00918,"12":0.00918,"12.1":0.05202,"15":0.00306,"16":0.00306,"17":0.00306,"18":0.00612,"19":0.00306,"20":0.00612,"21":0.00306,"22":0.00306,"23":0,"24":0.00306,"25":0.00306,"26":0.00612,"27":0.00612,"28":0.00918,"29":0.0153,"30":0.06732,"31":0.01836,"32":0.45594,"33":0.01836,"34":0},"safari":{"3.1":0,"3.2":0,"4":0.00306,"5":0.01224,"5.1":0.03672,"6":0.01224,"6.1":0.01224,"7":0.02448,"7.1":0.03978,"8":0.14994,"9":0.14076},"android":{"2.1":0,"2.2":0,"2.3":0.059541936486,"3":0,"4":0.173579882637,"4.1":0.622667369693,"4.2-4.3":1.30184911978,"4.4":2.43011835692,"4.4.3-4.4.4":1.25946333448,"44":null},"ios_saf":{"3.2":0,"4.0-4.1":0,"4.2-4.3":0,"5.0-5.1":0.00438569670064,"6.0-6.1":0.00459453940067,"7.0-7.1":0.111939687216,"8":0.0150366744022,"8.1-8.4":0.500387109273,"9.0-9.1":1.43349629301},"op_mob":{"10":0,"11":0,"11.1":0,"11.5":0,"12":0.0303184325109,"12.1":0.0909552975327,"0":1.06114513788},"ie":{"5.5":0,"6":0.0126824096386,"7":0.00634120481928,"8":0.17755373494,"9":0.0539002409639,"10":0.069753253012,"11":0.26316},"bb":{"7":0.921285,"10":null},"ie_mob":{"10":0.0549881992337,"11":0.250371800766},"op_mini":{"5.0-8.0":11.3512211321},"and_chr":{"0":12.38996},"and_ff":{"0":0.1388},"edge":{"12":0.08262,"13":null},"and_uc":{"0":34.0407}},"total":94.8463158434}