{"id":"ID","name":"Indonesia","month":"2015-08","access_date":"2015-09-03","data":{"chrome":{"4":0.027846,"5":0.027846,"6":0.040222,"7":0.021658,"8":0.009282,"9":0.012376,"10":0.027846,"11":0.049504,"12":0.03094,"13":0.012376,"14":0.021658,"15":0.01547,"16":0.012376,"17":0.009282,"18":0.01547,"19":0.006188,"20":0.006188,"21":0.012376,"22":0.012376,"23":0.01547,"24":0.012376,"25":0.01547,"26":0.024752,"27":0.018564,"28":0.018564,"29":0.021658,"30":0.024752,"31":0.129948,"32":0.024752,"33":0.105196,"34":0.040222,"35":0.052598,"36":0.07735,"37":0.06188,"38":0.083538,"39":0.129948,"40":0.399126,"41":0.136136,"42":0.13923,"43":0.857038,"44":7.428694,"45":0.068068,"46":0.117572,"47":0,"48":0},"firefox":{"2":0.003094,"3":0.024752,"3.5":0.018564,"3.6":0.102102,"4":0.04641,"5":0.027846,"6":0.027846,"7":0.021658,"8":0.034034,"9":0.034034,"10":0.04641,"11":0.055692,"12":0.120666,"13":0.064974,"14":0.055692,"15":0.064974,"16":0.086632,"17":0.064974,"18":0.058786,"19":0.064974,"20":0.074256,"21":0.068068,"22":0.052598,"23":0.058786,"24":0.071162,"25":0.086632,"26":0.083538,"27":0.09282,"28":0.099008,"29":0.21658,"30":0.24752,"31":0.182546,"32":0.20111,"33":0.26299,"34":0.331058,"35":0.420784,"36":0.451724,"37":0.677586,"38":1.367548,"39":4.786418,"40":3.165162,"41":0.38675,"42":0.006188,"43":0.003094},"opera":{"9":0,"9.5-9.6":0.003094,"10.0-10.1":0.003094,"10.5":0,"10.6":0.006188,"11":0.003094,"11.1":0,"11.5":0.003094,"11.6":0.009282,"12":0.009282,"12.1":0.06188,"15":0.006188,"16":0.003094,"17":0.003094,"18":0.006188,"19":0.003094,"20":0.006188,"21":0.003094,"22":0.003094,"23":0.003094,"24":0.003094,"25":0.006188,"26":0.009282,"27":0.006188,"28":0.01547,"29":0.03094,"30":0.256802,"31":0.32487,"32":0.003094,"33":0},"safari":{"3.1":0,"3.2":0,"4":0.003094,"5":0.012376,"5.1":0.043316,"6":0.01547,"6.1":0.01547,"7":0.03094,"7.1":0.058786,"8":0.228956,"9":0.003094},"android":{"2.1":0,"2.2":0,"2.3":0.121904615855,"3":0,"4":0.388570963038,"4.1":1.36380788988,"4.2-4.3":2.9657107326,"4.4":0.0190475962274,"4.4.3-4.4.4":2.6133302024,"44":null},"ios_saf":{"3.2":0,"4.0-4.1":0,"4.2-4.3":0,"5.0-5.1":0.00723268336855,"6.0-6.1":0.0120544722809,"7.0-7.1":0.198657703189,"8":0.0272431073549,"8.1-8.4":2.13532921984,"9":0.0156708139652},"op_mob":{"10":0,"11":0,"11.1":0,"11.5":0,"12":0.0381507586756,"12.1":0.0763015173512,"0":1.18267351894},"ie":{"5.5":0,"6":0.0159356521739,"7":0.00956139130435,"8":0.280467478261,"9":0.0764911304348,"10":0.101988173913,"11":0.290028869565},"bb":{"7":1.4312685,"10":null},"ie_mob":{"10":0.0592277288136,"11":0.244636271186},"and_uc":{"0":27.644718},"op_mini":{"5.0-8.0":13.281440205},"and_chr":{"0":12.21831},"and_ff":{"0":0.317676},"edge":{"12":0.055692,"13":null}},"total":93.1889151957}