{"id":"ID","name":"Indonesia","month":"2016-02","access_date":"2016-03-03","data":{"firefox":{"2":0.002638,"3":0.150366,"3.5":0.010552,"3.6":0.055398,"4":0.02638,"5":0.015828,"6":0.018466,"7":0.01319,"8":0.015828,"9":0.021104,"10":0.029018,"11":0.031656,"12":0.073864,"13":0.034294,"14":0.031656,"15":0.036932,"16":0.050122,"17":0.031656,"18":0.031656,"19":0.031656,"20":0.036932,"21":0.03957,"22":0.02638,"23":0.034294,"24":0.042208,"25":0.047484,"26":0.044846,"27":0.044846,"28":0.044846,"29":0.116072,"30":0.11871,"31":0.084416,"32":0.087054,"33":0.113434,"34":0.174108,"35":0.176746,"36":0.182022,"37":0.216316,"38":0.269076,"39":0.27699,"40":0.274352,"41":0.311284,"42":0.34294,"43":2.33463,"44":3.331794,"45":0.651586,"46":0.007914,"47":0.005276},"chrome":{"4":0.01319,"5":0.01319,"6":0.023742,"7":0.01319,"8":0.005276,"9":0.007914,"10":0.018466,"11":0.03957,"12":0.015828,"13":0.007914,"14":0.010552,"15":0.007914,"16":0.007914,"17":0.005276,"18":0.007914,"19":0.002638,"20":0.002638,"21":0.007914,"22":0.007914,"23":0.007914,"24":0.005276,"25":0.007914,"26":0.015828,"27":0.010552,"28":0.01319,"29":0.018466,"30":0.015828,"31":0.155642,"32":0.01319,"33":0.081778,"34":0.023742,"35":0.023742,"36":0.02638,"37":0.047484,"38":0.036932,"39":0.05276,"40":0.063312,"41":0.042208,"42":0.047484,"43":0.374596,"44":0.374596,"45":0.208402,"46":0.287542,"47":0.55398,"48":7.497196,"49":0.05276,"50":0.094968,"51":0},"opera":{"9":0,"9.5-9.6":0.002638,"10.0-10.1":0,"10.5":0,"10.6":0.002638,"11":0.002638,"11.1":0,"11.5":0.002638,"11.6":0.005276,"12":0.005276,"12.1":0.031656,"15":0.002638,"16":0.002638,"17":0.002638,"18":0.002638,"19":0.002638,"20":0.002638,"21":0.002638,"22":0.002638,"23":0,"24":0,"25":0.002638,"26":0.002638,"27":0.002638,"28":0.010552,"29":0.007914,"30":0.018466,"31":0.005276,"32":0.01319,"33":0.018466,"34":0.153004,"35":0.29018,"36":0.002638},"safari":{"3.1":0,"3.2":0,"4":0.002638,"5":0.007914,"5.1":0.02638,"6":0.007914,"6.1":0.010552,"7":0.015828,"7.1":0.018466,"8":0.084416,"9":0.247972,"9.1":0.002638},"android":{"2.1":0,"2.2":0,"2.3":0.0225846069918,"3":0,"4":0.19540594745,"4.1":0.411432623024,"4.2-4.3":0.923023068359,"4.4":1.85881134937,"4.4.3-4.4.4":0.99863240481,"47":null},"ios_saf":{"3.2":0,"4.0-4.1":0,"4.2-4.3":0,"5.0-5.1":0,"6.0-6.1":0,"7.0-7.1":0.0843259746861,"8":0.00572447869932,"8.1-8.4":0.232942248611,"9.0-9.2":1.816641298,"9.3":null},"op_mob":{"10":0,"11":0,"11.1":0,"11.5":0,"12":0.000536221079692,"12.1":0.000536221079692,"0":0.0230575064267},"ie":{"5.5":0,"6":0.0164902594142,"7":0.00549675313808,"8":0.151160711297,"9":0.0384772719665,"10":0.0549675313808,"11":0.222618502092},"bb":{"7":0.7343595,"10":null},"ie_mob":{"10":0.0543215533981,"11":0.240158446602},"edge":{"12":0.042208,"13":0.05276,"14":0},"and_uc":{"0":43.745004},"op_mini":{"5.0-8.0":9.36242005141},"and_chr":{"0":12.467572},"and_ff":{"0":0.07362}},"total":95.3824725293}