{"id":"IE","name":"Ireland","month":"2015-10","access_date":"2015-11-03","data":{"chrome":{"4":0,"5":0,"6":0,"7":0,"8":0,"9":0,"10":0,"11":0.072171,"12":0.006561,"13":0.013122,"14":0,"15":0,"16":0,"17":0,"18":0.006561,"19":0,"20":0,"21":0.013122,"22":0.059049,"23":0,"24":0.006561,"25":0.013122,"26":0.013122,"27":0.006561,"28":0.013122,"29":0.019683,"30":0.006561,"31":0.183708,"32":0.039366,"33":0.190269,"34":0.072171,"35":0.104976,"36":0.072171,"37":0.059049,"38":0.091854,"39":0.177147,"40":0.072171,"41":0.072171,"42":0.144342,"43":0.492075,"44":0.511758,"45":14.880348,"46":14.801616,"47":0.098415,"48":0.045927,"49":0},"firefox":{"2":0,"3":0.006561,"3.5":0.019683,"3.6":0.019683,"4":0.118098,"5":0,"6":0.006561,"7":0,"8":0,"9":0.006561,"10":0.052488,"11":0.006561,"12":0.013122,"13":0.006561,"14":0.006561,"15":0.006561,"16":0.045927,"17":0.006561,"18":0.006561,"19":0.006561,"20":0.006561,"21":0.006561,"22":0.006561,"23":0.006561,"24":0.006561,"25":0.032805,"26":0.006561,"27":0.006561,"28":0.039366,"29":0.019683,"30":0.019683,"31":0.026244,"32":0.013122,"33":0.019683,"34":0.026244,"35":0.039366,"36":0.032805,"37":0.072171,"38":0.229635,"39":0.209952,"40":0.938223,"41":6.344487,"42":0.06561,"43":0.006561,"44":0.006561},"opera":{"9":0,"9.5-9.6":0,"10.0-10.1":0,"10.5":0,"10.6":0,"11":0,"11.1":0,"11.5":0,"11.6":0,"12":0,"12.1":0.072171,"15":0,"16":0,"17":0,"18":0.006561,"19":0,"20":0,"21":0,"22":0,"23":0,"24":0,"25":0,"26":0,"27":0.006561,"28":0.006561,"29":0.006561,"30":0.013122,"31":0.013122,"32":0.505197,"33":0.019683,"34":0},"safari":{"3.1":0,"3.2":0,"4":0.039366,"5":0.104976,"5.1":0.26244,"6":0.039366,"6.1":0.19683,"7":0.209952,"7.1":0.275562,"8":1.003833,"9":1.338444},"android":{"2.1":0,"2.2":0,"2.3":0.0432800640318,"3":0,"4":0.126172390059,"4.1":0.452606771315,"4.2-4.3":0.94629292544,"4.4":1.76641346082,"4.4.3-4.4.4":0.915483388333,"44":null},"ios_saf":{"3.2":0,"4.0-4.1":0,"4.2-4.3":0,"5.0-5.1":0.0449423731208,"6.0-6.1":0.0470824861265,"7.0-7.1":1.14710057108,"8":0.154088136414,"8.1-8.4":5.12771076178,"9.0-9.1":14.6897356715},"op_mob":{"10":0,"11":0,"11.1":0,"11.5":0,"12":0.000474172714078,"12.1":0.00142251814224,"0":0.0165960449927},"ie":{"5.5":0,"6":0.00661575796662,"7":0.0330787898331,"8":0.549107911229,"9":1.01882672686,"10":0.608649732929,"11":6.49005856525},"bb":{"7":0.0120365,"10":null},"ie_mob":{"10":0.208698547893,"11":0.950244452107},"op_mini":{"5.0-8.0":0.177530264151},"and_chr":{"0":17.190457},"and_ff":{"0":0.044707},"edge":{"12":0.911979,"13":null},"and_uc":{"0":0.085975}},"total":98.7692659841}