{"id":"IE","name":"Ireland","month":"2015-08","access_date":"2015-09-03","data":{"chrome":{"4":0,"5":0,"6":0,"7":0,"8":0,"9":0,"10":0,"11":0.084344,"12":0.006488,"13":0,"14":0,"15":0.006488,"16":0,"17":0,"18":0.012976,"19":0,"20":0,"21":0.019464,"22":0.077856,"23":0.006488,"24":0.006488,"25":0.006488,"26":0.019464,"27":0.012976,"28":0.012976,"29":0.012976,"30":0.019464,"31":0.38928,"32":0.045416,"33":0.19464,"34":0.090832,"35":0.12976,"36":0.142736,"37":0.077856,"38":0.090832,"39":0.233568,"40":0.103808,"41":0.090832,"42":0.642312,"43":1.401408,"44":26.763,"45":0.136248,"46":0.071368,"47":0.006488,"48":0},"firefox":{"2":0,"3":0.006488,"3.5":0.012976,"3.6":0.019464,"4":0.116784,"5":0,"6":0.006488,"7":0,"8":0,"9":0,"10":0.285472,"11":0.006488,"12":0.012976,"13":0,"14":0.006488,"15":0.006488,"16":0.019464,"17":0.006488,"18":0.006488,"19":0.006488,"20":0.006488,"21":0.006488,"22":0.006488,"23":0.012976,"24":0.019464,"25":0.012976,"26":0.019464,"27":0.012976,"28":0.019464,"29":0.012976,"30":0.025952,"31":0.4866,"32":0.019464,"33":0.025952,"34":0.03244,"35":0.058392,"36":0.045416,"37":0.071368,"38":0.311424,"39":3.711136,"40":3.231024,"41":0.045416,"42":0.006488,"43":0},"opera":{"9":0,"9.5-9.6":0,"10.0-10.1":0,"10.5":0,"10.6":0,"11":0,"11.1":0,"11.5":0,"11.6":0,"12":0.006488,"12.1":0.084344,"15":0,"16":0,"17":0,"18":0.006488,"19":0,"20":0,"21":0,"22":0,"23":0,"24":0,"25":0,"26":0,"27":0,"28":0.006488,"29":0.006488,"30":0.09732,"31":0.343864,"32":0,"33":0},"safari":{"3.1":0,"3.2":0,"4":0.038928,"5":0.110296,"5.1":0.298448,"6":0.045416,"6.1":0.240056,"7":0.175176,"7.1":0.4866,"8":1.803664,"9":0.03244},"android":{"2.1":0,"2.2":0,"2.3":0.0816085975019,"3":0,"4":0.260127404537,"4.1":0.912996184553,"4.2-4.3":1.9853841611,"4.4":0.0127513433597,"4.4.3-4.4.4":1.74948430895,"44":null},"ios_saf":{"3.2":0,"4.0-4.1":0,"4.2-4.3":0,"5.0-5.1":0.0677314820404,"6.0-6.1":0.112885803401,"7.0-7.1":1.86035804004,"8":0.255121915686,"8.1-8.4":19.9965912144,"9":0.146751544421},"op_mob":{"10":0,"11":0,"11.1":0,"11.5":0,"12":0.00055143474798,"12.1":0.00110286949596,"0":0.0170944771874},"ie":{"5.5":0,"6":0.00658990575916,"7":0.0527192460733,"8":0.78419878534,"9":1.0807445445,"10":0.678760293194,"11":6.20110131937},"bb":{"7":0.01317,"10":null},"ie_mob":{"10":0.232059864407,"11":0.958508135593},"and_uc":{"0":0.066728},"op_mini":{"5.0-8.0":0.191971218569},"and_chr":{"0":16.413656},"and_ff":{"0":0.14048},"edge":{"12":0.577432,"13":null}},"total":98.2763560942}