{"id":"IE","name":"Ireland","month":"2016-02","access_date":"2016-03-03","data":{"firefox":{"2":0,"3":0.006169,"3.5":0.018507,"3.6":0.012338,"4":0.006169,"5":0,"6":0.006169,"7":0,"8":0,"9":0.006169,"10":0.086366,"11":0.006169,"12":0.006169,"13":0,"14":0,"15":0,"16":0.043183,"17":0,"18":0,"19":0,"20":0.006169,"21":0.006169,"22":0,"23":0.006169,"24":0.006169,"25":0.006169,"26":0.006169,"27":0.006169,"28":0.006169,"29":0.006169,"30":0.006169,"31":0.012338,"32":0.012338,"33":0.012338,"34":0.018507,"35":0.024676,"36":0.018507,"37":0.037014,"38":0.129549,"39":0.067859,"40":0.055521,"41":0.067859,"42":0.098704,"43":1.745827,"44":4.231934,"45":0.055521,"46":0.006169,"47":0.006169},"chrome":{"4":0,"5":0,"6":0,"7":0,"8":0,"9":0,"10":0,"11":0.055521,"12":0.006169,"13":0.006169,"14":0,"15":0,"16":0,"17":0,"18":0.006169,"19":0,"20":0,"21":0.006169,"22":0.067859,"23":0,"24":0.006169,"25":0.006169,"26":0.012338,"27":0.006169,"28":0.006169,"29":0.012338,"30":0.006169,"31":0.117211,"32":0.018507,"33":0.178901,"34":0.037014,"35":0.086366,"36":0.024676,"37":0.043183,"38":0.049352,"39":0.117211,"40":0.043183,"41":0.043183,"42":0.049352,"43":0.141887,"44":0.148056,"45":0.265267,"46":0.228253,"47":1.29549,"48":28.229344,"49":0.092535,"50":0.06169,"51":0},"opera":{"9":0,"9.5-9.6":0,"10.0-10.1":0,"10.5":0,"10.6":0,"11":0,"11.1":0,"11.5":0,"11.6":0,"12":0,"12.1":0.043183,"15":0,"16":0,"17":0,"18":0,"19":0,"20":0,"21":0,"22":0,"23":0,"24":0,"25":0,"26":0,"27":0,"28":0.006169,"29":0,"30":0,"31":0.006169,"32":0.006169,"33":0.006169,"34":0.098704,"35":0.37014,"36":0.006169},"safari":{"3.1":0,"3.2":0,"4":0.030845,"5":0.074028,"5.1":0.191239,"6":0.024676,"6.1":0.135718,"7":0.080197,"7.1":0.055521,"8":0.425661,"9":2.085122,"9.1":0.018507},"android":{"2.1":0,"2.2":0,"2.3":0.018870421955,"3":0,"4":0.163270172567,"4.1":0.343769860833,"4.2-4.3":0.77122594077,"4.4":1.55311777221,"4.4.3-4.4.4":0.834400831663,"47":null},"ios_saf":{"3.2":0,"4.0-4.1":0,"4.2-4.3":0,"5.0-5.1":0,"6.0-6.1":0,"7.0-7.1":0.896415638197,"8":0.060853280922,"8.1-8.4":2.47626043136,"9.0-9.2":19.3115546495,"9.3":null},"op_mob":{"10":0,"11":0,"11.1":0,"11.5":0,"12":1.02860325621e-5,"12.1":1.02860325621e-5,"0":0.000442299400171},"ie":{"5.5":0,"6":0.00620887349954,"7":0.0186266204986,"8":0.335279168975,"9":0.614678476454,"10":0.366323536473,"11":5.3768844506},"bb":{"7":0.00670425,"10":null},"ie_mob":{"10":0.185152601942,"11":0.818569398058},"edge":{"12":0.37014,"13":0.999378,"14":0},"and_uc":{"0":0.057465},"op_mini":{"5.0-8.0":0.179594128535},"and_chr":{"0":19.945581},"and_ff":{"0":0.034479}},"total":97.7438183765}