{"id":"IL","name":"Israel","month":"2015-10","access_date":"2015-11-03","data":{"chrome":{"4":0,"5":0,"6":0,"7":0,"8":0,"9":0,"10":0,"11":0.04158,"12":0.01386,"13":0.00693,"14":0,"15":0,"16":0.00693,"17":0.00693,"18":0.02079,"19":0,"20":0,"21":0.00693,"22":0.04851,"23":0.00693,"24":0.00693,"25":0.00693,"26":0.03465,"27":0.00693,"28":0.00693,"29":0.03465,"30":0.01386,"31":0.15246,"32":0.03465,"33":0.07623,"34":0.02079,"35":0.1386,"36":0.09702,"37":0.09702,"38":0.16632,"39":0.29106,"40":0.14553,"41":0.08316,"42":0.19404,"43":0.5544,"44":0.51975,"45":20.53359,"46":19.80594,"47":0.16632,"48":0.09702,"49":0},"firefox":{"2":0,"3":0.04851,"3.5":0,"3.6":0.01386,"4":0.00693,"5":0,"6":0.00693,"7":0.01386,"8":0,"9":0,"10":0.00693,"11":0.02079,"12":0.00693,"13":0,"14":0,"15":0,"16":0.01386,"17":0,"18":0,"19":0.10395,"20":0.00693,"21":0.00693,"22":0.00693,"23":0.00693,"24":0.02079,"25":0.02772,"26":0.0693,"27":0.01386,"28":0.01386,"29":0.01386,"30":0.01386,"31":0.02079,"32":0.01386,"33":0.02079,"34":0.21483,"35":0.02772,"36":0.02772,"37":0.05544,"38":0.12474,"39":0.15939,"40":0.63063,"41":4.69854,"42":0.04851,"43":0.00693,"44":0.00693},"opera":{"9":0,"9.5-9.6":0,"10.0-10.1":0,"10.5":0,"10.6":0,"11":0,"11.1":0,"11.5":0,"11.6":0,"12":0.00693,"12.1":0.09009,"15":0,"16":0,"17":0,"18":0,"19":0,"20":0,"21":0,"22":0,"23":0,"24":0,"25":0,"26":0,"27":0,"28":0.00693,"29":0.00693,"30":0.01386,"31":0.01386,"32":0.39501,"33":0.01386,"34":0},"safari":{"3.1":0,"3.2":0,"4":0.01386,"5":0.04158,"5.1":0.09009,"6":0.03465,"6.1":0.07623,"7":0.06237,"7.1":0.09702,"8":0.36729,"9":0.6237},"android":{"2.1":0,"2.2":0,"2.3":0.0325428684846,"3":0,"4":0.0948707352434,"4.1":0.340321183983,"4.2-4.3":0.711530514325,"4.4":1.32819029341,"4.4.3-4.4.4":0.688364404556,"44":null},"ios_saf":{"3.2":0,"4.0-4.1":0,"4.2-4.3":0,"5.0-5.1":0.019765828877,"6.0-6.1":0.0207070588235,"7.0-7.1":0.504499251337,"8":0.0677685561497,"8.1-8.4":2.25518695187,"9.0-9.1":6.46060235294},"op_mob":{"10":0,"11":0,"11.1":0,"11.5":0,"12":0.00652764876633,"12.1":0.019582946299,"0":0.228467706821},"ie":{"5.5":0,"6":0.0278494570928,"7":0.0417741856392,"8":1.29499975482,"9":0.863333169877,"10":0.856370805604,"11":8.75169189142},"bb":{"7":1.2717475,"10":null},"ie_mob":{"10":0.0270889272031,"11":0.123341072797},"op_mini":{"5.0-8.0":2.44395169811},"and_chr":{"0":13.6693},"and_ff":{"0":0.02456},"edge":{"12":0.9009,"13":null},"and_uc":{"0":0.38989}},"total":95.3644967644}