{"id":"IM","name":"Isle of Man","month":"2016-02","access_date":"2016-03-03","data":{"firefox":{"2":0,"3":0,"3.5":0,"3.6":0,"4":0,"5":0,"6":0,"7":0,"8":0,"9":0,"10":0.050232,"11":0.008372,"12":0.04186,"13":0,"14":0,"15":0,"16":0,"17":0,"18":0.242788,"19":0,"20":0,"21":0,"22":0.092092,"23":0,"24":0,"25":0,"26":0,"27":0,"28":0,"29":0,"30":0,"31":0,"32":0.008372,"33":0,"34":0,"35":0.008372,"36":0,"37":0,"38":0.033488,"39":0.159068,"40":0.016744,"41":0.025116,"42":0.108836,"43":1.490216,"44":4.194372,"45":0.025116,"46":0.033488,"47":0},"chrome":{"4":0,"5":0,"6":0,"7":0,"8":0,"9":0,"10":0,"11":0.016744,"12":0,"13":0,"14":0,"15":0,"16":0,"17":0,"18":0,"19":0,"20":0,"21":0,"22":0.016744,"23":0,"24":0,"25":0,"26":0.033488,"27":0,"28":0,"29":0,"30":0.008372,"31":0.016744,"32":0.075348,"33":0.058604,"34":0.016744,"35":0.008372,"36":0.092092,"37":0.025116,"38":0.008372,"39":0.025116,"40":0.016744,"41":0.025116,"42":0.025116,"43":0.04186,"44":0.033488,"45":0.050232,"46":0.351624,"47":1.448356,"48":30.750356,"49":0.050232,"50":0.025116,"51":0},"opera":{"9":0,"9.5-9.6":0,"10.0-10.1":0,"10.5":0,"10.6":0,"11":0,"11.1":0,"11.5":0,"11.6":0,"12":0,"12.1":0.008372,"15":0,"16":0,"17":0,"18":0,"19":0,"20":0,"21":0,"22":0,"23":0,"24":0,"25":0,"26":0,"27":0,"28":0.008372,"29":0,"30":0,"31":0,"32":0,"33":0,"34":0.033488,"35":0.159068,"36":0},"safari":{"3.1":0,"3.2":0,"4":0.025116,"5":0.033488,"5.1":0.728364,"6":0.08372,"6.1":0.100464,"7":0.025116,"7.1":0.33488,"8":0.719992,"9":3.692052,"9.1":0.008372},"android":{"2.1":0,"2.2":0,"2.3":0.0111147307949,"3":0,"4":0.0961665838343,"4.1":0.202481400134,"4.2-4.3":0.454254215097,"4.4":0.914790669339,"4.4.3-4.4.4":0.491464400802,"47":null},"ios_saf":{"3.2":0,"4.0-4.1":0,"4.2-4.3":0,"5.0-5.1":0,"6.0-6.1":0,"7.0-7.1":0.972311119984,"8":0.0660054546203,"8.1-8.4":2.68591426878,"9.0-9.2":20.9465771566,"9.3":null},"op_mob":{"10":0,"11":0,"11.1":0,"11.5":0,"12":1.22762639246e-5,"12.1":1.22762639246e-5,"0":0.000527879348757},"ie":{"5.5":0,"6":0,"7":0.0167533229399,"8":0.645002933185,"9":1.05545934521,"10":0.812536162584,"11":12.5063555746},"bb":{"7":0.004884,"10":null},"ie_mob":{"10":0.148353475728,"11":0.655878524272},"edge":{"12":0.79534,"13":2.980432,"14":0},"and_uc":{"0":0.00814},"op_mini":{"5.0-8.0":0.214343568123},"and_chr":{"0":6.16212},"and_ff":{"0":0.00814}},"total":98.5748633385}