{"id":"IM","name":"Isle of Man","month":"2015-10","access_date":"2015-11-03","data":{"chrome":{"4":0,"5":0,"6":0,"7":0,"8":0,"9":0,"10":0,"11":0.04268,"12":0,"13":0,"14":0,"15":0,"16":0.008536,"17":0,"18":0,"19":0,"20":0,"21":0,"22":0.008536,"23":0,"24":0,"25":0,"26":0,"27":0,"28":0.008536,"29":0,"30":0.008536,"31":0.017072,"32":0,"33":0.025608,"34":0.017072,"35":0.017072,"36":0.04268,"37":0.008536,"38":0.008536,"39":0.034144,"40":0.017072,"41":0.076824,"42":0.034144,"43":0.537768,"44":0.221936,"45":17.951208,"46":16.150112,"47":0.025608,"48":0.017072,"49":0},"firefox":{"2":0,"3":0,"3.5":0,"3.6":0,"4":0,"5":0,"6":0.008536,"7":0,"8":0,"9":0,"10":0.008536,"11":0.017072,"12":0,"13":0,"14":0,"15":0,"16":0.008536,"17":0,"18":0.04268,"19":0,"20":0,"21":0,"22":0.162184,"23":0.008536,"24":0,"25":0,"26":0.068288,"27":0,"28":0,"29":0,"30":0,"31":0.102432,"32":0.025608,"33":0.008536,"34":0.025608,"35":0.034144,"36":0.008536,"37":0.008536,"38":0.08536,"39":0.281688,"40":0.947496,"41":5.514256,"42":0.04268,"43":0,"44":0},"opera":{"9":0,"9.5-9.6":0,"10.0-10.1":0,"10.5":0,"10.6":0,"11":0,"11.1":0,"11.5":0,"11.6":0,"12":0,"12.1":0.025608,"15":0,"16":0,"17":0,"18":0,"19":0,"20":0,"21":0,"22":0,"23":0,"24":0,"25":0,"26":0,"27":0,"28":0,"29":0,"30":0,"31":0.017072,"32":0.17072,"33":0,"34":0},"safari":{"3.1":0,"3.2":0,"4":0.017072,"5":0.051216,"5.1":0.46948,"6":0.145112,"6.1":0.187792,"7":0.102432,"7.1":0.580448,"8":1.7072,"9":1.79256},"android":{"2.1":0,"2.2":0,"2.3":0.0260206903693,"3":0,"4":0.0758569278564,"4.1":0.272114677252,"4.2-4.3":0.568926958923,"4.4":1.06199698999,"4.4.3-4.4.4":0.550403755609,"44":null},"ios_saf":{"3.2":0,"4.0-4.1":0,"4.2-4.3":0,"5.0-5.1":0.0472993821007,"6.0-6.1":0.0495517336293,"7.0-7.1":1.20726041933,"8":0.16216931006,"8.1-8.4":5.39663426254,"9.0-9.1":15.4601408923},"op_mob":{"10":0,"11":0,"11.1":0,"11.5":0,"12":0.000286850507983,"12.1":0.000860551523948,"0":0.0100397677794},"ie":{"5.5":0,"6":0,"7":0.0256210254323,"8":0.888195548321,"9":1.75931041302,"10":1.14440580264,"11":12.955698527},"bb":{"7":0.006954,"10":null},"ie_mob":{"10":0.150797609195,"11":0.686610390805},"op_mini":{"5.0-8.0":0.107396830189},"and_chr":{"0":5.666368},"and_ff":{"0":0.011712},"edge":{"12":2.125464,"13":null},"and_uc":{"0":0.00732}},"total":98.3806653164}