{"id":"IN","name":"India","month":"2015-10","access_date":"2015-11-03","data":{"chrome":{"4":0.012868,"5":0.016085,"6":0.022519,"7":0.016085,"8":0.019302,"9":0.009651,"10":0.022519,"11":0.03217,"12":0.03217,"13":0.009651,"14":0.016085,"15":0.012868,"16":0.012868,"17":0.009651,"18":0.025736,"19":0.009651,"20":0.009651,"21":0.006434,"22":0.016085,"23":0.016085,"24":0.012868,"25":0.019302,"26":0.019302,"27":0.022519,"28":0.038604,"29":0.019302,"30":0.028953,"31":0.180152,"32":0.016085,"33":0.138331,"34":0.03217,"35":0.048255,"36":0.045038,"37":0.041821,"38":0.073991,"39":0.112595,"40":0.099727,"41":0.073991,"42":0.112595,"43":0.308832,"44":0.492201,"45":9.187752,"46":8.701985,"47":0.238058,"48":0.173718,"49":0},"firefox":{"2":0.003217,"3":0.025736,"3.5":0.012868,"3.6":0.048255,"4":0.022519,"5":0.012868,"6":0.019302,"7":0.009651,"8":0.012868,"9":0.016085,"10":0.028953,"11":0.045038,"12":0.070774,"13":0.03217,"14":0.038604,"15":0.038604,"16":0.038604,"17":0.03217,"18":0.028953,"19":0.028953,"20":0.03217,"21":0.028953,"22":0.019302,"23":0.022519,"24":0.025736,"25":0.022519,"26":0.025736,"27":0.025736,"28":0.038604,"29":0.061123,"30":0.048255,"31":0.06434,"32":0.038604,"33":0.054689,"34":0.045038,"35":0.070774,"36":0.054689,"37":0.086859,"38":0.241275,"39":0.205888,"40":0.636966,"41":3.50653,"42":0.794599,"43":0.009651,"44":0.003217},"opera":{"9":0,"9.5-9.6":0.003217,"10.0-10.1":0,"10.5":0,"10.6":0.003217,"11":0.003217,"11.1":0.003217,"11.5":0.003217,"11.6":0.006434,"12":0.006434,"12.1":0.038604,"15":0.003217,"16":0.003217,"17":0.003217,"18":0.003217,"19":0.003217,"20":0.003217,"21":0.003217,"22":0.003217,"23":0,"24":0.003217,"25":0.003217,"26":0.006434,"27":0.006434,"28":0.012868,"29":0.009651,"30":0.028953,"31":0.022519,"32":0.421427,"33":0.019302,"34":0},"safari":{"3.1":0,"3.2":0,"4":0,"5":0.006434,"5.1":0.019302,"6":0.003217,"6.1":0.006434,"7":0.012868,"7.1":0.016085,"8":0.077208,"9":0.083642},"android":{"2.1":0,"2.2":0,"2.3":0.0382790554021,"3":0,"4":0.11159317846,"4.1":0.400308087849,"4.2-4.3":0.836948838454,"4.4":1.56230449845,"4.4.3-4.4.4":0.809699341388,"44":null},"ios_saf":{"3.2":0,"4.0-4.1":0,"4.2-4.3":0,"5.0-5.1":0.00248645848048,"6.0-6.1":0.00260486126526,"7.0-7.1":0.0634638926445,"8":0.00852500050449,"8.1-8.4":0.283693072344,"9.0-9.1":0.812716714761},"op_mob":{"10":0,"11":0,"11.1":0,"11.5":0,"12":0.0331602394775,"12.1":0.0994807184325,"0":1.16060838171},"ie":{"5.5":0,"6":0.0258636165289,"7":0.0161647603306,"8":0.517272330579,"9":0.239238452893,"10":0.242471404959,"11":0.905226578512},"bb":{"7":0.033915,"10":null},"ie_mob":{"10":0.158789770115,"11":0.723000229885},"op_mini":{"5.0-8.0":12.4151936604},"and_chr":{"0":10.053197},"and_ff":{"0":0.047481},"edge":{"12":0.131897,"13":null},"and_uc":{"0":36.913086}},"total":96.7974191438}