{"id":"IQ","name":"Iraq","month":"2015-10","access_date":"2015-11-03","data":{"chrome":{"4":0.013092,"5":0.042549,"6":0.042549,"7":0,"8":0.013092,"9":0,"10":0.016365,"11":0.045822,"12":0.013092,"13":0.055641,"14":0.036003,"15":0.022911,"16":0.013092,"17":0.009819,"18":0.009819,"19":0.009819,"20":0.006546,"21":0.006546,"22":0.026184,"23":0.009819,"24":0.009819,"25":0.019638,"26":0.019638,"27":0.019638,"28":0.013092,"29":0.013092,"30":0.026184,"31":0.042549,"32":0.016365,"33":0.225837,"34":0.026184,"35":0.042549,"36":0.049095,"37":0.019638,"38":0.16365,"39":0.058914,"40":0.288024,"41":0.045822,"42":0.494223,"43":1.70196,"44":0.386214,"45":8.035215,"46":6.663828,"47":0.13092,"48":0.075279,"49":0},"firefox":{"2":0,"3":0.006546,"3.5":0.006546,"3.6":0.03273,"4":0.003273,"5":0.009819,"6":0.039276,"7":0.003273,"8":0.006546,"9":0.013092,"10":0.009819,"11":0.019638,"12":0.078552,"13":0.022911,"14":0.009819,"15":0.042549,"16":0.009819,"17":0.006546,"18":0.013092,"19":0.009819,"20":0.013092,"21":0.006546,"22":0.009819,"23":0.016365,"24":0.013092,"25":0.013092,"26":0.016365,"27":0.016365,"28":0.009819,"29":0.036003,"30":0.036003,"31":0.026184,"32":0.029457,"33":0.042549,"34":0.039276,"35":0.042549,"36":0.045822,"37":0.078552,"38":0.477858,"39":0.147285,"40":0.468039,"41":2.647857,"42":0.36003,"43":0.013092,"44":0.006546},"opera":{"9":0,"9.5-9.6":0,"10.0-10.1":0,"10.5":0,"10.6":0,"11":0,"11.1":0.006546,"11.5":0.003273,"11.6":0.003273,"12":0.006546,"12.1":0.039276,"15":0.003273,"16":0,"17":0,"18":0.006546,"19":0,"20":0.003273,"21":0,"22":0,"23":0,"24":0,"25":0,"26":0,"27":0.003273,"28":0.009819,"29":0.003273,"30":0.009819,"31":0.006546,"32":0.36003,"33":0.026184,"34":0.009819},"safari":{"3.1":0,"3.2":0,"4":0.003273,"5":0.006546,"5.1":0.013092,"6":0,"6.1":0.003273,"7":0.006546,"7.1":0.013092,"8":0.039276,"9":0.075279},"android":{"2.1":0,"2.2":0,"2.3":0.17241807059,"3":0,"4":0.502642510873,"4.1":1.80308389075,"4.2-4.3":3.76981883155,"4.4":7.03699515223,"4.4.3-4.4.4":3.64708054401,"44":null},"ios_saf":{"3.2":0,"4.0-4.1":0,"4.2-4.3":0,"5.0-5.1":0.0329302184442,"6.0-6.1":0.0344983240844,"7.0-7.1":0.840504623146,"8":0.112903606094,"8.1-8.4":3.75718111391,"9.0-9.1":10.7634771143},"op_mob":{"10":0,"11":0,"11.1":0,"11.5":0,"12":0.00209913642961,"12.1":0.00629740928882,"0":0.0734697750363},"ie":{"5.5":0,"6":0.00668619439868,"7":0.00668619439868,"8":0.518180065898,"9":0.180527248764,"10":0.15378247117,"11":1.16005472817},"bb":{"7":0.0100905,"10":null},"ie_mob":{"10":0.049666394636,"11":0.226140605364},"op_mini":{"5.0-8.0":0.785916679245},"and_chr":{"0":38.193371},"and_ff":{"0":0.100905},"edge":{"12":0.104736,"13":null},"and_uc":{"0":0.47089}},"total":99.1196284028}