{"id":"IQ","name":"Iraq","month":"2016-02","access_date":"2016-03-03","data":{"firefox":{"2":0,"3":0.003837,"3.5":0.003837,"3.6":0.023022,"4":0.003837,"5":0.007674,"6":0.046044,"7":0.003837,"8":0.003837,"9":0.007674,"10":0.011511,"11":0.019185,"12":0.03837,"13":0.019185,"14":0.007674,"15":0.019185,"16":0.007674,"17":0.003837,"18":0.015348,"19":0.003837,"20":0.007674,"21":0.011511,"22":0.011511,"23":0.019185,"24":0.034533,"25":0.011511,"26":0.011511,"27":0.011511,"28":0.003837,"29":0.026859,"30":0.030696,"31":0.023022,"32":0.023022,"33":0.042207,"34":0.019185,"35":0.026859,"36":0.026859,"37":0.046044,"38":0.053718,"39":0.061392,"40":0.042207,"41":0.065229,"42":0.069066,"43":1.18947,"44":2.087328,"45":0.356841,"46":0.007674,"47":0.007674},"chrome":{"4":0.011511,"5":0.023022,"6":0.03837,"7":0,"8":0.007674,"9":0,"10":0.011511,"11":0.03837,"12":0.007674,"13":0.030696,"14":0.023022,"15":0.015348,"16":0.007674,"17":0.003837,"18":0.003837,"19":0.007674,"20":0.003837,"21":0.007674,"22":0.023022,"23":0.003837,"24":0.003837,"25":0.007674,"26":0.015348,"27":0.023022,"28":0.015348,"29":0.015348,"30":0.023022,"31":0.034533,"32":0.015348,"33":0.15348,"34":0.042207,"35":0.026859,"36":0.019185,"37":0.019185,"38":0.145806,"39":0.046044,"40":0.080577,"41":0.030696,"42":0.099762,"43":2.164068,"44":0.264753,"45":0.874836,"46":0.234057,"47":0.725193,"48":18.141336,"49":0.080577,"50":0.176502,"51":0},"opera":{"9":0,"9.5-9.6":0,"10.0-10.1":0,"10.5":0,"10.6":0,"11":0,"11.1":0,"11.5":0,"11.6":0.003837,"12":0.003837,"12.1":0.023022,"15":0.007674,"16":0,"17":0,"18":0.007674,"19":0.003837,"20":0,"21":0.003837,"22":0,"23":0,"24":0,"25":0,"26":0,"27":0,"28":0.015348,"29":0.003837,"30":0.003837,"31":0.003837,"32":0.003837,"33":0.007674,"34":0.134295,"35":0.471951,"36":0.015348},"safari":{"3.1":0,"3.2":0,"4":0.003837,"5":0.007674,"5.1":0.015348,"6":0,"6.1":0,"7":0.003837,"7.1":0.003837,"8":0.019185,"9":0.111273,"9.1":0},"android":{"2.1":0,"2.2":0,"2.3":0.0571664769539,"3":0,"4":0.494614300601,"4.1":1.04142408016,"4.2-4.3":2.33636905812,"4.4":4.70504960321,"4.4.3-4.4.4":2.52775248096,"47":null},"ios_saf":{"3.2":0,"4.0-4.1":0,"4.2-4.3":0,"5.0-5.1":0,"6.0-6.1":0,"7.0-7.1":0.600471837724,"8":0.0407631012554,"8.1-8.4":1.65874465878,"9.0-9.2":12.9360134022,"9.3":null},"op_mob":{"10":0,"11":0,"11.1":0,"11.5":0,"12":4.26005712654e-5,"12.1":4.26005712654e-5,"0":0.00183182456441},"ie":{"5.5":0,"6":0.00390576344086,"7":0.00390576344086,"8":0.554618408602,"9":0.140607483871,"10":0.132795956989,"11":1.33967686022},"bb":{"7":0.00770375,"10":null},"ie_mob":{"10":0.0397902427184,"11":0.175914757282},"edge":{"12":0.065229,"13":0.134295,"14":0},"and_uc":{"0":0.603974},"op_mini":{"5.0-8.0":0.743805974293},"and_chr":{"0":37.336749},"and_ff":{"0":0.055467}},"total":96.9421319866}