{"id":"IR","name":"Iran","month":"2015-10","access_date":"2015-11-03","data":{"chrome":{"4":0.029925,"5":0.02394,"6":0.029925,"7":0.017955,"8":0.017955,"9":0.01197,"10":0.02394,"11":0.17955,"12":0.03591,"13":0.029925,"14":0.053865,"15":0.03591,"16":0.01197,"17":0.01197,"18":0.02394,"19":0.01197,"20":0.01197,"21":0.005985,"22":0.05985,"23":0.02394,"24":0.02394,"25":0.017955,"26":0.029925,"27":0.017955,"28":0.02394,"29":0.041895,"30":0.03591,"31":0.065835,"32":0.02394,"33":0.09576,"34":0.041895,"35":0.04788,"36":0.08379,"37":0.077805,"38":0.16758,"39":0.125685,"40":0.089775,"41":0.077805,"42":0.13167,"43":0.34713,"44":0.53865,"45":7.271775,"46":6.69123,"47":0.07182,"48":0.041895,"49":0},"firefox":{"2":0.005985,"3":0.053865,"3.5":0.041895,"3.6":0.137655,"4":0.125685,"5":0.029925,"6":0.03591,"7":0.04788,"8":0.053865,"9":0.04788,"10":0.04788,"11":0.07182,"12":0.17955,"13":0.077805,"14":0.149625,"15":0.089775,"16":0.101745,"17":0.065835,"18":0.065835,"19":0.04788,"20":0.077805,"21":0.09576,"22":0.05985,"23":0.089775,"24":0.1197,"25":0.09576,"26":0.125685,"27":0.10773,"28":0.077805,"29":0.197505,"30":0.233415,"31":0.245385,"32":0.25137,"33":0.50274,"34":0.245385,"35":0.317205,"36":0.29925,"37":0.412965,"38":0.77805,"39":0.89775,"40":2.47779,"41":10.6533,"42":1.08927,"43":0.017955,"44":0.01197},"opera":{"9":0,"9.5-9.6":0.005985,"10.0-10.1":0,"10.5":0,"10.6":0.005985,"11":0.01197,"11.1":0.005985,"11.5":0.01197,"11.6":0.02394,"12":0.02394,"12.1":0.13167,"15":0.005985,"16":0.005985,"17":0.01197,"18":0.01197,"19":0.005985,"20":0.01197,"21":0.005985,"22":0.005985,"23":0.005985,"24":0.005985,"25":0.01197,"26":0.01197,"27":0.005985,"28":0.03591,"29":0.01197,"30":0.04788,"31":0.04788,"32":0.55062,"33":0.005985,"34":0},"safari":{"3.1":0,"3.2":0,"4":0.01197,"5":0.01197,"5.1":0.03591,"6":0.005985,"6.1":0.005985,"7":0.02394,"7.1":0.017955,"8":0.13167,"9":0.14364},"android":{"2.1":0,"2.2":0,"2.3":0.113646433379,"3":0,"4":0.331308246462,"4.1":1.18847202365,"4.2-4.3":2.48481184846,"4.4":4.63831545047,"4.4.3-4.4.4":2.40391099758,"44":null},"ios_saf":{"3.2":0,"4.0-4.1":0,"4.2-4.3":0,"5.0-5.1":0.00779046816668,"6.0-6.1":0.00816144284129,"7.0-7.1":0.198842425588,"8":0.0267101765715,"8.1-8.4":0.888855320351,"9.0-9.1":2.54637016648},"op_mob":{"10":0,"11":0,"11.1":0,"11.5":0,"12":0.0181811320755,"12.1":0.0545433962264,"0":0.636339622642},"ie":{"5.5":0,"6":0.886668398438,"7":1.14000222656,"8":5.6457253125,"9":1.9301625,"10":1.70095570312,"11":5.65778882813},"bb":{"7":0.01606,"10":null},"ie_mob":{"10":0.0339813601533,"11":0.154723639847},"op_mini":{"5.0-8.0":6.80701584906},"and_chr":{"0":16.953605},"and_ff":{"0":0.798985},"edge":{"12":0.2394,"13":null},"and_uc":{"0":2.09583}},"total":98.8208829687}