{"id":"IR","name":"Iran","month":"2015-08","access_date":"2015-09-03","data":{"chrome":{"4":0.029895,"5":0.029895,"6":0.029895,"7":0.017937,"8":0.017937,"9":0.011958,"10":0.023916,"11":0.17937,"12":0.041853,"13":0.029895,"14":0.065769,"15":0.035874,"16":0.005979,"17":0.011958,"18":0.023916,"19":0.011958,"20":0.011958,"21":0.011958,"22":0.053811,"23":0.023916,"24":0.029895,"25":0.011958,"26":0.029895,"27":0.023916,"28":0.023916,"29":0.029895,"30":0.035874,"31":0.071748,"32":0.017937,"33":0.089685,"34":0.041853,"35":0.041853,"36":0.077727,"37":0.071748,"38":0.155454,"39":0.125559,"40":0.125559,"41":0.077727,"42":0.137517,"43":0.849018,"44":11.449785,"45":0.071748,"46":0.077727,"47":0,"48":0},"firefox":{"2":0.011958,"3":0.077727,"3.5":0.041853,"3.6":0.155454,"4":0.137517,"5":0.029895,"6":0.035874,"7":0.047832,"8":0.053811,"9":0.047832,"10":0.041853,"11":0.071748,"12":0.17937,"13":0.083706,"14":0.113601,"15":0.101643,"16":0.113601,"17":0.065769,"18":0.083706,"19":0.047832,"20":0.065769,"21":0.089685,"22":0.071748,"23":0.071748,"24":0.131538,"25":0.089685,"26":0.125559,"27":0.095664,"28":0.065769,"29":0.209265,"30":0.275034,"31":0.286992,"32":0.29895,"33":0.388635,"34":0.269055,"35":0.406572,"36":0.281013,"37":0.789228,"38":1.297443,"39":7.946091,"40":4.66362,"41":0.472341,"42":0.011958,"43":0.005979},"opera":{"9":0,"9.5-9.6":0.005979,"10.0-10.1":0.005979,"10.5":0,"10.6":0.005979,"11":0.011958,"11.1":0.005979,"11.5":0.011958,"11.6":0.023916,"12":0.029895,"12.1":0.131538,"15":0.005979,"16":0.005979,"17":0.005979,"18":0.011958,"19":0.005979,"20":0.011958,"21":0.005979,"22":0.005979,"23":0.005979,"24":0.005979,"25":0.005979,"26":0.017937,"27":0.005979,"28":0.023916,"29":0.017937,"30":0.143496,"31":0.424509,"32":0.005979,"33":0},"safari":{"3.1":0,"3.2":0,"4":0.005979,"5":0.011958,"5.1":0.035874,"6":0.005979,"6.1":0.005979,"7":0.023916,"7.1":0.029895,"8":0.191328,"9":0},"android":{"2.1":0,"2.2":0,"2.3":0.18080947846,"3":0,"4":0.576330212592,"4.1":2.02280604028,"4.2-4.3":4.39875559317,"4.4":0.0282514810094,"4.4.3-4.4.4":3.87610319449,"44":null},"ios_saf":{"3.2":0,"4.0-4.1":0,"4.2-4.3":0,"5.0-5.1":0.0114893178388,"6.0-6.1":0.0191488630647,"7.0-7.1":0.315573263306,"8":0.0432764305262,"8.1-8.4":3.39202960328,"9":0.0248935219841},"op_mob":{"10":0,"11":0,"11.1":0,"11.5":0,"12":0.0252857718739,"12.1":0.0505715437479,"0":0.783858928092},"ie":{"5.5":0,"6":0.881733315928,"7":1.09166981972,"8":6.63999170566,"9":2.75916547841,"10":2.41726888652,"11":6.75395723629},"bb":{"7":0.01507875,"10":null},"ie_mob":{"10":0.0344851864407,"11":0.142438813559},"and_uc":{"0":2.022563},"op_mini":{"5.0-8.0":8.80274675629},"and_chr":{"0":14.560486},"and_ff":{"0":1.041439},"edge":{"12":0.137517,"13":null}},"total":98.6008581925}