{"id":"IS","name":"Iceland","month":"2015-08","access_date":"2015-09-03","data":{"chrome":{"4":0,"5":0,"6":0,"7":0,"8":0,"9":0,"10":0,"11":0.025152,"12":0.008384,"13":0,"14":0,"15":0.008384,"16":0,"17":0,"18":0.008384,"19":0,"20":0,"21":0.033536,"22":0.016768,"23":0,"24":0.008384,"25":0.008384,"26":0.008384,"27":0.008384,"28":0.008384,"29":0.075456,"30":0.008384,"31":0.067072,"32":0.033536,"33":0.050304,"34":0.050304,"35":0.058688,"36":0.092224,"37":0.12576,"38":0.058688,"39":0.142528,"40":0.142528,"41":0.08384,"42":0.226368,"43":2.381056,"44":38.851456,"45":0.159296,"46":0.486272,"47":0.008384,"48":0},"firefox":{"2":0,"3":0.033536,"3.5":0,"3.6":0.025152,"4":0.008384,"5":0.008384,"6":0.008384,"7":0,"8":0,"9":0,"10":0.008384,"11":0,"12":0.016768,"13":0,"14":0.008384,"15":0.008384,"16":0.033536,"17":0,"18":0.04192,"19":0.008384,"20":0.008384,"21":0.008384,"22":0.008384,"23":0.008384,"24":0.008384,"25":0.008384,"26":0.016768,"27":0.008384,"28":0.016768,"29":0.008384,"30":0.008384,"31":0.201216,"32":0.050304,"33":0.016768,"34":0.025152,"35":0.050304,"36":0.050304,"37":0.150912,"38":0.570112,"39":7.7552,"40":5.097472,"41":0.100608,"42":0.025152,"43":0},"opera":{"9":0,"9.5-9.6":0,"10.0-10.1":0,"10.5":0,"10.6":0,"11":0,"11.1":0,"11.5":0,"11.6":0,"12":0,"12.1":0.134144,"15":0,"16":0,"17":0,"18":0,"19":0,"20":0.008384,"21":0,"22":0,"23":0,"24":0,"25":0.008384,"26":0,"27":0,"28":0.016768,"29":0.016768,"30":0.159296,"31":0.595264,"32":0,"33":0},"safari":{"3.1":0,"3.2":0,"4":0.08384,"5":0.176064,"5.1":0.444352,"6":0.108992,"6.1":0.37728,"7":0.427584,"7.1":1.073152,"8":3.797952,"9":0.04192},"android":{"2.1":0,"2.2":0,"2.3":0.0275788284476,"3":0,"4":0.0879075156768,"4.1":0.308538143258,"4.2-4.3":0.670941185827,"4.4":0.00430919194494,"4.4.3-4.4.4":0.591221134846,"44":null},"ios_saf":{"3.2":0,"4.0-4.1":0,"4.2-4.3":0,"5.0-5.1":0.041512152128,"6.0-6.1":0.0691869202133,"7.0-7.1":1.14020044512,"8":0.156362439682,"8.1-8.4":12.2557710466,"9":0.0899429962773},"op_mob":{"10":0,"11":0,"11.1":0,"11.5":0,"12":0.000181843668222,"12.1":0.000363687336443,"0":0.00563715371487},"ie":{"5.5":0,"6":0,"7":0.00880609674235,"8":0.845385287266,"9":0.616426771964,"10":0.686875545903,"11":6.75427620138},"bb":{"7":0.008484,"10":null},"ie_mob":{"10":0.078430779661,"11":0.323953220339},"and_uc":{"0":0.119584},"op_mini":{"5.0-8.0":0.0633053152805},"and_chr":{"0":7.882224},"and_ff":{"0":0.168064},"edge":{"12":0.746176,"13":null}},"total":98.8785579033}