{"id":"IT","name":"Italy","month":"2016-02","access_date":"2016-03-03","data":{"firefox":{"2":0,"3":0.007687,"3.5":0,"3.6":0.030748,"4":0.007687,"5":0,"6":0.007687,"7":0,"8":0,"9":0.007687,"10":0.007687,"11":0.015374,"12":0.023061,"13":0.007687,"14":0.007687,"15":0.007687,"16":0.038435,"17":0.007687,"18":0.007687,"19":0.007687,"20":0.015374,"21":0.061496,"22":0.015374,"23":0.015374,"24":0.023061,"25":0.015374,"26":0.015374,"27":0.015374,"28":0.023061,"29":0.023061,"30":0.030748,"31":0.053809,"32":0.015374,"33":0.030748,"34":0.061496,"35":0.061496,"36":0.046122,"37":0.099931,"38":0.169114,"39":0.099931,"40":0.084557,"41":0.122992,"42":0.169114,"43":3.489898,"44":7.048979,"45":0.061496,"46":0.007687,"47":0},"chrome":{"4":0,"5":0,"6":0,"7":0,"8":0,"9":0,"10":0,"11":0.038435,"12":0,"13":0,"14":0,"15":0,"16":0,"17":0.007687,"18":0.007687,"19":0,"20":0,"21":0.015374,"22":0.084557,"23":0.007687,"24":0.007687,"25":0.030748,"26":0.046122,"27":0.023061,"28":0.015374,"29":0.030748,"30":0.015374,"31":0.069183,"32":0.069183,"33":0.046122,"34":0.084557,"35":0.107618,"36":0.491968,"37":0.084557,"38":0.122992,"39":0.299793,"40":0.07687,"41":0.169114,"42":0.084557,"43":0.169114,"44":0.169114,"45":0.222923,"46":0.269045,"47":1.176111,"48":36.190396,"49":0.107618,"50":0.092244,"51":0},"opera":{"9":0,"9.5-9.6":0,"10.0-10.1":0,"10.5":0,"10.6":0,"11":0,"11.1":0,"11.5":0,"11.6":0.007687,"12":0.015374,"12.1":0.084557,"15":0.007687,"16":0,"17":0,"18":0,"19":0,"20":0,"21":0,"22":0,"23":0,"24":0,"25":0,"26":0,"27":0,"28":0.099931,"29":0,"30":0.007687,"31":0.007687,"32":0.007687,"33":0.007687,"34":0.146053,"35":0.468907,"36":0.007687},"safari":{"3.1":0,"3.2":0,"4":0.038435,"5":0.138366,"5.1":0.361289,"6":0.030748,"6.1":0.215236,"7":0.092244,"7.1":0.069183,"8":0.545777,"9":3.428402,"9.1":0.023061},"android":{"2.1":0,"2.2":0,"2.3":0.0201308485861,"3":0,"4":0.174175602984,"4.1":0.366731545981,"4.2-4.3":0.822739029169,"4.4":1.65685636406,"4.4.3-4.4.4":0.890133609218,"47":null},"ios_saf":{"3.2":0,"4.0-4.1":0,"4.2-4.3":0,"5.0-5.1":0,"6.0-6.1":0,"7.0-7.1":0.378138721856,"8":0.025669991562,"8.1-8.4":1.0445711951,"9.0-9.2":8.14627309148,"9.3":null},"op_mob":{"10":0,"11":0,"11.1":0,"11.5":0,"12":8.45655526992e-6,"12.1":8.45655526992e-6,"0":0.000363631876607},"ie":{"5.5":0,"6":0.0154632354892,"7":0.0386580887231,"8":0.811819863184,"9":0.618529419569,"10":0.510286771144,"11":7.3141103864},"bb":{"7":0.02255175,"10":null},"ie_mob":{"10":0.289708864078,"11":1.28081813592},"edge":{"12":0.415098,"13":1.245294,"14":0},"and_uc":{"0":0.215109},"op_mini":{"5.0-8.0":0.147651455013},"and_chr":{"0":13.087832},"and_ff":{"0":0.037008}},"total":97.8893215145}