{"id":"JE","name":"Jersey","month":"2015-10","access_date":"2015-11-03","data":{"chrome":{"4":0,"5":0,"6":0,"7":0,"8":0.007125,"9":0,"10":0,"11":0.035625,"12":0,"13":0,"14":0,"15":0.007125,"16":0,"17":0,"18":0,"19":0,"20":0,"21":0.007125,"22":0.0285,"23":0,"24":0,"25":0,"26":0.007125,"27":0.0285,"28":0,"29":0.01425,"30":0.007125,"31":0.049875,"32":0.007125,"33":0.04275,"34":0.01425,"35":0.01425,"36":0.07125,"37":0.021375,"38":0.04275,"39":0.092625,"40":0.057,"41":0.01425,"42":0.07125,"43":0.24225,"44":0.285,"45":10.566375,"46":10.024875,"47":0.049875,"48":0.01425,"49":0},"firefox":{"2":0,"3":0,"3.5":0,"3.6":0.01425,"4":0,"5":0,"6":0.007125,"7":0,"8":0,"9":0,"10":0,"11":0.007125,"12":0.01425,"13":0.007125,"14":0,"15":0,"16":0.01425,"17":0,"18":0,"19":0.021375,"20":0.007125,"21":0,"22":0,"23":0,"24":0.007125,"25":0.007125,"26":0.007125,"27":0.007125,"28":0.01425,"29":0.007125,"30":0.035625,"31":0.007125,"32":0,"33":0.15675,"34":0.007125,"35":0.021375,"36":0.007125,"37":0.0285,"38":0.07125,"39":0.092625,"40":0.7695,"41":5.122875,"42":0.057,"43":0.01425,"44":0},"opera":{"9":0.007125,"9.5-9.6":0,"10.0-10.1":0,"10.5":0,"10.6":0,"11":0,"11.1":0,"11.5":0,"11.6":0,"12":0,"12.1":0.0285,"15":0,"16":0.007125,"17":0,"18":0,"19":0,"20":0,"21":0,"22":0,"23":0,"24":0,"25":0,"26":0.007125,"27":0,"28":0.007125,"29":0,"30":0.007125,"31":0.007125,"32":0.21375,"33":0.007125,"34":0},"safari":{"3.1":0,"3.2":0,"4":0.01425,"5":0.178125,"5.1":0.919125,"6":0.064125,"6.1":0.577125,"7":0.249375,"7.1":0.591375,"8":2.044875,"9":3.135},"android":{"2.1":0,"2.2":0,"2.3":0.0262630954436,"3":0,"4":0.0765636002761,"4.1":0.27464965913,"4.2-4.3":0.574227002071,"4.4":1.07189040387,"4.4.3-4.4.4":0.555531239213,"44":null},"ios_saf":{"3.2":0,"4.0-4.1":0,"4.2-4.3":0,"5.0-5.1":0.0651003178287,"6.0-6.1":0.0682003329634,"7.0-7.1":1.6616081122,"8":0.223201089698,"8.1-8.4":7.42763626274,"9.0-9.1":21.2785038846},"op_mob":{"10":0,"11":0,"11.1":0,"11.5":0,"12":0.00284440009676,"12.1":0.00853320029028,"0":0.0995540033866},"ie":{"5.5":0,"6":0,"7":0.0285137283237,"8":0.741356936416,"9":0.841154985549,"10":1.85339234104,"11":11.277179552},"bb":{"7":0.04096875,"10":null},"ie_mob":{"10":0.183790708812,"11":0.836834291188},"op_mini":{"5.0-8.0":1.06494339623},"and_chr":{"0":9.2955},"and_ff":{"0":0.06325},"edge":{"12":1.489125,"13":null},"and_uc":{"0":0.99475}},"total":98.5480662934}