{"id":"JM","name":"Jamaica","month":"2015-10","access_date":"2015-11-03","data":{"chrome":{"4":0,"5":0,"6":0.006976,"7":0,"8":0.006976,"9":0,"10":0.013952,"11":0.055808,"12":0.013952,"13":0.006976,"14":0.006976,"15":0,"16":0.006976,"17":0,"18":0.041856,"19":0,"20":0.013952,"21":0.006976,"22":0.167424,"23":0,"24":0,"25":0.006976,"26":0.03488,"27":0.013952,"28":0.013952,"29":0.013952,"30":0.03488,"31":0.10464,"32":0.041856,"33":0.076736,"34":0.062784,"35":0.083712,"36":0.167424,"37":0.090688,"38":0.06976,"39":0.251136,"40":0.090688,"41":0.083712,"42":0.962688,"43":0.572032,"44":0.718528,"45":17.40512,"46":17.105152,"47":0.48832,"48":0.334848,"49":0},"firefox":{"2":0,"3":0.006976,"3.5":0.006976,"3.6":0.027904,"4":0.020928,"5":0.006976,"6":0.020928,"7":0.027904,"8":0.006976,"9":0.006976,"10":0.020928,"11":0.03488,"12":0.027904,"13":0.006976,"14":0.006976,"15":0.006976,"16":0.020928,"17":0.027904,"18":0.006976,"19":0.006976,"20":0.006976,"21":0.013952,"22":0.013952,"23":0.006976,"24":0.027904,"25":0.006976,"26":0.006976,"27":0.013952,"28":0.020928,"29":0.041856,"30":0.020928,"31":0.020928,"32":0.083712,"33":0.027904,"34":0.027904,"35":0.041856,"36":0.10464,"37":0.118592,"38":0.230208,"39":0.55808,"40":0.878976,"41":6.655104,"42":0.55808,"43":0.006976,"44":0.006976},"opera":{"9":0,"9.5-9.6":0,"10.0-10.1":0,"10.5":0,"10.6":0,"11":0,"11.1":0,"11.5":0,"11.6":0.006976,"12":0.006976,"12.1":0.160448,"15":0,"16":0,"17":0,"18":0,"19":0,"20":0,"21":0,"22":0,"23":0,"24":0,"25":0,"26":0,"27":0.020928,"28":0.048832,"29":0.020928,"30":0.03488,"31":0.020928,"32":1.144064,"33":0.048832,"34":0},"safari":{"3.1":0,"3.2":0,"4":0.013952,"5":0.055808,"5.1":0.153472,"6":0.020928,"6.1":0.06976,"7":0.06976,"7.1":0.125568,"8":0.425536,"9":0.816192},"android":{"2.1":0,"2.2":0,"2.3":0.0991648049707,"3":0,"4":0.289090617881,"4.1":1.03702855368,"4.2-4.3":2.1681796341,"4.4":4.04726865033,"4.4.3-4.4.4":2.09758773904,"44":null},"ios_saf":{"3.2":0,"4.0-4.1":0,"4.2-4.3":0,"5.0-5.1":0.0111597021491,"6.0-6.1":0.0116911165372,"7.0-7.1":0.284838111997,"8":0.0382618359399,"8.1-8.4":1.27326887378,"9.0-9.1":3.6476283596},"op_mob":{"10":0,"11":0,"11.1":0,"11.5":0,"12":0.00430119013062,"12.1":0.0129035703919,"0":0.150541654572},"ie":{"5.5":0,"6":0.00701260020986,"7":0.0350630010493,"8":0.49088201469,"9":0.441793813221,"10":0.553995416579,"11":4.9088201469},"bb":{"7":0.26082,"10":null},"ie_mob":{"10":0.150840827586,"11":0.686807172414},"op_mini":{"5.0-8.0":1.61036558491},"and_chr":{"0":16.739824},"and_ff":{"0":0.06048},"edge":{"12":1.527744,"13":null},"and_uc":{"0":2.376864}},"total":97.2674909927}