{"id":"JP","name":"Japan","month":"2015-08","access_date":"2015-09-03","data":{"chrome":{"4":0,"5":0,"6":0,"7":0,"8":0,"9":0,"10":0,"11":0.033155,"12":0,"13":0,"14":0,"15":0,"16":0,"17":0.026524,"18":0.006631,"19":0,"20":0,"21":0.013262,"22":0.006631,"23":0.006631,"24":0.006631,"25":0.006631,"26":0.006631,"27":0.019893,"28":0.006631,"29":0.006631,"30":0.013262,"31":0.305026,"32":0.006631,"33":0.026524,"34":0.026524,"35":0.039786,"36":0.033155,"37":0.026524,"38":0.046417,"39":0.072941,"40":0.053048,"41":0.06631,"42":0.232085,"43":0.676362,"44":17.916962,"45":0.086203,"46":0.079572,"47":0.006631,"48":0},"firefox":{"2":0,"3":0.006631,"3.5":0.006631,"3.6":0.026524,"4":0.006631,"5":0,"6":0,"7":0,"8":0,"9":0,"10":0.006631,"11":0.006631,"12":0.019893,"13":0.006631,"14":0.006631,"15":0.006631,"16":0.033155,"17":0.019893,"18":0.006631,"19":0.006631,"20":0.006631,"21":0.013262,"22":0.006631,"23":0.006631,"24":0.013262,"25":0.013262,"26":0.006631,"27":0.006631,"28":0.026524,"29":0.019893,"30":0.019893,"31":0.046417,"32":0.019893,"33":0.046417,"34":0.053048,"35":0.125989,"36":0.059679,"37":0.086203,"38":0.245347,"39":4.031648,"40":3.633788,"41":0.059679,"42":0.013262,"43":0},"opera":{"9":0,"9.5-9.6":0,"10.0-10.1":0,"10.5":0,"10.6":0,"11":0.006631,"11.1":0,"11.5":0,"11.6":0.006631,"12":0.006631,"12.1":0.245347,"15":0,"16":0,"17":0,"18":0,"19":0,"20":0,"21":0,"22":0,"23":0,"24":0,"25":0,"26":0,"27":0,"28":0.006631,"29":0.013262,"30":0.139251,"31":0.324919,"32":0.006631,"33":0},"safari":{"3.1":0,"3.2":0,"4":0.06631,"5":0.165775,"5.1":0.477432,"6":0.072941,"6.1":0.298395,"7":0.159144,"7.1":0.623314,"8":1.538392,"9":0.013262},"android":{"2.1":0,"2.2":0,"2.3":0.101532206984,"3":0,"4":0.323633909763,"4.1":1.13589156564,"4.2-4.3":2.47008822304,"4.4":0.0158644073413,"4.4.3-4.4.4":2.17659668723,"44":null},"ios_saf":{"3.2":0,"4.0-4.1":0,"4.2-4.3":0,"5.0-5.1":0.0772057862964,"6.0-6.1":0.128676310494,"7.0-7.1":2.12058559694,"8":0.290808461716,"8.1-8.4":22.7937216409,"9":0.167279203642},"op_mob":{"10":0,"11":0,"11.1":0,"11.5":0,"12":0.000185143588577,"12.1":0.000370287177153,"0":0.00573945124588},"ie":{"5.5":0,"6":0.0465870701387,"7":0.0998294360115,"8":1.24454030228,"9":1.81024043968,"10":1.24454030228,"11":20.9575262667},"bb":{"7":0.00084225,"10":null},"ie_mob":{"10":0.0026266779661,"11":0.0108493220339},"and_uc":{"0":0.151605},"op_mini":{"5.0-8.0":0.0644541179884},"and_chr":{"0":7.430397},"and_ff":{"0":0.057273},"edge":{"12":0.550373,"13":null}},"total":98.2370030671}