{"id":"JP","name":"Japan","month":"2015-10","access_date":"2015-11-03","data":{"chrome":{"4":0,"5":0,"6":0,"7":0,"8":0,"9":0,"10":0,"11":0.03138,"12":0,"13":0,"14":0,"15":0,"16":0,"17":0.03138,"18":0.006276,"19":0,"20":0,"21":0.012552,"22":0.006276,"23":0,"24":0.006276,"25":0.006276,"26":0.006276,"27":0.018828,"28":0.006276,"29":0.006276,"30":0.006276,"31":0.194556,"32":0.012552,"33":0.025104,"34":0.025104,"35":0.03138,"36":0.03138,"37":0.025104,"38":0.03138,"39":0.050208,"40":0.037656,"41":0.056484,"42":0.150624,"43":0.200832,"44":0.263592,"45":9.35124,"46":9.219444,"47":0.081588,"48":0.043932,"49":0},"firefox":{"2":0.006276,"3":0.006276,"3.5":0.006276,"3.6":0.03138,"4":0.012552,"5":0,"6":0.006276,"7":0,"8":0,"9":0,"10":0.012552,"11":0.006276,"12":0.018828,"13":0.006276,"14":0.006276,"15":0.006276,"16":0.043932,"17":0.012552,"18":0.006276,"19":0.018828,"20":0.006276,"21":0.006276,"22":0.006276,"23":0.006276,"24":0.012552,"25":0.006276,"26":0.006276,"27":0.006276,"28":0.025104,"29":0.018828,"30":0.018828,"31":0.03138,"32":0.018828,"33":0.050208,"34":0.037656,"35":0.100416,"36":0.050208,"37":0.069036,"38":0.182004,"39":0.207108,"40":1.041816,"41":7.462164,"42":0.075312,"43":0.025104,"44":0.006276},"opera":{"9":0,"9.5-9.6":0,"10.0-10.1":0,"10.5":0,"10.6":0.006276,"11":0,"11.1":0,"11.5":0,"11.6":0.006276,"12":0.006276,"12.1":0.225936,"15":0,"16":0,"17":0,"18":0,"19":0,"20":0,"21":0,"22":0,"23":0,"24":0,"25":0.006276,"26":0,"27":0,"28":0.012552,"29":0.006276,"30":0.012552,"31":0.006276,"32":0.433044,"33":0.025104,"34":0},"safari":{"3.1":0,"3.2":0,"4":0.075312,"5":0.194556,"5.1":0.56484,"6":0.131796,"6.1":0.364008,"7":0.194556,"7.1":0.34518,"8":0.822156,"9":1.430928},"android":{"2.1":0,"2.2":0,"2.3":0.0708620345185,"3":0,"4":0.206580846393,"4.1":0.741048733863,"4.2-4.3":1.54935634795,"4.4":2.8921318495,"4.4.3-4.4.4":1.49891218778,"44":null},"ios_saf":{"3.2":0,"4.0-4.1":0,"4.2-4.3":0,"5.0-5.1":0.0557871112905,"6.0-6.1":0.0584436403996,"7.0-7.1":1.42389960246,"8":0.191270095853,"8.1-8.4":6.36504374533,"9.0-9.1":18.2344158047},"op_mob":{"10":0,"11":0,"11.1":0,"11.5":0,"12":0.000162148040639,"12.1":0.000486444121916,"0":0.00567518142235},"ie":{"5.5":0,"6":0.0503969887077,"7":0.0944943538269,"8":1.34181982434,"9":1.43631417817,"10":0.907145796738,"11":16.1774333752},"bb":{"7":0.000931,"10":null},"ie_mob":{"10":0.00402363218391,"11":0.0183203678161},"op_mini":{"5.0-8.0":0.0607082264151},"and_chr":{"0":9.266132},"and_ff":{"0":0.022344},"edge":{"12":0.771948,"13":null},"and_uc":{"0":0.1862}},"total":98.1628395169}