{"id":"KE","name":"Kenya","month":"2016-02","access_date":"2016-03-03","data":{"firefox":{"2":0.001134,"3":0.012474,"3.5":0.003402,"3.6":0.009072,"4":0.004536,"5":0.002268,"6":0.003402,"7":0.004536,"8":0.004536,"9":0.004536,"10":0.009072,"11":0.009072,"12":0.014742,"13":0.010206,"14":0.010206,"15":0.007938,"16":0.012474,"17":0.007938,"18":0.010206,"19":0.009072,"20":0.021546,"21":0.010206,"22":0.00567,"23":0.010206,"24":0.01134,"25":0.009072,"26":0.007938,"27":0.006804,"28":0.009072,"29":0.031752,"30":0.031752,"31":0.020412,"32":0.018144,"33":0.030618,"34":0.024948,"35":0.027216,"36":0.02835,"37":0.04536,"38":0.0567,"39":0.053298,"40":0.054432,"41":0.071442,"42":0.104328,"43":1.16235,"44":1.843884,"45":0.384426,"46":0.00567,"47":0.003402},"chrome":{"4":0,"5":0.001134,"6":0,"7":0,"8":0,"9":0,"10":0.001134,"11":0.018144,"12":0.001134,"13":0,"14":0.001134,"15":0,"16":0.001134,"17":0,"18":0,"19":0,"20":0,"21":0.001134,"22":0.003402,"23":0,"24":0.001134,"25":0.002268,"26":0.003402,"27":0.002268,"28":0.002268,"29":0.003402,"30":0.001134,"31":0.018144,"32":0.006804,"33":0.013608,"34":0.006804,"35":0.004536,"36":0.004536,"37":0.002268,"38":0.002268,"39":0.007938,"40":0.012474,"41":0.01134,"42":0.009072,"43":0.035154,"44":0.04536,"45":0.060102,"46":0.037422,"47":0.123606,"48":3.37932,"49":0.02268,"50":0.043092,"51":0},"opera":{"9":0,"9.5-9.6":0,"10.0-10.1":0,"10.5":0,"10.6":0,"11":0.001134,"11.1":0,"11.5":0.001134,"11.6":0.002268,"12":0.001134,"12.1":0.029484,"15":0.001134,"16":0,"17":0,"18":0.002268,"19":0.00567,"20":0.001134,"21":0.001134,"22":0.001134,"23":0,"24":0,"25":0.001134,"26":0.001134,"27":0.002268,"28":0.01134,"29":0.007938,"30":0.014742,"31":0.002268,"32":0.035154,"33":0.06237,"34":0.179172,"35":0.258552,"36":0.001134},"safari":{"3.1":0,"3.2":0,"4":0.002268,"5":0.004536,"5.1":0.007938,"6":0.004536,"6.1":0.004536,"7":0.007938,"7.1":0.003402,"8":0.026082,"9":0.117936,"9.1":0},"android":{"2.1":0,"2.2":0,"2.3":0.016548333556,"3":0,"4":0.143179059898,"4.1":0.301467467825,"4.2-4.3":0.676323197506,"4.4":1.36199980094,"4.4.3-4.4.4":0.731724140281,"47":null},"ios_saf":{"3.2":0,"4.0-4.1":0,"4.2-4.3":0,"5.0-5.1":0,"6.0-6.1":0,"7.0-7.1":0.0201687847294,"8":0.00136916032105,"8.1-8.4":0.0557142930644,"9.0-9.2":0.434497761885,"9.3":null},"op_mob":{"10":0,"11":0,"11.1":0,"11.5":0,"12":0.00423319211654,"12.1":0.00423319211654,"0":0.182027261011},"ie":{"5.5":0,"6":0.00344005369128,"7":0.00229336912752,"8":0.066507704698,"9":0.0252270604027,"10":0.0527474899329,"11":0.36005895302},"bb":{"7":0.031031,"10":null},"ie_mob":{"10":0.245321359223,"11":1.08457864078},"edge":{"12":0.035154,"13":0.0567,"14":0},"and_uc":{"0":4.636918},"op_mini":{"5.0-8.0":73.9115343548},"and_chr":{"0":4.795458},"and_ff":{"0":0.053196}},"total":98.2295716309}