{"id":"KE","name":"Kenya","month":"2015-10","access_date":"2015-11-03","data":{"chrome":{"4":0,"5":0.000899,"6":0,"7":0,"8":0,"9":0.000899,"10":0.000899,"11":0.010788,"12":0.001798,"13":0,"14":0,"15":0.000899,"16":0.000899,"17":0,"18":0.000899,"19":0,"20":0.000899,"21":0.000899,"22":0.003596,"23":0,"24":0.001798,"25":0.002697,"26":0.001798,"27":0.000899,"28":0.001798,"29":0.002697,"30":0.002697,"31":0.01798,"32":0.005394,"33":0.009889,"34":0.005394,"35":0.005394,"36":0.00899,"37":0.004495,"38":0.003596,"39":0.010788,"40":0.013485,"41":0.008091,"42":0.054839,"43":0.040455,"44":0.065627,"45":1.291863,"46":1.323328,"47":0.034162,"48":0.022475,"49":0},"firefox":{"2":0.000899,"3":0.003596,"3.5":0.003596,"3.6":0.009889,"4":0.004495,"5":0.002697,"6":0.002697,"7":0.003596,"8":0.005394,"9":0.004495,"10":0.008091,"11":0.007192,"12":0.015283,"13":0.05394,"14":0.010788,"15":0.012586,"16":0.013485,"17":0.013485,"18":0.010788,"19":0.011687,"20":0.018879,"21":0.00899,"22":0.006293,"23":0.011687,"24":0.00899,"25":0.00899,"26":0.009889,"27":0.009889,"28":0.007192,"29":0.02697,"30":0.031465,"31":0.024273,"32":0.021576,"33":0.033263,"34":0.030566,"35":0.039556,"36":0.034162,"37":0.069223,"38":0.081809,"39":0.137547,"40":0.3596,"41":2.22952,"42":0.317347,"43":0.005394,"44":0.001798},"opera":{"9":0,"9.5-9.6":0,"10.0-10.1":0,"10.5":0,"10.6":0,"11":0.000899,"11.1":0,"11.5":0.000899,"11.6":0.001798,"12":0.000899,"12.1":0.049445,"15":0.000899,"16":0.000899,"17":0,"18":0.002697,"19":0.001798,"20":0.000899,"21":0.000899,"22":0.000899,"23":0,"24":0.000899,"25":0.000899,"26":0,"27":0.001798,"28":0.005394,"29":0.00899,"30":0.039556,"31":0.003596,"32":0.275094,"33":0.00899,"34":0.000899},"safari":{"3.1":0,"3.2":0,"4":0.001798,"5":0.004495,"5.1":0.010788,"6":0.001798,"6.1":0.003596,"7":0.007192,"7.1":0.012586,"8":0.050344,"9":0.07192},"android":{"2.1":0,"2.2":0,"2.3":0.02416771971,"3":0,"4":0.0704550472903,"4.1":0.252737001036,"4.2-4.3":0.528412854677,"4.4":0.986370662064,"4.4.3-4.4.4":0.511208715223,"44":null},"ios_saf":{"3.2":0,"4.0-4.1":0,"4.2-4.3":0,"5.0-5.1":0.000913295530219,"6.0-6.1":0.000956785793563,"7.0-7.1":0.0233107811523,"8":0.00313129896075,"8.1-8.4":0.104202670972,"9.0-9.1":0.298517167592},"op_mob":{"10":0,"11":0,"11.1":0,"11.5":0,"12":0.194282353653,"12.1":0.582847060958,"0":6.79988237784},"ie":{"5.5":0,"6":0.00363580811808,"7":0.00181790405904,"8":0.0818056826568,"9":0.0299954169742,"10":0.0554460738007,"11":0.318133210332},"bb":{"7":0.02957825,"10":null},"ie_mob":{"10":0.149137842912,"11":0.679053157088},"op_mini":{"5.0-8.0":72.7393132075},"and_chr":{"0":2.515527},"and_ff":{"0":0.072808},"edge":{"12":0.064728,"13":null},"and_uc":{"0":4.059046}},"total":98.4525333459}