{"id":"KG","name":"Kyrgyzstan","month":"2015-10","access_date":"2015-11-03","data":{"chrome":{"4":0.011466,"5":0.011466,"6":0.011466,"7":0.005733,"8":0.045864,"9":0.011466,"10":0.051597,"11":0.040131,"12":0.085995,"13":0.063063,"14":0.017199,"15":0.022932,"16":0.034398,"17":0.045864,"18":0.040131,"19":0.017199,"20":0.011466,"21":0.034398,"22":0.045864,"23":0.022932,"24":0.022932,"25":0.017199,"26":0.017199,"27":0.034398,"28":0.034398,"29":0.028665,"30":0.005733,"31":0.263718,"32":0.011466,"33":0.143325,"34":0.017199,"35":0.028665,"36":0.040131,"37":0.034398,"38":0.034398,"39":0.504504,"40":0.085995,"41":0.120393,"42":0.137592,"43":0.452907,"44":0.412776,"45":14.212107,"46":16.155594,"47":0.418509,"48":0.366912,"49":0},"firefox":{"2":0.005733,"3":0.022932,"3.5":0.034398,"3.6":0.126126,"4":0.011466,"5":0.005733,"6":0.005733,"7":0.011466,"8":0.005733,"9":0.005733,"10":0.011466,"11":0.005733,"12":0.017199,"13":0.005733,"14":0.011466,"15":0.017199,"16":0.017199,"17":0.005733,"18":0.005733,"19":0.005733,"20":0.011466,"21":0.005733,"22":0.011466,"23":0.011466,"24":0.017199,"25":0.005733,"26":0.005733,"27":0.005733,"28":0.011466,"29":0.011466,"30":0.022932,"31":0.028665,"32":0.011466,"33":0.091728,"34":0.017199,"35":0.097461,"36":0.045864,"37":0.068796,"38":0.11466,"39":0.126126,"40":0.521703,"41":3.199014,"42":0.040131,"43":0.063063,"44":0},"opera":{"9":0,"9.5-9.6":0.005733,"10.0-10.1":0.034398,"10.5":0.005733,"10.6":0.017199,"11":0.011466,"11.1":0.011466,"11.5":0.051597,"11.6":0.131859,"12":0.085995,"12.1":1.404585,"15":0.005733,"16":0.011466,"17":0.011466,"18":0.017199,"19":0.005733,"20":0.034398,"21":0.011466,"22":0.022932,"23":0.005733,"24":0.028665,"25":0.022932,"26":0.091728,"27":0.028665,"28":0.040131,"29":0.040131,"30":0.120393,"31":0.05733,"32":4.053231,"33":0.126126,"34":0},"safari":{"3.1":0.005733,"3.2":0,"4":0.017199,"5":0.034398,"5.1":0.045864,"6":0.022932,"6.1":0.022932,"7":0.022932,"7.1":0.045864,"8":0.240786,"9":0.292383},"android":{"2.1":0,"2.2":0,"2.3":0.0706550559199,"3":0,"4":0.205977451156,"4.1":0.738884228857,"4.2-4.3":1.54483088367,"4.4":2.88368431619,"4.4.3-4.4.4":1.4945340642,"44":null},"ios_saf":{"3.2":0,"4.0-4.1":0,"4.2-4.3":0,"5.0-5.1":0.0112638122288,"6.0-6.1":0.0118001842397,"7.0-7.1":0.287495397841,"8":0.0386187847846,"8.1-8.4":1.28514733811,"9.0-9.1":3.6816574828},"op_mob":{"10":0,"11":0,"11.1":0,"11.5":0,"12":0.0313367489115,"12.1":0.0940102467344,"0":1.0967862119},"ie":{"5.5":0,"6":0.0360388939929,"7":0.0120129646643,"8":0.949024208481,"9":0.366395422261,"10":0.384414869258,"11":1.63976967668},"bb":{"7":0.008534,"10":null},"ie_mob":{"10":0.103732241379,"11":0.472312758621},"op_mini":{"5.0-8.0":11.7324787925},"and_chr":{"0":14.376633},"and_ff":{"0":0.008534},"edge":{"12":0.269451,"13":null},"and_uc":{"0":5.197206}},"total":95.3959910353}