{"id":"KH","name":"Cambodia","month":"2015-08","access_date":"2015-09-03","data":{"chrome":{"4":0,"5":0.004459,"6":0.004459,"7":0.004459,"8":0.004459,"9":0.004459,"10":0.008918,"11":0.075803,"12":0.008918,"13":0.004459,"14":0.004459,"15":0.013377,"16":0.017836,"17":0.004459,"18":0.008918,"19":0,"20":0.013377,"21":0.008918,"22":0.017836,"23":0.035672,"24":0.013377,"25":0.017836,"26":0.008918,"27":0.013377,"28":0.031213,"29":0.031213,"30":0.031213,"31":0.218491,"32":0.013377,"33":0.13377,"34":0.04459,"35":0.035672,"36":0.075803,"37":0.031213,"38":0.071344,"39":0.107016,"40":0.294294,"41":0.120393,"42":0.410228,"43":1.279733,"44":13.301197,"45":0.240786,"46":0.521703,"47":0,"48":0},"firefox":{"2":0.004459,"3":0.017836,"3.5":0.004459,"3.6":0.04459,"4":0.008918,"5":0.004459,"6":0.017836,"7":0.004459,"8":0.004459,"9":0.008918,"10":0.013377,"11":0.035672,"12":0.066885,"13":0.031213,"14":0.026754,"15":0.04459,"16":0.066885,"17":0.035672,"18":0.026754,"19":0.035672,"20":0.022295,"21":0.040131,"22":0.040131,"23":0.111475,"24":0.022295,"25":0.04459,"26":0.120393,"27":0.040131,"28":0.031213,"29":0.214032,"30":0.182819,"31":0.280917,"32":0.196196,"33":0.147147,"34":0.164983,"35":0.258622,"36":0.258622,"37":0.722358,"38":1.310946,"39":5.747651,"40":4.129034,"41":0.851669,"42":0.008918,"43":0.004459},"opera":{"9":0,"9.5-9.6":0,"10.0-10.1":0,"10.5":0,"10.6":0,"11":0.004459,"11.1":0,"11.5":0,"11.6":0.004459,"12":0.022295,"12.1":0.031213,"15":0.004459,"16":0,"17":0.013377,"18":0.004459,"19":0,"20":0.017836,"21":0.111475,"22":0,"23":0,"24":0.004459,"25":0,"26":0.008918,"27":0,"28":0.008918,"29":0.026754,"30":0.160524,"31":0.57967,"32":0.008918,"33":0},"safari":{"3.1":0,"3.2":0,"4":0.017836,"5":0.008918,"5.1":0.049049,"6":0.040131,"6.1":0.031213,"7":0.075803,"7.1":0.169442,"8":0.700063,"9":0.008918},"android":{"2.1":0,"2.2":0,"2.3":0.24746065766,"3":0,"4":0.788780846291,"4.1":2.76846610757,"4.2-4.3":6.02025381213,"4.4":0.0386657277594,"4.4.3-4.4.4":5.30493784859,"44":null},"ios_saf":{"3.2":0,"4.0-4.1":0,"4.2-4.3":0,"5.0-5.1":0.0706672894657,"6.0-6.1":0.117778815776,"7.0-7.1":1.94099488399,"8":0.266180123654,"8.1-8.4":20.8633394266,"9":0.153112460509},"op_mob":{"10":0,"11":0,"11.1":0,"11.5":0,"12":0.0197348871316,"12.1":0.0394697742633,"0":0.611781501081},"ie":{"5.5":0,"6":0.0196820395738,"7":0.00984101978691,"8":0.728235464231,"9":0.344435692542,"10":0.531415068493,"11":1.58932469559},"bb":{"7":0.011082,"10":null},"ie_mob":{"10":0.211684983051,"11":0.874351016949},"and_uc":{"0":1.88394},"op_mini":{"5.0-8.0":6.87031483752},"and_chr":{"0":10.876027},"and_ff":{"0":0.260427},"edge":{"12":0.231868,"13":null}},"total":98.5547149802}