{"id":"KH","name":"Cambodia","month":"2016-02","access_date":"2016-03-03","data":{"firefox":{"2":0,"3":0.021375,"3.5":0.004275,"3.6":0.0684,"4":0.00855,"5":0.004275,"6":0.047025,"7":0,"8":0.004275,"9":0.004275,"10":0.00855,"11":0.029925,"12":0.0513,"13":0.012825,"14":0.0171,"15":0.0171,"16":0.0342,"17":0.0171,"18":0.021375,"19":0.02565,"20":0.02565,"21":0.029925,"22":0.038475,"23":0.047025,"24":0.012825,"25":0.047025,"26":0.1026,"27":0.04275,"28":0.029925,"29":0.132525,"30":0.1197,"31":0.072675,"32":0.0855,"33":0.0855,"34":0.07695,"35":0.158175,"36":0.175275,"37":0.1197,"38":0.252225,"39":0.31635,"40":0.2565,"41":0.192375,"42":0.31635,"43":2.406825,"44":4.518675,"45":1.560375,"46":0.021375,"47":0.004275},"chrome":{"4":0,"5":0,"6":0.00855,"7":0.004275,"8":0.004275,"9":0,"10":0.00855,"11":0.089775,"12":0.0171,"13":0.004275,"14":0.004275,"15":0.004275,"16":0,"17":0,"18":0,"19":0,"20":0.004275,"21":0.021375,"22":0.012825,"23":0.021375,"24":0.00855,"25":0.0171,"26":0.012825,"27":0.0171,"28":0.021375,"29":0.1197,"30":0.0171,"31":0.09405,"32":0.012825,"33":0.106875,"34":0.0342,"35":0.02565,"36":0.038475,"37":0.029925,"38":0.02565,"39":0.064125,"40":0.038475,"41":0.089775,"42":0.072675,"43":0.7695,"44":0.62415,"45":0.96615,"46":0.363375,"47":0.82935,"48":14.975325,"49":0.320625,"50":0.508725,"51":0},"opera":{"9":0,"9.5-9.6":0,"10.0-10.1":0,"10.5":0,"10.6":0,"11":0,"11.1":0,"11.5":0,"11.6":0.004275,"12":0.004275,"12.1":0.029925,"15":0.00855,"16":0,"17":0,"18":0,"19":0,"20":0.004275,"21":0.00855,"22":0,"23":0,"24":0,"25":0,"26":0,"27":0.00855,"28":0.0171,"29":0.05985,"30":0.004275,"31":0.047025,"32":0.004275,"33":0.012825,"34":0.14535,"35":0.431775,"36":0.004275},"safari":{"3.1":0,"3.2":0,"4":0.0171,"5":0.00855,"5.1":0.047025,"6":0.02565,"6.1":0.021375,"7":0.05985,"7.1":0.012825,"8":0.26505,"9":0.7866,"9.1":0.00855},"android":{"2.1":0,"2.2":0,"2.3":0.0700236305945,"3":0,"4":0.605856629927,"4.1":1.27564787909,"4.2-4.3":2.86183533734,"4.4":5.7632492485,"4.4.3-4.4.4":3.09626227455,"47":null},"ios_saf":{"3.2":0,"4.0-4.1":0,"4.2-4.3":0,"5.0-5.1":0,"6.0-6.1":0,"7.0-7.1":0.941190576765,"8":0.0638928328874,"8.1-8.4":2.59994681519,"9.0-9.2":20.2761447752,"9.3":null},"op_mob":{"10":0,"11":0,"11.1":0,"11.5":0,"12":0.000250846900885,"12.1":0.000250846900885,"0":0.0107864167381},"ie":{"5.5":0,"6":0.0487012761021,"7":0.00974025522042,"8":0.584415313225,"9":0.116883062645,"10":0.189934976798,"11":1.12012935035},"bb":{"7":0.0085875,"10":null},"ie_mob":{"10":0.143625242718,"11":0.634974757282},"edge":{"12":0.1368,"13":0.26505,"14":0},"and_uc":{"0":2.46175},"op_mini":{"5.0-8.0":4.37978688946},"and_chr":{"0":16.185125},"and_ff":{"0":0.085875}},"total":98.0383917343}