{"id":"KI","name":"Kiribati","month":"2015-10","access_date":"2015-11-03","data":{"chrome":{"4":0,"5":0,"6":0.043065,"7":0,"8":0,"9":0.189486,"10":0,"11":0,"12":0.111969,"13":0.017226,"14":0,"15":0,"16":0,"17":0,"18":0.017226,"19":0,"20":0,"21":0,"22":0.034452,"23":0,"24":0,"25":0.439263,"26":0,"27":0,"28":0,"29":0.017226,"30":0.043065,"31":0.611523,"32":0.645975,"33":0.043065,"34":0,"35":0,"36":0.034452,"37":0,"38":0,"39":0.034452,"40":0.17226,"41":0.034452,"42":0.327294,"43":0.396198,"44":1.197207,"45":12.351042,"46":5.624289,"47":0.077517,"48":0,"49":0},"firefox":{"2":0,"3":0.017226,"3.5":0,"3.6":0.111969,"4":0.456489,"5":0.077517,"6":0,"7":0,"8":0.017226,"9":0,"10":0.077517,"11":0.223938,"12":0.017226,"13":0.17226,"14":0.327294,"15":0.017226,"16":0,"17":0.189486,"18":0,"19":0.094743,"20":0.206712,"21":0.043065,"22":0.034452,"23":0.895752,"24":0,"25":0.034452,"26":0.206712,"27":0.017226,"28":0.223938,"29":0.413424,"30":0.301455,"31":0.129195,"32":1.154142,"33":0.318681,"34":0.094743,"35":0.094743,"36":0.077517,"37":0.534006,"38":0.378972,"39":0.77517,"40":2.377188,"41":8.18235,"42":2.377188,"43":0,"44":0},"opera":{"9":0,"9.5-9.6":0,"10.0-10.1":0,"10.5":0,"10.6":0,"11":0,"11.1":0,"11.5":0,"11.6":0,"12":0.060291,"12.1":0,"15":0,"16":0,"17":0,"18":0.017226,"19":0,"20":0,"21":0,"22":0,"23":0,"24":0,"25":0,"26":0,"27":0,"28":0,"29":0,"30":0.043065,"31":0.017226,"32":16.338861,"33":0.017226,"34":0},"safari":{"3.1":0,"3.2":0,"4":0,"5":0,"5.1":0.034452,"6":0,"6.1":0,"7":0,"7.1":0.284229,"8":0.17226,"9":0.060291},"android":{"2.1":0,"2.2":0,"2.3":0.0595925559199,"3":0,"4":0.173727451156,"4.1":0.623196728857,"4.2-4.3":1.30295588367,"4.4":2.43218431619,"4.4.3-4.4.4":1.2605340642,"44":null},"ios_saf":{"3.2":0,"4.0-4.1":0,"4.2-4.3":0,"5.0-5.1":0.00338013974372,"6.0-6.1":0.00354109877913,"7.0-7.1":0.0862740429825,"8":0.0115890505499,"8.1-8.4":0.385657848855,"9.0-9.1":1.10482281909},"op_mob":{"10":0,"11":0,"11.1":0,"11.5":0,"12":0.000466359458152,"12.1":0.00139907837446,"0":0.0163225810353},"ie":{"5.5":0,"6":0,"7":0,"8":1.17130396283,"9":0.751732394052,"10":4.06459957249,"11":8.12045807063},"bb":{"7":0.004161,"10":null},"ie_mob":{"10":0.191071206897,"11":0.869983793103},"op_mini":{"5.0-8.0":0.174604981132},"and_chr":{"0":6.403423},"and_ff":{"0":0.370329},"edge":{"12":0.68904,"13":null},"and_uc":{"0":0.819717}},"total":91.275099}