{"id":"KN","name":"Saint Kitts and Nevis","month":"2015-10","access_date":"2015-11-03","data":{"chrome":{"4":0.015874,"5":0,"6":0,"7":0,"8":0,"9":0.007937,"10":0.007937,"11":0.039685,"12":0,"13":0.007937,"14":0,"15":0.007937,"16":0.007937,"17":0,"18":0,"19":0.023811,"20":0.015874,"21":0,"22":0.07937,"23":0,"24":0.031748,"25":0,"26":0.007937,"27":0.031748,"28":0.015874,"29":0.007937,"30":0.007937,"31":0.063496,"32":0.039685,"33":0.039685,"34":0.023811,"35":0.087307,"36":0.142866,"37":0.023811,"38":0.365102,"39":0.087307,"40":0.023811,"41":0.095244,"42":0.380976,"43":0.31748,"44":0.722267,"45":20.6362,"46":18.231289,"47":0.103181,"48":0.111118,"49":0},"firefox":{"2":0.007937,"3":0.007937,"3.5":0.015874,"3.6":0.031748,"4":0.015874,"5":0.007937,"6":0.015874,"7":0.007937,"8":0.007937,"9":0.007937,"10":0.007937,"11":0.007937,"12":0.007937,"13":0.015874,"14":0.015874,"15":0.015874,"16":0.015874,"17":0,"18":0.007937,"19":0.007937,"20":0.015874,"21":0.047622,"22":0.007937,"23":0.023811,"24":0,"25":0,"26":0,"27":0,"28":0,"29":0.007937,"30":0.007937,"31":0.039685,"32":0.007937,"33":0.007937,"34":0.142866,"35":0.047622,"36":0.023811,"37":0.126992,"38":0.15874,"39":0.142866,"40":1.079432,"41":6.127364,"42":0.309543,"43":0,"44":0},"opera":{"9":0,"9.5-9.6":0.007937,"10.0-10.1":0.007937,"10.5":0,"10.6":0,"11":0.007937,"11.1":0.015874,"11.5":0.015874,"11.6":0.007937,"12":0.007937,"12.1":0.055559,"15":0,"16":0,"17":0,"18":0,"19":0,"20":0,"21":0.015874,"22":0,"23":0,"24":0,"25":0,"26":0,"27":0.023811,"28":0.023811,"29":0.015874,"30":0,"31":0.015874,"32":0.904818,"33":0.015874,"34":0},"safari":{"3.1":0,"3.2":0,"4":0.007937,"5":0.047622,"5.1":0.103181,"6":0.007937,"6.1":0.253984,"7":0.15874,"7.1":0.253984,"8":1.777888,"9":2.500155},"android":{"2.1":0,"2.2":0,"2.3":0.066593607525,"3":0,"4":0.194137296514,"4.1":0.696411115982,"4.2-4.3":1.45602972385,"4.4":2.71792215119,"4.4.3-4.4.4":1.40862410494,"44":null},"ios_saf":{"3.2":0,"4.0-4.1":0,"4.2-4.3":0,"5.0-5.1":0.0193993491071,"6.0-6.1":0.020323127636,"7.0-7.1":0.495145291494,"8":0.0665120540813,"8.1-8.4":2.21337335526,"9.0-9.1":6.34081582242},"op_mob":{"10":0,"11":0,"11.1":0,"11.5":0,"12":0.000294429124335,"12.1":0.000883287373004,"0":0.0103050193517},"ie":{"5.5":0.00794374341546,"6":0,"7":0.00794374341546,"8":0.365412197111,"9":0.333637223449,"10":0.516343322005,"11":8.11056202719},"bb":{"7":0.119654,"10":null},"ie_mob":{"10":0.242959747126,"11":1.10624225287},"op_mini":{"5.0-8.0":0.110234264151},"and_chr":{"0":12.478899},"and_ff":{"0":0.026819},"edge":{"12":1.698518,"13":null},"and_uc":{"0":0.241371}},"total":97.6958672566}