{"id":"KP","name":"North Korea","month":"2015-10","access_date":"2015-11-03","data":{"chrome":{"4":0,"5":0,"6":0,"7":0,"8":0,"9":0,"10":0,"11":0,"12":0,"13":0,"14":0,"15":0,"16":0.092653,"17":0.075807,"18":0,"19":0,"20":0.025269,"21":0,"22":2.61113,"23":0,"24":0.025269,"25":0.480111,"26":0.025269,"27":0.286382,"28":0,"29":0.075807,"30":0,"31":4.598958,"32":0.075807,"33":0.404304,"34":0,"35":0,"36":3.428161,"37":0,"38":0,"39":0.075807,"40":0,"41":0.547495,"42":1.103413,"43":0.572764,"44":0.530649,"45":13.695798,"46":8.743074,"47":0,"48":0,"49":0},"firefox":{"2":0,"3":0.261113,"3.5":0,"3.6":0.025269,"4":0.050538,"5":0,"6":0,"7":0,"8":0,"9":0.143191,"10":0,"11":0,"12":0.143191,"13":0,"14":0,"15":0,"16":0,"17":0,"18":0.025269,"19":0,"20":0.025269,"21":0,"22":0,"23":0,"24":0.530649,"25":0,"26":0,"27":0,"28":0.193729,"29":0,"30":0.117922,"31":0.025269,"32":0,"33":0.311651,"34":0,"35":0.193729,"36":0,"37":0.075807,"38":0.50538,"39":0.934953,"40":0.648571,"41":22.699985,"42":0,"43":0,"44":0},"opera":{"9":0,"9.5-9.6":0,"10.0-10.1":0,"10.5":0,"10.6":0,"11":0,"11.1":0,"11.5":0,"11.6":0,"12":0,"12.1":0.025269,"15":0,"16":0,"17":0,"18":0,"19":0,"20":0,"21":0,"22":0,"23":0,"24":0,"25":0,"26":0,"27":0,"28":0,"29":0,"30":0,"31":0,"32":0.311651,"33":0,"34":0},"safari":{"3.1":0,"3.2":0,"4":0.050538,"5":0.025269,"5.1":0.193729,"6":0,"6.1":0,"7":0.075807,"7.1":0,"8":0.362189,"9":0.690686},"android":{"2.1":0,"2.2":0,"2.3":0.169580744909,"3":0,"4":0.494370985157,"4.1":1.77341219676,"4.2-4.3":3.70778238868,"4.4":6.9211937922,"4.4.3-4.4.4":3.5870638923,"44":null},"ios_saf":{"3.2":0,"4.0-4.1":0,"4.2-4.3":0,"5.0-5.1":0.00982584300272,"6.0-6.1":0.0102937402886,"7.0-7.1":0.250792945212,"8":0.0336886045808,"8.1-8.4":1.12108189688,"9.0-9.1":3.21164697003},"op_mob":{"10":0,"11":0,"11.1":0,"11.5":0,"12":0,"12.1":0,"0":0},"ie":{"5.5":0,"6":0.0257537264387,"7":0.0257537264387,"8":0.703935189324,"9":0.0944303302752,"10":0.291875566305,"11":9.15115746122},"bb":{"7":0.01301025,"10":null},"ie_mob":{"10":0,"11":0},"op_mini":{"5.0-8.0":0},"and_chr":{"0":0.881617},"and_ff":{"0":0},"edge":{"12":0.16846,"13":null},"and_uc":{"0":0.052041}},"total":98.81931825}