{"id":"KR","name":"South Korea","month":"2015-10","access_date":"2015-11-03","data":{"chrome":{"4":0,"5":0,"6":0,"7":0,"8":0,"9":0,"10":0,"11":0.02172,"12":0,"13":0,"14":0.00724,"15":0,"16":0,"17":0,"18":0.07964,"19":0.02172,"20":0.00724,"21":0,"22":0.02896,"23":0.00724,"24":0.00724,"25":0.00724,"26":0.02172,"27":0.06516,"28":0.01448,"29":0.02896,"30":0.0362,"31":0.16652,"32":0.01448,"33":0.02896,"34":0.05068,"35":0.02896,"36":0.02896,"37":0.02172,"38":0.07964,"39":0.0724,"40":0.05068,"41":0.0724,"42":0.26064,"43":0.23892,"44":0.36924,"45":8.66628,"46":8.73144,"47":0.02896,"48":0.0362,"49":0},"firefox":{"2":0,"3":0.00724,"3.5":0,"3.6":0.00724,"4":0.00724,"5":0,"6":0,"7":0,"8":0,"9":0,"10":0.00724,"11":0,"12":0,"13":0,"14":0,"15":0,"16":0.00724,"17":0,"18":0,"19":0,"20":0,"21":0.00724,"22":0,"23":0,"24":0,"25":0,"26":0,"27":0,"28":0,"29":0,"30":0.00724,"31":0.00724,"32":0,"33":0,"34":0,"35":0,"36":0.00724,"37":0.01448,"38":0.02172,"39":0.02896,"40":0.10136,"41":0.75296,"42":0.02896,"43":0,"44":0},"opera":{"9":0,"9.5-9.6":0,"10.0-10.1":0,"10.5":0,"10.6":0,"11":0,"11.1":0,"11.5":0,"11.6":0,"12":0,"12.1":0.01448,"15":0,"16":0,"17":0,"18":0,"19":0,"20":0,"21":0,"22":0,"23":0,"24":0,"25":0,"26":0,"27":0,"28":0.01448,"29":0,"30":0.00724,"31":0,"32":0.1086,"33":0.00724,"34":0},"safari":{"3.1":0,"3.2":0,"4":0.01448,"5":0.01448,"5.1":0.0362,"6":0.02172,"6.1":0.02172,"7":0.0362,"7.1":0.04344,"8":0.2534,"9":0.35476},"android":{"2.1":0,"2.2":0,"2.3":0.0327622091819,"3":0,"4":0.0955101691405,"4.1":0.342614967207,"4.2-4.3":0.716326268554,"4.4":1.33714236797,"4.4.3-4.4.4":0.69300401795,"44":null},"ios_saf":{"3.2":0,"4.0-4.1":0,"4.2-4.3":0,"5.0-5.1":0.013160904046,"6.0-6.1":0.0137876137625,"7.0-7.1":0.335916408031,"8":0.0451230995863,"8.1-8.4":1.50159648068,"9.0-9.1":4.3017354939},"op_mob":{"10":0,"11":0,"11.1":0,"11.5":0,"12":0.000153555878084,"12.1":0.000460667634253,"0":0.00537445573295},"ie":{"5.5":0,"6":0.116013933934,"7":0.159519159159,"8":6.93183255255,"9":10.2237279279,"10":10.8545536937,"11":19.9181422823},"bb":{"7":0.00276,"10":null},"ie_mob":{"10":0.00149103448276,"11":0.00678896551724},"op_mini":{"5.0-8.0":0.0574913207547},"and_chr":{"0":19.62588},"and_ff":{"0":0.00828},"edge":{"12":0.37648,"13":null},"and_uc":{"0":0.09936}},"total":99.0808695495}