{"id":"KR","name":"South Korea","month":"2016-02","access_date":"2016-03-03","data":{"firefox":{"2":0,"3":0.007059,"3.5":0,"3.6":0.007059,"4":0,"5":0,"6":0.007059,"7":0,"8":0,"9":0,"10":0.007059,"11":0.007059,"12":0,"13":0,"14":0.007059,"15":0,"16":0,"17":0,"18":0,"19":0,"20":0,"21":0.063531,"22":0.007059,"23":0.007059,"24":0.007059,"25":0.014118,"26":0,"27":0.007059,"28":0.007059,"29":0.007059,"30":0.007059,"31":0.014118,"32":0,"33":0.007059,"34":0,"35":0,"36":0.007059,"37":0.056472,"38":0.014118,"39":0.007059,"40":0.007059,"41":0.007059,"42":0.021177,"43":0.247065,"44":0.614133,"45":0.028236,"46":0.007059,"47":0},"chrome":{"4":0,"5":0,"6":0,"7":0,"8":0,"9":0,"10":0,"11":0.021177,"12":0,"13":0,"14":0,"15":0,"16":0,"17":0,"18":0.063531,"19":0.014118,"20":0.007059,"21":0,"22":0.028236,"23":0.007059,"24":0.007059,"25":0.007059,"26":0.014118,"27":0.077649,"28":0.021177,"29":0.042354,"30":0.035295,"31":0.127062,"32":0.028236,"33":0.021177,"34":0.042354,"35":0.028236,"36":0.028236,"37":0.028236,"38":0.042354,"39":0.042354,"40":0.028236,"41":0.169416,"42":0.190593,"43":0.120003,"44":0.120003,"45":0.218829,"46":0.289419,"47":0.769431,"48":19.962852,"49":0.021177,"50":0.056472,"51":0},"opera":{"9":0,"9.5-9.6":0,"10.0-10.1":0,"10.5":0,"10.6":0,"11":0,"11.1":0,"11.5":0,"11.6":0.007059,"12":0.021177,"12.1":0.035295,"15":0,"16":0,"17":0,"18":0,"19":0,"20":0,"21":0,"22":0,"23":0,"24":0,"25":0,"26":0,"27":0,"28":0.105885,"29":0,"30":0,"31":0,"32":0.035295,"33":0,"34":0.035295,"35":0.105885,"36":0},"safari":{"3.1":0,"3.2":0,"4":0.021177,"5":0.021177,"5.1":0.042354,"6":0.014118,"6.1":0.021177,"7":0.035295,"7.1":0.014118,"8":0.148239,"9":0.656487,"9.1":0.014118},"android":{"2.1":0,"2.2":0,"2.3":0.0129412718771,"3":0,"4":0.111970134937,"4.1":0.235756213761,"4.2-4.3":0.528904154977,"4.4":1.06512294188,"4.4.3-4.4.4":0.572229282565,"47":null},"ios_saf":{"3.2":0,"4.0-4.1":0,"4.2-4.3":0,"5.0-5.1":0,"6.0-6.1":0,"7.0-7.1":0.280316430953,"8":0.0190293138506,"8.1-8.4":0.774346694382,"9.0-9.2":6.03887956081,"9.3":null},"op_mob":{"10":0,"11":0,"11.1":0,"11.5":0,"12":3.86421022565e-6,"12.1":3.86421022565e-6,"0":0.000166161039703},"ie":{"5.5":0,"6":0.0919701972407,"7":0.155641872253,"8":3.41704655902,"9":7.01803351252,"10":10.4492293327,"11":20.3749360041},"bb":{"7":0.00514675,"10":null},"ie_mob":{"10":0.00271257281553,"11":0.0119924271845},"edge":{"12":0.127062,"13":0.663546,"14":0},"and_uc":{"0":0.120581},"op_mini":{"5.0-8.0":0.0674691105398},"and_chr":{"0":20.635359},"and_ff":{"0":0.011764}},"total":98.0139672278}