{"id":"KW","name":"Kuwait","month":"2015-10","access_date":"2015-11-03","data":{"chrome":{"4":0.003554,"5":0,"6":0.003554,"7":0,"8":0,"9":0.003554,"10":0.007108,"11":0.014216,"12":0.014216,"13":0.010662,"14":0.003554,"15":0.010662,"16":0.003554,"17":0,"18":0.014216,"19":0.003554,"20":0.007108,"21":0.003554,"22":0.014216,"23":0.003554,"24":0.003554,"25":0.003554,"26":0.010662,"27":0.007108,"28":0.010662,"29":0.010662,"30":0.007108,"31":0.085296,"32":0.010662,"33":0.056864,"34":0.028432,"35":0.024878,"36":0.046202,"37":0.010662,"38":0.028432,"39":0.063972,"40":0.095958,"41":0.042648,"42":0.163484,"43":0.323414,"44":0.280766,"45":7.040474,"46":6.62821,"47":0.110174,"48":0.07108,"49":0},"firefox":{"2":0,"3":0.003554,"3.5":0.003554,"3.6":0.028432,"4":0.007108,"5":0,"6":0.024878,"7":0,"8":0.003554,"9":0.007108,"10":0.007108,"11":0.014216,"12":0.014216,"13":0.003554,"14":0.007108,"15":0.003554,"16":0.412264,"17":0.003554,"18":0.003554,"19":0.003554,"20":0.007108,"21":0.03554,"22":0.003554,"23":0.010662,"24":0.007108,"25":0.003554,"26":0.003554,"27":0.003554,"28":0.03554,"29":0.010662,"30":0.007108,"31":0.014216,"32":0.014216,"33":0.039094,"34":0.01777,"35":0.028432,"36":0.010662,"37":0.039094,"38":1.076862,"39":0.163484,"40":0.725016,"41":2.29233,"42":0.15993,"43":0,"44":0},"opera":{"9":0,"9.5-9.6":0,"10.0-10.1":0,"10.5":0,"10.6":0,"11":0,"11.1":0,"11.5":0,"11.6":0,"12":0.003554,"12.1":0.031986,"15":0,"16":0,"17":0,"18":0,"19":0,"20":0,"21":0,"22":0,"23":0,"24":0,"25":0,"26":0,"27":0.003554,"28":0.010662,"29":0.010662,"30":0.028432,"31":0.010662,"32":0.430034,"33":0.049756,"34":0},"safari":{"3.1":0,"3.2":0,"4":0.003554,"5":0.042648,"5.1":0.149268,"6":0.031986,"6.1":0.049756,"7":0.067526,"7.1":0.110174,"8":0.47979,"9":0.625504},"android":{"2.1":0,"2.2":0,"2.3":0.0678184939593,"3":0,"4":0.197708151881,"4.1":0.709220521574,"4.2-4.3":1.48281113911,"4.4":2.76791412634,"4.4.3-4.4.4":1.43453356714,"44":null},"ios_saf":{"3.2":0,"4.0-4.1":0,"4.2-4.3":0,"5.0-5.1":0.0361253564726,"6.0-6.1":0.0378456115427,"7.0-7.1":0.922056717587,"8":0.123858365049,"8.1-8.4":4.12173114802,"9.0-9.1":11.8078308013},"op_mob":{"10":0,"11":0,"11.1":0,"11.5":0,"12":0.021502259313,"12.1":0.064506777939,"0":0.752579075955},"ie":{"5.5":0,"6":0.0142406520231,"7":0.0284813040462,"8":0.879360262428,"9":0.729833416185,"10":0.608787873988,"11":3.8805776763},"bb":{"7":0.0241725,"10":null},"ie_mob":{"10":0.0777718544061,"11":0.354110145594},"op_mini":{"5.0-8.0":8.05044588679},"and_chr":{"0":20.632842},"and_ff":{"0":0.03223},"edge":{"12":0.46202,"13":null},"and_uc":{"0":15.315696}},"total":98.323793685}