{"id":"KY","name":"Cayman Islands","month":"2016-02","access_date":"2016-03-03","data":{"firefox":{"2":0,"3":0.006949,"3.5":0,"3.6":0.020847,"4":0,"5":0,"6":0.006949,"7":0.006949,"8":0.006949,"9":0,"10":0.041694,"11":0,"12":0.027796,"13":0.006949,"14":0.006949,"15":0,"16":0.006949,"17":0,"18":0.041694,"19":0.013898,"20":0,"21":0.104235,"22":0.013898,"23":0.013898,"24":0.243215,"25":0.020847,"26":0,"27":0.013898,"28":0.013898,"29":0.006949,"30":0.048643,"31":0.027796,"32":0.055592,"33":0.027796,"34":0.125082,"35":0.055592,"36":0.034745,"37":0.104235,"38":0.055592,"39":0.111184,"40":0.062541,"41":0.125082,"42":0.145929,"43":1.639964,"44":3.54399,"45":0.159827,"46":0,"47":0},"chrome":{"4":0,"5":0,"6":0,"7":0,"8":0,"9":0,"10":0,"11":0.048643,"12":0,"13":0,"14":0,"15":0,"16":0,"17":0,"18":0,"19":0,"20":0,"21":0.013898,"22":0.055592,"23":0,"24":0,"25":0,"26":0.020847,"27":0.034745,"28":0.013898,"29":0.027796,"30":0.006949,"31":0.076439,"32":0.013898,"33":0.013898,"34":0.055592,"35":0.06949,"36":0.034745,"37":0.013898,"38":0.055592,"39":0.013898,"40":0.034745,"41":0.180674,"42":0.055592,"43":0.111184,"44":0.055592,"45":0.152878,"46":0.159827,"47":1.980465,"48":23.821172,"49":0.041694,"50":0.076439,"51":0},"opera":{"9":0,"9.5-9.6":0,"10.0-10.1":0,"10.5":0,"10.6":0,"11":0,"11.1":0,"11.5":0,"11.6":0.013898,"12":0.034745,"12.1":0.06949,"15":0,"16":0,"17":0,"18":0,"19":0,"20":0,"21":0,"22":0,"23":0,"24":0,"25":0,"26":0,"27":0.048643,"28":0.152878,"29":0.013898,"30":0,"31":0,"32":0,"33":0,"34":0.027796,"35":0.159827,"36":0},"safari":{"3.1":0,"3.2":0,"4":0.013898,"5":0.111184,"5.1":0.194572,"6":0.027796,"6.1":0.27796,"7":0.062541,"7.1":0.430838,"8":0.681002,"9":5.42022,"9.1":0.020847},"android":{"2.1":0,"2.2":0,"2.3":0.0176423110666,"3":0,"4":0.152644343576,"4.1":0.321396884213,"4.2-4.3":0.721033582721,"4.4":1.45203890648,"4.4.3-4.4.4":0.780096971944,"47":null},"ios_saf":{"3.2":0,"4.0-4.1":0,"4.2-4.3":0,"5.0-5.1":0,"6.0-6.1":0,"7.0-7.1":1.00600345421,"8":0.0682926626878,"8.1-8.4":2.77898604322,"9.0-9.2":21.6724138399,"9.3":null},"op_mob":{"10":0,"11":0,"11.1":0,"11.5":0,"12":4.35732647815e-6,"12.1":4.35732647815e-6,"0":0.00018736503856},"ie":{"5.5":0,"6":0,"7":0.013898,"8":0.34745,"9":0.493379,"10":0.590665,"11":9.179629},"bb":{"7":0.1754325,"10":null},"ie_mob":{"10":0.101867854369,"11":0.450363145631},"edge":{"12":0.340501,"13":1.570474,"14":0},"and_uc":{"0":0.164754},"op_mini":{"5.0-8.0":0.0760789203085},"and_chr":{"0":13.222562},"and_ff":{"0":0.045765}},"total":97.6946775}