{"id":"KY","name":"Cayman Islands","month":"2015-10","access_date":"2015-11-03","data":{"chrome":{"4":0.007622,"5":0,"6":0,"7":0,"8":0,"9":0,"10":0,"11":0.030488,"12":0.007622,"13":0,"14":0,"15":0,"16":0,"17":0,"18":0,"19":0,"20":0,"21":0.015244,"22":0.091464,"23":0,"24":0.007622,"25":0,"26":0.015244,"27":0.007622,"28":0.007622,"29":0.007622,"30":0.007622,"31":0.07622,"32":0.022866,"33":0.007622,"34":0.11433,"35":0.07622,"36":0.068598,"37":0.007622,"38":0.030488,"39":0.045732,"40":0.022866,"41":0.068598,"42":0.129574,"43":0.205794,"44":0.464942,"45":11.448244,"46":10.525982,"47":0.068598,"48":0.030488,"49":0},"firefox":{"2":0.007622,"3":0.015244,"3.5":0.007622,"3.6":0.015244,"4":0.015244,"5":0,"6":0.015244,"7":0.007622,"8":0,"9":0,"10":0.030488,"11":0.015244,"12":0.015244,"13":0.007622,"14":0.007622,"15":0,"16":0.015244,"17":0,"18":0.030488,"19":0,"20":0.007622,"21":0.03811,"22":0.007622,"23":0.015244,"24":0.15244,"25":0.007622,"26":0,"27":0,"28":0,"29":0.007622,"30":0.007622,"31":0.022866,"32":0.022866,"33":0.022866,"34":0.060976,"35":0.007622,"36":0.121952,"37":0.03811,"38":15.914736,"39":0.11433,"40":0.746956,"41":4.847592,"42":0.160062,"43":0,"44":0},"opera":{"9":0,"9.5-9.6":0,"10.0-10.1":0,"10.5":0,"10.6":0,"11":0.007622,"11.1":0.007622,"11.5":0.007622,"11.6":0.007622,"12":0.007622,"12.1":0.022866,"15":0,"16":0,"17":0,"18":0,"19":0,"20":0.007622,"21":0,"22":0,"23":0,"24":0,"25":0,"26":0,"27":0.007622,"28":0.022866,"29":0.007622,"30":0,"31":0,"32":0.160062,"33":0.007622,"34":0},"safari":{"3.1":0,"3.2":0,"4":0,"5":0.099086,"5.1":0.282014,"6":0.03811,"6.1":0.358234,"7":0.282014,"7.1":0.632626,"8":1.471046,"9":1.951232},"android":{"2.1":0,"2.2":0,"2.3":0.0370995136348,"3":0,"4":0.108154514325,"4.1":0.387972879876,"4.2-4.3":0.811158857439,"4.4":1.51416320055,"4.4.3-4.4.4":0.784749034173,"44":null},"ios_saf":{"3.2":0,"4.0-4.1":0,"4.2-4.3":0,"5.0-5.1":0.0370645274947,"6.0-6.1":0.0388295049945,"7.0-7.1":0.946027939865,"8":0.127078379982,"8.1-8.4":4.2288860894,"9.0-9.1":12.1148055583},"op_mob":{"10":0,"11":0,"11.1":0,"11.5":0,"12":0.000189825834543,"12.1":0.000569477503628,"0":0.006643904209},"ie":{"5.5":0,"6":0.007622,"7":0.015244,"8":0.87653,"9":0.754578,"10":0.983238,"11":9.123534},"bb":{"7":0.1575425,"10":null},"ie_mob":{"10":0.088642,"11":0.403604},"op_mini":{"5.0-8.0":0.0710707924528},"and_chr":{"0":12.110396},"and_ff":{"0":0.03567},"edge":{"12":0.95275,"13":null},"and_uc":{"0":0.292494}},"total":98.5562725}