{"id":"KY","name":"Cayman Islands","month":"2015-08","access_date":"2015-09-03","data":{"chrome":{"4":0,"5":0,"6":0,"7":0.007141,"8":0,"9":0,"10":0,"11":0.035705,"12":0,"13":0,"14":0,"15":0,"16":0,"17":0.007141,"18":0,"19":0,"20":0.007141,"21":0.014282,"22":0.064269,"23":0,"24":0.007141,"25":0,"26":0.021423,"27":0.007141,"28":0.014282,"29":0,"30":0.007141,"31":0.07141,"32":0.014282,"33":0.028564,"34":0.107115,"35":0.135679,"36":0.057128,"37":0.078551,"38":0.042846,"39":0.099974,"40":0.078551,"41":0.07141,"42":0.21423,"43":1.178265,"44":25.878984,"45":0.07141,"46":0.128538,"47":0.007141,"48":0},"firefox":{"2":0,"3":0.007141,"3.5":0,"3.6":0.014282,"4":0.007141,"5":0,"6":0.007141,"7":0,"8":0,"9":0,"10":0.028564,"11":0.028564,"12":0.078551,"13":0,"14":0,"15":0.035705,"16":0.014282,"17":0,"18":0.014282,"19":0.014282,"20":0,"21":0.028564,"22":0.007141,"23":0.007141,"24":0.114256,"25":0.007141,"26":0.007141,"27":0.007141,"28":0,"29":0.007141,"30":0.049987,"31":0.085692,"32":0.028564,"33":0.028564,"34":0.121397,"35":0.021423,"36":0.192807,"37":1.113996,"38":0.407037,"39":3.441962,"40":2.670734,"41":0.064269,"42":0,"43":0},"opera":{"9":0,"9.5-9.6":0,"10.0-10.1":0,"10.5":0,"10.6":0,"11":0.014282,"11.1":0,"11.5":0,"11.6":0,"12":0.007141,"12.1":0.049987,"15":0,"16":0,"17":0,"18":0,"19":0,"20":0.007141,"21":0,"22":0,"23":0,"24":0,"25":0,"26":0,"27":0.007141,"28":0.028564,"29":0.007141,"30":0.07141,"31":0.157102,"32":0,"33":0},"safari":{"3.1":0,"3.2":0,"4":0.035705,"5":0.199948,"5.1":0.692677,"6":0.035705,"6.1":0.335627,"7":0.128538,"7.1":0.99974,"8":2.827836,"9":0.035705},"android":{"2.1":0,"2.2":0,"2.3":0.0737979056844,"3":0,"4":0.235230824369,"4.1":0.825614069845,"4.2-4.3":1.79536467423,"4.4":0.0115309227632,"4.4.3-4.4.4":1.58204260311,"44":null},"ios_saf":{"3.2":0,"4.0-4.1":0,"4.2-4.3":0,"5.0-5.1":0.0686183036523,"6.0-6.1":0.11436383942,"7.0-7.1":1.88471607365,"8":0.25846227709,"8.1-8.4":20.2584105149,"9":0.148672991247},"op_mob":{"10":0,"11":0,"11.1":0,"11.5":0,"12":0.000299269541472,"12.1":0.000598539082945,"0":0.00927735578564},"ie":{"5.5":0,"6":0,"7":0.021423,"8":1.128278,"9":0.942612,"10":1.221111,"11":10.318745},"bb":{"7":0.16939575,"10":null},"ie_mob":{"10":0.0612988983051,"11":0.253191101695},"and_uc":{"0":0.225861},"op_mini":{"5.0-8.0":0.10418483559},"and_chr":{"0":13.134434},"and_ff":{"0":0.077193},"edge":{"12":0.749805,"13":null}},"total":98.43484075}