{"id":"KZ","name":"Kazakhstan","month":"2015-10","access_date":"2015-11-03","data":{"chrome":{"4":0.03274,"5":0.019644,"6":0.013096,"7":0.006548,"8":0.026192,"9":0.013096,"10":0.03274,"11":0.091672,"12":0.058932,"13":0.072028,"14":0.019644,"15":0.03274,"16":0.045836,"17":0.078576,"18":0.058932,"19":0.019644,"20":0.019644,"21":0.019644,"22":0.13096,"23":0.019644,"24":0.039288,"25":0.026192,"26":0.085124,"27":0.058932,"28":0.111316,"29":0.03274,"30":0.019644,"31":0.13096,"32":0.026192,"33":0.072028,"34":0.039288,"35":0.045836,"36":0.111316,"37":0.039288,"38":0.045836,"39":0.09822,"40":0.091672,"41":0.22918,"42":0.170248,"43":0.517292,"44":0.497648,"45":14.11094,"46":14.248448,"47":0.42562,"48":0.3274,"49":0},"firefox":{"2":0.013096,"3":0.026192,"3.5":0.039288,"3.6":0.157152,"4":0.019644,"5":0.013096,"6":0.013096,"7":0.006548,"8":0.006548,"9":0.019644,"10":0.013096,"11":0.013096,"12":0.026192,"13":0.013096,"14":0.019644,"15":0.013096,"16":0.019644,"17":0.013096,"18":0.013096,"19":0.019644,"20":0.013096,"21":0.039288,"22":0.019644,"23":0.019644,"24":0.03274,"25":0.026192,"26":0.019644,"27":0.019644,"28":0.03274,"29":0.026192,"30":0.019644,"31":0.058932,"32":0.019644,"33":0.052384,"34":0.052384,"35":0.045836,"36":0.072028,"37":0.091672,"38":0.202988,"39":0.170248,"40":0.707184,"41":5.775336,"42":0.052384,"43":0.006548,"44":0},"opera":{"9":0,"9.5-9.6":0.006548,"10.0-10.1":0.006548,"10.5":0.006548,"10.6":0.019644,"11":0.013096,"11.1":0.019644,"11.5":0.03274,"11.6":0.117864,"12":0.170248,"12.1":1.368532,"15":0.006548,"16":0.013096,"17":0.006548,"18":0.013096,"19":0.006548,"20":0.026192,"21":0.013096,"22":0.013096,"23":0.006548,"24":0.013096,"25":0.013096,"26":0.045836,"27":0.045836,"28":0.078576,"29":0.045836,"30":0.085124,"31":0.09822,"32":4.360968,"33":0.176796,"34":0.006548},"safari":{"3.1":0,"3.2":0,"4":0.026192,"5":0.045836,"5.1":0.052384,"6":0.019644,"6.1":0.03274,"7":0.026192,"7.1":0.072028,"8":0.242276,"9":0.379784},"android":{"2.1":0,"2.2":0,"2.3":0.0656733745254,"3":0,"4":0.191454583362,"4.1":0.686787662409,"4.2-4.3":1.43590937522,"4.4":2.68036416707,"4.4.3-4.4.4":1.38915883742,"44":null},"ios_saf":{"3.2":0,"4.0-4.1":0,"4.2-4.3":0,"5.0-5.1":0.0191011643628,"6.0-6.1":0.0200107436182,"7.0-7.1":0.48753448088,"8":0.0654897063868,"8.1-8.4":2.17935189587,"9.0-9.1":6.24335200888},"op_mob":{"10":0,"11":0,"11.1":0,"11.5":0,"12":0.00514376390905,"12.1":0.0154312917271,"0":0.180031736817},"ie":{"5.5":0,"6":0.0338904538799,"7":0.0406685446559,"8":0.948932708638,"9":0.481244445095,"10":0.508356808199,"11":2.50789358712},"bb":{"7":0.005178,"10":null},"ie_mob":{"10":0.0714868199234,"11":0.325493180077},"op_mini":{"5.0-8.0":1.92582520755},"and_chr":{"0":18.865208},"and_ff":{"0":0.031068},"edge":{"12":0.288112,"13":null},"and_uc":{"0":2.48544}},"total":92.3834205476}