{"id":"LA","name":"Lao","month":"2015-10","access_date":"2015-11-03","data":{"chrome":{"4":0.00284,"5":0.00284,"6":0.00284,"7":0,"8":0.00284,"9":0.00568,"10":0.00852,"11":0.06816,"12":0.03408,"13":0.02272,"14":0.00284,"15":0.01704,"16":0.00568,"17":0.00284,"18":0.00852,"19":0.00568,"20":0.02272,"21":0.00568,"22":0.00568,"23":0.00568,"24":0.00284,"25":0.00852,"26":0.00568,"27":0.01136,"28":0.01136,"29":0.00852,"30":0.0142,"31":0.11928,"32":0.01136,"33":0.1562,"34":0.00568,"35":0.00852,"36":0.04828,"37":0.01988,"38":0.03408,"39":0.07952,"40":0.33512,"41":0.0284,"42":0.142,"43":2.17828,"44":0.33796,"45":4.72292,"46":4.38212,"47":0.12496,"48":0.10508,"49":0},"firefox":{"2":0,"3":0.01704,"3.5":0.0142,"3.6":0.03976,"4":0.0142,"5":0.00852,"6":0.01988,"7":0.00852,"8":0.01136,"9":0.01704,"10":0.01136,"11":0.01704,"12":0.06816,"13":0.0426,"14":0.03408,"15":0.02272,"16":0.0284,"17":0.01136,"18":0.01988,"19":0.00568,"20":0.01704,"21":0.02272,"22":0.01704,"23":0.0142,"24":0.0142,"25":0.00568,"26":0.03692,"27":0.0284,"28":0.01704,"29":0.06532,"30":0.08236,"31":0.02556,"32":0.02272,"33":0.03408,"34":0.03692,"35":0.22436,"36":0.0426,"37":0.06816,"38":0.17608,"39":0.37772,"40":0.57652,"41":3.13536,"42":0.65036,"43":0.00568,"44":0.00568},"opera":{"9":0,"9.5-9.6":0,"10.0-10.1":0,"10.5":0,"10.6":0,"11":0.00284,"11.1":0,"11.5":0.00284,"11.6":0,"12":0,"12.1":0.00852,"15":0,"16":0,"17":0,"18":0,"19":0,"20":0,"21":0.00284,"22":0.00284,"23":0,"24":0,"25":0,"26":0,"27":0,"28":0.00568,"29":0.01136,"30":0.0426,"31":0.00284,"32":0.30956,"33":0.01704,"34":0},"safari":{"3.1":0.00284,"3.2":0,"4":0.00284,"5":0.00568,"5.1":0.1278,"6":0.0142,"6.1":0.01988,"7":0.03976,"7.1":0.05112,"8":0.20448,"9":0.23004},"android":{"2.1":0,"2.2":0,"2.3":0.191766903693,"3":0,"4":0.559049278564,"4.1":2.00542677252,"4.2-4.3":4.19286958923,"4.4":7.8266898999,"4.4.3-4.4.4":4.05635755609,"44":null},"ios_saf":{"3.2":0,"4.0-4.1":0,"4.2-4.3":0,"5.0-5.1":0.039123014832,"6.0-6.1":0.0409860155383,"7.0-7.1":0.998568378569,"8":0.134136050853,"8.1-8.4":4.46374969226,"9.0-9.1":12.7876368479},"op_mob":{"10":0,"11":0,"11.1":0,"11.5":0,"12":0.0119506531205,"12.1":0.0358519593614,"0":0.418272859216},"ie":{"5.5":0,"6":0.00574881057269,"7":0.0143720264317,"8":0.681234052863,"9":0.293189339207,"10":0.255822070485,"11":1.3480960793},"bb":{"7":0.00358,"10":null},"ie_mob":{"10":0.620176704981,"11":2.82378329502},"op_mini":{"5.0-8.0":4.4743245283},"and_chr":{"0":28.41916},"and_ff":{"0":0.10024},"edge":{"12":0.15052,"13":null},"and_uc":{"0":1.47496}},"total":98.7847623789}