{"id":"LB","name":"Lebanon","month":"2016-02","access_date":"2016-03-03","data":{"firefox":{"2":0,"3":0.014088,"3.5":0.004696,"3.6":0.018784,"4":0.009392,"5":0.032872,"6":0.018784,"7":0.004696,"8":0.009392,"9":0.014088,"10":0.018784,"11":0.014088,"12":0.032872,"13":0.009392,"14":0.009392,"15":0.018784,"16":0.014088,"17":0.004696,"18":0.009392,"19":0.004696,"20":0.004696,"21":0.02348,"22":0.004696,"23":0.009392,"24":0.004696,"25":0.004696,"26":0.04696,"27":0.014088,"28":0.009392,"29":0.051656,"30":0.018784,"31":0.02348,"32":0.014088,"33":0.02348,"34":0.02348,"35":0.065744,"36":0.028176,"37":0.037568,"38":0.079832,"39":0.051656,"40":0.079832,"41":0.136184,"42":0.145576,"43":1.915968,"44":3.235544,"45":0.300544,"46":0.009392,"47":0.004696},"chrome":{"4":0.009392,"5":0.028176,"6":0.004696,"7":0.014088,"8":0.018784,"9":0.004696,"10":0.02348,"11":0.037568,"12":0.014088,"13":0.014088,"14":0.014088,"15":0.028176,"16":0.009392,"17":0.009392,"18":0.014088,"19":0,"20":0.004696,"21":0.004696,"22":0.018784,"23":0.004696,"24":0.004696,"25":0.014088,"26":0.014088,"27":0.009392,"28":0.032872,"29":0.014088,"30":0.009392,"31":0.042264,"32":0.018784,"33":0.09392,"34":0.032872,"35":0.018784,"36":0.032872,"37":0.061048,"38":0.04696,"39":0.075136,"40":0.04696,"41":0.032872,"42":0.042264,"43":0.244192,"44":0.21132,"45":0.239496,"46":0.201928,"47":1.037816,"48":22.526712,"49":0.103312,"50":0.1174,"51":0},"opera":{"9":0,"9.5-9.6":0,"10.0-10.1":0,"10.5":0,"10.6":0,"11":0,"11.1":0,"11.5":0,"11.6":0.004696,"12":0,"12.1":0.028176,"15":0,"16":0,"17":0,"18":0,"19":0,"20":0,"21":0,"22":0,"23":0,"24":0,"25":0,"26":0,"27":0,"28":0.004696,"29":0,"30":0.004696,"31":0,"32":0.004696,"33":0.004696,"34":0.089224,"35":0.300544,"36":0.004696},"safari":{"3.1":0,"3.2":0,"4":0.004696,"5":0.079832,"5.1":0.216016,"6":0.112704,"6.1":0.112704,"7":0.145576,"7.1":0.09392,"8":0.68092,"9":1.803264,"9.1":0.004696},"android":{"2.1":0,"2.2":0,"2.3":0.054209407259,"3":0,"4":0.469029219328,"4.1":0.987553984413,"4.2-4.3":2.21551490537,"4.4":4.46166991049,"4.4.3-4.4.4":2.39699857315,"47":null},"ios_saf":{"3.2":0,"4.0-4.1":0,"4.2-4.3":0,"5.0-5.1":0,"6.0-6.1":0,"7.0-7.1":0.597590351924,"8":0.0405674912533,"8.1-8.4":1.65078483639,"9.0-9.2":12.8739373204,"9.3":null},"op_mob":{"10":0,"11":0,"11.1":0,"11.5":0,"12":8.9081748072e-5,"12.1":8.9081748072e-5,"0":0.0038305151671},"ie":{"5.5":0,"6":0.0235021718602,"7":0.0282026062323,"8":0.676862549575,"9":0.507646912181,"10":0.385435618508,"11":3.34200883853},"bb":{"7":0.067626,"10":null},"ie_mob":{"10":0.0234817864078,"11":0.103814213592},"edge":{"12":0.239496,"13":0.42264,"14":0},"and_uc":{"0":2.339064},"op_mini":{"5.0-8.0":1.55536732134},"and_chr":{"0":26.102024},"and_ff":{"0":0.02652}},"total":97.5293486969}