{"id":"LC","name":"Saint Lucia","month":"2015-10","access_date":"2015-11-03","data":{"chrome":{"4":0.006513,"5":0.006513,"6":0,"7":0.006513,"8":0,"9":0,"10":0,"11":0.045591,"12":0.013026,"13":0,"14":0.006513,"15":0,"16":0,"17":0,"18":0.006513,"19":0,"20":0.006513,"21":0,"22":0.136773,"23":0.006513,"24":0,"25":0,"26":0,"27":0.032565,"28":0.006513,"29":0.006513,"30":0.032565,"31":0.091182,"32":0.078156,"33":0.052104,"34":0.019539,"35":0.058617,"36":0.143286,"37":0.071643,"38":0.032565,"39":0.162825,"40":0.078156,"41":0.078156,"42":0.560118,"43":0.599196,"44":0.573144,"45":14.608659,"46":13.820586,"47":0.26052,"48":0.19539,"49":0},"firefox":{"2":0.006513,"3":0.06513,"3.5":0.013026,"3.6":0.032565,"4":0,"5":0.006513,"6":0.006513,"7":0,"8":0,"9":0,"10":0.013026,"11":0.019539,"12":0.006513,"13":0.006513,"14":0.006513,"15":0,"16":0.006513,"17":0,"18":0,"19":0,"20":0.006513,"21":0.006513,"22":0,"23":0,"24":0.013026,"25":0.013026,"26":0.019539,"27":0,"28":0.032565,"29":0.013026,"30":0.006513,"31":0.026052,"32":0.006513,"33":0.019539,"34":0.006513,"35":0.097695,"36":0.019539,"37":0.06513,"38":0.175851,"39":0.286572,"40":0.84669,"41":5.803083,"42":0.403806,"43":0.039078,"44":0.006513},"opera":{"9":0,"9.5-9.6":0,"10.0-10.1":0,"10.5":0,"10.6":0,"11":0,"11.1":0,"11.5":0,"11.6":0,"12":0,"12.1":0.091182,"15":0,"16":0,"17":0.006513,"18":0,"19":0.045591,"20":0.006513,"21":0,"22":0,"23":0,"24":0,"25":0.013026,"26":0,"27":0.019539,"28":0.006513,"29":0.019539,"30":0.019539,"31":0.06513,"32":1.191879,"33":0.058617,"34":0.006513},"safari":{"3.1":0,"3.2":0,"4":0,"5":0.058617,"5.1":0.149799,"6":0.013026,"6.1":0.026052,"7":0.097695,"7.1":0.136773,"8":0.475449,"9":1.081158},"android":{"2.1":0,"2.2":0,"2.3":0.136645120124,"3":0,"4":0.398355265447,"4.1":1.42898371384,"4.2-4.3":2.98766449085,"4.4":5.57697371626,"4.4.3-4.4.4":2.89039169348,"44":null},"ios_saf":{"3.2":0,"4.0-4.1":0,"4.2-4.3":0,"5.0-5.1":0.0133730250227,"6.0-6.1":0.0140098357381,"7.0-7.1":0.341330543437,"8":0.0458503715064,"8.1-8.4":1.52579847402,"9.0-9.1":4.37106875028},"op_mob":{"10":0,"11":0,"11.1":0,"11.5":0,"12":0.00261482825351,"12.1":0.00784448476052,"0":0.0915189888728},"ie":{"5.5":0,"6":0,"7":0.006513,"8":0.312624,"9":0.540579,"10":0.468936,"11":6.024525},"bb":{"7":0.327778,"10":null},"ie_mob":{"10":0.238612337165,"11":1.08644766284},"op_mini":{"5.0-8.0":0.978991698113},"and_chr":{"0":19.32781},"and_ff":{"0":0.111584},"edge":{"12":2.253498,"13":null},"and_uc":{"0":1.297164}},"total":96.3013}