{"id":"LC","name":"Saint Lucia","month":"2015-08","access_date":"2015-09-03","data":{"chrome":{"4":0,"5":0,"6":0,"7":0,"8":0,"9":0,"10":0,"11":0.028152,"12":0.007038,"13":0,"14":0.007038,"15":0,"16":0,"17":0,"18":0.021114,"19":0,"20":0.03519,"21":0.007038,"22":0.182988,"23":0,"24":0,"25":0,"26":0.014076,"27":0.049266,"28":0.014076,"29":0.028152,"30":0.014076,"31":0.084456,"32":0.084456,"33":0.049266,"34":0.021114,"35":0.147798,"36":0.10557,"37":0.133722,"38":0.042228,"39":0.253368,"40":0.119646,"41":0.197064,"42":0.767142,"43":1.323144,"44":29.862234,"45":0.154836,"46":0.408204,"47":0,"48":0},"firefox":{"2":0,"3":0.063342,"3.5":0,"3.6":0.021114,"4":0,"5":0.007038,"6":0.007038,"7":0,"8":0,"9":0,"10":0.007038,"11":0.091494,"12":0,"13":0.007038,"14":0,"15":0,"16":0.014076,"17":0,"18":0,"19":0,"20":0,"21":0.007038,"22":0,"23":0,"24":0.007038,"25":0.007038,"26":0,"27":0,"28":0.028152,"29":0.014076,"30":0.007038,"31":0.028152,"32":0.014076,"33":0.014076,"34":0.021114,"35":0.091494,"36":0.049266,"37":0.182988,"38":0.830484,"39":7.312482,"40":3.265632,"41":0.239292,"42":0.021114,"43":0},"opera":{"9":0,"9.5-9.6":0,"10.0-10.1":0,"10.5":0,"10.6":0,"11":0,"11.1":0,"11.5":0.007038,"11.6":0,"12":0,"12.1":0.098532,"15":0,"16":0,"17":0,"18":0,"19":0.007038,"20":0,"21":0,"22":0,"23":0.007038,"24":0,"25":0,"26":0,"27":0.028152,"28":0.028152,"29":0.014076,"30":0.31671,"31":0.893826,"32":0.014076,"33":0},"safari":{"3.1":0,"3.2":0,"4":0.007038,"5":0.056304,"5.1":0.17595,"6":0.014076,"6.1":0.133722,"7":0.049266,"7.1":0.260406,"8":1.013472,"9":0.021114},"android":{"2.1":0,"2.2":0,"2.3":0.186674769309,"3":0,"4":0.595025827173,"4.1":2.08842398165,"4.2-4.3":4.5414471221,"4.4":0.0291679327046,"4.4.3-4.4.4":4.00184036707,"44":null},"ios_saf":{"3.2":0,"4.0-4.1":0,"4.2-4.3":0,"5.0-5.1":0.0201806097193,"6.0-6.1":0.0336343495321,"7.0-7.1":0.55429408029,"8":0.0760136299427,"8.1-8.4":5.95798867612,"9":0.0437246543918},"op_mob":{"10":0,"11":0,"11.1":0,"11.5":0,"12":0.00313926840369,"12.1":0.00627853680737,"0":0.0973173205143},"ie":{"5.5":0,"6":0,"7":0.0211322174288,"8":0.584658015531,"9":0.345159551337,"10":0.626922450388,"11":6.56507554789},"bb":{"7":0.3191555,"10":null},"ie_mob":{"10":0.207842033898,"11":0.858477966102},"and_uc":{"0":0.639792},"op_mini":{"5.0-8.0":1.09287487427},"and_chr":{"0":15.799686},"and_ff":{"0":0.302124},"edge":{"12":1.217574,"13":null}},"total":96.4827912826}