{"id":"LK","name":"Sri Lanka","month":"2015-10","access_date":"2015-11-03","data":{"chrome":{"4":0.011452,"5":0.025767,"6":0.020041,"7":0.02863,"8":0.008589,"9":0.014315,"10":0.025767,"11":0.100205,"12":0.034356,"13":0.020041,"14":0.014315,"15":0.011452,"16":0.020041,"17":0.008589,"18":0.011452,"19":0.008589,"20":0.011452,"21":0.005726,"22":0.014315,"23":0.008589,"24":0.005726,"25":0.014315,"26":0.014315,"27":0.017178,"28":0.037219,"29":0.022904,"30":0.02863,"31":0.05726,"32":0.011452,"33":0.068712,"34":0.020041,"35":0.037219,"36":0.068712,"37":0.025767,"38":0.045808,"39":0.091616,"40":0.054397,"41":0.034356,"42":0.277711,"43":0.231903,"44":0.412272,"45":7.269157,"46":6.292874,"47":0.077301,"48":0.045808,"49":0},"firefox":{"2":0.002863,"3":0.017178,"3.5":0.014315,"3.6":0.065849,"4":0.034356,"5":0.017178,"6":0.025767,"7":0.008589,"8":0.017178,"9":0.017178,"10":0.025767,"11":0.02863,"12":0.074438,"13":0.05726,"14":0.042945,"15":0.037219,"16":0.048671,"17":0.025767,"18":0.031493,"19":0.031493,"20":0.034356,"21":0.02863,"22":0.020041,"23":0.017178,"24":0.020041,"25":0.02863,"26":0.017178,"27":0.020041,"28":0.02863,"29":0.05726,"30":0.065849,"31":0.051534,"32":0.042945,"33":0.054397,"34":0.045808,"35":0.077301,"36":0.051534,"37":0.131698,"38":0.188958,"39":0.263396,"40":0.724339,"41":3.593065,"42":0.226177,"43":0.011452,"44":0.005726},"opera":{"9":0,"9.5-9.6":0.002863,"10.0-10.1":0,"10.5":0,"10.6":0.002863,"11":0.002863,"11.1":0,"11.5":0.005726,"11.6":0.011452,"12":0.008589,"12.1":0.045808,"15":0.011452,"16":0.005726,"17":0.002863,"18":0.005726,"19":0.002863,"20":0.008589,"21":0.002863,"22":0.005726,"23":0,"24":0.002863,"25":0.002863,"26":0.011452,"27":0.002863,"28":0.011452,"29":0.025767,"30":0.105931,"31":0.017178,"32":0.74438,"33":0.025767,"34":0},"safari":{"3.1":0,"3.2":0,"4":0.002863,"5":0.008589,"5.1":0.020041,"6":0.011452,"6.1":0.011452,"7":0.017178,"7.1":0.025767,"8":0.088753,"9":0.097342},"android":{"2.1":0,"2.2":0,"2.3":0.151120506386,"3":0,"4":0.440554696583,"4.1":1.58036190576,"4.2-4.3":3.30416022437,"4.4":6.16776575216,"4.4.3-4.4.4":3.19658291474,"44":null},"ios_saf":{"3.2":0,"4.0-4.1":0,"4.2-4.3":0,"5.0-5.1":0.00579890919181,"6.0-6.1":0.00607504772475,"7.0-7.1":0.148010253658,"8":0.0198819743719,"8.1-8.4":0.661627924932,"9.0-9.1":1.89541489012},"op_mob":{"10":0,"11":0,"11.1":0,"11.5":0,"12":0.056108490566,"12.1":0.168325471698,"0":1.96379716981},"ie":{"5.5":0,"6":0.0350752077295,"7":0.0146146698873,"8":0.441363030596,"9":0.108148557166,"10":0.263064057971,"11":0.941184740741},"bb":{"7":0.03390075,"10":null},"ie_mob":{"10":0.598906413793,"11":2.72693558621},"op_mini":{"5.0-8.0":21.0070188679},"and_chr":{"0":15.413457},"and_ff":{"0":0.099918},"edge":{"12":0.148876,"13":null},"and_uc":{"0":11.526255}},"total":96.5808630141}