{"id":"LR","name":"Liberia","month":"2015-10","access_date":"2015-11-03","data":{"chrome":{"4":0.018234,"5":0,"6":0,"7":0,"8":0,"9":0.002026,"10":0,"11":0.046598,"12":0.002026,"13":0.014182,"14":0.002026,"15":0,"16":0.002026,"17":0,"18":0,"19":0.026338,"20":0.002026,"21":0,"22":0.002026,"23":0.002026,"24":0,"25":0.008104,"26":0.01013,"27":0,"28":0.004052,"29":0.01013,"30":0.044572,"31":0.048624,"32":0.002026,"33":0.085092,"34":0.006078,"35":0.006078,"36":0.036468,"37":0.016208,"38":0.004052,"39":0.028364,"40":0.028364,"41":0.01013,"42":0.301874,"43":0.113456,"44":0.109404,"45":3.022792,"46":2.676346,"47":0.032416,"48":0.012156,"49":0},"firefox":{"2":0.002026,"3":0.018234,"3.5":0.014182,"3.6":0.064832,"4":0.036468,"5":0.028364,"6":0.012156,"7":0.024312,"8":0.012156,"9":0.004052,"10":0.032416,"11":0.036468,"12":0.087118,"13":0.008104,"14":0.072936,"15":0.022286,"16":0.038494,"17":0.044572,"18":0.024312,"19":0.014182,"20":0.018234,"21":0.062806,"22":0.028364,"23":0.006078,"24":0.076988,"25":0.014182,"26":0.014182,"27":0.018234,"28":0.01013,"29":0.05065,"30":0.099274,"31":0.05065,"32":0.048624,"33":0.054702,"34":0.02026,"35":0.133716,"36":0.042546,"37":0.046598,"38":0.113456,"39":0.198548,"40":0.619956,"41":2.372446,"42":0.388992,"43":0.002026,"44":0.004052},"opera":{"9":0,"9.5-9.6":0,"10.0-10.1":0.002026,"10.5":0,"10.6":0.002026,"11":0.008104,"11.1":0,"11.5":0.004052,"11.6":0.006078,"12":0.002026,"12.1":0.153976,"15":0.006078,"16":0,"17":0.006078,"18":0.008104,"19":0.002026,"20":0.008104,"21":0.008104,"22":0.006078,"23":0,"24":0.008104,"25":0,"26":0,"27":0.008104,"28":0.022286,"29":0.028364,"30":0.052676,"31":0.028364,"32":0.4052,"33":0.014182,"34":0},"safari":{"3.1":0,"3.2":0,"4":0,"5":0.008104,"5.1":0.02026,"6":0.014182,"6.1":0.006078,"7":0.024312,"7.1":0.024312,"8":0.393044,"9":0.214756},"android":{"2.1":0,"2.2":0,"2.3":0.228151370728,"3":0,"4":0.665119250259,"4.1":2.38592196168,"4.2-4.3":4.98839437694,"4.4":9.31166950362,"4.4.3-4.4.4":4.82598153676,"44":null},"ios_saf":{"3.2":0,"4.0-4.1":0,"4.2-4.3":0,"5.0-5.1":0.00647541600242,"6.0-6.1":0.00678376914539,"7.0-7.1":0.165277284633,"8":0.022201426294,"8.1-8.4":0.738814130562,"9.0-9.1":2.11653597336},"op_mob":{"10":0,"11":0,"11.1":0,"11.5":0,"12":0.0904452975327,"12.1":0.271335892598,"0":3.16558541364},"ie":{"5.5":0,"6":0.0101802729529,"7":0.00203605459057,"8":0.372597990074,"9":0.140487766749,"10":0.563987121588,"11":2.18672263027},"bb":{"7":0.0179415,"10":null},"ie_mob":{"10":0.19528662069,"11":0.88917737931},"op_mini":{"5.0-8.0":33.8627193962},"and_chr":{"0":7.30336},"and_ff":{"0":0.063792},"edge":{"12":0.267432,"13":null},"and_uc":{"0":10.158876}},"total":98.3482913362}