{"id":"LS","name":"Lesotho","month":"2015-08","access_date":"2015-09-03","data":{"chrome":{"4":0,"5":0.001589,"6":0,"7":0,"8":0,"9":0,"10":0,"11":0.017479,"12":0.004767,"13":0,"14":0,"15":0,"16":0.117586,"17":0,"18":0,"19":0.001589,"20":0,"21":0.003178,"22":0,"23":0,"24":0.001589,"25":0.001589,"26":0.023835,"27":0.001589,"28":0.001589,"29":0.003178,"30":0.003178,"31":0.023835,"32":0.001589,"33":0.017479,"34":0.006356,"35":0.012712,"36":0.033369,"37":0.006356,"38":0.014301,"39":0.042903,"40":0.042903,"41":0.012712,"42":0.150955,"43":0.243117,"44":3.780231,"45":0.007945,"46":0.020657,"47":0,"48":0},"firefox":{"2":0,"3":0.001589,"3.5":0.001589,"3.6":0.044492,"4":0.006356,"5":0.004767,"6":0.006356,"7":0.007945,"8":0.007945,"9":0,"10":0.009534,"11":0.004767,"12":0.012712,"13":0.006356,"14":0.006356,"15":0.001589,"16":0.01589,"17":0.044492,"18":0.011123,"19":0.03178,"20":0.014301,"21":0.017479,"22":0.011123,"23":0.011123,"24":0.001589,"25":0.004767,"26":0.001589,"27":0.001589,"28":0.006356,"29":0.009534,"30":0.046081,"31":0.022246,"32":0.017479,"33":0.020657,"34":0.020657,"35":0.030191,"36":0.030191,"37":0.114408,"38":0.139832,"39":0.893018,"40":0.759542,"41":0.11123,"42":0.001589,"43":0},"opera":{"9":0,"9.5-9.6":0.003178,"10.0-10.1":0,"10.5":0.001589,"10.6":0.001589,"11":0.001589,"11.1":0,"11.5":0.004767,"11.6":0.007945,"12":0.003178,"12.1":0.068327,"15":0.004767,"16":0,"17":0,"18":0,"19":0.001589,"20":0.003178,"21":0,"22":0.001589,"23":0,"24":0,"25":0,"26":0.017479,"27":0.004767,"28":0.065149,"29":0.030191,"30":0.289198,"31":0.219282,"32":0,"33":0},"safari":{"3.1":0.001589,"3.2":0,"4":0,"5":0.011123,"5.1":0.020657,"6":0,"6.1":0.019068,"7":0.003178,"7.1":0.01589,"8":0.085806,"9":0},"android":{"2.1":0,"2.2":0,"2.3":0.0623496874841,"3":0,"4":0.198739628855,"4.1":0.697537128728,"4.2-4.3":1.51685099082,"4.4":0.00974213866939,"4.4.3-4.4.4":1.33662142544,"44":null},"ios_saf":{"3.2":0,"4.0-4.1":0,"4.2-4.3":0,"5.0-5.1":0.00271101418654,"6.0-6.1":0.00451835697756,"7.0-7.1":0.0744625229902,"8":0.0102114867693,"8.1-8.4":0.800381755006,"9":0.00587386407083},"op_mob":{"10":0,"11":0,"11.1":0,"11.5":0,"12":0.16748024542,"12.1":0.334960490841,"0":5.19188760803},"ie":{"5.5":0,"6":0.022246,"7":0.019068,"8":0.886662,"9":0.467166,"10":1.036028,"11":2.659986},"bb":{"7":0.328029,"10":null},"ie_mob":{"10":0.344280762712,"11":1.42202923729},"and_uc":{"0":5.643781},"op_mini":{"5.0-8.0":58.3049706557},"and_chr":{"0":6.455172},"and_ff":{"0":0.033644},"edge":{"12":0.090573,"13":null}},"total":96.12699}