{"id":"LS","name":"Lesotho","month":"2015-10","access_date":"2015-11-03","data":{"chrome":{"4":0,"5":0,"6":0,"7":0,"8":0,"9":0.001277,"10":0,"11":0.011493,"12":0.002554,"13":0,"14":0,"15":0,"16":0.001277,"17":0,"18":0.001277,"19":0.002554,"20":0.001277,"21":0.007662,"22":0,"23":0.001277,"24":0,"25":0.010216,"26":0.022986,"27":0.002554,"28":0.005108,"29":0.001277,"30":0.002554,"31":0.072789,"32":0.001277,"33":0.019155,"34":0.014047,"35":0.005108,"36":0.05108,"37":0.002554,"38":0.006385,"39":0.02554,"40":0.061296,"41":0.019155,"42":0.099606,"43":0.098329,"44":0.103437,"45":1.533677,"46":1.358728,"47":0.007662,"48":0.011493,"49":0},"firefox":{"2":0.001277,"3":0.005108,"3.5":0.003831,"3.6":0.039587,"4":0.008939,"5":0.007662,"6":0.007662,"7":0.001277,"8":0.020432,"9":0.005108,"10":0.022986,"11":0.035756,"12":0.005108,"13":0.007662,"14":0.007662,"15":0.008939,"16":0.001277,"17":0.005108,"18":0.007662,"19":0.014047,"20":0.011493,"21":0.011493,"22":0.015324,"23":0.007662,"24":0.001277,"25":0.002554,"26":0.002554,"27":0.005108,"28":0.006385,"29":0.008939,"30":0.021709,"31":0.008939,"32":0.020432,"33":0.019155,"34":0.007662,"35":0.014047,"36":0.017878,"37":0.104714,"38":0.049803,"39":0.086836,"40":0.231137,"41":1.095666,"42":0.132808,"43":0,"44":0},"opera":{"9":0,"9.5-9.6":0.026817,"10.0-10.1":0,"10.5":0,"10.6":0.005108,"11":0.002554,"11.1":0,"11.5":0.002554,"11.6":0.002554,"12":0.003831,"12.1":0.047249,"15":0.05108,"16":0.001277,"17":0.022986,"18":0.002554,"19":0,"20":0.010216,"21":0.001277,"22":0.001277,"23":0,"24":0.003831,"25":0.001277,"26":0.007662,"27":0.005108,"28":0.016601,"29":0.035756,"30":0.104714,"31":0.011493,"32":0.445673,"33":0.061296,"34":0},"safari":{"3.1":0,"3.2":0,"4":0,"5":0.002554,"5.1":0.053634,"6":0.001277,"6.1":0.005108,"7":0.002554,"7.1":0.015324,"8":0.048526,"9":0.057465},"android":{"2.1":0,"2.2":0,"2.3":0.0354236549879,"3":0,"4":0.103268960304,"4.1":0.370447375043,"4.2-4.3":0.774517202278,"4.4":1.44576544425,"4.4.3-4.4.4":0.749300363134,"44":null},"ios_saf":{"3.2":0,"4.0-4.1":0,"4.2-4.3":0,"5.0-5.1":0.00187187740894,"6.0-6.1":0.00196101442841,"7.0-7.1":0.0477774424377,"8":0.00641786540208,"8.1-8.4":0.213572298658,"9.0-9.1":0.611836501665},"op_mob":{"10":0,"11":0,"11.1":0,"11.5":0,"12":0.156988679245,"12.1":0.470966037736,"0":5.49460377358},"ie":{"5.5":0,"6":0.0102200588002,"7":0.0255501470004,"8":0.530165550258,"9":0.212066220103,"10":0.535275579658,"11":1.89837592213},"bb":{"7":0.32493175,"10":null},"ie_mob":{"10":0.287457942529,"11":1.30885105747},"op_mini":{"5.0-8.0":58.7765615094},"and_chr":{"0":7.074059},"and_ff":{"0":0.034892},"edge":{"12":0.108545,"13":null},"and_uc":{"0":8.243235}},"total":96.5834182279}