{"id":"LT","name":"Lithuania","month":"2016-02","access_date":"2016-03-03","data":{"firefox":{"2":0,"3":0.00871,"3.5":0.00871,"3.6":0.06097,"4":0.00871,"5":0,"6":0.01742,"7":0,"8":0,"9":0.00871,"10":0.01742,"11":0.10452,"12":0.01742,"13":0.01742,"14":0.00871,"15":0.00871,"16":0.00871,"17":0.02613,"18":0,"19":0.01742,"20":0.04355,"21":0.02613,"22":0.00871,"23":0.00871,"24":0.04355,"25":0.00871,"26":0.00871,"27":0.00871,"28":0.01742,"29":0.02613,"30":0.02613,"31":0.03484,"32":0.01742,"33":0.02613,"34":0.03484,"35":0.06097,"36":0.03484,"37":0.09581,"38":0.81003,"39":0.1742,"40":0.13936,"41":0.23517,"42":0.39195,"43":5.01696,"44":10.68717,"45":0.20904,"46":0.01742,"47":0.00871},"chrome":{"4":0,"5":0,"6":0,"7":0,"8":0,"9":0,"10":0,"11":0.02613,"12":0,"13":0.00871,"14":0.00871,"15":0,"16":0,"17":0,"18":0.01742,"19":0,"20":0,"21":0.00871,"22":0.03484,"23":0,"24":0,"25":0.00871,"26":0.02613,"27":0.01742,"28":0.01742,"29":0.16549,"30":0.00871,"31":0.16549,"32":0.03484,"33":0.03484,"34":0.14807,"35":0.16549,"36":0.13065,"37":0.13065,"38":0.1742,"39":0.27872,"40":0.13936,"41":0.18291,"42":0.31356,"43":0.62712,"44":0.86229,"45":2.46493,"46":1.41102,"47":2.07298,"48":37.60978,"49":0.13936,"50":0.12194,"51":0},"opera":{"9":0,"9.5-9.6":0,"10.0-10.1":0,"10.5":0,"10.6":0,"11":0,"11.1":0,"11.5":0,"11.6":0.01742,"12":0.01742,"12.1":0.63583,"15":0.03484,"16":0,"17":0,"18":0.00871,"19":0,"20":0.00871,"21":0,"22":0,"23":0,"24":0,"25":0.00871,"26":0.01742,"27":0,"28":0.04355,"29":0.01742,"30":0.01742,"31":0.10452,"32":0.10452,"33":0.12194,"34":0.94939,"35":3.05721,"36":0.02613},"safari":{"3.1":0,"3.2":0,"4":0.00871,"5":0.01742,"5.1":0.06968,"6":0.00871,"6.1":0.06968,"7":0.03484,"7.1":0.02613,"8":0.20904,"9":1.41102,"9.1":0.01742},"android":{"2.1":0,"2.2":0,"2.3":0.0126971164551,"3":0,"4":0.109857659764,"4.1":0.2313083389,"4.2-4.3":0.518925629036,"4.4":1.04502788911,"4.4.3-4.4.4":0.561433366733,"47":null},"ios_saf":{"3.2":0,"4.0-4.1":0,"4.2-4.3":0,"5.0-5.1":0,"6.0-6.1":0,"7.0-7.1":0.118992479934,"8":0.00807781848117,"8.1-8.4":0.328705075118,"9.0-9.2":2.56346462647,"9.3":null},"op_mob":{"10":0,"11":0,"11.1":0,"11.5":0,"12":3.68466152528e-5,"12.1":3.68466152528e-5,"0":0.00158440445587},"ie":{"5.5":0,"6":0.0176589028571,"7":0.0176589028571,"8":0.582743794286,"9":0.37083696,"10":0.476790377143,"11":6.25125161143},"bb":{"7":0.0067725,"10":null},"ie_mob":{"10":0.0792410679612,"11":0.350328932039},"edge":{"12":0.28743,"13":0.98423,"14":0.00871},"and_uc":{"0":0.36507},"op_mini":{"5.0-8.0":0.643341902314},"and_chr":{"0":8.36246},"and_ff":{"0":0.03225}},"total":97.5183430486}