{"id":"LT","name":"Lithuania","month":"2015-10","access_date":"2015-11-03","data":{"chrome":{"4":0,"5":0,"6":0,"7":0,"8":0,"9":0,"10":0,"11":0.035404,"12":0.008851,"13":0.017702,"14":0,"15":0,"16":0.017702,"17":0,"18":0.026553,"19":0,"20":0.008851,"21":0.008851,"22":0.044255,"23":0,"24":0.008851,"25":0.008851,"26":0.026553,"27":0.008851,"28":0.017702,"29":0.017702,"30":0.017702,"31":0.097361,"32":0.159318,"33":0.053106,"34":0.106212,"35":0.097361,"36":0.097361,"37":0.061957,"38":0.132765,"39":0.256679,"40":0.08851,"41":0.106212,"42":0.17702,"43":1.407309,"44":0.831994,"45":19.613816,"46":20.675936,"47":0.141616,"48":0.08851,"49":0},"firefox":{"2":0,"3":0.008851,"3.5":0.008851,"3.6":0.08851,"4":0.008851,"5":0,"6":0.017702,"7":0.008851,"8":0.008851,"9":0.008851,"10":0.026553,"11":0.044255,"12":0.026553,"13":0.008851,"14":0.008851,"15":0.008851,"16":0.008851,"17":0.035404,"18":0.008851,"19":0.026553,"20":0.017702,"21":0.026553,"22":0.008851,"23":0.008851,"24":0.079659,"25":0.008851,"26":0.026553,"27":0.017702,"28":0.035404,"29":0.026553,"30":0.035404,"31":0.132765,"32":0.035404,"33":0.053106,"34":0.061957,"35":0.070808,"36":0.08851,"37":0.132765,"38":1.389607,"39":0.690378,"40":2.009177,"41":16.436307,"42":0.247828,"43":0.017702,"44":0.008851},"opera":{"9":0,"9.5-9.6":0,"10.0-10.1":0,"10.5":0,"10.6":0,"11":0,"11.1":0,"11.5":0,"11.6":0.008851,"12":0.017702,"12.1":0.548762,"15":0,"16":0.008851,"17":0,"18":0.008851,"19":0.008851,"20":0.017702,"21":0,"22":0.008851,"23":0,"24":0.008851,"25":0.008851,"26":0.026553,"27":0,"28":0.035404,"29":0.026553,"30":0.053106,"31":0.061957,"32":3.938695,"33":0.212424,"34":0.008851},"safari":{"3.1":0,"3.2":0,"4":0.008851,"5":0.035404,"5.1":0.097361,"6":0.026553,"6.1":0.053106,"7":0.044255,"7.1":0.194722,"8":0.637272,"9":0.991312},"android":{"2.1":0,"2.2":0,"2.3":0.0244630150155,"3":0,"4":0.0713159081809,"4.1":0.25582508923,"4.2-4.3":0.534869311357,"4.4":0.998422714532,"4.4.3-4.4.4":0.517454961685,"44":null},"ios_saf":{"3.2":0,"4.0-4.1":0,"4.2-4.3":0,"5.0-5.1":0.00618904600948,"6.0-6.1":0.00648376248613,"7.0-7.1":0.15796803148,"8":0.0212195863182,"8.1-8.4":0.706140678035,"9.0-9.1":2.02293389567},"op_mob":{"10":0,"11":0,"11.1":0,"11.5":0,"12":0.00144528301887,"12.1":0.0043358490566,"0":0.0505849056604},"ie":{"5.5":0,"6":0.0536184263158,"7":0.0446820219298,"8":0.956195269298,"9":0.884704034211,"10":0.697039542105,"11":7.5155160886},"bb":{"7":0.00603225,"10":null},"ie_mob":{"10":0.0891773678161,"11":0.406041632184},"op_mini":{"5.0-8.0":0.541113962264},"and_chr":{"0":7.530019},"and_ff":{"0":0.026427},"edge":{"12":0.938206,"13":null},"and_uc":{"0":0.156264}},"total":98.8207536325}