{"id":"LU","name":"Luxembourg","month":"2015-08","access_date":"2015-09-03","data":{"chrome":{"4":0,"5":0,"6":0,"7":0,"8":0,"9":0,"10":0.008115,"11":0.024345,"12":0.01623,"13":0,"14":0,"15":0,"16":0,"17":0,"18":0,"19":0,"20":0,"21":0.008115,"22":0.040575,"23":0.008115,"24":0.008115,"25":0.008115,"26":0.008115,"27":0.01623,"28":0.01623,"29":0.01623,"30":0.008115,"31":0.235335,"32":0.04869,"33":0.040575,"34":0.03246,"35":0.056805,"36":0.121725,"37":0.073035,"38":0.056805,"39":0.09738,"40":0.121725,"41":0.17853,"42":0.21099,"43":1.144215,"44":18.883605,"45":0.12984,"46":0.06492,"47":0,"48":0},"firefox":{"2":0,"3":0.008115,"3.5":0.008115,"3.6":0.040575,"4":0.008115,"5":0.008115,"6":0.008115,"7":0.008115,"8":0,"9":0.008115,"10":0.089265,"11":0.008115,"12":0.040575,"13":0.01623,"14":0.008115,"15":0.008115,"16":0.08115,"17":0.03246,"18":0.01623,"19":0.01623,"20":0.01623,"21":0.024345,"22":0.024345,"23":0.024345,"24":0.040575,"25":0.024345,"26":0.04869,"27":0.04869,"28":0.04869,"29":0.04869,"30":0.089265,"31":0.559935,"32":0.040575,"33":0.073035,"34":0.089265,"35":0.1623,"36":0.11361,"37":0.284025,"38":0.706005,"39":12.797355,"40":7.863435,"41":0.09738,"42":0.008115,"43":0},"opera":{"9":0,"9.5-9.6":0,"10.0-10.1":0.008115,"10.5":0,"10.6":0,"11":0,"11.1":0,"11.5":0,"11.6":0,"12":0.008115,"12.1":0.12984,"15":0,"16":0,"17":0,"18":0,"19":0.008115,"20":0,"21":0,"22":0,"23":0,"24":0,"25":0,"26":0,"27":0.06492,"28":0.008115,"29":0.01623,"30":0.137955,"31":0.4869,"32":0,"33":0},"safari":{"3.1":0,"3.2":0,"4":0.040575,"5":0.21099,"5.1":0.87642,"6":0.11361,"6.1":0.722235,"7":0.35706,"7.1":1.08741,"8":4.99884,"9":0.04869},"android":{"2.1":0,"2.2":0,"2.3":0.0412122151415,"3":0,"4":0.131363935763,"4.1":0.461061656895,"4.2-4.3":1.00261592149,"4.4":0.00643940861586,"4.4.3-4.4.4":0.883486862095,"44":null},"ios_saf":{"3.2":0,"4.0-4.1":0,"4.2-4.3":0,"5.0-5.1":0.0449894053728,"6.0-6.1":0.074982342288,"7.0-7.1":1.23570900091,"8":0.169460093571,"8.1-8.4":13.2823721129,"9":0.0974770449743},"op_mob":{"10":0,"11":0,"11.1":0,"11.5":0,"12":0.000271307884856,"12.1":0.000542615769712,"0":0.00841054443054},"ie":{"5.5":0,"6":0.154619527947,"7":0.0406893494598,"8":2.91335742132,"9":2.03446747299,"10":1.62757397839,"11":10.54667938},"bb":{"7":0.02262,"10":null},"ie_mob":{"10":0.0580516101695,"11":0.239778389831},"and_uc":{"0":0.15834},"op_mini":{"5.0-8.0":0.0944505319149},"and_chr":{"0":7.426125},"and_ff":{"0":0.14703},"edge":{"12":0.770925,"13":null}},"total":98.3296271301}