{"id":"LU","name":"Luxembourg","month":"2015-10","access_date":"2015-11-03","data":{"chrome":{"4":0,"5":0,"6":0,"7":0,"8":0,"9":0,"10":0.016532,"11":0.033064,"12":0.016532,"13":0.008266,"14":0.008266,"15":0.008266,"16":0,"17":0.008266,"18":0,"19":0.008266,"20":0,"21":0.033064,"22":0.04133,"23":0,"24":0.008266,"25":0.008266,"26":0.008266,"27":0.008266,"28":0.008266,"29":0.008266,"30":0.016532,"31":0.099192,"32":0.057862,"33":0.057862,"34":0.099192,"35":0.08266,"36":0.099192,"37":0.074394,"38":0.066128,"39":0.090926,"40":0.08266,"41":0.107458,"42":0.148788,"43":0.49596,"44":0.338906,"45":9.910934,"46":9.696018,"47":0.066128,"48":0.033064,"49":0},"firefox":{"2":0,"3":0.008266,"3.5":0.008266,"3.6":0.066128,"4":0.008266,"5":0.016532,"6":0.008266,"7":0.008266,"8":0,"9":0,"10":0.157054,"11":0.016532,"12":0.024798,"13":0.008266,"14":0.008266,"15":0.008266,"16":0.12399,"17":0.12399,"18":0.008266,"19":0.024798,"20":0.008266,"21":0.024798,"22":0.008266,"23":0.024798,"24":0.24798,"25":0.016532,"26":0.024798,"27":0.04133,"28":0.24798,"29":0.338906,"30":0.132256,"31":0.942324,"32":0.033064,"33":0.066128,"34":0.08266,"35":0.08266,"36":0.090926,"37":0.140522,"38":4.240458,"39":0.446364,"40":2.612056,"41":14.597756,"42":0.148788,"43":0.033064,"44":0},"opera":{"9":0.024798,"9.5-9.6":0,"10.0-10.1":0.016532,"10.5":0,"10.6":0,"11":0,"11.1":0,"11.5":0,"11.6":0,"12":0.008266,"12.1":0.132256,"15":0,"16":0,"17":0,"18":0,"19":0,"20":0,"21":0.008266,"22":0,"23":0,"24":0,"25":0,"26":0,"27":0.016532,"28":0,"29":0,"30":0.008266,"31":0.016532,"32":0.603418,"33":0.016532,"34":0},"safari":{"3.1":0,"3.2":0,"4":0.049596,"5":0.198384,"5.1":0.727408,"6":0.057862,"6.1":0.471162,"7":0.24798,"7.1":0.487694,"8":1.785456,"9":3.124548},"android":{"2.1":0,"2.2":0,"2.3":0.022623577494,"3":0,"4":0.0659534801519,"4.1":0.236588937522,"4.2-4.3":0.494651101139,"4.4":0.923348722126,"4.4.3-4.4.4":0.478546181567,"44":null},"ios_saf":{"3.2":0,"4.0-4.1":0,"4.2-4.3":0,"5.0-5.1":0.0280009308849,"6.0-6.1":0.0293343085461,"7.0-7.1":0.714690426395,"8":0.0960031916053,"8.1-8.4":3.1947728762,"9.0-9.1":9.15230426637},"op_mob":{"10":0,"11":0,"11.1":0,"11.5":0,"12":0.000226502177068,"12.1":0.000679506531205,"0":0.00792757619739},"ie":{"5.5":0,"6":0.604690362678,"7":0.0579840073801,"8":2.52644603585,"9":1.20109729573,"10":1.05199556247,"11":10.246602447},"bb":{"7":0.013872,"10":null},"ie_mob":{"10":0.0562055172414,"11":0.255914482759},"op_mini":{"5.0-8.0":0.0848024150943},"and_chr":{"0":7.478106},"and_ff":{"0":0.050286},"edge":{"12":1.024984,"13":null},"and_uc":{"0":0.178602}},"total":95.3949277111}