{"id":"LV","name":"Latvia","month":"2015-10","access_date":"2015-11-03","data":{"chrome":{"4":0,"5":0,"6":0,"7":0,"8":0,"9":0,"10":0,"11":0.03544,"12":0.00886,"13":0.02658,"14":0,"15":0,"16":0,"17":0,"18":0.01772,"19":0,"20":0,"21":0.00886,"22":0.0886,"23":0.00886,"24":0.01772,"25":0.01772,"26":0.05316,"27":0.03544,"28":0.01772,"29":0.00886,"30":0.01772,"31":0.09746,"32":0.01772,"33":0.05316,"34":0.06202,"35":0.03544,"36":0.07974,"37":0.05316,"38":0.06202,"39":0.23922,"40":0.16834,"41":0.07974,"42":0.18606,"43":0.54046,"44":0.78854,"45":21.67156,"46":22.593,"47":0.23922,"48":0.1772,"49":0},"firefox":{"2":0,"3":0.00886,"3.5":0.00886,"3.6":0.06202,"4":0.00886,"5":0,"6":0.01772,"7":0.00886,"8":0,"9":0.00886,"10":0.01772,"11":0.0443,"12":0.01772,"13":0.00886,"14":0.00886,"15":0.00886,"16":0.01772,"17":0.01772,"18":0.00886,"19":0.01772,"20":0.01772,"21":0.00886,"22":0.00886,"23":0.01772,"24":0.01772,"25":0.00886,"26":0.02658,"27":0.01772,"28":0.02658,"29":0.07974,"30":0.0443,"31":0.06202,"32":0.03544,"33":0.05316,"34":0.07974,"35":0.54932,"36":0.07088,"37":0.1772,"38":0.46958,"39":0.443,"40":2.09982,"41":16.59478,"42":0.19492,"43":0.02658,"44":0.00886},"opera":{"9":0,"9.5-9.6":0,"10.0-10.1":0,"10.5":0,"10.6":0,"11":0,"11.1":0.00886,"11.5":0,"11.6":0.00886,"12":0.02658,"12.1":0.4873,"15":0,"16":0,"17":0.00886,"18":0,"19":0,"20":0.05316,"21":0,"22":0,"23":0,"24":0,"25":0.00886,"26":0.00886,"27":0.00886,"28":0.01772,"29":0.00886,"30":0.02658,"31":0.03544,"32":2.33018,"33":0.12404,"34":0.00886},"safari":{"3.1":0,"3.2":0,"4":0.01772,"5":0.07088,"5.1":0.1772,"6":0.03544,"6.1":0.0886,"7":0.05316,"7.1":0.15062,"8":0.82398,"9":1.52392},"android":{"2.1":0,"2.2":0,"2.3":0.0225837418019,"3":0,"4":0.0658373489817,"4.1":0.236172350708,"4.2-4.3":0.493780117363,"4.4":0.921722885744,"4.4.3-4.4.4":0.477703555402,"44":null},"ios_saf":{"3.2":0,"4.0-4.1":0,"4.2-4.3":0,"5.0-5.1":0.00944209666028,"6.0-6.1":0.00989172031077,"7.0-7.1":0.240998276662,"8":0.0323729028352,"8.1-8.4":1.07729826657,"9.0-9.1":3.08621673696},"op_mob":{"10":0,"11":0,"11.1":0,"11.5":0,"12":0.000981712626996,"12.1":0.00294513788099,"0":0.0343599419448},"ie":{"5.5":0,"6":0.0177843583535,"7":0.0266765375303,"8":0.818080484262,"9":0.435716779661,"10":0.542422929782,"11":5.45979801453},"bb":{"7":0.007125,"10":null},"ie_mob":{"10":0.110034022989,"11":0.501005977011},"op_mini":{"5.0-8.0":0.367553207547},"and_chr":{"0":7.58778},"and_ff":{"0":0.03648},"edge":{"12":0.8417,"13":null},"and_uc":{"0":0.09234}},"total":98.6098641041}