{"id":"LV","name":"Latvia","month":"2015-08","access_date":"2015-09-03","data":{"chrome":{"4":0,"5":0,"6":0,"7":0,"8":0,"9":0,"10":0,"11":0.035304,"12":0.008826,"13":0.026478,"14":0,"15":0,"16":0.008826,"17":0.008826,"18":0.008826,"19":0,"20":0,"21":0.008826,"22":0.070608,"23":0.008826,"24":0.017652,"25":0.026478,"26":0.052956,"27":0.026478,"28":0.017652,"29":0.017652,"30":0.017652,"31":0.105912,"32":0.017652,"33":0.052956,"34":0.255954,"35":0.070608,"36":0.141216,"37":0.04413,"38":0.070608,"39":0.194172,"40":0.150042,"41":0.114738,"42":0.194172,"43":1.703418,"44":40.987944,"45":0.194172,"46":0.423648,"47":0.008826,"48":0},"firefox":{"2":0,"3":0.008826,"3.5":0.008826,"3.6":0.035304,"4":0.008826,"5":0,"6":0.008826,"7":0,"8":0,"9":0.008826,"10":0.017652,"11":0.035304,"12":0.017652,"13":0.017652,"14":0.008826,"15":0.008826,"16":0.026478,"17":0.017652,"18":0.008826,"19":0.017652,"20":0.017652,"21":0.035304,"22":0.008826,"23":0.017652,"24":0.017652,"25":0.008826,"26":0.026478,"27":0.017652,"28":0.026478,"29":0.079434,"30":0.035304,"31":0.158868,"32":0.052956,"33":0.070608,"34":0.08826,"35":0.150042,"36":0.105912,"37":0.317736,"38":0.644298,"39":10.088118,"40":8.91426,"41":0.13239,"42":0.008826,"43":0.008826},"opera":{"9":0,"9.5-9.6":0,"10.0-10.1":0,"10.5":0,"10.6":0.008826,"11":0.008826,"11.1":0.008826,"11.5":0,"11.6":0.017652,"12":0.04413,"12.1":0.653124,"15":0,"16":0.008826,"17":0,"18":0.008826,"19":0,"20":0.026478,"21":0.008826,"22":0,"23":0.008826,"24":0,"25":0.008826,"26":0.008826,"27":0.008826,"28":0.035304,"29":0.04413,"30":0.520734,"31":1.959372,"32":0.017652,"33":0},"safari":{"3.1":0,"3.2":0,"4":0.017652,"5":0.035304,"5.1":0.167694,"6":0.035304,"6.1":0.105912,"7":0.061782,"7.1":0.317736,"8":1.800504,"9":0.04413},"android":{"2.1":0,"2.2":0,"2.3":0.0428073372419,"3":0,"4":0.136448387459,"4.1":0.478907085394,"4.2-4.3":1.04142225134,"4.4":0.00668864644405,"4.4.3-4.4.4":0.917682292123,"44":null},"ios_saf":{"3.2":0,"4.0-4.1":0,"4.2-4.3":0,"5.0-5.1":0.0142637126471,"6.0-6.1":0.0237728544119,"7.0-7.1":0.391776640708,"8":0.0537266509709,"8.1-8.4":4.21112343053,"9":0.0309047107355},"op_mob":{"10":0,"11":0,"11.1":0,"11.5":0,"12":0.00135486198657,"12.1":0.00270972397315,"0":0.0420007215838},"ie":{"5.5":0,"6":0.0442929916898,"7":0.0620101883657,"8":1.19591077562,"9":1.25792096399,"10":0.726405063712,"11":6.27188762327},"bb":{"7":0.0079245,"10":null},"ie_mob":{"10":0.122881983051,"11":0.507556016949},"and_uc":{"0":0.122096},"op_mini":{"5.0-8.0":0.471668692456},"and_chr":{"0":7.2104},"and_ff":{"0":0.11153},"edge":{"12":0.670776,"13":null}},"total":98.5520501066}