{"id":"LY","name":"Libya","month":"2015-10","access_date":"2015-11-03","data":{"chrome":{"4":0.024164,"5":0.027616,"6":0.048328,"7":0.006904,"8":0.024164,"9":0.01726,"10":0.010356,"11":0.05178,"12":0.020712,"13":0.041424,"14":0.058684,"15":0.082848,"16":0.065588,"17":0.01726,"18":0.006904,"19":0.01726,"20":0.010356,"21":0.003452,"22":0.006904,"23":0.013808,"24":0.010356,"25":0.024164,"26":0.01726,"27":0.020712,"28":0.010356,"29":0.010356,"30":0.096656,"31":0.055232,"32":0.020712,"33":0.227832,"34":0.05178,"35":0.027616,"36":0.072492,"37":0.062136,"38":0.093204,"39":0.065588,"40":0.20712,"41":0.062136,"42":0.462568,"43":0.842288,"44":0.545416,"45":7.61166,"46":7.659988,"47":0.072492,"48":0.05178,"49":0},"firefox":{"2":0.006904,"3":0.010356,"3.5":0.003452,"3.6":0.0863,"4":0.010356,"5":0.013808,"6":0.044876,"7":0.020712,"8":0.024164,"9":0.031068,"10":0.024164,"11":0.151888,"12":0.117368,"13":0.027616,"14":0.024164,"15":0.048328,"16":0.03452,"17":0.013808,"18":0.010356,"19":0.010356,"20":0.020712,"21":0.013808,"22":0.01726,"23":0.075944,"24":0.020712,"25":0.024164,"26":0.031068,"27":0.027616,"28":0.01726,"29":0.048328,"30":0.089752,"31":0.055232,"32":0.093204,"33":0.0863,"34":0.131176,"35":0.055232,"36":0.082848,"37":0.12082,"38":0.265804,"39":0.24164,"40":0.652428,"41":3.46926,"42":0.196764,"43":0.006904,"44":0},"opera":{"9":0,"9.5-9.6":0,"10.0-10.1":0.006904,"10.5":0,"10.6":0,"11":0.003452,"11.1":0.003452,"11.5":0.006904,"11.6":0.024164,"12":0.020712,"12.1":0.110464,"15":0.003452,"16":0.006904,"17":0.003452,"18":0.003452,"19":0.010356,"20":0.006904,"21":0.003452,"22":0,"23":0,"24":0.003452,"25":0.003452,"26":0,"27":0.003452,"28":0.006904,"29":0.020712,"30":0.020712,"31":0.024164,"32":0.838836,"33":0.05178,"34":0.003452},"safari":{"3.1":0,"3.2":0,"4":0.003452,"5":0.006904,"5.1":0.020712,"6":0.003452,"6.1":0.003452,"7":0.01726,"7.1":0.027616,"8":0.079396,"9":0.089752},"android":{"2.1":0,"2.2":0,"2.3":0.112979806697,"3":0,"4":0.3293648602,"4.1":1.18150069037,"4.2-4.3":2.4702364515,"4.4":4.6111080428,"4.4.3-4.4.4":2.38981014843,"44":null},"ios_saf":{"3.2":0,"4.0-4.1":0,"4.2-4.3":0,"5.0-5.1":0.0115339009182,"6.0-6.1":0.0120831342952,"7.0-7.1":0.294389090102,"8":0.039544803148,"8.1-8.4":1.31596317143,"9.0-9.1":3.76993790011},"op_mob":{"10":0,"11":0,"11.1":0,"11.5":0,"12":0.0803373391388,"12.1":0.241012017417,"0":2.81180686986},"ie":{"5.5":0.00347368341709,"6":0.0173684170854,"7":0.0104210502513,"8":0.545368296482,"9":0.246631522613,"10":0.41684201005,"11":1.49715755276},"bb":{"7":0.003274,"10":null},"ie_mob":{"10":0.0188662681992,"11":0.0859017318008},"op_mini":{"5.0-8.0":30.0782997736},"and_chr":{"0":15.278524},"and_ff":{"0":0.124412},"edge":{"12":0.151888,"13":null},"and_uc":{"0":2.665036}},"total":97.7544805327}