{"id":"LY","name":"Libya","month":"2016-02","access_date":"2016-03-03","data":{"firefox":{"2":0.003903,"3":0.050739,"3.5":0.007806,"3.6":0.046836,"4":0.019515,"5":0.015612,"6":0.027321,"7":0.015612,"8":0.023418,"9":0.023418,"10":0.023418,"11":0.019515,"12":0.136605,"13":0.019515,"14":0.015612,"15":0.035127,"16":0.031224,"17":0.058545,"18":0.007806,"19":0.011709,"20":0.023418,"21":0.007806,"22":0.019515,"23":0.031224,"24":0.027321,"25":0.03903,"26":0.023418,"27":0.023418,"28":0.011709,"29":0.07806,"30":0.050739,"31":0.062448,"32":0.11709,"33":0.062448,"34":0.03903,"35":0.031224,"36":0.042933,"37":0.046836,"38":0.199053,"39":0.105381,"40":0.070254,"41":0.093672,"42":0.218568,"43":2.025657,"44":2.931153,"45":0.160023,"46":0.007806,"47":0},"chrome":{"4":0.023418,"5":0.019515,"6":0.03903,"7":0.007806,"8":0.019515,"9":0.015612,"10":0.011709,"11":0.031224,"12":0.027321,"13":0.054642,"14":0.058545,"15":0.066351,"16":0.042933,"17":0.003903,"18":0.007806,"19":0.011709,"20":0.007806,"21":0.003903,"22":0.007806,"23":0.011709,"24":0.015612,"25":0.015612,"26":0.023418,"27":0.019515,"28":0.007806,"29":0.031224,"30":0.031224,"31":0.042933,"32":0.027321,"33":0.241986,"34":0.031224,"35":0.027321,"36":0.062448,"37":0.031224,"38":0.089769,"39":0.062448,"40":0.093672,"41":0.042933,"42":0.097575,"43":0.925011,"44":0.343464,"45":0.608868,"46":0.253695,"47":0.804018,"48":17.528373,"49":0.050739,"50":0.171732,"51":0},"opera":{"9":0,"9.5-9.6":0.003903,"10.0-10.1":0.011709,"10.5":0,"10.6":0,"11":0.003903,"11.1":0,"11.5":0.011709,"11.6":0.058545,"12":0.015612,"12.1":0.081963,"15":0.007806,"16":0,"17":0.003903,"18":0.007806,"19":0.011709,"20":0.011709,"21":0,"22":0,"23":0,"24":0.003903,"25":0,"26":0,"27":0,"28":0.003903,"29":0.015612,"30":0.011709,"31":0.003903,"32":0.007806,"33":0.031224,"34":0.362979,"35":0.893787,"36":0.023418},"safari":{"3.1":0,"3.2":0,"4":0.003903,"5":0.003903,"5.1":0.031224,"6":0.007806,"6.1":0.003903,"7":0.007806,"7.1":0.003903,"8":0.074157,"9":0.183441,"9.1":0},"android":{"2.1":0,"2.2":0,"2.3":0.0465810329548,"3":0,"4":0.403027198174,"4.1":0.848584904698,"4.2-4.3":1.90374656424,"4.4":3.83382153841,"4.4.3-4.4.4":2.05969176152,"47":null},"ios_saf":{"3.2":0,"4.0-4.1":0,"4.2-4.3":0,"5.0-5.1":0,"6.0-6.1":0,"7.0-7.1":0.197006955135,"8":0.0133738402964,"8.1-8.4":0.544212424367,"9.0-9.2":4.2441367802,"9.3":null},"op_mob":{"10":0,"11":0,"11.1":0,"11.5":0,"12":0.00163979868609,"12.1":0.00163979868609,"0":0.0705113435019},"ie":{"5.5":0.00391416738197,"6":0.0117425021459,"7":0.00782833476395,"8":0.477528420601,"9":0.250506712446,"10":0.328790060086,"11":1.64395030043},"bb":{"7":0.0030485,"10":null},"ie_mob":{"10":0.020244407767,"11":0.089501592233},"edge":{"12":0.128799,"13":0.132702,"14":0},"and_uc":{"0":2.810717},"op_mini":{"5.0-8.0":28.6308850591},"and_chr":{"0":17.338135},"and_ff":{"0":0.06097}},"total":97.3117219979}