{"id":"LY","name":"Libya","month":"2015-08","access_date":"2015-09-03","data":{"chrome":{"4":0.026304,"5":0.026304,"6":0.052608,"7":0.003288,"8":0.029592,"9":0.029592,"10":0.013152,"11":0.062472,"12":0.03288,"13":0.04932,"14":0.072336,"15":0.0822,"16":0.055896,"17":0.013152,"18":0.01644,"19":0.01644,"20":0.009864,"21":0.009864,"22":0.009864,"23":0.01644,"24":0.01644,"25":0.023016,"26":0.026304,"27":0.01644,"28":0.009864,"29":0.019728,"30":0.118368,"31":0.055896,"32":0.01644,"33":0.200568,"34":0.03288,"35":0.03288,"36":0.0822,"37":0.039456,"38":0.095352,"39":0.105216,"40":0.348528,"41":0.09864,"42":0.562248,"43":1.196832,"44":13.756992,"45":0.055896,"46":0.09864,"47":0,"48":0},"firefox":{"2":0.003288,"3":0.01644,"3.5":0.006576,"3.6":0.059184,"4":0.013152,"5":0.009864,"6":0.042744,"7":0.023016,"8":0.023016,"9":0.01644,"10":0.019728,"11":0.019728,"12":0.151248,"13":0.023016,"14":0.013152,"15":0.042744,"16":0.052608,"17":0.009864,"18":0.006576,"19":0.019728,"20":0.029592,"21":0.009864,"22":0.01644,"23":0.029592,"24":0.019728,"25":0.029592,"26":0.023016,"27":0.026304,"28":0.019728,"29":0.046032,"30":0.06576,"31":0.039456,"32":0.092064,"33":0.088776,"34":0.078912,"35":0.06576,"36":0.134808,"37":0.11508,"38":0.387984,"39":2.291736,"40":1.486176,"41":0.124944,"42":0.006576,"43":0.003288},"opera":{"9":0,"9.5-9.6":0,"10.0-10.1":0.003288,"10.5":0,"10.6":0,"11":0.003288,"11.1":0.003288,"11.5":0.006576,"11.6":0.042744,"12":0.03288,"12.1":0.118368,"15":0.009864,"16":0.003288,"17":0.003288,"18":0.013152,"19":0.006576,"20":0.006576,"21":0.003288,"22":0.006576,"23":0,"24":0.003288,"25":0.003288,"26":0.003288,"27":0.003288,"28":0.009864,"29":0.03288,"30":0.1644,"31":0.539232,"32":0.013152,"33":0},"safari":{"3.1":0.006576,"3.2":0,"4":0.003288,"5":0.009864,"5.1":0.023016,"6":0.006576,"6.1":0.003288,"7":0.03288,"7.1":0.036168,"8":0.118368,"9":0.003288},"android":{"2.1":0,"2.2":0,"2.3":0.156542401224,"3":0,"4":0.4989789039,"4.1":1.75131811369,"4.2-4.3":3.80838310477,"4.4":0.0244597501912,"4.4.3-4.4.4":3.35587772623,"44":null},"ios_saf":{"3.2":0,"4.0-4.1":0,"4.2-4.3":0,"5.0-5.1":0.016582650166,"6.0-6.1":0.0276377502767,"7.0-7.1":0.45547012456,"8":0.0624613156253,"8.1-8.4":4.89575108401,"9":0.0359290753597},"op_mob":{"10":0,"11":0,"11.1":0,"11.5":0,"12":0.0968340980771,"12.1":0.193668196154,"0":3.00185704039},"ie":{"5.5":0.00329777601586,"6":0.0197866560951,"7":0.0131911040634,"8":0.712319619425,"9":0.346266481665,"10":0.491368626363,"11":1.72803463231},"bb":{"7":0.003356,"10":null},"ie_mob":{"10":0.0196240677966,"11":0.0810559322034},"and_uc":{"0":2.778768},"op_mini":{"5.0-8.0":33.7108966654},"and_chr":{"0":14.04024},"and_ff":{"0":0.241632},"edge":{"12":0.124944,"13":null}},"total":97.4157168959}