{"id":"MA","name":"Morocco","month":"2016-02","access_date":"2016-03-03","data":{"firefox":{"2":0.012752,"3":0.076512,"3.5":0.025504,"3.6":0.108392,"4":0.025504,"5":0.019128,"6":0.038256,"7":0.006376,"8":0.006376,"9":0.012752,"10":0.03188,"11":0.025504,"12":0.057384,"13":0.019128,"14":0.025504,"15":0.025504,"16":0.044632,"17":0.025504,"18":0.025504,"19":0.025504,"20":0.044632,"21":0.025504,"22":0.025504,"23":0.025504,"24":0.03188,"25":0.038256,"26":0.044632,"27":0.038256,"28":0.025504,"29":0.057384,"30":0.09564,"31":0.089264,"32":0.114768,"33":0.121144,"34":0.108392,"35":0.121144,"36":0.108392,"37":0.146648,"38":0.197656,"39":0.210408,"40":0.197656,"41":0.22316,"42":0.312424,"43":2.875576,"44":5.075296,"45":0.12752,"46":0.019128,"47":0},"chrome":{"4":0.012752,"5":0.019128,"6":0.051008,"7":0.019128,"8":0.019128,"9":0.006376,"10":0.019128,"11":0.070136,"12":0.06376,"13":0.019128,"14":0.019128,"15":0.006376,"16":0.012752,"17":0.012752,"18":0.006376,"19":0.006376,"20":0.006376,"21":0.025504,"22":0.051008,"23":0.025504,"24":0.019128,"25":0.044632,"26":0.051008,"27":0.03188,"28":0.038256,"29":0.121144,"30":0.044632,"31":0.082888,"32":0.038256,"33":0.114768,"34":0.057384,"35":0.076512,"36":0.070136,"37":0.09564,"38":0.12752,"39":0.19128,"40":0.184904,"41":0.121144,"42":0.140272,"43":1.574872,"44":0.612096,"45":0.76512,"46":0.70136,"47":1.836288,"48":33.780048,"49":0.1594,"50":0.089264,"51":0},"opera":{"9":0,"9.5-9.6":0,"10.0-10.1":0,"10.5":0,"10.6":0,"11":0,"11.1":0,"11.5":0,"11.6":0.012752,"12":0.006376,"12.1":0.051008,"15":0.006376,"16":0,"17":0,"18":0.006376,"19":0.006376,"20":0.006376,"21":0,"22":0,"23":0.006376,"24":0.006376,"25":0.012752,"26":0.006376,"27":0.006376,"28":0.019128,"29":0.012752,"30":0.012752,"31":0.044632,"32":0.012752,"33":0.03188,"34":0.420816,"35":1.40272,"36":0.006376},"safari":{"3.1":0,"3.2":0,"4":0.03188,"5":0.044632,"5.1":0.229536,"6":0.019128,"6.1":0.121144,"7":0.038256,"7.1":0.019128,"8":0.153024,"9":0.439944,"9.1":0},"android":{"2.1":0,"2.2":0,"2.3":0.0452064359831,"3":0,"4":0.391133946114,"4.1":0.823543333779,"4.2-4.3":1.84756738366,"4.4":3.72068623113,"4.4.3-4.4.4":1.99891066934,"47":null},"ios_saf":{"3.2":0,"4.0-4.1":0,"4.2-4.3":0,"5.0-5.1":0,"6.0-6.1":0,"7.0-7.1":0.139327817246,"8":0.00945828524388,"8.1-8.4":0.384879453385,"9.0-9.2":3.00155044412,"9.3":null},"op_mob":{"10":0,"11":0,"11.1":0,"11.5":0,"12":0.000457114652956,"12.1":0.000457114652956,"0":0.0196559300771},"ie":{"5.5":0,"6":0.0483889023569,"7":0.0553016026936,"8":0.525365225589,"9":0.172817508418,"10":0.158992107744,"11":1.08529395286},"bb":{"7":0.04983,"10":null},"ie_mob":{"10":0.145734058252,"11":0.644297941748},"edge":{"12":0.076512,"13":0.172152,"14":0},"and_uc":{"0":1.163304},"op_mini":{"5.0-8.0":7.98122184062},"and_chr":{"0":15.286064},"and_ff":{"0":0.028992}},"total":95.9520052997}