{"id":"MD","name":"Moldova","month":"2015-10","access_date":"2015-11-03","data":{"chrome":{"4":0.025587,"5":0.017058,"6":0.025587,"7":0.008529,"8":0.059703,"9":0.017058,"10":0.059703,"11":0.059703,"12":0.08529,"13":0.076761,"14":0.034116,"15":0.034116,"16":0.042645,"17":0.042645,"18":0.068232,"19":0.017058,"20":0.017058,"21":0.025587,"22":0.051174,"23":0.025587,"24":0.034116,"25":0.025587,"26":0.042645,"27":0.059703,"28":0.025587,"29":0.017058,"30":0.025587,"31":0.034116,"32":0.068232,"33":0.068232,"34":0.093819,"35":0.076761,"36":0.068232,"37":0.034116,"38":0.093819,"39":0.238812,"40":0.119406,"41":0.136464,"42":0.221754,"43":0.835842,"44":0.929661,"45":24.90468,"46":27.480438,"47":0.486153,"48":0.443508,"49":0},"firefox":{"2":0.008529,"3":0.025587,"3.5":0.034116,"3.6":0.196167,"4":0.017058,"5":0.008529,"6":0.017058,"7":0.008529,"8":0.008529,"9":0.008529,"10":0.025587,"11":0.017058,"12":0.017058,"13":0.017058,"14":0.008529,"15":0.017058,"16":0.025587,"17":0.025587,"18":0.008529,"19":0.017058,"20":0.025587,"21":0.017058,"22":0.017058,"23":0.017058,"24":0.068232,"25":0.017058,"26":0.017058,"27":0.068232,"28":0.034116,"29":0.034116,"30":0.034116,"31":0.08529,"32":0.034116,"33":0.068232,"34":0.025587,"35":0.042645,"36":0.068232,"37":0.068232,"38":0.887016,"39":0.264399,"40":0.980835,"41":6.942606,"42":0.068232,"43":0.008529,"44":0},"opera":{"9":0,"9.5-9.6":0.008529,"10.0-10.1":0.008529,"10.5":0.008529,"10.6":0.017058,"11":0.008529,"11.1":0.008529,"11.5":0.017058,"11.6":0.162051,"12":0.213225,"12.1":0.59703,"15":0.008529,"16":0.017058,"17":0.008529,"18":0.008529,"19":0.008529,"20":0.017058,"21":0.008529,"22":0.008529,"23":0,"24":0.008529,"25":0.008529,"26":0.008529,"27":0.025587,"28":0.051174,"29":0.025587,"30":0.076761,"31":0.076761,"32":3.010737,"33":0.153522,"34":0.017058},"safari":{"3.1":0.008529,"3.2":0,"4":0.025587,"5":0.042645,"5.1":0.051174,"6":0.017058,"6.1":0.025587,"7":0.017058,"7.1":0.076761,"8":0.238812,"9":0.42645},"android":{"2.1":0,"2.2":0,"2.3":0.0348182583707,"3":0,"4":0.10150407525,"4.1":0.364116362962,"4.2-4.3":0.761280564377,"4.4":1.4210570535,"4.4.3-4.4.4":0.736494685537,"44":null},"ios_saf":{"3.2":0,"4.0-4.1":0,"4.2-4.3":0,"5.0-5.1":0.00632317818585,"6.0-6.1":0.00662428190899,"7.0-7.1":0.161391595601,"8":0.0216794680658,"8.1-8.4":0.721444520634,"9.0-9.1":2.0667759556},"op_mob":{"10":0,"11":0,"11.1":0,"11.5":0,"12":0.00278970488631,"12.1":0.00836911465893,"0":0.0976396710208},"ie":{"5.5":0,"6":0.0172375578947,"7":0.0172375578947,"8":0.663645978947,"9":0.249944589474,"10":0.387845052632,"11":2.73215292632},"bb":{"7":0.00919375,"10":null},"ie_mob":{"10":0.12105597318,"11":0.55119102682},"op_mini":{"5.0-8.0":1.04446550943},"and_chr":{"0":9.553882},"and_ff":{"0":0.016181},"edge":{"12":0.315573,"13":null},"and_uc":{"0":0.320678}},"total":95.8022894132}