{"id":"ME","name":"Montenegro","month":"2015-10","access_date":"2015-11-03","data":{"chrome":{"4":0.007534,"5":0.007534,"6":0.022602,"7":0.015068,"8":0.03767,"9":0.007534,"10":0.143146,"11":0.052738,"12":0.015068,"13":0.007534,"14":0.007534,"15":0,"16":0.045204,"17":0,"18":0.128078,"19":0,"20":0.015068,"21":0.007534,"22":0.11301,"23":0.007534,"24":0.007534,"25":0.015068,"26":0.11301,"27":0.022602,"28":0.030136,"29":0.015068,"30":0.022602,"31":0.120544,"32":0.052738,"33":0.128078,"34":0.128078,"35":0.060272,"36":0.11301,"37":0.07534,"38":0.165748,"39":0.278758,"40":0.361632,"41":0.07534,"42":0.248622,"43":0.504778,"44":0.60272,"45":18.563776,"46":20.251392,"47":0.256156,"48":0.195884,"49":0},"firefox":{"2":0,"3":0.007534,"3.5":0.015068,"3.6":0.045204,"4":0.015068,"5":0,"6":0.007534,"7":0,"8":0.022602,"9":0,"10":0.022602,"11":0.015068,"12":0.022602,"13":0.030136,"14":0.015068,"15":0.022602,"16":0.015068,"17":0.007534,"18":0.030136,"19":0.015068,"20":0.007534,"21":0.015068,"22":0.007534,"23":0.007534,"24":0.015068,"25":0.007534,"26":0.022602,"27":0.015068,"28":0.015068,"29":0.022602,"30":0.022602,"31":0.045204,"32":0.015068,"33":0.030136,"34":0.03767,"35":0.045204,"36":0.03767,"37":0.346564,"38":0.843808,"39":1.725286,"40":2.606764,"41":13.606404,"42":0.41437,"43":0,"44":0.015068},"opera":{"9":0,"9.5-9.6":0,"10.0-10.1":0,"10.5":0,"10.6":0,"11":0.015068,"11.1":0.007534,"11.5":0,"11.6":0.007534,"12":0.03767,"12.1":0.391768,"15":0.007534,"16":0,"17":0,"18":0,"19":0,"20":0.007534,"21":0,"22":0,"23":0,"24":0.007534,"25":0.007534,"26":0.022602,"27":0,"28":0.022602,"29":0.007534,"30":0.015068,"31":0.03767,"32":1.99651,"33":0.105476,"34":0},"safari":{"3.1":0,"3.2":0,"4":0.007534,"5":0.015068,"5.1":0.052738,"6":0.007534,"6.1":0.03767,"7":0.03767,"7.1":0.045204,"8":0.143146,"9":0.278758},"android":{"2.1":0,"2.2":0,"2.3":0.0618237518122,"3":0,"4":0.180231954436,"4.1":0.646529743528,"4.2-4.3":1.35173965827,"4.4":2.5232473621,"4.4.3-4.4.4":1.30772952986,"44":null},"ios_saf":{"3.2":0,"4.0-4.1":0,"4.2-4.3":0,"5.0-5.1":0.0115356680456,"6.0-6.1":0.0120849855716,"7.0-7.1":0.294434193926,"8":0.0395508618706,"8.1-8.4":1.31616479225,"9.0-9.1":3.77051549834},"op_mob":{"10":0,"11":0,"11.1":0,"11.5":0,"12":0.00598306240929,"12.1":0.0179491872279,"0":0.209407184325},"ie":{"5.5":0,"6":0.0227083623529,"7":0.0227083623529,"8":0.590417421176,"9":0.295208710588,"10":0.219514169412,"11":2.05889152},"bb":{"7":0.016029,"10":null},"ie_mob":{"10":0.0919222758621,"11":0.418539724138},"op_mini":{"5.0-8.0":2.24005856604},"and_chr":{"0":14.392412},"and_ff":{"0":0.019728},"edge":{"12":0.248622,"13":null},"and_uc":{"0":0.14796}},"total":99.1417415459}