{"id":"ME","name":"Montenegro","month":"2015-08","access_date":"2015-09-03","data":{"chrome":{"4":0.00707,"5":0.00707,"6":0.01414,"7":0,"8":0.02121,"9":0.00707,"10":0.12019,"11":0.07777,"12":0.00707,"13":0.00707,"14":0.00707,"15":0,"16":0.02828,"17":0.00707,"18":0.09898,"19":0,"20":0.00707,"21":0.00707,"22":0.10605,"23":0.00707,"24":0.00707,"25":0.01414,"26":0.12726,"27":0.01414,"28":0.02121,"29":0.02121,"30":0.02121,"31":0.11312,"32":0.03535,"33":0.11312,"34":0.09191,"35":0.0707,"36":0.12726,"37":0.20503,"38":0.19796,"39":0.3535,"40":0.33229,"41":0.06363,"42":0.29694,"43":1.57661,"44":37.50635,"45":0.13433,"46":0.32522,"47":0,"48":0},"firefox":{"2":0.00707,"3":0.00707,"3.5":0.00707,"3.6":0.04242,"4":0.00707,"5":0,"6":0.00707,"7":0,"8":0.00707,"9":0,"10":0.03535,"11":0.00707,"12":0.01414,"13":0.01414,"14":0.00707,"15":0.00707,"16":0.00707,"17":0.00707,"18":0.00707,"19":0.01414,"20":0.00707,"21":0.02121,"22":0,"23":0.00707,"24":0.01414,"25":0.00707,"26":0.02121,"27":0.00707,"28":0.02121,"29":0.01414,"30":0.03535,"31":0.06363,"32":0.02121,"33":0.04242,"34":0.04242,"35":0.08484,"36":0.06363,"37":0.25452,"38":1.95132,"39":6.82962,"40":5.67721,"41":0.15554,"42":0.00707,"43":0.00707},"opera":{"9":0,"9.5-9.6":0,"10.0-10.1":0,"10.5":0,"10.6":0,"11":0.00707,"11.1":0.00707,"11.5":0,"11.6":0.00707,"12":0.03535,"12.1":0.41006,"15":0,"16":0,"17":0,"18":0,"19":0.01414,"20":0.02121,"21":0,"22":0,"23":0,"24":0.00707,"25":0,"26":0.02121,"27":0.00707,"28":0.02828,"29":0.02828,"30":0.36057,"31":1.58368,"32":0.01414,"33":0},"safari":{"3.1":0,"3.2":0,"4":0,"5":0.02121,"5.1":0.0707,"6":0.01414,"6.1":0.03535,"7":0.02828,"7.1":0.11312,"8":0.40299,"9":0.00707},"android":{"2.1":0,"2.2":0,"2.3":0.129976283457,"3":0,"4":0.414299403518,"4.1":1.45410967117,"4.2-4.3":3.16207927097,"4.4":0.0203087942901,"4.4.3-4.4.4":2.7863665766,"44":null},"ios_saf":{"3.2":0,"4.0-4.1":0,"4.2-4.3":0,"5.0-5.1":0.0201976456384,"6.0-6.1":0.0336627427307,"7.0-7.1":0.554762000201,"8":0.0760777985713,"8.1-8.4":5.96301824731,"9":0.0437615655499},"op_mob":{"10":0,"11":0,"11.1":0,"11.5":0,"12":0.00612636363636,"12.1":0.0122527272727,"0":0.189917272727},"ie":{"5.5":0,"6":0.0071344191344,"7":0.0428065148064,"8":0.556484692483,"9":0.335317699317,"10":0.256839088838,"11":1.91915874715},"bb":{"7":0.013185,"10":null},"ie_mob":{"10":0.125071271186,"11":0.516598728814},"and_uc":{"0":0.14064},"op_mini":{"5.0-8.0":2.13277363636},"and_chr":{"0":16.688},"and_ff":{"0":0.08497},"edge":{"12":0.2121,"13":null}},"total":99.0110761617}