{"id":"ME","name":"Montenegro","month":"2016-02","access_date":"2016-03-03","data":{"firefox":{"2":0,"3":0.006991,"3.5":0.013982,"3.6":0.055928,"4":0.006991,"5":0,"6":0.006991,"7":0,"8":0.020973,"9":0,"10":0.027964,"11":0.006991,"12":0.034955,"13":0.013982,"14":0.006991,"15":0.020973,"16":0.006991,"17":0.006991,"18":0.034955,"19":0.006991,"20":0.020973,"21":0.006991,"22":0.006991,"23":0.006991,"24":0.006991,"25":0,"26":0.006991,"27":0.006991,"28":0.013982,"29":0.006991,"30":0.006991,"31":0.020973,"32":0.013982,"33":0.027964,"34":0.027964,"35":0.027964,"36":0.034955,"37":0.118847,"38":0.181766,"39":0.125838,"40":0.06991,"41":0.118847,"42":0.125838,"43":2.845337,"44":6.466675,"45":0.48937,"46":0.013982,"47":0.020973},"chrome":{"4":0,"5":0,"6":0,"7":0.006991,"8":0.034955,"9":0,"10":0.090883,"11":0.06991,"12":0.020973,"13":0,"14":0.006991,"15":0,"16":0.027964,"17":0,"18":0.090883,"19":0,"20":0.006991,"21":0,"22":0.160793,"23":0.006991,"24":0.006991,"25":0.020973,"26":0.195748,"27":0.020973,"28":0.006991,"29":0.013982,"30":0.013982,"31":0.06991,"32":0.034955,"33":0.111856,"34":0.167784,"35":0.027964,"36":0.062919,"37":0.062919,"38":0.13982,"39":0.146811,"40":0.244685,"41":0.041946,"42":0.048937,"43":0.202739,"44":0.251676,"45":0.293622,"46":0.300613,"47":1.041659,"48":41.680342,"49":0.202739,"50":0.377514,"51":0},"opera":{"9":0,"9.5-9.6":0,"10.0-10.1":0,"10.5":0,"10.6":0,"11":0,"11.1":0.006991,"11.5":0,"11.6":0.006991,"12":0.020973,"12.1":0.300613,"15":0,"16":0,"17":0.020973,"18":0,"19":0.020973,"20":0,"21":0.006991,"22":0,"23":0,"24":0,"25":0,"26":0.013982,"27":0,"28":0.013982,"29":0.006991,"30":0.006991,"31":0.034955,"32":0.013982,"33":0.006991,"34":0.321586,"35":1.572975,"36":0.006991},"safari":{"3.1":0,"3.2":0,"4":0,"5":0.006991,"5.1":0.048937,"6":0,"6.1":0.027964,"7":0.020973,"7.1":0.006991,"8":0.055928,"9":0.433442,"9.1":0},"android":{"2.1":0,"2.2":0,"2.3":0.0328944248497,"3":0,"4":0.284608284569,"4.1":0.599250609218,"4.2-4.3":1.34438084168,"4.4":2.70735418437,"4.4.3-4.4.4":1.45450565531,"47":null},"ios_saf":{"3.2":0,"4.0-4.1":0,"4.2-4.3":0,"5.0-5.1":0,"6.0-6.1":0,"7.0-7.1":0.239652850381,"8":0.0162688619057,"8.1-8.4":0.662017534472,"9.0-9.2":5.16286075324,"9.3":null},"op_mob":{"10":0,"11":0,"11.1":0,"11.5":0,"12":7.04764353042e-5,"12.1":7.04764353042e-5,"0":0.00303048671808},"ie":{"5.5":0,"6":0.0210325823864,"7":0.0140217215909,"8":0.441684230114,"9":0.210325823864,"10":0.196304102273,"11":1.58445453977},"bb":{"7":0.0135405,"10":null},"ie_mob":{"10":0.100465543689,"11":0.444163456311},"edge":{"12":0.083892,"13":0.314595,"14":0},"and_uc":{"0":0.183549},"op_mini":{"5.0-8.0":1.23051856041},"and_chr":{"0":20.241519},"and_ff":{"0":0.015045}},"total":98.0043165}