{"id":"MG","name":"Madagascar","month":"2015-08","access_date":"2015-09-03","data":{"chrome":{"4":0.002808,"5":0.002808,"6":0.005616,"7":0.002808,"8":0.002808,"9":0.011232,"10":0.01404,"11":0.016848,"12":0.002808,"13":0.002808,"14":0.002808,"15":0.002808,"16":0.002808,"17":0.002808,"18":0.008424,"19":0,"20":0,"21":0,"22":0.005616,"23":0.005616,"24":0.002808,"25":0.008424,"26":0.01404,"27":0.008424,"28":0.011232,"29":0.016848,"30":0.011232,"31":0.061776,"32":0.008424,"33":0.01404,"34":0.008424,"35":0.016848,"36":0.050544,"37":0.02808,"38":0.044928,"39":0.067392,"40":0.05616,"41":0.092664,"42":0.131976,"43":0.508248,"44":7.140744,"45":0.053352,"46":0.044928,"47":0.002808,"48":0},"firefox":{"2":0.033696,"3":0.185328,"3.5":0.016848,"3.6":0.081432,"4":0.02808,"5":0.008424,"6":0.019656,"7":0.008424,"8":0.030888,"9":0.019656,"10":0.030888,"11":0.025272,"12":0.061776,"13":0.036504,"14":0.050544,"15":0.04212,"16":0.047736,"17":0.039312,"18":0.053352,"19":0.033696,"20":0.058968,"21":0.289224,"22":0.064584,"23":0.030888,"24":0.081432,"25":0.036504,"26":0.053352,"27":0.08424,"28":0.221832,"29":0.103896,"30":0.219024,"31":0.157248,"32":0.22464,"33":0.15444,"34":0.146016,"35":0.398736,"36":0.216216,"37":0.454896,"38":0.915408,"39":5.528952,"40":3.462264,"41":0.12636,"42":0.025272,"43":0.005616},"opera":{"9":0,"9.5-9.6":0,"10.0-10.1":0.078624,"10.5":0,"10.6":0.008424,"11":0.008424,"11.1":0.002808,"11.5":0.011232,"11.6":0.016848,"12":0.019656,"12.1":0.095472,"15":0.025272,"16":0.01404,"17":0,"18":0.005616,"19":0.002808,"20":0.005616,"21":0.002808,"22":0.002808,"23":0.002808,"24":0.002808,"25":0.002808,"26":0.005616,"27":0.008424,"28":0.016848,"29":0.02808,"30":0.219024,"31":0.558792,"32":0.002808,"33":0},"safari":{"3.1":0.005616,"3.2":0,"4":0.008424,"5":0.025272,"5.1":0.04212,"6":0.01404,"6.1":0.016848,"7":0.019656,"7.1":0.061776,"8":0.207792,"9":0},"android":{"2.1":0,"2.2":0,"2.3":0.060734189141,"3":0,"4":0.193590227887,"4.1":0.679463741015,"4.2-4.3":1.4775489452,"4.4":0.00948971705328,"4.4.3-4.4.4":1.30198917971,"44":null},"ios_saf":{"3.2":0,"4.0-4.1":0,"4.2-4.3":0,"5.0-5.1":0.00295137941443,"6.0-6.1":0.00491896569071,"7.0-7.1":0.081064554583,"8":0.011116862461,"8.1-8.4":0.871345582453,"9":0.00639465539793},"op_mob":{"10":0,"11":0,"11.1":0,"11.5":0,"12":0.13263016862,"12.1":0.26526033724,"0":4.11153522722},"ie":{"5.5":0,"6":0.0198069097889,"7":0.0396138195777,"8":0.342376583493,"9":0.181091746641,"10":0.183921305182,"11":0.687582725528},"bb":{"7":0.11687,"10":null},"ie_mob":{"10":0.0728951864407,"11":0.301088813559},"and_uc":{"0":11.514392},"op_mini":{"5.0-8.0":46.1725982669},"and_chr":{"0":2.015472},"and_ff":{"0":0.316448},"edge":{"12":0.103896,"13":null}},"total":95.2415590902}