{"id":"MG","name":"Madagascar","month":"2015-10","access_date":"2015-11-03","data":{"chrome":{"4":0.0028,"5":0.0028,"6":0.0028,"7":0.0028,"8":0.0028,"9":0.0056,"10":0.0056,"11":0.0168,"12":0.0028,"13":0.0028,"14":0.0056,"15":0.0028,"16":0.014,"17":0,"18":0.0056,"19":0.0028,"20":0,"21":0.0028,"22":0.0028,"23":0.0028,"24":0,"25":0.0056,"26":0.0056,"27":0,"28":0.014,"29":0.0224,"30":0.0056,"31":0.0588,"32":0.0112,"33":0.0112,"34":0.0112,"35":0.0224,"36":0.0504,"37":0.0224,"38":0.0336,"39":0.042,"40":0.028,"41":0.0448,"42":0.1316,"43":0.2044,"44":0.2576,"45":3.598,"46":3.8584,"47":0.0392,"48":0.0168,"49":0},"firefox":{"2":0.0308,"3":0.21,"3.5":0.0112,"3.6":0.0672,"4":0.0196,"5":0.0168,"6":0.014,"7":0.014,"8":0.0112,"9":0.0196,"10":0.0196,"11":0.0252,"12":0.0532,"13":0.0308,"14":0.056,"15":0.042,"16":0.042,"17":0.0392,"18":0.0476,"19":0.0392,"20":0.0756,"21":0.6496,"22":0.1176,"23":0.0196,"24":0.0448,"25":0.0588,"26":0.0728,"27":0.0756,"28":0.0952,"29":0.1008,"30":0.2604,"31":0.1764,"32":0.1456,"33":0.1764,"34":0.126,"35":0.3976,"36":0.2604,"37":0.7224,"38":0.546,"39":0.4732,"40":1.2852,"41":6.1908,"42":0.252,"43":0.0224,"44":0.0084},"opera":{"9":0,"9.5-9.6":0.0028,"10.0-10.1":0.1008,"10.5":0,"10.6":0.0056,"11":0.0028,"11.1":0.0028,"11.5":0.0588,"11.6":0.014,"12":0.0112,"12.1":0.1624,"15":0.0056,"16":0.0028,"17":0,"18":0.0056,"19":0.0028,"20":0.0084,"21":0.0028,"22":0.0028,"23":0.0028,"24":0.0028,"25":0.0028,"26":0.0084,"27":0.0112,"28":0.0084,"29":0.0168,"30":0.0308,"31":0.0336,"32":0.7868,"33":0.042,"34":0.0028},"safari":{"3.1":0.0028,"3.2":0,"4":0.0084,"5":0.0112,"5.1":0.0504,"6":0.014,"6.1":0.0168,"7":0.0196,"7.1":0.0336,"8":0.2604,"9":0.154},"android":{"2.1":0,"2.2":0,"2.3":0.0368459785986,"3":0,"4":0.107415395236,"4.1":0.385321505005,"4.2-4.3":0.805615464273,"4.4":1.50381553331,"4.4.3-4.4.4":0.779386123576,"44":null},"ios_saf":{"3.2":0,"4.0-4.1":0,"4.2-4.3":0,"5.0-5.1":0.00194087377661,"6.0-6.1":0.0020332963374,"7.0-7.1":0.049538492584,"8":0.00665442437695,"8.1-8.4":0.221444455655,"9.0-9.1":0.63438845727},"op_mob":{"10":0,"11":0,"11.1":0,"11.5":0,"12":0.108888243832,"12.1":0.326664731495,"0":3.81108853411},"ie":{"5.5":0,"6":0.0196274125874,"7":0.0252352447552,"8":0.218705454545,"9":0.187862377622,"10":0.106548811189,"11":0.684155524476},"bb":{"7":0.1152,"10":null},"ie_mob":{"10":0.0972413793103,"11":0.44275862069},"op_mini":{"5.0-8.0":40.7677584906},"and_chr":{"0":2.2384},"and_ff":{"0":1.0224},"edge":{"12":0.1428,"13":null},"and_uc":{"0":15.696}},"total":94.2029348252}