{"id":"MH","name":"Marshall Islands","month":"2015-10","access_date":"2015-11-03","data":{"chrome":{"4":0,"5":0,"6":0,"7":0,"8":0,"9":0,"10":0,"11":0.015198,"12":0,"13":0,"14":0,"15":0,"16":0.022797,"17":0,"18":0,"19":0,"20":0,"21":0,"22":0,"23":0,"24":0,"25":0,"26":0,"27":0,"28":0,"29":0,"30":0,"31":0.319158,"32":0,"33":0.060792,"34":0.060792,"35":0.045594,"36":0.068391,"37":0.015198,"38":0,"39":0.060792,"40":0.060792,"41":0.053193,"42":2.310096,"43":1.702176,"44":0.934677,"45":14.962431,"46":12.014019,"47":0.205173,"48":0.220371,"49":0},"firefox":{"2":0,"3":0,"3.5":0.007599,"3.6":0.007599,"4":0,"5":0.030396,"6":0.098787,"7":0.007599,"8":0.015198,"9":0,"10":0,"11":0.015198,"12":0.174777,"13":0,"14":0,"15":0,"16":0.007599,"17":0,"18":0,"19":0,"20":0,"21":0,"22":0,"23":0,"24":0,"25":0.015198,"26":0,"27":0,"28":0,"29":0,"30":0,"31":0.07599,"32":0,"33":0.015198,"34":0,"35":0.037995,"36":0.068391,"37":0.129183,"38":0.501534,"39":0.281163,"40":1.831359,"41":7.302639,"42":1.284231,"43":0,"44":0.007599},"opera":{"9":0,"9.5-9.6":0,"10.0-10.1":0,"10.5":0,"10.6":0,"11":0,"11.1":0,"11.5":0,"11.6":0,"12":0,"12.1":0,"15":0,"16":0,"17":0,"18":0,"19":0,"20":0.015198,"21":0,"22":0,"23":0,"24":0,"25":0,"26":0,"27":0,"28":0,"29":0,"30":0,"31":0,"32":0.07599,"33":0.015198,"34":0},"safari":{"3.1":0,"3.2":0,"4":0.007599,"5":0.212772,"5.1":0.258366,"6":0.007599,"6.1":0.068391,"7":0.045594,"7.1":0.220371,"8":0.676311,"9":1.572993},"android":{"2.1":0,"2.2":0,"2.3":0.0880829166379,"3":0,"4":0.256784095961,"4.1":0.921138297722,"4.2-4.3":1.92588071971,"4.4":3.59497734346,"4.4.3-4.4.4":1.86317762651,"44":null},"ios_saf":{"3.2":0,"4.0-4.1":0,"4.2-4.3":0,"5.0-5.1":0.0360392884674,"6.0-6.1":0.037755445061,"7.0-7.1":0.919859934215,"8":0.123563274745,"8.1-8.4":4.11191119847,"9.0-9.1":11.779698859},"op_mob":{"10":0,"11":0,"11.1":0,"11.5":0,"12":0.000987348814707,"12.1":0.00296204644412,"0":0.0345572085148},"ie":{"5.5":0,"6":0.007599,"7":0.007599,"8":0.60792,"9":0.243168,"10":1.086657,"11":7.135461},"bb":{"7":0.0132055,"10":null},"ie_mob":{"10":0.156515762452,"11":0.712646237548},"op_mini":{"5.0-8.0":0.369663396226},"and_chr":{"0":12.374788},"and_ff":{"0":0.009604},"edge":{"12":1.276632,"13":null},"and_uc":{"0":0.861959}},"total":98.7840475}