{"id":"MH","name":"Marshall Islands","month":"2016-02","access_date":"2016-03-03","data":{"firefox":{"2":0,"3":0,"3.5":0.007289,"3.6":0.43734,"4":0,"5":0.014578,"6":0.014578,"7":0,"8":0.007289,"9":0,"10":0,"11":0.029156,"12":0.021867,"13":0,"14":0,"15":0.014578,"16":0,"17":0,"18":0,"19":0,"20":0.058312,"21":0,"22":0,"23":0,"24":0,"25":0,"26":0,"27":0,"28":0.043734,"29":0,"30":0,"31":0,"32":0,"33":0,"34":0,"35":0.007289,"36":0.014578,"37":0.014578,"38":0.182225,"39":0.123913,"40":0.087468,"41":0.021867,"42":0.182225,"43":2.806265,"44":4.767006,"45":0.466496,"46":0,"47":0},"chrome":{"4":0,"5":0,"6":0,"7":0,"8":0,"9":0,"10":0,"11":0.036445,"12":0.007289,"13":0,"14":0,"15":0,"16":0,"17":0,"18":0.007289,"19":0,"20":0,"21":0,"22":0,"23":0,"24":0,"25":0,"26":0,"27":0,"28":0.007289,"29":0,"30":0,"31":0.306138,"32":0,"33":0,"34":0.014578,"35":0.007289,"36":0.065601,"37":0.014578,"38":0.036445,"39":0.058312,"40":0.021867,"41":0.014578,"42":0.036445,"43":0.670588,"44":0.123913,"45":0.838235,"46":0.14578,"47":0.736189,"48":25.154339,"49":0.269693,"50":0.247826,"51":0},"opera":{"9":0,"9.5-9.6":0,"10.0-10.1":0,"10.5":0,"10.6":0,"11":0,"11.1":0,"11.5":0,"11.6":0.007289,"12":0,"12.1":0,"15":0,"16":0,"17":0,"18":0,"19":0,"20":0.007289,"21":0,"22":0,"23":0,"24":0,"25":0,"26":0,"27":0.087468,"28":0,"29":0.014578,"30":0,"31":0,"32":0,"33":0,"34":0.058312,"35":0.102046,"36":0},"safari":{"3.1":0,"3.2":0,"4":0.007289,"5":0.153069,"5.1":0.371739,"6":0.014578,"6.1":0.14578,"7":0.07289,"7.1":0.029156,"8":0.225959,"9":1.727493,"9.1":0},"android":{"2.1":0,"2.2":0,"2.3":0.0483293658428,"3":0,"4":0.418154078379,"4.1":0.880434969049,"4.2-4.3":1.97520016923,"4.4":3.97771693654,"4.4.3-4.4.4":2.13699848096,"47":null},"ios_saf":{"3.2":0,"4.0-4.1":0,"4.2-4.3":0,"5.0-5.1":0,"6.0-6.1":0,"7.0-7.1":0.915135856864,"8":0.0621241051657,"8.1-8.4":2.52797320251,"9.0-9.2":19.7148458355,"9.3":null},"op_mob":{"10":0,"11":0,"11.1":0,"11.5":0,"12":1.99782347901e-5,"12.1":1.99782347901e-5,"0":0.000859064095973},"ie":{"5.5":0,"6":0,"7":0,"8":0.313427,"9":0.160358,"10":0.276982,"11":7.565982},"bb":{"7":0.01016625,"10":null},"ie_mob":{"10":0.146025514563,"11":0.645586485437},"edge":{"12":0.962148,"13":1.049616,"14":0},"and_uc":{"0":1.11151},"op_mini":{"5.0-8.0":0.348819979434},"and_chr":{"0":12.047783},"and_ff":{"0":0.08133}},"total":98.54581825}