{"id":"MH","name":"Marshall Islands","month":"2015-08","access_date":"2015-09-03","data":{"chrome":{"4":0,"5":0,"6":0,"7":0,"8":0,"9":0,"10":0,"11":0.021813,"12":0.007271,"13":0,"14":0,"15":0,"16":0,"17":0,"18":0.007271,"19":0,"20":0,"21":0,"22":0,"23":0,"24":0,"25":0,"26":0.007271,"27":0.007271,"28":0.007271,"29":0,"30":0.007271,"31":0.14542,"32":0.007271,"33":0.014542,"34":0.021813,"35":0.021813,"36":0.050897,"37":0.058168,"38":0.007271,"39":0.159962,"40":0.029084,"41":0.276298,"42":0.487157,"43":1.490555,"44":28.524133,"45":0.101794,"46":1.003398,"47":0,"48":0},"firefox":{"2":0,"3":0,"3.5":0.007271,"3.6":0,"4":0.014542,"5":0.014542,"6":0.021813,"7":0,"8":0.021813,"9":0.007271,"10":0,"11":0,"12":0.021813,"13":0,"14":0.210859,"15":0.021813,"16":0.007271,"17":0,"18":0,"19":0,"20":0,"21":0,"22":0,"23":0.029084,"24":0,"25":0.014542,"26":0,"27":0,"28":0,"29":0,"30":0,"31":0.007271,"32":0.07271,"33":0.021813,"34":0.152691,"35":0.021813,"36":0.043626,"37":0.14542,"38":0.756184,"39":4.500749,"40":3.046549,"41":0.792539,"42":0,"43":0},"opera":{"9":0,"9.5-9.6":0,"10.0-10.1":0,"10.5":0,"10.6":0,"11":0,"11.1":0,"11.5":0,"11.6":0,"12":0,"12.1":0,"15":0,"16":0.014542,"17":0,"18":0,"19":0,"20":0.036355,"21":0,"22":0,"23":0,"24":0,"25":0,"26":0,"27":0,"28":0,"29":0.014542,"30":0.007271,"31":0.058168,"32":0,"33":0},"safari":{"3.1":0,"3.2":0,"4":0.029084,"5":0.269027,"5.1":1.294238,"6":0.007271,"6.1":0.094523,"7":0.254485,"7.1":0.58168,"8":2.508495,"9":0},"android":{"2.1":0,"2.2":0,"2.3":0.116277526383,"3":0,"4":0.370634615345,"4.1":1.30085482641,"4.2-4.3":2.82881419653,"4.4":0.0181683634973,"4.4.3-4.4.4":2.49269947183,"44":null},"ios_saf":{"3.2":0,"4.0-4.1":0,"4.2-4.3":0,"5.0-5.1":0.0590496076064,"6.0-6.1":0.0984160126773,"7.0-7.1":1.62189588892,"8":0.222420188651,"8.1-8.4":17.4334124857,"9":0.127940816481},"op_mob":{"10":0,"11":0,"11.1":0,"11.5":0,"12":0.00120692035499,"12.1":0.00241384070998,"0":0.0374145310047},"ie":{"5.5":0,"6":0,"7":0.00728633966245,"8":0.211303850211,"9":0.138440453586,"10":0.794211023207,"11":5.75620833333},"bb":{"7":0.016374,"10":null},"ie_mob":{"10":0.122874381356,"11":0.507524618644},"and_uc":{"0":0.122805},"op_mini":{"5.0-8.0":0.42016570793},"and_chr":{"0":15.161937},"and_ff":{"0":0.051851},"edge":{"12":0.676203,"13":null}},"total":98.307499}