{"id":"MK","name":"Macedonia","month":"2015-10","access_date":"2015-11-03","data":{"chrome":{"4":0,"5":0,"6":0.008018,"7":0,"8":0,"9":0.016036,"10":0.008018,"11":0.048108,"12":0.008018,"13":0.008018,"14":0,"15":0.008018,"16":0.008018,"17":0.008018,"18":0.04009,"19":0,"20":0,"21":0.008018,"22":0.088198,"23":0.008018,"24":0.008018,"25":0.008018,"26":0.08018,"27":0.016036,"28":0.016036,"29":0.024054,"30":0.04009,"31":0.08018,"32":0.056126,"33":0.096216,"34":0.096216,"35":0.056126,"36":0.12027,"37":0.144324,"38":0.208468,"39":0.352792,"40":0.112252,"41":0.096216,"42":0.24054,"43":0.625404,"44":0.986214,"45":21.744816,"46":24.005892,"47":0.264594,"48":0.152342,"49":0},"firefox":{"2":0.032072,"3":0.032072,"3.5":0.008018,"3.6":0.36081,"4":0.008018,"5":0.056126,"6":0.072162,"7":0.008018,"8":0.04009,"9":0.008018,"10":0.008018,"11":0.016036,"12":0.024054,"13":0.024054,"14":0.008018,"15":0.008018,"16":0.024054,"17":0.072162,"18":0.016036,"19":0.016036,"20":0.024054,"21":0.016036,"22":0.016036,"23":0.024054,"24":0.024054,"25":0.008018,"26":0.016036,"27":0.008018,"28":0.016036,"29":0.08018,"30":0.024054,"31":0.04009,"32":0.024054,"33":0.032072,"34":0.176396,"35":0.192432,"36":0.064144,"37":0.48108,"38":1.290898,"39":2.100716,"40":4.32972,"41":11.10493,"42":0.248558,"43":0.008018,"44":0.008018},"opera":{"9":0,"9.5-9.6":0,"10.0-10.1":0,"10.5":0,"10.6":0,"11":0,"11.1":0,"11.5":0,"11.6":0.016036,"12":0.008018,"12.1":0.208468,"15":0,"16":0,"17":0,"18":0,"19":0.056126,"20":0,"21":0,"22":0,"23":0,"24":0,"25":0,"26":0.008018,"27":0.008018,"28":0.04009,"29":0.016036,"30":0.016036,"31":0.024054,"32":1.435222,"33":0.072162,"34":0},"safari":{"3.1":0,"3.2":0,"4":0,"5":0.008018,"5.1":0.04009,"6":0,"6.1":0.016036,"7":0.048108,"7.1":0.032072,"8":0.12027,"9":0.208468},"android":{"2.1":0,"2.2":0,"2.3":0.0473620717984,"3":0,"4":0.138072480497,"4.1":0.495294886434,"4.2-4.3":1.03554360373,"4.4":1.93301472696,"4.4.3-4.4.4":1.00182823058,"44":null},"ios_saf":{"3.2":0,"4.0-4.1":0,"4.2-4.3":0,"5.0-5.1":0.00821740530723,"6.0-6.1":0.00860871032186,"7.0-7.1":0.209739487842,"8":0.0281739610534,"8.1-8.4":0.937566815054,"9.0-9.1":2.68591762042},"op_mob":{"10":0,"11":0,"11.1":0,"11.5":0,"12":0.00131366231253,"12.1":0.00394098693759,"0":0.0459781809386},"ie":{"5.5":0,"6":0.0161937311475,"7":0.0161937311475,"8":0.421037009836,"9":0.210518504918,"10":0.170034177049,"11":1.61937311475},"bb":{"7":0.007928,"10":null},"ie_mob":{"10":0.0767360536398,"11":0.34939394636},"op_mini":{"5.0-8.0":0.491835169811},"and_chr":{"0":13.001722},"and_ff":{"0":0.077298},"edge":{"12":0.368828,"13":null},"and_uc":{"0":0.10901}},"total":98.9936262689}