{"id":"MK","name":"Macedonia","month":"2016-02","access_date":"2016-03-03","data":{"firefox":{"2":0.031108,"3":0.023331,"3.5":0.007777,"3.6":0.373296,"4":0.023331,"5":0.023331,"6":0.147763,"7":0.007777,"8":0.007777,"9":0.007777,"10":0.007777,"11":0.015554,"12":0.015554,"13":0.015554,"14":0.031108,"15":0.007777,"16":0.015554,"17":0.069993,"18":0.023331,"19":0.015554,"20":0.023331,"21":0.015554,"22":0.015554,"23":0.023331,"24":0.031108,"25":0.007777,"26":0.015554,"27":0.007777,"28":0.007777,"29":0.069993,"30":0.023331,"31":0.031108,"32":0.015554,"33":0.023331,"34":0.062216,"35":0.521059,"36":0.038885,"37":0.062216,"38":0.171094,"39":0.139986,"40":0.124432,"41":0.139986,"42":0.287749,"43":3.017476,"44":7.411481,"45":0.194425,"46":0.007777,"47":0},"chrome":{"4":0,"5":0,"6":0,"7":0,"8":0.007777,"9":0,"10":0,"11":0.046662,"12":0.007777,"13":0.007777,"14":0.007777,"15":0,"16":0.023331,"17":0,"18":0.023331,"19":0,"20":0,"21":0,"22":0.116655,"23":0.007777,"24":0.007777,"25":0,"26":0.163317,"27":0.007777,"28":0.007777,"29":0.054439,"30":0.023331,"31":0.07777,"32":0.046662,"33":0.07777,"34":0.116655,"35":0.038885,"36":0.116655,"37":0.101101,"38":0.15554,"39":0.15554,"40":0.101101,"41":0.069993,"42":0.07777,"43":0.23331,"44":0.458843,"45":0.342188,"46":0.287749,"47":1.228766,"48":49.220633,"49":0.31108,"50":0.202202,"51":0},"opera":{"9":0,"9.5-9.6":0,"10.0-10.1":0,"10.5":0,"10.6":0,"11":0,"11.1":0,"11.5":0,"11.6":0.007777,"12":0.015554,"12.1":0.15554,"15":0.007777,"16":0,"17":0,"18":0,"19":0.069993,"20":0.007777,"21":0,"22":0,"23":0.007777,"24":0,"25":0,"26":0.007777,"27":0,"28":0.038885,"29":0.007777,"30":0.023331,"31":0.031108,"32":0.015554,"33":0.015554,"34":0.357742,"35":1.5554,"36":0.015554},"safari":{"3.1":0,"3.2":0,"4":0,"5":0.007777,"5.1":0.046662,"6":0,"6.1":0.023331,"7":0.023331,"7.1":0.007777,"8":0.046662,"9":0.303303,"9.1":0},"android":{"2.1":0,"2.2":0,"2.3":0.0226710656869,"3":0,"4":0.196154003117,"4.1":0.413007674905,"4.2-4.3":0.92655659764,"4.4":1.86592727589,"4.4.3-4.4.4":1.00245538277,"47":null},"ios_saf":{"3.2":0,"4.0-4.1":0,"4.2-4.3":0,"5.0-5.1":0,"6.0-6.1":0,"7.0-7.1":0.174419965631,"8":0.0118405198601,"8.1-8.4":0.481818077382,"9.0-9.2":3.75754343713,"9.3":null},"op_mob":{"10":0,"11":0,"11.1":0,"11.5":0,"12":2.40015424165e-5,"12.1":2.40015424165e-5,"0":0.00103206632391},"ie":{"5.5":0,"6":0.015823100346,"7":0.0395577508651,"8":0.371842858131,"9":0.189877204152,"10":0.189877204152,"11":1.47154833218},"bb":{"7":0.00833625,"10":null},"ie_mob":{"10":0.0910350873786,"11":0.402470912621},"edge":{"12":0.101101,"13":0.373296,"14":0},"and_uc":{"0":0.13338},"op_mini":{"5.0-8.0":0.419066930591},"and_chr":{"0":15.600006},"and_ff":{"0":0.051129}},"total":98.4059226998}