{"id":"ML","name":"Mali","month":"2015-10","access_date":"2015-11-03","data":{"chrome":{"4":0.004735,"5":0.001894,"6":0.001894,"7":0.000947,"8":0.001894,"9":0.002841,"10":0,"11":0.05682,"12":0.000947,"13":0.004735,"14":0.000947,"15":0.002841,"16":0.016099,"17":0,"18":0.000947,"19":0,"20":0.000947,"21":0.000947,"22":0.000947,"23":0,"24":0.002841,"25":0.000947,"26":0.002841,"27":0.001894,"28":0.005682,"29":0.000947,"30":0.005682,"31":0.063449,"32":0.005682,"33":0.005682,"34":0.010417,"35":0.003788,"36":0.012311,"37":0.014205,"38":0.00947,"39":0.01894,"40":0.011364,"41":0.005682,"42":0.058714,"43":0.033145,"44":0.044509,"45":1.087156,"46":1.216895,"47":0.011364,"48":0.004735,"49":0},"firefox":{"2":0.002841,"3":0.055873,"3.5":0.008523,"3.6":0.011364,"4":0.011364,"5":0.010417,"6":0.005682,"7":0.004735,"8":0.005682,"9":0.004735,"10":0.00947,"11":0.017046,"12":0.017046,"13":0.011364,"14":0.020834,"15":0.003788,"16":0.00947,"17":0.004735,"18":0.007576,"19":0.007576,"20":0.016099,"21":0.015152,"22":0.038827,"23":0.033145,"24":0.005682,"25":0.013258,"26":0.007576,"27":0.007576,"28":0.011364,"29":0.026516,"30":0.050191,"31":0.042615,"32":0.017046,"33":0.035986,"34":0.024622,"35":0.02841,"36":0.032198,"37":0.054926,"38":0.096594,"39":0.088071,"40":0.376906,"41":1.88453,"42":0.072919,"43":0.003788,"44":0.001894},"opera":{"9":0,"9.5-9.6":0,"10.0-10.1":0.042615,"10.5":0,"10.6":0,"11":0,"11.1":0,"11.5":0.000947,"11.6":0.059661,"12":0.000947,"12.1":0.035986,"15":0.000947,"16":0,"17":0,"18":0.001894,"19":0.002841,"20":0.002841,"21":0.002841,"22":0,"23":0.000947,"24":0,"25":0.000947,"26":0.000947,"27":0.000947,"28":0.003788,"29":0.011364,"30":0.013258,"31":0.00947,"32":0.149626,"33":0.005682,"34":0},"safari":{"3.1":0,"3.2":0,"4":0,"5":0.008523,"5.1":0.012311,"6":0.005682,"6.1":0.007576,"7":0.007576,"7.1":0.014205,"8":0.049244,"9":0.034092},"android":{"2.1":0,"2.2":0,"2.3":0.0648058484639,"3":0,"4":0.188925524336,"4.1":0.677715398343,"4.2-4.3":1.41694143252,"4.4":2.6449573407,"4.4.3-4.4.4":1.37080845564,"44":null},"ios_saf":{"3.2":0,"4.0-4.1":0,"4.2-4.3":0,"5.0-5.1":0.00206766199173,"6.0-6.1":0.00216612208657,"7.0-7.1":0.0527746108364,"8":0.00708912682878,"8.1-8.4":0.235910387246,"9.0-9.1":0.67583009101},"op_mob":{"10":0,"11":0,"11.1":0,"11.5":0,"12":0.0806536018384,"12.1":0.241960805515,"0":2.82287606434},"ie":{"5.5":0,"6":0.00854545258166,"7":0.0123434315068,"8":0.194646419916,"9":0.0854545258166,"10":0.276302966807,"11":1.16123205638},"bb":{"7":0.0316855,"10":null},"ie_mob":{"10":0.0847721532567,"11":0.385983846743},"op_mini":{"5.0-8.0":30.1967085283},"and_chr":{"0":5.537907},"and_ff":{"0":0.172007},"edge":{"12":0.086177,"13":null},"and_uc":{"0":41.707171}},"total":96.868860353}