{"id":"MM","name":"Myanmar","month":"2015-08","access_date":"2015-09-03","data":{"chrome":{"4":0,"5":0,"6":0.002396,"7":0,"8":0.002396,"9":0,"10":0.002396,"11":0.069484,"12":0.004792,"13":0,"14":0.002396,"15":0.002396,"16":0,"17":0.002396,"18":0.002396,"19":0,"20":0.004792,"21":0.002396,"22":0.004792,"23":0.002396,"24":0.004792,"25":0.007188,"26":0.002396,"27":0.004792,"28":0.007188,"29":0.007188,"30":0.014376,"31":0.08386,"32":0.014376,"33":0.021564,"34":0.016772,"35":0.01198,"36":0.055108,"37":0.01198,"38":0.016772,"39":0.03594,"40":0.038336,"41":0.033544,"42":0.04792,"43":0.289916,"44":2.810508,"45":0.028752,"46":0.050316,"47":0,"48":0},"firefox":{"2":0.031148,"3":0.02396,"3.5":0.014376,"3.6":0.08386,"4":0.038336,"5":0.033544,"6":0.028752,"7":0.02396,"8":0.019168,"9":0.033544,"10":0.03594,"11":0.052712,"12":0.126988,"13":0.055108,"14":0.057504,"15":0.08386,"16":0.043128,"17":0.03594,"18":0.045524,"19":0.112612,"20":0.045524,"21":0.069484,"22":0.045524,"23":0.081464,"24":0.050316,"25":0.076672,"26":0.100632,"27":0.112612,"28":0.074276,"29":0.285124,"30":0.345024,"31":0.189284,"32":0.138968,"33":2.0366,"34":0.210848,"35":0.69484,"36":0.22762,"37":0.584624,"38":1.456768,"39":4.717724,"40":2.930308,"41":0.579832,"42":0.009584,"43":0.002396},"opera":{"9":0,"9.5-9.6":0,"10.0-10.1":0.002396,"10.5":0,"10.6":0,"11":0,"11.1":0,"11.5":0,"11.6":0,"12":0,"12.1":0.007188,"15":0,"16":0,"17":0,"18":0.002396,"19":0.009584,"20":0,"21":0,"22":0,"23":0,"24":0,"25":0,"26":0.002396,"27":0.002396,"28":0.004792,"29":0.004792,"30":0.045524,"31":0.091048,"32":0,"33":0},"safari":{"3.1":0,"3.2":0,"4":0,"5":0.01198,"5.1":0.028752,"6":0.007188,"6.1":0.014376,"7":0.028752,"7.1":0.045524,"8":0.249184,"9":0.002396},"android":{"2.1":0,"2.2":0,"2.3":0.705535804231,"3":0,"4":2.24889537599,"4.1":7.89318180984,"4.2-4.3":17.1643632373,"4.4":0.110239969411,"4.4.3-4.4.4":15.1249238032,"44":null},"ios_saf":{"3.2":0,"4.0-4.1":0,"4.2-4.3":0,"5.0-5.1":0.0112756534863,"6.0-6.1":0.0187927558104,"7.0-7.1":0.309704615756,"8":0.0424716281316,"8.1-8.4":3.32894876426,"9":0.0244305825536},"op_mob":{"10":0,"11":0,"11.1":0,"11.5":0,"12":0.0105862491751,"12.1":0.0211724983502,"0":0.328173724428},"ie":{"5.5":0,"6":0.00486094964029,"7":0.00486094964029,"8":0.138537064748,"9":0.0923580431655,"10":0.0826361438849,"11":0.349988374101},"bb":{"7":0.001901,"10":null},"ie_mob":{"10":0.0192677627119,"11":0.0795842372881},"and_uc":{"0":5.269572},"op_mini":{"5.0-8.0":3.68539552805},"and_chr":{"0":20.673576},"and_ff":{"0":0.882064},"edge":{"12":0.02396,"13":null}},"total":98.9789225252}