{"id":"MN","name":"Mongolia","month":"2015-10","access_date":"2015-11-03","data":{"chrome":{"4":0.047439,"5":0.006777,"6":0.013554,"7":0,"8":0,"9":0.006777,"10":0.027108,"11":0.054216,"12":0.074547,"13":0.013554,"14":0,"15":0.006777,"16":0.006777,"17":0.013554,"18":0.013554,"19":0.006777,"20":0.013554,"21":0.006777,"22":0.040662,"23":0.074547,"24":0.013554,"25":0.108432,"26":0.020331,"27":0.013554,"28":0.088101,"29":0.054216,"30":0.054216,"31":0.101655,"32":0.027108,"33":0.101655,"34":0.060993,"35":0.121986,"36":0.325296,"37":0.040662,"38":0.074547,"39":0.155871,"40":0.121986,"41":0.108432,"42":1.158867,"43":0.630261,"44":0.826794,"45":17.586315,"46":17.674416,"47":0.243972,"48":0.169425,"49":0},"firefox":{"2":0,"3":0.033885,"3.5":0.040662,"3.6":0.108432,"4":0.040662,"5":0.013554,"6":0.020331,"7":0.013554,"8":0.020331,"9":0.027108,"10":0.020331,"11":0.074547,"12":0.460836,"13":0.040662,"14":0.040662,"15":0.074547,"16":0.142317,"17":0.020331,"18":0.040662,"19":0.027108,"20":0.040662,"21":0.013554,"22":0.013554,"23":0.06777,"24":0.047439,"25":0.088101,"26":0.033885,"27":0.06777,"28":0.040662,"29":0.121986,"30":0.13554,"31":0.074547,"32":0.162648,"33":0.088101,"34":0.088101,"35":0.121986,"36":0.13554,"37":0.684477,"38":0.528606,"39":0.521829,"40":2.073762,"41":11.005848,"42":1.043658,"43":0.054216,"44":0.006777},"opera":{"9":0,"9.5-9.6":0,"10.0-10.1":0,"10.5":0,"10.6":0,"11":0,"11.1":0,"11.5":0,"11.6":0.013554,"12":0,"12.1":0.060993,"15":0,"16":0,"17":0.006777,"18":0.006777,"19":0.013554,"20":0,"21":0,"22":0,"23":0,"24":0,"25":0,"26":0,"27":0,"28":0.006777,"29":0,"30":0.033885,"31":0.040662,"32":1.260522,"33":0.047439,"34":0},"safari":{"3.1":0,"3.2":0,"4":0.013554,"5":0.027108,"5.1":0.040662,"6":0.013554,"6.1":0.040662,"7":0.033885,"7.1":0.088101,"8":0.311742,"9":0.413397},"android":{"2.1":0,"2.2":0,"2.3":0.158368423196,"3":0,"4":0.461684216776,"4.1":1.65615791716,"4.2-4.3":3.46263162582,"4.4":6.46357903486,"4.4.3-4.4.4":3.34989478219,"44":null},"ios_saf":{"3.2":0,"4.0-4.1":0,"4.2-4.3":0,"5.0-5.1":0.0158286541217,"6.0-6.1":0.016582399556,"7.0-7.1":0.40400755282,"8":0.0542696712743,"8.1-8.4":1.80597406074,"9.0-9.1":5.17370866149},"op_mob":{"10":0,"11":0,"11.1":0,"11.5":0,"12":0.00208161828737,"12.1":0.00624485486212,"0":0.0728566400581},"ie":{"5.5":0,"6":0.0216511948052,"7":0.00721706493506,"8":0.750574753247,"9":0.115473038961,"10":0.274248467532,"11":1.04647441558},"bb":{"7":0.022561,"10":null},"ie_mob":{"10":0.0139292873563,"11":0.0634227126437},"op_mini":{"5.0-8.0":0.779357886792},"and_chr":{"0":10.284574},"and_ff":{"0":0.125697},"edge":{"12":0.345627,"13":null},"and_uc":{"0":0.605924}},"total":98.8653439351}