{"id":"MN","name":"Mongolia","month":"2015-08","access_date":"2015-09-03","data":{"chrome":{"4":0.020388,"5":0,"6":0.006796,"7":0,"8":0.013592,"9":0.006796,"10":0.027184,"11":0.040776,"12":0.142716,"13":0.020388,"14":0,"15":0,"16":0.013592,"17":0,"18":0.027184,"19":0.006796,"20":0.013592,"21":0.006796,"22":0.047572,"23":0.020388,"24":0.020388,"25":0.081552,"26":0.027184,"27":0.006796,"28":0.013592,"29":0.040776,"30":0.088348,"31":0.129124,"32":0.027184,"33":0.129124,"34":0.040776,"35":0.10194,"36":0.550476,"37":0.061164,"38":0.115532,"39":0.496108,"40":0.1699,"41":0.149512,"42":1.202892,"43":1.916472,"44":32.281,"45":0.285432,"46":0.421352,"47":0,"48":0},"firefox":{"2":0,"3":0.020388,"3.5":0.06796,"3.6":0.074756,"4":0.040776,"5":0.006796,"6":0.006796,"7":0.020388,"8":0.020388,"9":0.013592,"10":0.027184,"11":0.081552,"12":0.380576,"13":0.047572,"14":0.027184,"15":0.061164,"16":0.074756,"17":0.027184,"18":0.027184,"19":0.020388,"20":0.03398,"21":0.054368,"22":0.013592,"23":0.020388,"24":0.061164,"25":0.040776,"26":0.03398,"27":0.074756,"28":0.047572,"29":0.108736,"30":0.108736,"31":0.061164,"32":0.074756,"33":0.081552,"34":0.129124,"35":0.142716,"36":0.292228,"37":0.421352,"38":0.999012,"39":7.557152,"40":5.409616,"41":0.468924,"42":0.006796,"43":0.006796},"opera":{"9":0,"9.5-9.6":0,"10.0-10.1":0,"10.5":0,"10.6":0,"11":0.013592,"11.1":0,"11.5":0,"11.6":0.020388,"12":0.006796,"12.1":0.149512,"15":0,"16":0,"17":0.006796,"18":0,"19":0.006796,"20":0,"21":0.006796,"22":0,"23":0,"24":0.006796,"25":0,"26":0.006796,"27":0,"28":0.006796,"29":0.020388,"30":0.292228,"31":1.162116,"32":0.006796,"33":0},"safari":{"3.1":0,"3.2":0,"4":0.013592,"5":0.054368,"5.1":0.081552,"6":0.027184,"6.1":0.03398,"7":0.06796,"7.1":0.190288,"8":0.8495,"9":0},"android":{"2.1":0,"2.2":0,"2.3":0.207475960235,"3":0,"4":0.661329623248,"4.1":2.32113730512,"4.2-4.3":5.04750109508,"4.4":0.0324181187866,"4.4.3-4.4.4":4.44776589753,"44":null},"ios_saf":{"3.2":0,"4.0-4.1":0,"4.2-4.3":0,"5.0-5.1":0.0352476546936,"6.0-6.1":0.0587460911561,"7.0-7.1":0.968135582252,"8":0.132766166013,"8.1-8.4":10.4062825874,"9":0.0763699185029},"op_mob":{"10":0,"11":0,"11.1":0,"11.5":0,"12":0.00180268289908,"12.1":0.00360536579816,"0":0.0558831698714},"ie":{"5.5":0,"6":0.0212555744681,"7":0,"8":0.807711829787,"9":0.276322468085,"10":0.460537446809,"11":1.94134246809},"bb":{"7":0.02403,"10":null},"ie_mob":{"10":0.0137391864407,"11":0.0567488135593},"and_uc":{"0":0.435744},"op_mini":{"5.0-8.0":0.627568781431},"and_chr":{"0":9.995656},"and_ff":{"0":0.291564},"edge":{"12":0.23786,"13":null}},"total":98.7445637872}