{"id":"MN","name":"Mongolia","month":"2016-02","access_date":"2016-03-03","data":{"firefox":{"2":0,"3":0.028164,"3.5":0.035205,"3.6":0.049287,"4":0.021123,"5":0.007041,"6":0.014082,"7":0.007041,"8":0.021123,"9":0.014082,"10":0.014082,"11":0.07041,"12":0.204189,"13":0.014082,"14":0.049287,"15":0.07041,"16":0.049287,"17":0.042246,"18":0.028164,"19":0.014082,"20":0.035205,"21":0.077451,"22":0.021123,"23":0.028164,"24":0.063369,"25":0.028164,"26":0.014082,"27":0.035205,"28":0.035205,"29":0.084492,"30":0.077451,"31":0.049287,"32":0.077451,"33":0.056328,"34":0.056328,"35":0.077451,"36":0.077451,"37":0.190107,"38":0.239394,"39":0.154902,"40":0.232353,"41":0.176025,"42":0.302763,"43":4.449912,"44":8.709717,"45":0.950535,"46":0.028164,"47":0},"chrome":{"4":0.014082,"5":0.007041,"6":0.007041,"7":0.007041,"8":0,"9":0.007041,"10":0.035205,"11":0.028164,"12":0.112656,"13":0.014082,"14":0,"15":0,"16":0.007041,"17":0,"18":0.021123,"19":0.007041,"20":0.007041,"21":0,"22":0.07041,"23":0.014082,"24":0.014082,"25":0.07041,"26":0.021123,"27":0.035205,"28":0.021123,"29":0.021123,"30":0.035205,"31":0.042246,"32":0.028164,"33":0.07041,"34":0.042246,"35":0.07041,"36":0.112656,"37":0.035205,"38":0.049287,"39":0.084492,"40":0.077451,"41":0.168984,"42":0.126738,"43":0.35205,"44":0.394296,"45":1.598307,"46":0.521034,"47":1.274421,"48":37.465161,"49":0.183066,"50":0.457665,"51":0},"opera":{"9":0,"9.5-9.6":0,"10.0-10.1":0,"10.5":0,"10.6":0,"11":0,"11.1":0,"11.5":0,"11.6":0.021123,"12":0.021123,"12.1":0.161943,"15":0.007041,"16":0,"17":0,"18":0,"19":0,"20":0,"21":0,"22":0,"23":0,"24":0,"25":0,"26":0,"27":0,"28":0.126738,"29":0.049287,"30":0.028164,"31":0,"32":0.007041,"33":0.007041,"34":0.323886,"35":1.295544,"36":0},"safari":{"3.1":0,"3.2":0,"4":0.007041,"5":0.028164,"5.1":0.042246,"6":0.007041,"6.1":0.014082,"7":0.021123,"7.1":0.007041,"8":0.105615,"9":0.7041,"9.1":0},"android":{"2.1":0,"2.2":0,"2.3":0.0622745306168,"3":0,"4":0.53881006925,"4.1":1.13447949254,"4.2-4.3":2.54513299043,"4.4":5.12546462859,"4.4.3-4.4.4":2.75361728858,"47":null},"ios_saf":{"3.2":0,"4.0-4.1":0,"4.2-4.3":0,"5.0-5.1":0,"6.0-6.1":0,"7.0-7.1":0.316403165466,"8":0.021479066063,"8.1-8.4":0.874032765178,"9.0-9.2":6.81629900329,"9.3":null},"op_mob":{"10":0,"11":0,"11.1":0,"11.5":0,"12":3.97237932019e-5,"12.1":3.97237932019e-5,"0":0.00170812310768},"ie":{"5.5":0,"6":0.01464528,"7":0.01464528,"8":0.63706968,"9":0.09519432,"10":0.24164712,"11":1.37665632},"bb":{"7":0.0340285,"10":null},"ie_mob":{"10":0.0272917475728,"11":0.120658252427},"edge":{"12":0.161943,"13":0.359091,"14":0},"and_uc":{"0":0.630267},"op_mini":{"5.0-8.0":0.693577429306},"and_chr":{"0":9.974273},"and_ff":{"0":0.05918}},"total":98.4284495}