{"id":"MO","name":"Macao","month":"2015-10","access_date":"2015-11-03","data":{"chrome":{"4":0,"5":0,"6":0,"7":0,"8":0,"9":0,"10":0,"11":0.06358,"12":0.00578,"13":0,"14":0,"15":0,"16":0.00578,"17":0.01156,"18":0.01734,"19":0,"20":0.01734,"21":0.0289,"22":0.05202,"23":0.00578,"24":0.01156,"25":0.01734,"26":0.01734,"27":0.0289,"28":0.02312,"29":0.01156,"30":0.05202,"31":1.65886,"32":0.0289,"33":0.0867,"34":0.04624,"35":0.10404,"36":0.09248,"37":0.07514,"38":0.13872,"39":0.21386,"40":0.10982,"41":0.16184,"42":1.05774,"43":0.94792,"44":1.7629,"45":12.2247,"46":9.6237,"47":0.10404,"48":0.06936,"49":0},"firefox":{"2":0,"3":0.00578,"3.5":0,"3.6":0.02312,"4":0,"5":0.00578,"6":0.01156,"7":0,"8":0,"9":0.00578,"10":0.01734,"11":0.00578,"12":0.00578,"13":0.00578,"14":0.00578,"15":0.00578,"16":0.00578,"17":0,"18":0,"19":0.00578,"20":0.00578,"21":0,"22":0.00578,"23":0.00578,"24":0,"25":0,"26":0.01156,"27":0,"28":0.01734,"29":0.00578,"30":0.00578,"31":0.0578,"32":0.01734,"33":0.0289,"34":0.05202,"35":0.03468,"36":0.27744,"37":0.0289,"38":0.13872,"39":0.16762,"40":0.63002,"41":3.98242,"42":0.06358,"43":0,"44":0.00578},"opera":{"9":0,"9.5-9.6":0,"10.0-10.1":0,"10.5":0,"10.6":0,"11":0,"11.1":0,"11.5":0,"11.6":0,"12":0,"12.1":0.05202,"15":0,"16":0,"17":0,"18":0,"19":0,"20":0,"21":0,"22":0,"23":0,"24":0,"25":0,"26":0.00578,"27":0,"28":0,"29":0.00578,"30":0.00578,"31":0,"32":0.13294,"33":0.00578,"34":0},"safari":{"3.1":0,"3.2":0,"4":0.00578,"5":0.03468,"5.1":0.24276,"6":0.08092,"6.1":0.16762,"7":0.16762,"7.1":0.19074,"8":1.13866,"9":1.41032},"android":{"2.1":0,"2.2":0,"2.3":0.0556204832585,"3":0,"4":0.162147849499,"4.1":0.581658274077,"4.2-4.3":1.21610887125,"4.4":2.27006989299,"4.4.3-4.4.4":1.17651462893,"44":null},"ios_saf":{"3.2":0,"4.0-4.1":0,"4.2-4.3":0,"5.0-5.1":0.0538496276864,"6.0-6.1":0.0564138956715,"7.0-7.1":1.37444764,"8":0.184627294925,"8.1-8.4":6.14398609222,"9.0-9.1":17.6011354495},"op_mob":{"10":0,"11":0,"11.1":0,"11.5":0,"12":0.000469569424286,"12.1":0.00140870827286,"0":0.01643492985},"ie":{"5.5":0,"6":0.0595754266212,"7":0.0595754266212,"8":1.73364491468,"9":1.09023030717,"10":1.01873979522,"11":6.45201870307},"bb":{"7":0.005275,"10":null},"ie_mob":{"10":0.0326767049808,"11":0.148783295019},"op_mini":{"5.0-8.0":0.175806792453},"and_chr":{"0":15.9292},"and_ff":{"0":0.03376},"edge":{"12":0.53754,"13":null},"and_uc":{"0":1.71754}},"total":98.0661595734}