{"id":"MO","name":"Macao","month":"2015-08","access_date":"2015-09-03","data":{"chrome":{"4":0,"5":0,"6":0,"7":0,"8":0,"9":0,"10":0,"11":0.04736,"12":0.00592,"13":0,"14":0,"15":0.00592,"16":0,"17":0.01184,"18":0.01184,"19":0,"20":0.02368,"21":0.04736,"22":0.04144,"23":0.01184,"24":0.03552,"25":0.03552,"26":0.0296,"27":0.02368,"28":0.03552,"29":0.01184,"30":0.06512,"31":2.1312,"32":0.01184,"33":0.13024,"34":0.03552,"35":0.16576,"36":0.1184,"37":0.04736,"38":0.13616,"39":0.40256,"40":0.13024,"41":0.13616,"42":1.10112,"43":3.00736,"44":20.58976,"45":0.15392,"46":0.12432,"47":0.01184,"48":0},"firefox":{"2":0,"3":0,"3.5":0.00592,"3.6":0.01776,"4":0,"5":0,"6":0.00592,"7":0,"8":0,"9":0,"10":0,"11":0.00592,"12":0.01184,"13":0,"14":0.00592,"15":0.00592,"16":0.01776,"17":0,"18":0,"19":0,"20":0.00592,"21":0,"22":0.00592,"23":0.01776,"24":0.00592,"25":0.00592,"26":0.01776,"27":0,"28":0.00592,"29":0.00592,"30":0.00592,"31":0.01776,"32":0.0296,"33":0.01776,"34":0.04736,"35":0.04144,"36":0.0888,"37":0.03552,"38":0.2072,"39":2.77056,"40":2.43904,"41":0.06512,"42":0,"43":0},"opera":{"9":0,"9.5-9.6":0,"10.0-10.1":0,"10.5":0,"10.6":0,"11":0,"11.1":0,"11.5":0,"11.6":0,"12":0,"12.1":0.08288,"15":0,"16":0,"17":0,"18":0,"19":0,"20":0,"21":0,"22":0,"23":0,"24":0,"25":0,"26":0,"27":0,"28":0.00592,"29":0.00592,"30":0.05328,"31":0.13616,"32":0.00592,"33":0},"safari":{"3.1":0,"3.2":0,"4":0.00592,"5":0.04144,"5.1":0.24272,"6":0.04736,"6.1":0.18352,"7":0.15392,"7.1":0.3848,"8":1.8056,"9":0.04144},"android":{"2.1":0,"2.2":0,"2.3":0.103912638287,"3":0,"4":0.33122153454,"4.1":1.16252264084,"4.2-4.3":2.52799965333,"4.4":0.0162363497323,"4.4.3-4.4.4":2.22762718328,"44":null},"ios_saf":{"3.2":0,"4.0-4.1":0,"4.2-4.3":0,"5.0-5.1":0.0748793238756,"6.0-6.1":0.124798873126,"7.0-7.1":2.05668542912,"8":0.282045453265,"8.1-8.4":22.1068723856,"9":0.162238535064},"op_mob":{"10":0,"11":0,"11.1":0,"11.5":0,"12":0.000672649903288,"12.1":0.00134529980658,"0":0.0208521470019},"ie":{"5.5":0,"6":0.0303966873706,"7":0.109428074534,"8":2.23719619048,"9":1.48943768116,"10":1.16115345756,"11":6.69942989648},"bb":{"7":0.00714,"10":null},"ie_mob":{"10":0.0318101694915,"11":0.131389830508},"and_uc":{"0":1.64832},"op_mini":{"5.0-8.0":0.234169903288},"and_chr":{"0":14.71136},"and_ff":{"0":0.37128},"edge":{"12":0.33744,"13":null}},"total":98.3885019876}