{"id":"MP","name":"Northern Mariana Islands","month":"2015-08","access_date":"2015-09-03","data":{"chrome":{"4":0,"5":0,"6":0,"7":0,"8":0,"9":0,"10":0,"11":0.07894,"12":0,"13":0,"14":0,"15":0,"16":0,"17":0,"18":0.063152,"19":0,"20":0.031576,"21":0,"22":0.094728,"23":0,"24":0,"25":0,"26":0.007894,"27":0,"28":0,"29":0,"30":0,"31":0.860446,"32":0.031576,"33":0.015788,"34":0.086834,"35":0.015788,"36":0.023682,"37":0.055258,"38":0.015788,"39":0.063152,"40":0.086834,"41":0.31576,"42":0.955174,"43":1.176206,"44":32.831146,"45":0.11841,"46":0.299972,"47":0,"48":0},"firefox":{"2":0,"3":0,"3.5":0,"3.6":0.015788,"4":0,"5":0,"6":0.007894,"7":0,"8":0,"9":0,"10":0,"11":0.015788,"12":0.015788,"13":0.023682,"14":0,"15":0,"16":0.015788,"17":0.015788,"18":0.007894,"19":0,"20":0.015788,"21":0,"22":0,"23":0.007894,"24":0.007894,"25":0.007894,"26":0,"27":0,"28":0.007894,"29":0,"30":0.015788,"31":0.023682,"32":0.023682,"33":0.03947,"34":0.015788,"35":0.015788,"36":0.023682,"37":0.047364,"38":0.205244,"39":2.786582,"40":2.40767,"41":0.055258,"42":0,"43":0},"opera":{"9":0,"9.5-9.6":0,"10.0-10.1":0,"10.5":0,"10.6":0,"11":0,"11.1":0,"11.5":0,"11.6":0,"12":0,"12.1":0,"15":0,"16":0,"17":0,"18":0,"19":0,"20":0,"21":0,"22":0,"23":0,"24":0,"25":0,"26":0,"27":0.007894,"28":0,"29":0,"30":0.047364,"31":0.11841,"32":0,"33":0},"safari":{"3.1":0,"3.2":0,"4":0.007894,"5":0.023682,"5.1":0.181562,"6":0.047364,"6.1":0.15788,"7":0.126304,"7.1":4.128562,"8":0.90781,"9":0.023682},"android":{"2.1":0,"2.2":0,"2.3":0.128202098394,"3":0,"4":0.408644188631,"4.1":1.43426097578,"4.2-4.3":3.11891667499,"4.4":0.0200315778741,"4.4.3-4.4.4":2.74833248432,"44":null},"ios_saf":{"3.2":0,"4.0-4.1":0,"4.2-4.3":0,"5.0-5.1":0.0479168185934,"6.0-6.1":0.0798613643224,"7.0-7.1":1.31611528403,"8":0.180486683369,"8.1-8.4":14.1466420761,"9":0.103819773619},"op_mob":{"10":0,"11":0,"11.1":0,"11.5":0,"12":0.000385784503356,"12.1":0.000771569006713,"0":0.0119593196041},"ie":{"5.5":0,"6":0.0632684449908,"7":0.00790855562385,"8":1.94550468347,"9":0.648501561156,"10":1.16255767671,"11":9.02366196681},"bb":{"7":0.0005265,"10":null},"ie_mob":{"10":0.0197035932203,"11":0.0813844067797},"and_uc":{"0":0.416988},"op_mini":{"5.0-8.0":0.134303326886},"and_chr":{"0":12.325508},"and_ff":{"0":0.04212},"edge":{"12":0.347336,"13":null}},"total":98.7979033888}