{"id":"MP","name":"Northern Mariana Islands","month":"2015-10","access_date":"2015-11-03","data":{"chrome":{"4":0,"5":0,"6":0,"7":0,"8":0,"9":0,"10":0,"11":0.015432,"12":0,"13":0,"14":0,"15":0,"16":0,"17":0,"18":0,"19":0,"20":0.007716,"21":0,"22":0.030864,"23":0,"24":0,"25":0.007716,"26":0.015432,"27":0,"28":0.007716,"29":0,"30":0.023148,"31":0.516972,"32":0.007716,"33":0.03858,"34":0.092592,"35":0.015432,"36":0.092592,"37":0.023148,"38":0.03858,"39":0.15432,"40":0.370368,"41":0.046296,"42":0.563268,"43":0.277776,"44":0.648144,"45":18.024576,"46":19.01994,"47":0.07716,"48":0.046296,"49":0},"firefox":{"2":0,"3":0,"3.5":0,"3.6":0.03858,"4":0,"5":0,"6":0,"7":0,"8":0,"9":0,"10":0,"11":0,"12":0.069444,"13":0,"14":0,"15":0,"16":0.030864,"17":0,"18":0.023148,"19":0.007716,"20":0,"21":0,"22":0,"23":0.007716,"24":0,"25":0,"26":0,"27":0,"28":0.007716,"29":0,"30":0.007716,"31":0.030864,"32":0.030864,"33":0.015432,"34":0.007716,"35":0.023148,"36":0.007716,"37":0.030864,"38":0.162036,"39":0.123456,"40":0.740736,"41":5.046264,"42":0.069444,"43":0.007716,"44":0},"opera":{"9":0,"9.5-9.6":0,"10.0-10.1":0,"10.5":0,"10.6":0,"11":0.007716,"11.1":0,"11.5":0,"11.6":0,"12":0,"12.1":0,"15":0,"16":0,"17":0,"18":0,"19":0,"20":0,"21":0,"22":0,"23":0,"24":0,"25":0,"26":0,"27":0.015432,"28":0,"29":0,"30":0,"31":0,"32":0.11574,"33":0,"34":0},"safari":{"3.1":0,"3.2":0,"4":0.03858,"5":0.046296,"5.1":0.123456,"6":0.030864,"6.1":0.092592,"7":0.177468,"7.1":0.324072,"8":0.717588,"9":1.00308},"android":{"2.1":0,"2.2":0,"2.3":0.0765829368312,"3":0,"4":0.223258731101,"4.1":0.800875797031,"4.2-4.3":1.67444048326,"4.4":3.12562223542,"4.4.3-4.4.4":1.61992381636,"44":null},"ios_saf":{"3.2":0,"4.0-4.1":0,"4.2-4.3":0,"5.0-5.1":0.0301644415296,"6.0-6.1":0.0316008435072,"7.0-7.1":0.769911459994,"8":0.103420942387,"8.1-8.4":3.44161913833,"9.0-9.1":9.85946317425},"op_mob":{"10":0,"11":0,"11.1":0,"11.5":0,"12":0.000458567972908,"12.1":0.00137570391872,"0":0.0160498790518},"ie":{"5.5":0,"6":0.0541502264875,"7":0.0850932130518,"8":1.62450679463,"9":0.580180998081,"10":0.819989143954,"11":8.91931587716},"bb":{"7":0.003997,"10":null},"ie_mob":{"10":0.0460650421456,"11":0.209742957854},"op_mini":{"5.0-8.0":0.171687849057},"and_chr":{"0":14.192448},"and_ff":{"0":0.009136},"edge":{"12":0.895056,"13":null},"and_uc":{"0":0.283216}},"total":99.0131732534}