{"id":"MQ","name":"Martinique","month":"2015-10","access_date":"2015-11-03","data":{"chrome":{"4":0.008167,"5":0,"6":0.008167,"7":0,"8":0,"9":0,"10":0,"11":0.040835,"12":0.016334,"13":0,"14":0,"15":0.008167,"16":0,"17":0,"18":0.008167,"19":0,"20":0,"21":0.008167,"22":0.024501,"23":0.032668,"24":0.008167,"25":0,"26":0.016334,"27":0,"28":0.024501,"29":0.049002,"30":0.016334,"31":0.130672,"32":0.032668,"33":0.106171,"34":0.098004,"35":0.130672,"36":0.155173,"37":0.040835,"38":0.089837,"39":0.187841,"40":0.08167,"41":0.065336,"42":0.187841,"43":0.383849,"44":0.498187,"45":16.048155,"46":17.591718,"47":0.089837,"48":0.040835,"49":0},"firefox":{"2":0,"3":0.024501,"3.5":0.008167,"3.6":0.049002,"4":0,"5":0.008167,"6":0.016334,"7":0,"8":0,"9":0,"10":0.008167,"11":0.016334,"12":0.008167,"13":0.016334,"14":0,"15":0.008167,"16":0.032668,"17":0.008167,"18":0,"19":0,"20":0.008167,"21":0.008167,"22":0,"23":0,"24":0.016334,"25":0.032668,"26":0.008167,"27":0,"28":0.032668,"29":0.057169,"30":0.008167,"31":0.049002,"32":0.016334,"33":0.032668,"34":0.040835,"35":0.016334,"36":0.024501,"37":0.08167,"38":0.269511,"39":0.24501,"40":1.298553,"41":10.331255,"42":0.171507,"43":0,"44":0},"opera":{"9":0,"9.5-9.6":0.008167,"10.0-10.1":0,"10.5":0,"10.6":0,"11":0,"11.1":0,"11.5":0,"11.6":0.008167,"12":0.016334,"12.1":0.057169,"15":0,"16":0,"17":0,"18":0,"19":0,"20":0,"21":0,"22":0,"23":0,"24":0,"25":0,"26":0,"27":0,"28":0,"29":0,"30":0.008167,"31":0.008167,"32":0.612525,"33":0.024501,"34":0},"safari":{"3.1":0.008167,"3.2":0,"4":0.057169,"5":0.08167,"5.1":0.465519,"6":0.049002,"6.1":0.220509,"7":0.114338,"7.1":0.383849,"8":1.249551,"9":2.441933},"android":{"2.1":0,"2.2":0,"2.3":0.0575891322057,"3":0,"4":0.167886961685,"4.1":0.602245670694,"4.2-4.3":1.25915221263,"4.4":2.35041746358,"4.4.3-4.4.4":1.2181565592,"44":null},"ios_saf":{"3.2":0,"4.0-4.1":0,"4.2-4.3":0,"5.0-5.1":0.0135531957421,"6.0-6.1":0.0141985860155,"7.0-7.1":0.34592918656,"8":0.0464680996872,"8.1-8.4":1.54635509515,"9.0-9.1":4.42995883685},"op_mob":{"10":0,"11":0,"11.1":0,"11.5":0,"12":0.000877924528302,"12.1":0.00263377358491,"0":0.0307273584906},"ie":{"5.5":0,"6":0.0504510633675,"7":0.0756765950513,"8":0.53814467592,"9":0.571778718165,"10":0.908119140616,"11":11.5617020217},"bb":{"7":0.00962325,"10":null},"ie_mob":{"10":0.0511624712644,"11":0.232952528736},"op_mini":{"5.0-8.0":0.328694943396},"and_chr":{"0":14.280136},"and_ff":{"0":0.016497},"edge":{"12":2.327595,"13":null},"and_uc":{"0":0.124644}},"total":98.1599054648}