{"id":"MR","name":"Mauritania","month":"2015-08","access_date":"2015-09-03","data":{"chrome":{"4":0.050928,"5":0.03183,"6":0.12732,"7":0.054111,"8":0.044562,"9":0.203712,"10":0.015915,"11":0.066843,"12":0.070026,"13":0.028647,"14":0.03183,"15":0.038196,"16":0.038196,"17":0.066843,"18":0.025464,"19":0.006366,"20":0.003183,"21":0.006366,"22":0.006366,"23":0.019098,"24":0.041379,"25":0.035013,"26":0.015915,"27":0.028647,"28":0.019098,"29":0.03183,"30":0.041379,"31":0.152784,"32":0.015915,"33":0.085941,"34":0.044562,"35":0.035013,"36":0.076392,"37":0.041379,"38":0.047745,"39":0.09549,"40":0.324666,"41":0.09549,"42":0.280104,"43":0.967632,"44":12.525105,"45":0.146418,"46":0.060477,"47":0,"48":0},"firefox":{"2":0.006366,"3":0.041379,"3.5":0.082758,"3.6":0.082758,"4":0.035013,"5":0.012732,"6":0.009549,"7":0.015915,"8":0.012732,"9":0.015915,"10":0.012732,"11":0.054111,"12":0.054111,"13":0.041379,"14":0.041379,"15":0.03183,"16":0.079575,"17":0.015915,"18":0.050928,"19":0.025464,"20":0.041379,"21":0.111405,"22":0.019098,"23":0.054111,"24":0.079575,"25":0.028647,"26":0.098673,"27":0.050928,"28":0.050928,"29":0.054111,"30":0.203712,"31":0.054111,"32":0.092307,"33":0.162333,"34":0.108222,"35":0.210078,"36":0.111405,"37":0.200529,"38":0.343764,"39":2.988837,"40":2.380884,"41":0.155967,"42":0.003183,"43":0},"opera":{"9":0,"9.5-9.6":0,"10.0-10.1":0,"10.5":0,"10.6":0,"11":0,"11.1":0,"11.5":0.003183,"11.6":0.015915,"12":0.006366,"12.1":0.066843,"15":0.009549,"16":0.003183,"17":0.003183,"18":0.003183,"19":0.012732,"20":0.003183,"21":0.006366,"22":0.025464,"23":0.006366,"24":0,"25":0,"26":0.003183,"27":0.003183,"28":0.009549,"29":0.015915,"30":0.289653,"31":0.486999,"32":0.003183,"33":0},"safari":{"3.1":0,"3.2":0,"4":0.003183,"5":0.003183,"5.1":0.089124,"6":0.009549,"6.1":0.038196,"7":0.006366,"7.1":0.066843,"8":0.200529,"9":0},"android":{"2.1":0,"2.2":0,"2.3":0.227537521285,"3":0,"4":0.725275849095,"4.1":2.54557601937,"4.2-4.3":5.53556126001,"4.4":0.0355527377007,"4.4.3-4.4.4":4.87783561254,"44":null},"ios_saf":{"3.2":0,"4.0-4.1":0,"4.2-4.3":0,"5.0-5.1":0.0103610081497,"6.0-6.1":0.0172683469162,"7.0-7.1":0.284582357179,"8":0.0390264640306,"8.1-8.4":3.05891497273,"9":0.022448850991},"op_mob":{"10":0,"11":0,"11.1":0,"11.5":0,"12":0.0933360464217,"12.1":0.186672092843,"0":2.89341743907},"ie":{"5.5":0,"6":0.0486180514286,"7":0.0162060171429,"8":0.644999482286,"9":0.200954612571,"10":0.320879139429,"11":1.58494847657},"bb":{"7":0.03238075,"10":null},"ie_mob":{"10":0.0770667627119,"11":0.318319237288},"and_uc":{"0":4.471952},"op_mini":{"5.0-8.0":32.4931184217},"and_chr":{"0":9.940764},"and_ff":{"0":0.149974},"edge":{"12":0.165516,"13":null}},"total":96.8841215294}