{"id":"MR","name":"Mauritania","month":"2016-02","access_date":"2016-03-03","data":{"firefox":{"2":0.003467,"3":0.045071,"3.5":0.027736,"3.6":0.13868,"4":0.031203,"5":0.006934,"6":0.013868,"7":0.003467,"8":0.006934,"9":0.020802,"10":0.024269,"11":0.013868,"12":0.131746,"13":0.031203,"14":0.058939,"15":0.017335,"16":0.117878,"17":0.038137,"18":0.013868,"19":0.010401,"20":0.027736,"21":0.076274,"22":0.017335,"23":0.010401,"24":0.06934,"25":0.031203,"26":0.062406,"27":0.17335,"28":0.006934,"29":0.06934,"30":0.086675,"31":0.020802,"32":0.076274,"33":0.156015,"34":0.100543,"35":0.058939,"36":0.117878,"37":0.06934,"38":0.065873,"39":0.086675,"40":0.093609,"41":0.110944,"42":0.180284,"43":2.367961,"44":3.345655,"45":0.246157,"46":0.006934,"47":0},"chrome":{"4":0.03467,"5":0.076274,"6":0.038137,"7":0.083208,"8":0.048538,"9":0.121345,"10":0.079741,"11":0.114411,"12":0.097076,"13":0.065873,"14":0.052005,"15":0.024269,"16":0.006934,"17":0.065873,"18":0.006934,"19":0.003467,"20":0.006934,"21":0.020802,"22":0.027736,"23":0.006934,"24":0.010401,"25":0.020802,"26":0.027736,"27":0.024269,"28":0.020802,"29":0.024269,"30":0.010401,"31":0.110944,"32":0.010401,"33":0.055472,"34":0.010401,"35":0.038137,"36":0.201086,"37":0.020802,"38":0.03467,"39":0.086675,"40":0.090142,"41":0.017335,"42":0.058939,"43":0.686466,"44":0.197619,"45":0.412573,"46":0.214954,"47":0.741938,"48":13.916538,"49":0.048538,"50":0.06934,"51":0},"opera":{"9":0,"9.5-9.6":0,"10.0-10.1":0,"10.5":0,"10.6":0,"11":0,"11.1":0,"11.5":0,"11.6":0.003467,"12":0.017335,"12.1":0.024269,"15":0.010401,"16":0.003467,"17":0,"18":0.003467,"19":0,"20":0.003467,"21":0.006934,"22":0.003467,"23":0.079741,"24":0.013868,"25":0.013868,"26":0,"27":0.003467,"28":0.003467,"29":0.003467,"30":0.003467,"31":0,"32":0.003467,"33":0.020802,"34":0.142147,"35":0.391771,"36":0.062406},"safari":{"3.1":0,"3.2":0,"4":0,"5":0,"5.1":0.013868,"6":0.003467,"6.1":0.260025,"7":0.010401,"7.1":0.003467,"8":0.062406,"9":0.13868,"9.1":0},"android":{"2.1":0,"2.2":0,"2.3":0.105141107103,"3":0,"4":0.909699144066,"4.1":1.91539669027,"4.2-4.3":4.29707133378,"4.4":8.65357024983,"4.4.3-4.4.4":4.64906547495,"47":null},"ios_saf":{"3.2":0,"4.0-4.1":0,"4.2-4.3":0,"5.0-5.1":0,"6.0-6.1":0,"7.0-7.1":0.119803093641,"8":0.00813284708788,"8.1-8.4":0.330944316114,"9.0-9.2":2.58092774316,"9.3":null},"op_mob":{"10":0,"11":0,"11.1":0,"11.5":0,"12":0.00096922027992,"12.1":0.00096922027992,"0":0.0416764720366},"ie":{"5.5":0,"6":0.0141293316583,"7":0.187213644472,"8":0.558108600503,"9":0.201342976131,"10":0.275521967337,"11":1.56482348116},"bb":{"7":0.0359315,"10":null},"ie_mob":{"10":0.066281407767,"11":0.293033592233},"edge":{"12":0.062406,"13":0.131746,"14":0},"and_uc":{"0":6.101822},"op_mini":{"5.0-8.0":16.9225860874},"and_chr":{"0":16.728531},"and_ff":{"0":0.032665}},"total":94.7335295013}