{"id":"MS","name":"Montserrat","month":"2015-10","access_date":"2015-11-03","data":{"chrome":{"4":0,"5":0,"6":0,"7":0,"8":0,"9":0,"10":0,"11":0.008677,"12":0.008677,"13":0,"14":0,"15":0,"16":0,"17":0,"18":0.017354,"19":0,"20":0,"21":0,"22":0,"23":0,"24":0,"25":0,"26":0,"27":0,"28":0.17354,"29":0,"30":0.034708,"31":0.208248,"32":0.208248,"33":0.008677,"34":0,"35":0.095447,"36":0.043385,"37":0.008677,"38":0.190894,"39":0.147509,"40":0.034708,"41":0,"42":0.564005,"43":0.590036,"44":0.442527,"45":17.796527,"46":27.731692,"47":0.130155,"48":0.130155,"49":0},"firefox":{"2":0,"3":0,"3.5":0,"3.6":0,"4":0,"5":0,"6":0.08677,"7":0,"8":0,"9":0,"10":0,"11":0.017354,"12":0.043385,"13":0,"14":0,"15":0,"16":0,"17":0,"18":0,"19":0,"20":0,"21":0.008677,"22":0,"23":0,"24":0,"25":0.026031,"26":0.026031,"27":0.034708,"28":0,"29":0,"30":0,"31":0,"32":0,"33":0,"34":0,"35":0.017354,"36":0.008677,"37":0.034708,"38":0.017354,"39":0.286341,"40":0.624744,"41":7.89607,"42":0.468558,"43":0,"44":0},"opera":{"9":0,"9.5-9.6":0,"10.0-10.1":0,"10.5":0,"10.6":0,"11":0,"11.1":0,"11.5":0,"11.6":0,"12":0.017354,"12.1":0.017354,"15":0,"16":0,"17":0,"18":0,"19":0,"20":0,"21":0,"22":0,"23":0,"24":0,"25":0,"26":0,"27":0,"28":0,"29":0,"30":0,"31":0.104124,"32":0.208248,"33":0,"34":0},"safari":{"3.1":0,"3.2":0,"4":0.026031,"5":0,"5.1":0.034708,"6":0,"6.1":0,"7":0.008677,"7.1":0.060739,"8":0.251633,"9":0.312372},"android":{"2.1":0,"2.2":0,"2.3":0.0578884294097,"3":0,"4":0.168759489127,"4.1":0.605375609251,"4.2-4.3":1.26569616845,"4.4":2.36263284777,"4.4.3-4.4.4":1.22448745599,"44":null},"ios_saf":{"3.2":0,"4.0-4.1":0,"4.2-4.3":0,"5.0-5.1":0.00795417324185,"6.0-6.1":0.00833294339623,"7.0-7.1":0.203020802744,"8":0.0272714511149,"8.1-8.4":0.90753328988,"9.0-9.1":2.59987833962},"op_mob":{"10":0,"11":0,"11.1":0,"11.5":0,"12":1.92017416546e-5,"12.1":5.76052249637e-5,"0":0.00067206095791},"ie":{"5.5":0,"6":0,"7":0.00880513053751,"8":0.334594960425,"9":0.149687219138,"10":1.89310306556,"11":12.4680648411},"bb":{"7":0.0773955,"10":null},"ie_mob":{"10":0.0938671034483,"11":0.427394896552},"op_mini":{"5.0-8.0":0.00718913207547},"and_chr":{"0":8.644621},"and_ff":{"0":0.033075},"edge":{"12":1.12801,"13":null},"and_uc":{"0":0.415422}},"total":94.3326577168}