{"id":"MT","name":"Malta","month":"2015-10","access_date":"2015-11-03","data":{"chrome":{"4":0,"5":0,"6":0,"7":0,"8":0,"9":0,"10":0,"11":0.033372,"12":0,"13":0,"14":0,"15":0,"16":0,"17":0,"18":0.016686,"19":0,"20":0,"21":0.008343,"22":0.058401,"23":0.008343,"24":0.008343,"25":0.008343,"26":0.066744,"27":0,"28":0.008343,"29":0.008343,"30":0.016686,"31":0.066744,"32":0.050058,"33":0.050058,"34":0.075087,"35":0.066744,"36":0.200232,"37":0.050058,"38":3.212055,"39":0.191889,"40":0.116802,"41":0.100116,"42":0.233604,"43":0.842643,"44":0.575667,"45":19.289016,"46":21.574998,"47":0.116802,"48":0.075087,"49":0},"firefox":{"2":0,"3":0.008343,"3.5":0,"3.6":0.008343,"4":0.008343,"5":0,"6":0.008343,"7":0,"8":0,"9":0,"10":0,"11":0.008343,"12":0.016686,"13":0.025029,"14":0.025029,"15":0.008343,"16":0.025029,"17":0.016686,"18":0.008343,"19":0.008343,"20":0.008343,"21":0.008343,"22":0.008343,"23":0.008343,"24":0.008343,"25":0.016686,"26":0.008343,"27":0.008343,"28":0.016686,"29":0.033372,"30":0.058401,"31":0.025029,"32":0.041715,"33":0.033372,"34":0.050058,"35":0.075087,"36":0.066744,"37":0.283662,"38":0.383778,"39":0.525609,"40":1.276479,"41":8.493174,"42":0.392121,"43":0.008343,"44":0.008343},"opera":{"9":0,"9.5-9.6":0,"10.0-10.1":0,"10.5":0,"10.6":0,"11":0,"11.1":0,"11.5":0,"11.6":0,"12":0.008343,"12.1":0.050058,"15":0,"16":0.008343,"17":0,"18":0,"19":0,"20":0,"21":0,"22":0,"23":0,"24":0,"25":0,"26":0,"27":0,"28":0,"29":0,"30":0.008343,"31":0.008343,"32":0.567324,"33":0.033372,"34":0},"safari":{"3.1":0,"3.2":0,"4":0.025029,"5":0.050058,"5.1":0.150174,"6":0.025029,"6.1":0.108459,"7":0.100116,"7.1":0.241947,"8":1.034532,"9":1.543455},"android":{"2.1":0,"2.2":0,"2.3":0.0417557276493,"3":0,"4":0.121728561961,"4.1":0.436665829824,"4.2-4.3":0.912964214705,"4.4":1.70419986745,"4.4.3-4.4.4":0.883239798412,"44":null},"ios_saf":{"3.2":0,"4.0-4.1":0,"4.2-4.3":0,"5.0-5.1":0.0216866730905,"6.0-6.1":0.0227193718091,"7.0-7.1":0.553526513167,"8":0.0743543077389,"8.1-8.4":2.47434612975,"9.0-9.1":7.08844400444},"op_mob":{"10":0,"11":0,"11.1":0,"11.5":0,"12":0.000348715529753,"12.1":0.00104614658926,"0":0.0122050435414},"ie":{"5.5":0,"6":0.00844700890472,"7":0.0253410267142,"8":0.777124819234,"9":0.633525667854,"10":0.582843614426,"11":7.45026185396},"bb":{"7":0.01367025,"10":null},"ie_mob":{"10":0.106225762452,"11":0.483666237548},"op_mini":{"5.0-8.0":0.13055909434},"and_chr":{"0":10.092266},"and_ff":{"0":0.014913},"edge":{"12":1.134648,"13":null},"and_uc":{"0":0.11599}},"total":99.0335082411}