{"id":"MU","name":"Mauritius","month":"2016-02","access_date":"2016-03-03","data":{"firefox":{"2":0,"3":0.01206,"3.5":0.00603,"3.6":0.02412,"4":0.01206,"5":0.00603,"6":0.01206,"7":0.00603,"8":0,"9":0.00603,"10":0.00603,"11":0.01809,"12":0.02412,"13":0.01809,"14":0.00603,"15":0.00603,"16":0.01206,"17":0.00603,"18":0.01809,"19":0.01809,"20":0.02412,"21":0.00603,"22":0.00603,"23":0.00603,"24":0.01809,"25":0,"26":0.00603,"27":0.00603,"28":0.01206,"29":0.03015,"30":0.03015,"31":0.03015,"32":0.02412,"33":0.01809,"34":0.02412,"35":0.03015,"36":0.05427,"37":0.0603,"38":0.15075,"39":0.15075,"40":0.08442,"41":0.10854,"42":0.15678,"43":2.38788,"44":4.87827,"45":0.37989,"46":0.01206,"47":0.00603},"chrome":{"4":0,"5":0,"6":0,"7":0,"8":0,"9":0,"10":0.00603,"11":0.02412,"12":0,"13":0,"14":0,"15":0,"16":0,"17":0,"18":0.04221,"19":0,"20":0.00603,"21":0,"22":0.14472,"23":0.01206,"24":0.01206,"25":0.00603,"26":0.09045,"27":0.00603,"28":0.01206,"29":0.01809,"30":0.02412,"31":0.10854,"32":0.03618,"33":0.04824,"34":0.11457,"35":0.04221,"36":0.05427,"37":0.03618,"38":0.04824,"39":0.10251,"40":0.06633,"41":0.03015,"42":0.04221,"43":0.20502,"44":0.21708,"45":0.5427,"46":0.22914,"47":0.88038,"48":30.95199,"49":0.18693,"50":0.27135,"51":0},"opera":{"9":0,"9.5-9.6":0,"10.0-10.1":0,"10.5":0,"10.6":0.00603,"11":0,"11.1":0,"11.5":0,"11.6":0,"12":0.00603,"12.1":0.16281,"15":0,"16":0.00603,"17":0,"18":0.00603,"19":0.01206,"20":0.00603,"21":0,"22":0,"23":0,"24":0,"25":0,"26":0,"27":0,"28":0.00603,"29":0.01206,"30":0.02412,"31":0.01206,"32":0.00603,"33":0.01206,"34":0.27135,"35":1.04922,"36":0.00603},"safari":{"3.1":0,"3.2":0,"4":0,"5":0.07236,"5.1":0.11457,"6":0.03618,"6.1":0.04824,"7":0.0603,"7.1":0.07236,"8":0.35577,"9":1.18791,"9.1":0.00603},"android":{"2.1":0,"2.2":0,"2.3":0.0363790247161,"3":0,"4":0.314757648631,"4.1":0.662730928524,"4.2-4.3":1.48679492318,"4.4":2.99415190381,"4.4.3-4.4.4":1.60858557114,"47":null},"ios_saf":{"3.2":0,"4.0-4.1":0,"4.2-4.3":0,"5.0-5.1":0,"6.0-6.1":0,"7.0-7.1":0.177405694587,"8":0.0120432064211,"8.1-8.4":0.490065861288,"9.0-9.2":3.8218652377,"9.3":null},"op_mob":{"10":0,"11":0,"11.1":0,"11.5":0,"12":0.000569475578406,"12.1":0.000569475578406,"0":0.0244874498715},"ie":{"5.5":0,"6":0.0120747613219,"7":0.0181121419829,"8":0.44072878825,"9":0.217345703794,"10":0.398467123623,"11":3.83977410037},"bb":{"7":0.0267975,"10":null},"ie_mob":{"10":0.224093009709,"11":0.990726990291},"edge":{"12":0.42813,"13":0.59697,"14":0},"and_uc":{"0":2.64799},"op_mini":{"5.0-8.0":9.94304359897},"and_chr":{"0":18.67155},"and_ff":{"0":0.17468}},"total":97.3551901193}