{"id":"MU","name":"Mauritius","month":"2015-10","access_date":"2015-11-03","data":{"chrome":{"4":0.006072,"5":0,"6":0.006072,"7":0,"8":0,"9":0,"10":0.006072,"11":0.054648,"12":0.006072,"13":0,"14":0.006072,"15":0.006072,"16":0.006072,"17":0.006072,"18":0.054648,"19":0,"20":0.012144,"21":0.006072,"22":0.133584,"23":0.024288,"24":0.012144,"25":0.006072,"26":0.109296,"27":0.012144,"28":0.018216,"29":0.024288,"30":0.036432,"31":0.1518,"32":0.078936,"33":0.097152,"34":0.054648,"35":0.085008,"36":0.279312,"37":0.06072,"38":0.085008,"39":0.170016,"40":0.097152,"41":0.066792,"42":0.570768,"43":0.437184,"44":0.710424,"45":14.184192,"46":15.69612,"47":0.224664,"48":0.157872,"49":0},"firefox":{"2":0,"3":0.012144,"3.5":0.042504,"3.6":0.03036,"4":0.018216,"5":0.006072,"6":0.006072,"7":0.006072,"8":0.006072,"9":0.006072,"10":0.006072,"11":0.03036,"12":0.036432,"13":0.024288,"14":0.012144,"15":0.012144,"16":0.018216,"17":0.006072,"18":0.018216,"19":0.018216,"20":0.012144,"21":0.012144,"22":0.006072,"23":0.006072,"24":0.024288,"25":0.012144,"26":0.024288,"27":0.018216,"28":0.012144,"29":0.03036,"30":0.036432,"31":0.048576,"32":0.036432,"33":0.054648,"34":0.036432,"35":0.072864,"36":0.078936,"37":0.176088,"38":0.412896,"39":0.473616,"40":1.220472,"41":7.55964,"42":0.412896,"43":0.012144,"44":0.012144},"opera":{"9":0,"9.5-9.6":0,"10.0-10.1":0,"10.5":0,"10.6":0,"11":0,"11.1":0,"11.5":0,"11.6":0,"12":0,"12.1":0.103224,"15":0.006072,"16":0.006072,"17":0,"18":0.006072,"19":0,"20":0.006072,"21":0,"22":0,"23":0,"24":0.006072,"25":0,"26":0.006072,"27":0,"28":0.024288,"29":0.018216,"30":0.024288,"31":0.03036,"32":1.287264,"33":0.066792,"34":0},"safari":{"3.1":0,"3.2":0,"4":0.006072,"5":0.085008,"5.1":0.170016,"6":0.03036,"6.1":0.054648,"7":0.09108,"7.1":0.176088,"8":0.51612,"9":0.710424},"android":{"2.1":0,"2.2":0,"2.3":0.0842800234726,"3":0,"4":0.245697695547,"4.1":0.881369059027,"4.2-4.3":1.8427327166,"4.4":3.43976773766,"4.4.3-4.4.4":1.78273676769,"44":null},"ios_saf":{"3.2":0,"4.0-4.1":0,"4.2-4.3":0,"5.0-5.1":0.00842081565937,"6.0-6.1":0.00882180688124,"7.0-7.1":0.214931294925,"8":0.028871367975,"8.1-8.4":0.960774967612,"9.0-9.1":2.75240374695},"op_mob":{"10":0,"11":0,"11.1":0,"11.5":0,"12":0.031479109821,"12.1":0.094437329463,"0":1.10176884373},"ie":{"5.5":0,"6":0.0244130669413,"7":0.0244130669413,"8":0.634739740474,"9":0.415022138002,"10":0.640843007209,"11":4.16853118023},"bb":{"7":0.030442,"10":null},"ie_mob":{"10":0.195226114943,"11":0.888901885057},"op_mini":{"5.0-8.0":11.785778717},"and_chr":{"0":13.78444},"and_ff":{"0":0.141408},"edge":{"12":0.69828,"13":null},"and_uc":{"0":2.627832}},"total":97.8475961998}