{"id":"MU","name":"Mauritius","month":"2015-08","access_date":"2015-09-03","data":{"chrome":{"4":0.00644,"5":0,"6":0,"7":0,"8":0,"9":0,"10":0.00644,"11":0.03864,"12":0.00644,"13":0.00644,"14":0.00644,"15":0.00644,"16":0.00644,"17":0.00644,"18":0.07728,"19":0,"20":0.01288,"21":0.00644,"22":0.13524,"23":0.01288,"24":0.01932,"25":0.00644,"26":0.11592,"27":0.00644,"28":0.01288,"29":0.01932,"30":0.01932,"31":0.14812,"32":0.07084,"33":0.11592,"34":0.18032,"35":2.1252,"36":0.87584,"37":1.57136,"38":0.10304,"39":0.23184,"40":0.1288,"41":0.11592,"42":0.47656,"43":1.23648,"44":25.73424,"45":0.18032,"46":0.31556,"47":0.00644,"48":0},"firefox":{"2":0,"3":0.00644,"3.5":0.03864,"3.6":0.03864,"4":0.01288,"5":0.00644,"6":0.00644,"7":0.00644,"8":0.00644,"9":0.00644,"10":0.00644,"11":0.0322,"12":0.0322,"13":0.01288,"14":0.00644,"15":0.01288,"16":0.01932,"17":0.00644,"18":0.01288,"19":0.02576,"20":0.01288,"21":0.01288,"22":0.02576,"23":0.01288,"24":0.03864,"25":0.01288,"26":0.01932,"27":0.01288,"28":0.02576,"29":0.02576,"30":1.18496,"31":0.05152,"32":0.0322,"33":0.0322,"34":0.07084,"35":0.07728,"36":0.08372,"37":0.21896,"38":0.56028,"39":4.86864,"40":3.92196,"41":0.20608,"42":0.01288,"43":0.00644},"opera":{"9":0,"9.5-9.6":0,"10.0-10.1":0,"10.5":0,"10.6":0,"11":0,"11.1":0,"11.5":0,"11.6":0,"12":0.00644,"12.1":0.11592,"15":0,"16":0.01288,"17":0,"18":0.00644,"19":0,"20":0.00644,"21":0,"22":0,"23":0,"24":0,"25":0,"26":0.00644,"27":0.00644,"28":0.0322,"29":0.01932,"30":0.24472,"31":0.9016,"32":0.00644,"33":0},"safari":{"3.1":0,"3.2":0,"4":0.00644,"5":0.07084,"5.1":0.16744,"6":0.0322,"6.1":0.05152,"7":0.07728,"7.1":0.2254,"8":0.75992,"9":0.00644},"android":{"2.1":0,"2.2":0,"2.3":0.136313637522,"3":0,"4":0.434499719602,"4.1":1.52500881978,"4.2-4.3":3.31625521285,"4.4":0.0212990058629,"4.4.3-4.4.4":2.92222360438,"44":null},"ios_saf":{"3.2":0,"4.0-4.1":0,"4.2-4.3":0,"5.0-5.1":0.0138976154543,"6.0-6.1":0.0231626924238,"7.0-7.1":0.381721171144,"8":0.0523476848778,"8.1-8.4":4.10303933595,"9":0.0301115001509},"op_mob":{"10":0,"11":0,"11.1":0,"11.5":0,"12":0.0311719740585,"12.1":0.062343948117,"0":0.966331195813},"ie":{"5.5":0,"6":0.0387181132075,"7":0.0387181132075,"8":1.67133188679,"9":1.09056018868,"10":1.33577490566,"11":5.38827075472},"bb":{"7":0.03026,"10":null},"ie_mob":{"10":0.192903728814,"11":0.796776271186},"and_uc":{"0":1.75864},"op_mini":{"5.0-8.0":10.851912882},"and_chr":{"0":11.44892},"and_ff":{"0":0.16376},"edge":{"12":0.37352,"13":null}},"total":97.9377139623}