{"id":"MV","name":"Maldives","month":"2015-10","access_date":"2015-11-03","data":{"chrome":{"4":0.007824,"5":0.007824,"6":0.003912,"7":0,"8":0.003912,"9":0.003912,"10":0.015648,"11":0.035208,"12":0.070416,"13":0.007824,"14":0.011736,"15":0,"16":0.027384,"17":0.003912,"18":0.031296,"19":0.007824,"20":0.007824,"21":0.003912,"22":0.003912,"23":0.003912,"24":0.007824,"25":0.015648,"26":0.023472,"27":0.015648,"28":0.035208,"29":0.01956,"30":0.03912,"31":0.03912,"32":0.023472,"33":0.070416,"34":0.043032,"35":0.027384,"36":0.089976,"37":0.015648,"38":0.082152,"39":0.082152,"40":0.086064,"41":0.031296,"42":0.179952,"43":0.258192,"44":0.402936,"45":10.24944,"46":9.373152,"47":0.183864,"48":0.11736,"49":0},"firefox":{"2":0,"3":0.011736,"3.5":0.007824,"3.6":0.023472,"4":0.015648,"5":0.015648,"6":0.011736,"7":0.015648,"8":0.007824,"9":0.015648,"10":0.01956,"11":0.035208,"12":0.03912,"13":0.03912,"14":0.027384,"15":0.046944,"16":0.015648,"17":0.027384,"18":0.003912,"19":0.015648,"20":0.011736,"21":0.007824,"22":0.015648,"23":0.027384,"24":0.015648,"25":0.007824,"26":0.003912,"27":0.011736,"28":0.011736,"29":0.031296,"30":0.062592,"31":0.01956,"32":0.070416,"33":0.133008,"34":0.066504,"35":0.050856,"36":0.050856,"37":0.140832,"38":0.148656,"39":0.297312,"40":0.837168,"41":5.152104,"42":0.790224,"43":0.007824,"44":0.015648},"opera":{"9":0,"9.5-9.6":0,"10.0-10.1":0,"10.5":0,"10.6":0,"11":0,"11.1":0,"11.5":0.003912,"11.6":0,"12":0,"12.1":0.031296,"15":0,"16":0.003912,"17":0,"18":0,"19":0,"20":0,"21":0,"22":0.003912,"23":0,"24":0,"25":0,"26":0.003912,"27":0.003912,"28":0.003912,"29":0.003912,"30":0.023472,"31":0.003912,"32":0.602448,"33":0.035208,"34":0},"safari":{"3.1":0,"3.2":0,"4":0,"5":0.007824,"5.1":0.05868,"6":0.011736,"6.1":0.03912,"7":0.035208,"7.1":0.050856,"8":0.340344,"9":0.3912},"android":{"2.1":0,"2.2":0,"2.3":0.0903182671729,"3":0,"4":0.26330071108,"4.1":0.944514760097,"4.2-4.3":1.9747553331,"4.4":3.68620995513,"4.4.3-4.4.4":1.91046097342,"44":null},"ios_saf":{"3.2":0,"4.0-4.1":0,"4.2-4.3":0,"5.0-5.1":0.0196388287761,"6.0-6.1":0.0205740110988,"7.0-7.1":0.501257724952,"8":0.0673331272324,"8.1-8.4":2.24069684512,"9.0-9.1":6.41909146282},"op_mob":{"10":0,"11":0,"11.1":0,"11.5":0,"12":0.0222077987421,"12.1":0.0666233962264,"0":0.777272955975},"ie":{"5.5":0,"6":0.01179215311,"7":0,"8":0.188674449761,"9":0.110060095694,"10":0.216189473684,"11":1.11239311005},"bb":{"7":0.013698,"10":null},"ie_mob":{"10":0.0920897471264,"11":0.419302252874},"op_mini":{"5.0-8.0":8.31459984906},"and_chr":{"0":29.29176},"and_ff":{"0":0.27396},"edge":{"12":0.395112,"13":null},"and_uc":{"0":6.989024}},"total":98.2452952823}