{"id":"MV","name":"Maldives","month":"2015-08","access_date":"2015-09-03","data":{"chrome":{"4":0.004236,"5":0.004236,"6":0.004236,"7":0.004236,"8":0,"9":0,"10":0.033888,"11":0.025416,"12":0.088956,"13":0.004236,"14":0.02118,"15":0,"16":0.046596,"17":0.008472,"18":0.016944,"19":0.012708,"20":0.008472,"21":0.004236,"22":0.008472,"23":0.008472,"24":0.012708,"25":0.016944,"26":0.02118,"27":0.02118,"28":0.046596,"29":0.02118,"30":0.072012,"31":0.059304,"32":0.055068,"33":0.067776,"34":0.055068,"35":0.029652,"36":0.088956,"37":0.059304,"38":0.046596,"39":0.135552,"40":0.118608,"41":0.059304,"42":0.156732,"43":0.893796,"44":19.756704,"45":0.457488,"46":0.266868,"47":0,"48":0},"firefox":{"2":0,"3":0.012708,"3.5":0.008472,"3.6":0.038124,"4":0.029652,"5":0.02118,"6":0.008472,"7":0.008472,"8":0.012708,"9":0.008472,"10":0.033888,"11":0.055068,"12":0.055068,"13":0.038124,"14":0.016944,"15":0.046596,"16":0.04236,"17":0.118608,"18":0.016944,"19":0.02118,"20":0.016944,"21":0.012708,"22":0.02118,"23":0.029652,"24":0.02118,"25":0.012708,"26":0.008472,"27":0.012708,"28":0.046596,"29":0.046596,"30":0.06354,"31":0.029652,"32":0.046596,"33":0.1059,"34":0.080484,"35":0.067776,"36":0.097428,"37":0.554916,"38":0.669288,"39":3.689556,"40":3.075336,"41":0.50832,"42":0.004236,"43":0},"opera":{"9":0,"9.5-9.6":0,"10.0-10.1":0,"10.5":0,"10.6":0,"11":0,"11.1":0,"11.5":0,"11.6":0,"12":0.004236,"12.1":0.06354,"15":0,"16":0,"17":0,"18":0,"19":0,"20":0,"21":0.004236,"22":0,"23":0,"24":0,"25":0,"26":0.004236,"27":0.004236,"28":0.004236,"29":0.016944,"30":0.131316,"31":0.165204,"32":0.004236,"33":0},"safari":{"3.1":0,"3.2":0,"4":0.004236,"5":0.012708,"5.1":0.076248,"6":0.012708,"6.1":0.050832,"7":0.050832,"7.1":0.118608,"8":0.648108,"9":0.008472},"android":{"2.1":0,"2.2":0,"2.3":0.149782317614,"3":0,"4":0.477431137395,"4.1":1.67568967831,"4.2-4.3":3.6439229457,"4.4":0.0234034871272,"4.4.3-4.4.4":3.21095843385,"44":null},"ios_saf":{"3.2":0,"4.0-4.1":0,"4.2-4.3":0,"5.0-5.1":0.0297031572593,"6.0-6.1":0.0495052620988,"7.0-7.1":0.815846719388,"8":0.111881892343,"8.1-8.4":8.76936212818,"9":0.0643568407284},"op_mob":{"10":0,"11":0,"11.1":0,"11.5":0,"12":0.0215095769712,"12.1":0.0430191539424,"0":0.666796886108},"ie":{"5.5":0,"6":0.004236,"7":0.004236,"8":0.648108,"9":0.182148,"10":0.343116,"11":1.613916},"bb":{"7":0.008646,"10":null},"ie_mob":{"10":0.117966610169,"11":0.487253389831},"and_uc":{"0":4.807176},"op_mini":{"5.0-8.0":7.48813838298},"and_chr":{"0":28.0578},"and_ff":{"0":0.501468},"edge":{"12":0.283812,"13":null}},"total":98.324742}