{"id":"MW","name":"Malawi","month":"2015-10","access_date":"2015-11-03","data":{"chrome":{"4":0,"5":0.000715,"6":0,"7":0,"8":0,"9":0,"10":0.007865,"11":0.005005,"12":0,"13":0.000715,"14":0.000715,"15":0,"16":0.000715,"17":0,"18":0.00286,"19":0.000715,"20":0.000715,"21":0.00429,"22":0.002145,"23":0.00143,"24":0.000715,"25":0.003575,"26":0.00715,"27":0.000715,"28":0.003575,"29":0.002145,"30":0.00143,"31":0.01716,"32":0.000715,"33":0.01287,"34":0.002145,"35":0.005005,"36":0.012155,"37":0.00286,"38":0.00572,"39":0.01144,"40":0.0143,"41":0.00715,"42":0.029315,"43":0.030745,"44":0.052195,"45":0.73502,"46":0.63778,"47":0.01144,"48":0.00572,"49":0},"firefox":{"2":0.006435,"3":0.002145,"3.5":0.002145,"3.6":0.009295,"4":0.00715,"5":0.009295,"6":0.003575,"7":0.00572,"8":0.00429,"9":0.002145,"10":0.0143,"11":0.00858,"12":0.01573,"13":0.00858,"14":0.00858,"15":0.010725,"16":0.016445,"17":0.013585,"18":0.00429,"19":0.012155,"20":0.010725,"21":0.01001,"22":0.009295,"23":0.006435,"24":0.00858,"25":0.005005,"26":0.013585,"27":0.007865,"28":0.00429,"29":0.030745,"30":0.035035,"31":0.02145,"32":0.010725,"33":0.032175,"34":0.02431,"35":0.035035,"36":0.02002,"37":0.03289,"38":0.155155,"39":0.059345,"40":0.25311,"41":0.71357,"42":0.12012,"43":0.01144,"44":0.00286},"opera":{"9":0.00143,"9.5-9.6":0.000715,"10.0-10.1":0.000715,"10.5":0,"10.6":0.00143,"11":0.00429,"11.1":0.000715,"11.5":0.01144,"11.6":0.01144,"12":0.007865,"12.1":0.14872,"15":0.00143,"16":0,"17":0,"18":0.00143,"19":0.000715,"20":0.003575,"21":0.00143,"22":0.00429,"23":0.000715,"24":0.003575,"25":0.00143,"26":0.002145,"27":0.00143,"28":0.00572,"29":0.006435,"30":0.04433,"31":0.00858,"32":0.18447,"33":0.035035,"34":0.000715},"safari":{"3.1":0,"3.2":0,"4":0.00143,"5":0.00429,"5.1":0.01001,"6":0.003575,"6.1":0.01859,"7":0.036465,"7.1":0.01287,"8":0.04004,"9":0.026455},"android":{"2.1":0,"2.2":0,"2.3":0.015536530894,"3":0,"4":0.0452929375216,"4.1":0.162475246807,"4.2-4.3":0.339697031412,"4.4":0.634101125302,"4.4.3-4.4.4":0.328637128064,"44":null},"ios_saf":{"3.2":0,"4.0-4.1":0,"4.2-4.3":0,"5.0-5.1":0.00119735596812,"6.0-6.1":0.00125437291898,"7.0-7.1":0.0305610856624,"8":0.00410522046211,"8.1-8.4":0.136612614267,"9.0-9.1":0.391364350721},"op_mob":{"10":0,"11":0,"11.1":0,"11.5":0,"12":0.187586647315,"12.1":0.562759941945,"0":6.56553265602},"ie":{"5.5":0,"6":0.003575,"7":0.00429,"8":0.20735,"9":0.060775,"10":0.15444,"11":0.675675},"bb":{"7":0.1624875,"10":null},"ie_mob":{"10":0.255817758621,"11":1.16478724138},"op_mini":{"5.0-8.0":70.2324407547},"and_chr":{"0":2.07856},"and_ff":{"0":0.01857},"edge":{"12":0.0429,"13":null},"and_uc":{"0":8.59791}},"total":97.1560925}