{"id":"MX","name":"Mexico","month":"2015-10","access_date":"2015-11-03","data":{"chrome":{"4":0,"5":0,"6":0,"7":0,"8":0,"9":0,"10":0,"11":0.054808,"12":0.006851,"13":0,"14":0,"15":0,"16":0,"17":0,"18":0.020553,"19":0,"20":0,"21":0.020553,"22":0.089063,"23":0.006851,"24":0.006851,"25":0.006851,"26":0.020553,"27":0.020553,"28":0.013702,"29":0.013702,"30":0.013702,"31":0.047957,"32":0.047957,"33":0.041106,"34":0.06851,"35":0.116467,"36":0.157573,"37":0.089063,"38":0.116467,"39":0.198679,"40":0.116467,"41":0.109616,"42":0.178126,"43":0.582335,"44":0.712504,"45":19.532201,"46":19.169098,"47":0.089063,"48":0.027404,"49":0},"firefox":{"2":0,"3":0.006851,"3.5":0.006851,"3.6":0.020553,"4":0.006851,"5":0.006851,"6":0.006851,"7":0,"8":0,"9":0.006851,"10":0.006851,"11":0.006851,"12":0.013702,"13":0.006851,"14":0.006851,"15":0.006851,"16":0.020553,"17":0.006851,"18":0.006851,"19":0.006851,"20":0.013702,"21":0.013702,"22":0.006851,"23":0.006851,"24":0.013702,"25":0.006851,"26":0.006851,"27":0.013702,"28":0.020553,"29":0.013702,"30":0.020553,"31":0.034255,"32":0.027404,"33":0.034255,"34":0.047957,"35":0.047957,"36":0.041106,"37":0.089063,"38":0.246636,"39":0.198679,"40":0.739908,"41":5.042336,"42":0.034255,"43":0.006851,"44":0},"opera":{"9":0,"9.5-9.6":0,"10.0-10.1":0,"10.5":0,"10.6":0,"11":0,"11.1":0,"11.5":0,"11.6":0,"12":0.006851,"12.1":0.034255,"15":0,"16":0,"17":0,"18":0,"19":0,"20":0.006851,"21":0,"22":0,"23":0,"24":0,"25":0,"26":0,"27":0,"28":0.013702,"29":0.006851,"30":0.020553,"31":0.013702,"32":0.671398,"33":0.034255,"34":0},"safari":{"3.1":0,"3.2":0,"4":0.027404,"5":0.075361,"5.1":0.178126,"6":0.047957,"6.1":0.143871,"7":0.123318,"7.1":0.239785,"8":0.904332,"9":1.109862},"android":{"2.1":0,"2.2":0,"2.3":0.0792502072834,"3":0,"4":0.231034502589,"4.1":0.828769116845,"4.2-4.3":1.73275876942,"4.4":3.23448303624,"4.4.3-4.4.4":1.67634336762,"44":null},"ios_saf":{"3.2":0,"4.0-4.1":0,"4.2-4.3":0,"5.0-5.1":0.0166308176773,"6.0-6.1":0.0174227613762,"7.0-7.1":0.424481822621,"8":0.0570199463223,"8.1-8.4":1.89749710261,"9.0-9.1":5.43590154939},"op_mob":{"10":0,"11":0,"11.1":0,"11.5":0,"12":0.006154794388,"12.1":0.018464383164,"0":0.21541780358},"ie":{"5.5":0,"6":0.027615704721,"7":0.027615704721,"8":0.81466328927,"9":0.731816175107,"10":1.02868500086,"11":5.37125456824},"bb":{"7":0.04802225,"10":null},"ie_mob":{"10":0.244403421456,"11":1.11281557854},"op_mini":{"5.0-8.0":2.30435501887},"and_chr":{"0":17.922666},"and_ff":{"0":0.044086},"edge":{"12":0.643994,"13":null},"and_uc":{"0":0.538479}},"total":98.9641256929}