{"id":"MX","name":"Mexico","month":"2015-08","access_date":"2015-09-03","data":{"chrome":{"4":0,"5":0,"6":0,"7":0,"8":0,"9":0,"10":0,"11":0.059616,"12":0.006624,"13":0,"14":0,"15":0,"16":0,"17":0.006624,"18":0.019872,"19":0,"20":0.006624,"21":0.019872,"22":0.119232,"23":0.006624,"24":0.006624,"25":0.006624,"26":0.026496,"27":0.026496,"28":0.013248,"29":0.019872,"30":0.013248,"31":0.059616,"32":0.039744,"33":0.052992,"34":0.079488,"35":0.139104,"36":0.119232,"37":0.09936,"38":0.139104,"39":0.26496,"40":0.172224,"41":0.125856,"42":0.192096,"43":1.444032,"44":34.815744,"45":0.1656,"46":0.046368,"47":0,"48":0},"firefox":{"2":0,"3":0.006624,"3.5":0.006624,"3.6":0.019872,"4":0.006624,"5":0.006624,"6":0.013248,"7":0,"8":0,"9":0.006624,"10":0.006624,"11":0.006624,"12":0.013248,"13":0.006624,"14":0.006624,"15":0.006624,"16":0.019872,"17":0.006624,"18":0.006624,"19":0.006624,"20":0.013248,"21":0.013248,"22":0.006624,"23":0.006624,"24":0.013248,"25":0.006624,"26":0.013248,"27":0.013248,"28":0.019872,"29":0.013248,"30":0.026496,"31":0.039744,"32":0.026496,"33":0.039744,"34":0.046368,"35":0.06624,"36":0.046368,"37":0.112608,"38":0.317952,"39":3.126528,"40":2.61648,"41":0.026496,"42":0.006624,"43":0},"opera":{"9":0,"9.5-9.6":0,"10.0-10.1":0,"10.5":0,"10.6":0,"11":0.006624,"11.1":0,"11.5":0,"11.6":0,"12":0.006624,"12.1":0.039744,"15":0,"16":0,"17":0,"18":0,"19":0,"20":0.006624,"21":0,"22":0,"23":0,"24":0,"25":0.006624,"26":0.006624,"27":0.006624,"28":0.013248,"29":0.019872,"30":0.211968,"31":0.52992,"32":0.006624,"33":0},"safari":{"3.1":0,"3.2":0,"4":0.026496,"5":0.086112,"5.1":0.185472,"6":0.046368,"6.1":0.139104,"7":0.139104,"7.1":0.390816,"8":1.404288,"9":0.019872},"android":{"2.1":0,"2.2":0,"2.3":0.145788052001,"3":0,"4":0.464699415753,"4.1":1.63100383176,"4.2-4.3":3.54674995259,"4.4":0.0227793831252,"4.4.3-4.4.4":3.12533136477,"44":null},"ios_saf":{"3.2":0,"4.0-4.1":0,"4.2-4.3":0,"5.0-5.1":0.0274241352249,"6.0-6.1":0.0457068920415,"7.0-7.1":0.753249580843,"8":0.103297576014,"8.1-8.4":8.09651885622,"9":0.0594189596539},"op_mob":{"10":0,"11":0,"11.1":0,"11.5":0,"12":0.00702357037206,"12.1":0.0140471407441,"0":0.217730681534},"ie":{"5.5":0,"6":0.0266487146974,"7":0.0333108933718,"8":1.15255691066,"9":0.952691550432,"10":1.39905752161,"11":5.6362031585},"bb":{"7":0.058236,"10":null},"ie_mob":{"10":0.284928677966,"11":1.17687932203},"and_uc":{"0":0.54016},"op_mini":{"5.0-8.0":2.44511860735},"and_chr":{"0":17.810656},"and_ff":{"0":0.121536},"edge":{"12":0.450432,"13":null}},"total":98.7308807493}