{"id":"MY","name":"Malaysia","month":"2015-10","access_date":"2015-11-03","data":{"chrome":{"4":0.010602,"5":0.015903,"6":0.010602,"7":0.005301,"8":0.010602,"9":0.010602,"10":0.015903,"11":0.058311,"12":0.031806,"13":0.010602,"14":0.015903,"15":0.015903,"16":0.005301,"17":0.005301,"18":0.015903,"19":0.005301,"20":0.010602,"21":0.015903,"22":0.026505,"23":0.015903,"24":0.010602,"25":0.015903,"26":0.021204,"27":0.021204,"28":0.015903,"29":0.026505,"30":0.031806,"31":0.217341,"32":0.031806,"33":0.169632,"34":0.042408,"35":0.05301,"36":0.116622,"37":0.068913,"38":0.127224,"39":0.180234,"40":0.121923,"41":0.100719,"42":0.328662,"43":0.498294,"44":0.858762,"45":13.528152,"46":12.876129,"47":0.227943,"48":0.180234,"49":0},"firefox":{"2":0.005301,"3":0.015903,"3.5":0.010602,"3.6":0.042408,"4":0.010602,"5":0.010602,"6":0.010602,"7":0.010602,"8":0.010602,"9":0.005301,"10":0.015903,"11":0.031806,"12":0.037107,"13":0.021204,"14":0.015903,"15":0.010602,"16":0.026505,"17":0.015903,"18":0.010602,"19":0.010602,"20":0.015903,"21":0.015903,"22":0.015903,"23":0.015903,"24":0.015903,"25":0.015903,"26":0.015903,"27":0.031806,"28":0.021204,"29":0.037107,"30":0.047709,"31":0.047709,"32":0.042408,"33":0.047709,"34":0.05301,"35":0.068913,"36":0.063612,"37":0.111321,"38":0.259749,"39":0.302157,"40":0.970083,"41":5.322204,"42":0.487692,"43":0.005301,"44":0.005301},"opera":{"9":0,"9.5-9.6":0,"10.0-10.1":0,"10.5":0,"10.6":0,"11":0,"11.1":0,"11.5":0,"11.6":0.005301,"12":0.005301,"12.1":0.026505,"15":0,"16":0,"17":0,"18":0,"19":0,"20":0,"21":0,"22":0,"23":0,"24":0,"25":0,"26":0.005301,"27":0,"28":0.015903,"29":0.010602,"30":0.047709,"31":0.010602,"32":0.365769,"33":0.015903,"34":0},"safari":{"3.1":0,"3.2":0,"4":0.015903,"5":0.031806,"5.1":0.079515,"6":0.026505,"6.1":0.058311,"7":0.063612,"7.1":0.100719,"8":0.450585,"9":0.498294},"android":{"2.1":0,"2.2":0,"2.3":0.102593770107,"3":0,"4":0.299086923024,"4.1":1.07288739247,"4.2-4.3":2.24315192268,"4.4":4.18721692233,"4.4.3-4.4.4":2.17011906938,"44":null},"ios_saf":{"3.2":0,"4.0-4.1":0,"4.2-4.3":0,"5.0-5.1":0.0157384395117,"6.0-6.1":0.0164878890122,"7.0-7.1":0.401704932297,"8":0.05396036404,"8.1-8.4":1.79568100333,"9.0-9.1":5.14422137181},"op_mob":{"10":0,"11":0,"11.1":0,"11.5":0,"12":0.0116963497823,"12.1":0.0350890493469,"0":0.40937224238},"ie":{"5.5":0,"6":0.0432243647416,"7":0.0648365471125,"8":1.12383348328,"9":0.637559379939,"10":0.480871057751,"11":2.89603243769},"bb":{"7":0.0399415,"10":null},"ie_mob":{"10":0.0473860842912,"11":0.215757915709},"op_mini":{"5.0-8.0":4.37911335849},"and_chr":{"0":22.69416},"and_ff":{"0":0.09398},"edge":{"12":0.227943,"13":null},"and_uc":{"0":7.241159}},"total":98.5278237705}