{"id":"MZ","name":"Mozambique","month":"2015-08","access_date":"2015-09-03","data":{"chrome":{"4":0.001399,"5":0.002798,"6":0.001399,"7":0,"8":0.001399,"9":0,"10":0.006995,"11":0.019586,"12":0.001399,"13":0.004197,"14":0.002798,"15":0.002798,"16":0.004197,"17":0.001399,"18":0.006995,"19":0.001399,"20":0.001399,"21":0.006995,"22":0.002798,"23":0.001399,"24":0.002798,"25":0.006995,"26":0.016788,"27":0.002798,"28":0.002798,"29":0.004197,"30":0.004197,"31":0.04197,"32":0.006995,"33":0.040571,"34":0.008394,"35":0.012591,"36":0.072748,"37":0.012591,"38":0.015389,"39":0.044768,"40":0.215446,"41":0.029379,"42":0.16788,"43":0.397316,"44":3.70735,"45":0.022384,"46":0.020985,"47":0,"48":0},"firefox":{"2":0.005596,"3":0.008394,"3.5":0.004197,"3.6":0.016788,"4":0.008394,"5":0.005596,"6":0.006995,"7":0.002798,"8":0.006995,"9":0.004197,"10":0.009793,"11":0.025182,"12":0.025182,"13":0.018187,"14":0.012591,"15":0.012591,"16":0.01399,"17":0.006995,"18":0.008394,"19":0.009793,"20":0.015389,"21":0.012591,"22":0.011192,"23":0.004197,"24":0.012591,"25":0.004197,"26":0.004197,"27":0.005596,"28":0.005596,"29":0.016788,"30":0.02798,"31":0.020985,"32":0.01399,"33":0.032177,"34":0.016788,"35":0.020985,"36":0.030778,"37":0.053162,"38":0.256017,"39":1.017073,"40":0.651934,"41":0.044768,"42":0.004197,"43":0.001399},"opera":{"9":0,"9.5-9.6":0.002798,"10.0-10.1":0.004197,"10.5":0.001399,"10.6":0.002798,"11":0.011192,"11.1":0.004197,"11.5":0.006995,"11.6":0.016788,"12":0.016788,"12.1":0.134304,"15":0.006995,"16":0.005596,"17":0.005596,"18":0.004197,"19":0.002798,"20":0.011192,"21":0.004197,"22":0.008394,"23":0.001399,"24":0.002798,"25":0.001399,"26":0.004197,"27":0.009793,"28":0.012591,"29":0.071349,"30":0.54561,"31":0.486852,"32":0.005596,"33":0},"safari":{"3.1":0,"3.2":0,"4":0.001399,"5":0.009793,"5.1":0.029379,"6":0.006995,"6.1":0.011192,"7":0.009793,"7.1":0.036374,"8":0.120314,"9":0.001399},"android":{"2.1":0,"2.2":0,"2.3":0.0726641121591,"3":0,"4":0.231616857507,"4.1":0.81292975478,"4.2-4.3":1.76778160362,"4.4":0.0113537675249,"4.4.3-4.4.4":1.55773690441,"44":null},"ios_saf":{"3.2":0,"4.0-4.1":0,"4.2-4.3":0,"5.0-5.1":0.00278665559915,"6.0-6.1":0.00464442599859,"7.0-7.1":0.0765401404568,"8":0.0104964027568,"8.1-8.4":0.82271362139,"9":0.00603775379817},"op_mob":{"10":0,"11":0,"11.1":0,"11.5":0,"12":0.177183144385,"12.1":0.35436628877,"0":5.49267747594},"ie":{"5.5":0,"6":0.011209351938,"7":0.0126105209302,"8":0.531043048062,"9":0.200367165891,"10":0.38672264186,"11":1.54408822946},"bb":{"7":0.1505175,"10":null},"ie_mob":{"10":0.191117135593,"11":0.789396864407},"and_uc":{"0":4.119879},"op_mini":{"5.0-8.0":61.6828450909},"and_chr":{"0":6.16207},"and_ff":{"0":0.068808},"edge":{"12":0.08394,"13":null}},"total":96.3806784581}