{"id":"MZ","name":"Mozambique","month":"2015-10","access_date":"2015-11-03","data":{"chrome":{"4":0.001397,"5":0.001397,"6":0.001397,"7":0.001397,"8":0.001397,"9":0,"10":0.004191,"11":0.015367,"12":0.001397,"13":0.006985,"14":0.004191,"15":0.001397,"16":0.004191,"17":0.001397,"18":0.001397,"19":0.001397,"20":0.001397,"21":0.006985,"22":0.001397,"23":0.001397,"24":0.002794,"25":0.004191,"26":0.025146,"27":0.001397,"28":0.002794,"29":0.008382,"30":0.006985,"31":0.029337,"32":0.009779,"33":0.037719,"34":0.009779,"35":0.009779,"36":0.099187,"37":0.009779,"38":0.009779,"39":0.022352,"40":0.092202,"41":0.011176,"42":0.164846,"43":0.361823,"44":0.124333,"45":2.080133,"46":1.888744,"47":0.020955,"48":0.008382,"49":0},"firefox":{"2":0.001397,"3":0.011176,"3.5":0.004191,"3.6":0.01397,"4":0.008382,"5":0.005588,"6":0.006985,"7":0.004191,"8":0.005588,"9":0.004191,"10":0.008382,"11":0.025146,"12":0.023749,"13":0.018161,"14":0.015367,"15":0.012573,"16":0.006985,"17":0.005588,"18":0.008382,"19":0.008382,"20":0.01397,"21":0.009779,"22":0.006985,"23":0.004191,"24":0.009779,"25":0.005588,"26":0.002794,"27":0.005588,"28":0.006985,"29":0.011176,"30":0.019558,"31":0.01397,"32":0.016764,"33":0.029337,"34":0.016764,"35":0.020955,"36":0.022352,"37":0.044704,"38":0.043307,"39":0.104775,"40":0.317119,"41":1.500378,"42":0.081026,"43":0.011176,"44":0.004191},"opera":{"9":0,"9.5-9.6":0,"10.0-10.1":0.004191,"10.5":0,"10.6":0.004191,"11":0.005588,"11.1":0.002794,"11.5":0.004191,"11.6":0.01397,"12":0.01397,"12.1":0.078232,"15":0.004191,"16":0.005588,"17":0.004191,"18":0.001397,"19":0.002794,"20":0.008382,"21":0.002794,"22":0.008382,"23":0.001397,"24":0.001397,"25":0.004191,"26":0.002794,"27":0.005588,"28":0.006985,"29":0.029337,"30":0.224917,"31":0.022352,"32":0.718058,"33":0.020955,"34":0},"safari":{"3.1":0,"3.2":0,"4":0.002794,"5":0.011176,"5.1":0.025146,"6":0.006985,"6.1":0.011176,"7":0.009779,"7.1":0.022352,"8":0.05588,"9":0.076835},"android":{"2.1":0,"2.2":0,"2.3":0.0430657537107,"3":0,"4":0.125547620987,"4.1":0.45036559389,"4.2-4.3":0.941607157404,"4.4":1.75766669382,"4.4.3-4.4.4":0.910950180186,"44":null},"ios_saf":{"3.2":0,"4.0-4.1":0,"4.2-4.3":0,"5.0-5.1":0.00217024861265,"6.0-6.1":0.00227359378468,"7.0-7.1":0.0553930122087,"8":0.00744085238624,"8.1-8.4":0.247615032186,"9.0-9.1":0.709361260821},"op_mob":{"10":0,"11":0,"11.1":0,"11.5":0,"12":0.159282443154,"12.1":0.477847329463,"0":5.5748855104},"ie":{"5.5":0,"6":0.00560647272727,"7":0.0112129454545,"8":0.451321054545,"9":0.213045963636,"10":0.295741436364,"11":1.54318161818},"bb":{"7":0.146251,"10":null},"ie_mob":{"10":0.207592697318,"11":0.945209302682},"op_mini":{"5.0-8.0":59.635346717},"and_chr":{"0":7.337948},"and_ff":{"0":0.043015},"edge":{"12":0.135509,"13":null},"and_uc":{"0":5.33386}},"total":96.8186824909}