{"id":"MZ","name":"Mozambique","month":"2016-02","access_date":"2016-03-03","data":{"firefox":{"2":0.001414,"3":0.011312,"3.5":0.002828,"3.6":0.012726,"4":0.00707,"5":0.002828,"6":0.005656,"7":0.005656,"8":0.008484,"9":0.001414,"10":0.011312,"11":0.016968,"12":0.02121,"13":0.02121,"14":0.011312,"15":0.016968,"16":0.005656,"17":0.009898,"18":0.00707,"19":0.00707,"20":0.016968,"21":0.015554,"22":0.008484,"23":0.005656,"24":0.011312,"25":0.005656,"26":0.005656,"27":0.005656,"28":0.011312,"29":0.01414,"30":0.012726,"31":0.011312,"32":0.012726,"33":0.01414,"34":0.008484,"35":0.011312,"36":0.012726,"37":0.024038,"38":0.02828,"39":0.03535,"40":0.02828,"41":0.04242,"42":0.057974,"43":0.649026,"44":0.94031,"45":0.079184,"46":0.004242,"47":0.004242},"chrome":{"4":0,"5":0.001414,"6":0,"7":0,"8":0.001414,"9":0,"10":0.004242,"11":0.022624,"12":0,"13":0.001414,"14":0.00707,"15":0,"16":0.004242,"17":0,"18":0.001414,"19":0,"20":0.001414,"21":0.00707,"22":0.001414,"23":0.001414,"24":0,"25":0.004242,"26":0.029694,"27":0.004242,"28":0.005656,"29":0.00707,"30":0.005656,"31":0.019796,"32":0.004242,"33":0.02121,"34":0.00707,"35":0.005656,"36":0.03535,"37":0.004242,"38":0.012726,"39":0.018382,"40":0.033936,"41":0.024038,"42":0.02828,"43":0.404404,"44":0.07777,"45":0.125846,"46":0.048076,"47":0.185234,"48":3.947888,"49":0.022624,"50":0.016968,"51":0},"opera":{"9":0,"9.5-9.6":0.001414,"10.0-10.1":0.002828,"10.5":0,"10.6":0.001414,"11":0.004242,"11.1":0.001414,"11.5":0.004242,"11.6":0.016968,"12":0.009898,"12.1":0.062216,"15":0.002828,"16":0.001414,"17":0.00707,"18":0.005656,"19":0.001414,"20":0.011312,"21":0.002828,"22":0.012726,"23":0.002828,"24":0.001414,"25":0.001414,"26":0.002828,"27":0.001414,"28":0.016968,"29":0.015554,"30":0.0707,"31":0.004242,"32":0.039592,"33":0.074942,"34":0.29694,"35":0.443996,"36":0.002828},"safari":{"3.1":0,"3.2":0,"4":0.001414,"5":0.005656,"5.1":0.02121,"6":0.016968,"6.1":0.012726,"7":0.009898,"7.1":0.019796,"8":0.041006,"9":0.135744,"9.1":0},"android":{"2.1":0,"2.2":0,"2.3":0.0200178459141,"3":0,"4":0.173197884213,"4.1":0.364672932086,"4.2-4.3":0.818120659096,"4.4":1.64755575284,"4.4.3-4.4.4":0.885136925852,"47":null},"ios_saf":{"3.2":0,"4.0-4.1":0,"4.2-4.3":0,"5.0-5.1":0,"6.0-6.1":0,"7.0-7.1":0.0446693554229,"8":0.00303238444124,"8.1-8.4":0.123394720724,"9.0-9.2":0.962315539411,"9.3":null},"op_mob":{"10":0,"11":0,"11.1":0,"11.5":0,"12":0.00353396915167,"12.1":0.00353396915167,"0":0.151960673522},"ie":{"5.5":0,"6":0.00566600471698,"7":0.0212475176887,"8":0.48869290684,"9":0.171396642689,"10":0.237972198113,"11":1.46182921698},"bb":{"7":0.1524015,"10":null},"ie_mob":{"10":0.231238485437,"11":1.02231751456},"edge":{"12":0.096152,"13":0.089082,"14":0},"and_uc":{"0":8.225388},"op_mini":{"5.0-8.0":61.7031013882},"and_chr":{"0":8.890408},"and_ff":{"0":0.017172}},"total":96.825841987}