{"id":"NA","name":"Namibia","month":"2015-10","access_date":"2015-11-03","data":{"chrome":{"4":0,"5":0.001958,"6":0,"7":0,"8":0,"9":0,"10":0.001958,"11":0.021538,"12":0.001958,"13":0,"14":0.001958,"15":0,"16":0.001958,"17":0,"18":0.00979,"19":0,"20":0.007832,"21":0.001958,"22":0.003916,"23":0.001958,"24":0,"25":0.007832,"26":0.005874,"27":0.005874,"28":0.003916,"29":0.003916,"30":0.007832,"31":0.050908,"32":0.011748,"33":0.025454,"34":0.007832,"35":0.027412,"36":0.101816,"37":0.007832,"38":0.00979,"39":0.027412,"40":0.046992,"41":0.013706,"42":0.168388,"43":0.125312,"44":0.193842,"45":3.011404,"46":2.844974,"47":0.064614,"48":0.052866,"49":0},"firefox":{"2":0.011748,"3":0.005874,"3.5":0.003916,"3.6":0.017622,"4":0.007832,"5":0.001958,"6":0.003916,"7":0.001958,"8":0.001958,"9":0.001958,"10":0.005874,"11":0.023496,"12":0.011748,"13":0.011748,"14":0.011748,"15":0.011748,"16":0.003916,"17":0.003916,"18":0.007832,"19":0.007832,"20":0.005874,"21":0.007832,"22":0.001958,"23":0.005874,"24":0.003916,"25":0.001958,"26":0.001958,"27":0.00979,"28":0.001958,"29":0.00979,"30":0.00979,"31":0.027412,"32":0.035244,"33":0.025454,"34":0.011748,"35":0.043076,"36":0.01958,"37":0.037202,"38":0.066572,"39":0.095942,"40":0.379852,"41":2.243868,"42":0.162514,"43":0.007832,"44":0.005874},"opera":{"9":0,"9.5-9.6":0,"10.0-10.1":0,"10.5":0,"10.6":0,"11":0,"11.1":0,"11.5":0.003916,"11.6":0.001958,"12":0.005874,"12.1":0.139018,"15":0,"16":0,"17":0,"18":0,"19":0,"20":0,"21":0,"22":0.001958,"23":0,"24":0,"25":0,"26":0,"27":0.003916,"28":0.003916,"29":0.007832,"30":0.025454,"31":0.011748,"32":0.503206,"33":0.00979,"34":0},"safari":{"3.1":0,"3.2":0,"4":0.001958,"5":0.007832,"5.1":0.03916,"6":0.011748,"6.1":0.01958,"7":0.027412,"7.1":0.037202,"8":0.170346,"9":0.252582},"android":{"2.1":0,"2.2":0,"2.3":0.0553697587159,"3":0,"4":0.161416923714,"4.1":0.5790362903,"4.2-4.3":1.21062692786,"4.4":2.259836932,"4.4.3-4.4.4":1.17121116741,"44":null},"ios_saf":{"3.2":0,"4.0-4.1":0,"4.2-4.3":0,"5.0-5.1":0.00426170537786,"6.0-6.1":0.00446464372919,"7.0-7.1":0.108774956311,"8":0.0146115612955,"8.1-8.4":0.486240289779,"9.0-9.1":1.39296884351},"op_mob":{"10":0,"11":0,"11.1":0,"11.5":0,"12":0.14603602806,"12.1":0.43810808418,"0":5.1112609821},"ie":{"5.5":0,"6":0.00982647880764,"7":0.00982647880764,"8":0.363579715883,"9":0.290863772706,"10":0.505081010713,"11":3.01476369818},"bb":{"7":0.152798,"10":null},"ie_mob":{"10":0.237500904215,"11":1.08138709579},"op_mini":{"5.0-8.0":54.6758889057},"and_chr":{"0":7.823378},"and_ff":{"0":0.056294},"edge":{"12":0.407264,"13":null},"and_uc":{"0":3.594774}},"total":96.9196511551}