{"id":"NA","name":"Namibia","month":"2015-08","access_date":"2015-09-03","data":{"chrome":{"4":0,"5":0.00207,"6":0,"7":0.00207,"8":0,"9":0,"10":0.00207,"11":0.0207,"12":0.00207,"13":0.00207,"14":0.00414,"15":0.00207,"16":0.01035,"17":0,"18":0.00621,"19":0,"20":0.00207,"21":0,"22":0.01449,"23":0.00207,"24":0.00207,"25":0.00414,"26":0.01656,"27":0.00414,"28":0.00621,"29":0.00414,"30":0.0207,"31":0.09936,"32":0.01035,"33":0.03105,"34":0.01449,"35":0.0207,"36":0.08487,"37":0.00828,"38":0.00828,"39":0.04554,"40":0.07245,"41":0.03519,"42":0.21321,"43":0.36225,"44":6.24519,"45":0.04761,"46":0.08073,"47":0,"48":0},"firefox":{"2":0.00621,"3":0.00207,"3.5":0.00414,"3.6":0.0207,"4":0.00621,"5":0.00207,"6":0.00414,"7":0.00207,"8":0.00207,"9":0.00414,"10":0.00414,"11":0.03519,"12":0.01242,"13":0.01035,"14":0.00828,"15":0.01035,"16":0.00621,"17":0.00621,"18":0.00621,"19":0.00414,"20":0.00621,"21":0.00621,"22":0.00207,"23":0.00621,"24":0.00621,"25":0.00207,"26":0.00207,"27":0.01242,"28":0.00621,"29":0.02898,"30":0.01242,"31":0.02277,"32":0.03933,"33":0.02898,"34":0.01449,"35":0.06003,"36":0.02898,"37":0.06624,"38":0.14697,"39":1.39518,"40":1.01016,"41":0.07659,"42":0.00621,"43":0.00207},"opera":{"9":0,"9.5-9.6":0,"10.0-10.1":0,"10.5":0.00207,"10.6":0,"11":0,"11.1":0,"11.5":0,"11.6":0.00207,"12":0.00414,"12.1":0.06417,"15":0,"16":0.00207,"17":0,"18":0.00207,"19":0,"20":0,"21":0,"22":0.00207,"23":0,"24":0,"25":0.00207,"26":0.00207,"27":0.00207,"28":0.01656,"29":0.0207,"30":0.20079,"31":0.35604,"32":0,"33":0},"safari":{"3.1":0,"3.2":0,"4":0.00207,"5":0.01035,"5.1":0.0414,"6":0.00828,"6.1":0.0207,"7":0.01035,"7.1":0.09936,"8":0.35604,"9":0.00414},"android":{"2.1":0,"2.2":0,"2.3":0.0889503747132,"3":0,"4":0.283529319398,"4.1":0.995132317104,"4.2-4.3":2.16399583482,"4.4":0.0138984960489,"4.4.3-4.4.4":1.90687365791,"44":null},"ios_saf":{"3.2":0,"4.0-4.1":0,"4.2-4.3":0,"5.0-5.1":0.00667334741926,"6.0-6.1":0.0111222456988,"7.0-7.1":0.183294609116,"8":0.0251362752792,"8.1-8.4":1.97019460308,"9":0.0144589194084},"op_mob":{"10":0,"11":0,"11.1":0,"11.5":0,"12":0.157736533166,"12.1":0.315473066333,"0":4.88983252816},"ie":{"5.5":0,"6":0.0124816632189,"7":0.0104013860157,"8":0.43685821266,"9":0.416055440629,"10":0.671929536616,"11":3.46366154324},"bb":{"7":0.1605825,"10":null},"ie_mob":{"10":0.272039322034,"11":1.12364067797},"and_uc":{"0":2.78343},"op_mini":{"5.0-8.0":54.9128878723},"and_chr":{"0":7.07019},"and_ff":{"0":0.06344},"edge":{"12":0.23805,"13":null}},"total":96.5499602824}