{"id":"NC","name":"New Caledonia","month":"2015-10","access_date":"2015-11-03","data":{"chrome":{"4":0,"5":0,"6":0,"7":0,"8":0.02574,"9":0,"10":0,"11":0.01716,"12":0.00858,"13":0,"14":0,"15":0,"16":0,"17":0,"18":0.00858,"19":0,"20":0,"21":0.00858,"22":0.00858,"23":0.01716,"24":0.00858,"25":0,"26":0.01716,"27":0.0858,"28":0.00858,"29":0.00858,"30":0.00858,"31":0.05148,"32":0.06006,"33":0.00858,"34":0.00858,"35":0.03432,"36":0.1716,"37":0.02574,"38":0.0858,"39":0.20592,"40":0.06864,"41":0.05148,"42":0.13728,"43":0.19734,"44":0.49764,"45":14.17416,"46":13.97682,"47":0.0858,"48":0.0429,"49":0},"firefox":{"2":0,"3":0,"3.5":0.01716,"3.6":0.03432,"4":0.01716,"5":0,"6":0.00858,"7":0.01716,"8":0,"9":0.00858,"10":0.02574,"11":0.01716,"12":0.00858,"13":0.00858,"14":0.00858,"15":0.01716,"16":0.0429,"17":0.14586,"18":0,"19":0.00858,"20":0.03432,"21":0.00858,"22":0.00858,"23":0.00858,"24":0.05148,"25":0.06006,"26":0.00858,"27":0.00858,"28":0.01716,"29":0.07722,"30":0.02574,"31":0.15444,"32":0.2145,"33":0.07722,"34":0.06006,"35":0.44616,"36":0.0858,"37":0.19734,"38":0.49764,"39":0.5148,"40":2.04204,"41":16.302,"42":0.10296,"43":0,"44":0},"opera":{"9":0,"9.5-9.6":0,"10.0-10.1":0,"10.5":0,"10.6":0,"11":0,"11.1":0,"11.5":0,"11.6":0,"12":0,"12.1":0.06864,"15":0,"16":0,"17":0,"18":0,"19":0,"20":0,"21":0,"22":0,"23":0,"24":0,"25":0,"26":0,"27":0,"28":0,"29":0,"30":0.07722,"31":0.01716,"32":0.65208,"33":0.06864,"34":0},"safari":{"3.1":0,"3.2":0,"4":0.0858,"5":0.20592,"5.1":1.42428,"6":0.13728,"6.1":0.56628,"7":0.15444,"7.1":0.71214,"8":1.87044,"9":3.07164},"android":{"2.1":0,"2.2":0,"2.3":0.0519014670349,"3":0,"4":0.151305971695,"4.1":0.542766189161,"4.2-4.3":1.13479478771,"4.4":2.11828360373,"4.4.3-4.4.4":1.09784798067,"44":null},"ios_saf":{"3.2":0,"4.0-4.1":0,"4.2-4.3":0,"5.0-5.1":0.0224073029967,"6.0-6.1":0.0234743174251,"7.0-7.1":0.571919733629,"8":0.0768250388457,"8.1-8.4":2.55656657048,"9.0-9.1":7.32398703663},"op_mob":{"10":0,"11":0,"11.1":0,"11.5":0,"12":0.000151136913401,"12.1":0.000453410740203,"0":0.00528979196904},"ie":{"5.5":0,"6":0.02574,"7":0.03432,"8":0.70356,"9":0.6006,"10":0.89232,"11":9.5238},"bb":{"7":0.00497,"10":null},"ie_mob":{"10":0.0439819157088,"11":0.200258084291},"op_mini":{"5.0-8.0":0.0565856603774},"and_chr":{"0":8.31092},"and_ff":{"0":0.0497},"edge":{"12":1.3728,"13":null},"and_uc":{"0":0.22294}},"total":98.33817}