{"id":"NC","name":"New Caledonia","month":"2016-02","access_date":"2016-03-03","data":{"firefox":{"2":0,"3":0.08483,"3.5":0.008483,"3.6":0.033932,"4":0,"5":0,"6":0.008483,"7":0.008483,"8":0,"9":0,"10":0.016966,"11":0.008483,"12":0.016966,"13":0,"14":0.016966,"15":0,"16":0.025449,"17":0.050898,"18":0,"19":0,"20":0.016966,"21":0.025449,"22":0.025449,"23":0.025449,"24":0.186626,"25":0.025449,"26":0.008483,"27":0.008483,"28":0.008483,"29":0.042415,"30":0.008483,"31":0.356286,"32":0.025449,"33":0.050898,"34":0.016966,"35":0.432633,"36":0.042415,"37":0.08483,"38":0.203592,"39":0.203592,"40":0.296905,"41":0.161177,"42":0.288422,"43":4.182119,"44":11.214526,"45":0.118762,"46":0,"47":0},"chrome":{"4":0,"5":0,"6":0,"7":0,"8":0.008483,"9":0,"10":0,"11":0.008483,"12":0,"13":0,"14":0,"15":0,"16":0,"17":0,"18":0,"19":0,"20":0.033932,"21":0.008483,"22":0.008483,"23":0.008483,"24":0,"25":0,"26":0,"27":0.008483,"28":0.008483,"29":0.008483,"30":0.033932,"31":0.016966,"32":0.016966,"33":0.016966,"34":0.008483,"35":0.033932,"36":0.050898,"37":0.033932,"38":0.042415,"39":0.042415,"40":0.016966,"41":0.076347,"42":0.025449,"43":0.118762,"44":0.118762,"45":0.25449,"46":0.610776,"47":1.289416,"48":30.02982,"49":0.08483,"50":0.059381,"51":0},"opera":{"9":0,"9.5-9.6":0,"10.0-10.1":0,"10.5":0,"10.6":0,"11":0,"11.1":0,"11.5":0,"11.6":0.008483,"12":0.008483,"12.1":0.042415,"15":0,"16":0,"17":0,"18":0,"19":0,"20":0,"21":0,"22":0,"23":0,"24":0,"25":0,"26":0,"27":0,"28":0.033932,"29":0,"30":0,"31":0.008483,"32":0,"33":0.008483,"34":0.186626,"35":0.449599,"36":0},"safari":{"3.1":0,"3.2":0,"4":0.008483,"5":0.237524,"5.1":0.950096,"6":0.042415,"6.1":0.500497,"7":0.110279,"7.1":0.144211,"8":0.670157,"9":5.132215,"9.1":0.008483},"android":{"2.1":0,"2.2":0,"2.3":0.0207339750612,"3":0,"4":0.179393958138,"4.1":0.377718936985,"4.2-4.3":0.847388545981,"4.4":1.70649629526,"4.4.3-4.4.4":0.916802288577,"47":null},"ios_saf":{"3.2":0,"4.0-4.1":0,"4.2-4.3":0,"5.0-5.1":0,"6.0-6.1":0,"7.0-7.1":0.422217339782,"8":0.0286622737189,"8.1-8.4":1.16633406133,"9.0-9.2":9.09586232517,"9.3":null},"op_mob":{"10":0,"11":0,"11.1":0,"11.5":0,"12":6.586232505e-6,"12.1":6.586232505e-6,"0":0.000283207997715},"ie":{"5.5":0,"6":0,"7":0.008483,"8":0.42415,"9":0.288422,"10":0.559878,"11":8.593279},"bb":{"7":0.00417175,"10":null},"ie_mob":{"10":0.0626830291262,"11":0.277124970874},"edge":{"12":0.42415,"13":1.61177,"14":0},"and_uc":{"0":0.051578},"op_mini":{"5.0-8.0":0.114995619537},"and_chr":{"0":10.481888},"and_ff":{"0":0.072816}},"total":97.71210575}