{"id":"NE","name":"Niger","month":"2015-10","access_date":"2015-11-03","data":{"chrome":{"4":0,"5":0.004856,"6":0.000607,"7":0.001214,"8":0.001214,"9":0.003035,"10":0.001214,"11":0.021245,"12":0,"13":0.002428,"14":0.000607,"15":0.000607,"16":0,"17":0,"18":0.000607,"19":0.000607,"20":0.003035,"21":0.008498,"22":0,"23":0,"24":0.000607,"25":0.002428,"26":0.004249,"27":0.000607,"28":0.002428,"29":0.001821,"30":0.003035,"31":0.083159,"32":0.000607,"33":0.004856,"34":0,"35":0.001821,"36":0.016996,"37":0.005463,"38":0.004856,"39":0.004856,"40":0.005463,"41":0.004249,"42":0.029743,"43":0.032171,"44":0.032171,"45":0.53416,"46":0.545086,"47":0.011533,"48":0.009712,"49":0},"firefox":{"2":0.000607,"3":0.013961,"3.5":0.005463,"3.6":0.013354,"4":0.004249,"5":0.000607,"6":0.009105,"7":0.011533,"8":0.003035,"9":0.006677,"10":0.001821,"11":0.008498,"12":0.021245,"13":0.007284,"14":0.013354,"15":0.041883,"16":0.00607,"17":0.010926,"18":0.004856,"19":0.009712,"20":0.007284,"21":0.004856,"22":0.00607,"23":0.024887,"24":0.00607,"25":0.021852,"26":0.002428,"27":0.013961,"28":0.003642,"29":0.014568,"30":0.023066,"31":0.01821,"32":0.009105,"33":0.031564,"34":0.049774,"35":0.041276,"36":0.015782,"37":0.040062,"38":0.044311,"39":0.060093,"40":0.196668,"41":1.0319,"42":0.029136,"43":0.002428,"44":0.001214},"opera":{"9":0,"9.5-9.6":0,"10.0-10.1":0.010926,"10.5":0,"10.6":0.004249,"11":0,"11.1":0,"11.5":0.000607,"11.6":0.003642,"12":0.022459,"12.1":0.030957,"15":0.000607,"16":0,"17":0.000607,"18":0.000607,"19":0.001214,"20":0.001821,"21":0.000607,"22":0.00607,"23":0,"24":0,"25":0.000607,"26":0.000607,"27":0.001821,"28":0.003035,"29":0.00607,"30":0.025494,"31":0.006677,"32":0.183921,"33":0.008498,"34":0},"safari":{"3.1":0,"3.2":0,"4":0.003642,"5":0.003035,"5.1":0.007891,"6":0.003035,"6.1":0.000607,"7":0.001821,"7.1":0.01214,"8":0.02428,"9":0.023066},"android":{"2.1":0,"2.2":0,"2.3":0.0762141104591,"3":0,"4":0.222183508457,"4.1":0.79701874836,"4.2-4.3":1.66637631343,"4.4":3.1105691184,"4.4.3-4.4.4":1.6121222009,"44":null},"ios_saf":{"3.2":0,"4.0-4.1":0,"4.2-4.3":0,"5.0-5.1":0.00124138583392,"6.0-6.1":0.00130049944506,"7.0-7.1":0.0316848955706,"8":0.00425618000202,"8.1-8.4":0.141636212289,"9.0-9.1":0.405755826859},"op_mob":{"10":0,"11":0,"11.1":0,"11.5":0,"12":0.169887423803,"12.1":0.509662271408,"0":5.94605983309},"ie":{"5.5":0,"6":0.00434641469993,"7":0.00496733108564,"8":0.148399016183,"9":0.146536267026,"10":0.159575511126,"11":0.450785296022},"bb":{"7":0.0140895,"10":null},"ie_mob":{"10":0.0558181724138,"11":0.254150827586},"op_mini":{"5.0-8.0":63.6058514717},"and_chr":{"0":5.540864},"and_ff":{"0":0.535401},"edge":{"12":0.276792,"13":null},"and_uc":{"0":9.139389}},"total":98.7198523361}