{"id":"NF","name":"Norfolk Island","month":"2015-10","access_date":"2015-11-03","data":{"chrome":{"4":0,"5":0,"6":0,"7":0,"8":0,"9":0,"10":0,"11":0,"12":0,"13":0,"14":0,"15":0,"16":0,"17":0,"18":0,"19":0,"20":0,"21":0,"22":0,"23":0,"24":0,"25":0,"26":0,"27":0,"28":0,"29":0,"30":0.189164,"31":2.409352,"32":2.279924,"33":0,"34":0,"35":0,"36":0,"37":0,"38":0,"39":0,"40":0.129428,"41":0,"42":0.2489,"43":0.129428,"44":0.567492,"45":0.886084,"46":0.637184,"47":0,"48":0,"49":0},"firefox":{"2":0,"3":0,"3.5":0,"3.6":0,"4":0,"5":0,"6":0,"7":0,"8":0,"9":0,"10":0,"11":0,"12":0,"13":0,"14":0,"15":0,"16":0,"17":0,"18":0,"19":0,"20":0,"21":0,"22":0,"23":0,"24":0,"25":0,"26":0.059736,"27":0.129428,"28":0,"29":0,"30":0,"31":0,"32":0,"33":0,"34":0.059736,"35":0,"36":0,"37":0.2489,"38":0,"39":0.567492,"40":2.150496,"41":14.38642,"42":5.834216,"43":0,"44":0},"opera":{"9":0,"9.5-9.6":0,"10.0-10.1":0,"10.5":0,"10.6":0,"11":0,"11.1":0,"11.5":0,"11.6":0,"12":0,"12.1":0,"15":0,"16":0,"17":0,"18":0.189164,"19":0,"20":0,"21":0,"22":0,"23":0,"24":0,"25":0,"26":0,"27":0,"28":0,"29":0,"30":0,"31":0,"32":0.826348,"33":0,"34":0},"safari":{"3.1":0,"3.2":0,"4":0,"5":0,"5.1":0,"6":0,"6.1":0,"7":0.059736,"7.1":0,"8":0.059736,"9":0.826348},"android":{"2.1":0,"2.2":0,"2.3":0,"3":0,"4":0,"4.1":0,"4.2-4.3":0,"4.4":0,"4.4.3-4.4.4":0,"44":null},"ios_saf":{"3.2":0,"4.0-4.1":0,"4.2-4.3":0,"5.0-5.1":0.000933526384825,"6.0-6.1":0.000977980022198,"7.0-7.1":0.0238271496317,"8":0.00320066189083,"8.1-8.4":0.106510915145,"9.0-9.1":0.305129766926},"op_mob":{"10":0,"11":0,"11.1":0,"11.5":0,"12":0,"12.1":0,"0":0},"ie":{"5.5":0,"6":0,"7":0,"8":1.40609353846,"9":1.48880492308,"10":0.0827113846154,"11":1.14417415385},"bb":{"7":0,"10":null},"ie_mob":{"10":0.0226370727969,"11":0.103070927203},"op_mini":{"5.0-8.0":0},"and_chr":{"0":0},"and_ff":{"0":0.062876},"edge":{"12":0.637184,"13":null},"and_uc":{"0":0}},"total":38.262844}