{"id":"NF","name":"Norfolk Island","month":"2016-02","access_date":"2016-03-03","data":{"firefox":{"2":0,"3":0,"3.5":0,"3.6":0,"4":0,"5":0,"6":0,"7":0,"8":0,"9":0,"10":0,"11":0,"12":0,"13":0,"14":0,"15":0,"16":0,"17":0,"18":0,"19":0,"20":0,"21":0,"22":0,"23":0,"24":0,"25":0,"26":0.1965,"27":0,"28":0,"29":0,"30":0,"31":0.1965,"32":0,"33":0.1965,"34":0,"35":0,"36":0,"37":0,"38":0,"39":0,"40":0.972675,"41":0,"42":0,"43":0.579675,"44":3.114525,"45":0,"46":0,"47":0},"chrome":{"4":0,"5":0,"6":0,"7":0,"8":0,"9":0,"10":0,"11":0,"12":0,"13":0,"14":0,"15":0,"16":0,"17":0,"18":0,"19":0,"20":0,"21":0,"22":0,"23":0,"24":0,"25":0,"26":0,"27":0,"28":0,"29":0,"30":0,"31":1.94535,"32":1.169175,"33":0,"34":0,"35":0,"36":0,"37":0,"38":0,"39":0,"40":0,"41":0,"42":0.393,"43":0.972675,"44":0.1965,"45":0,"46":0,"47":0.393,"48":21.59535,"49":0,"50":0,"51":0},"opera":{"9":0,"9.5-9.6":0,"10.0-10.1":0,"10.5":0,"10.6":0,"11":0,"11.1":0,"11.5":0,"11.6":0,"12":0.776175,"12.1":0,"15":0,"16":0,"17":0,"18":0,"19":0,"20":0,"21":0,"22":0,"23":0,"24":0,"25":0,"26":0,"27":0,"28":0,"29":0,"30":3.4977,"31":0,"32":0,"33":0,"34":0,"35":0,"36":0},"safari":{"3.1":0,"3.2":0,"4":0,"5":0,"5.1":0,"6":0,"6.1":0,"7":0,"7.1":0,"8":0,"9":0,"9.1":0},"android":{"2.1":0,"2.2":0,"2.3":0,"3":0,"4":0,"4.1":0,"4.2-4.3":0,"4.4":0,"4.4.3-4.4.4":0,"47":null},"ios_saf":{"3.2":0,"4.0-4.1":0,"4.2-4.3":0,"5.0-5.1":0,"6.0-6.1":0,"7.0-7.1":0.0307320256226,"8":0.0020862471702,"8.1-8.4":0.084894211772,"9.0-9.2":0.662062515435,"9.3":null},"op_mob":{"10":0,"11":0,"11.1":0,"11.5":0,"12":0,"12.1":0,"0":0},"ie":{"5.5":0,"6":0,"7":0,"8":0.1965,"9":0.1965,"10":0.1965,"11":0.579675},"bb":{"7":0,"10":null},"ie_mob":{"10":0.0717296116505,"11":0.31712038835},"edge":{"12":0,"13":0,"14":0},"and_uc":{"0":0},"op_mini":{"5.0-8.0":0},"and_chr":{"0":0.194425},"and_ff":{"0":0.583275}},"total":39.3108}