{"id":"NI","name":"Nicaragua","month":"2015-08","access_date":"2015-09-03","data":{"chrome":{"4":0.005622,"5":0,"6":0.005622,"7":0,"8":0,"9":0.005622,"10":0.011244,"11":0.067464,"12":0.005622,"13":0.005622,"14":0.011244,"15":0,"16":0.005622,"17":0,"18":0.061842,"19":0,"20":0.005622,"21":0.02811,"22":0.022488,"23":0.011244,"24":0.022488,"25":0.011244,"26":0.02811,"27":0.05622,"28":0.022488,"29":0.033732,"30":0.022488,"31":0.08433,"32":0.033732,"33":0.067464,"34":0.073086,"35":0.11244,"36":0.11244,"37":0.146172,"38":0.163038,"39":0.427272,"40":0.219258,"41":0.230502,"42":0.241746,"43":1.579782,"44":28.458564,"45":0.174282,"46":0.050598,"47":0,"48":0},"firefox":{"2":0.005622,"3":0.016866,"3.5":0.011244,"3.6":0.044976,"4":0.011244,"5":0.005622,"6":0.011244,"7":0.005622,"8":0.005622,"9":0.011244,"10":0.022488,"11":0.011244,"12":0.039354,"13":0.022488,"14":0.022488,"15":0.022488,"16":0.022488,"17":0.011244,"18":0.016866,"19":0.022488,"20":0.067464,"21":0.08433,"22":0.022488,"23":0.033732,"24":0.022488,"25":0.050598,"26":0.022488,"27":0.044976,"28":0.02811,"29":0.073086,"30":0.08433,"31":0.078708,"32":0.067464,"33":0.089952,"34":0.061842,"35":0.163038,"36":0.134928,"37":0.269856,"38":0.73086,"39":5.644488,"40":3.867936,"41":0.039354,"42":0.011244,"43":0},"opera":{"9":0,"9.5-9.6":0,"10.0-10.1":0.011244,"10.5":0,"10.6":0,"11":0.061842,"11.1":0,"11.5":0.005622,"11.6":0.011244,"12":0.039354,"12.1":0.044976,"15":0,"16":0,"17":0,"18":0,"19":0,"20":0.005622,"21":0,"22":0.005622,"23":0,"24":0,"25":0.005622,"26":0.005622,"27":0.016866,"28":0.073086,"29":0.033732,"30":0.247368,"31":0.59031,"32":0.005622,"33":0},"safari":{"3.1":0,"3.2":0,"4":0.011244,"5":0.02811,"5.1":0.039354,"6":0.011244,"6.1":0.016866,"7":0.033732,"7.1":0.129306,"8":0.528468,"9":0.005622},"android":{"2.1":0,"2.2":0,"2.3":0.137506585776,"3":0,"4":0.438302242162,"4.1":1.53835492837,"4.2-4.3":3.34527740709,"4.4":0.0214854040275,"4.4.3-4.4.4":2.94779743258,"44":null},"ios_saf":{"3.2":0,"4.0-4.1":0,"4.2-4.3":0,"5.0-5.1":0.0107371808029,"6.0-6.1":0.0178953013382,"7.0-7.1":0.294914566053,"8":0.0404433810242,"8.1-8.4":3.16997367904,"9":0.0232638917396},"op_mob":{"10":0,"11":0,"11.1":0,"11.5":0,"12":0.0463542978723,"12.1":0.0927085957447,"0":1.43698323404},"ie":{"5.5":0,"6":0.0284556147541,"7":0.0398378606557,"8":1.16668020492,"9":0.426834221311,"10":0.950417532787,"11":2.7658857541},"bb":{"7":0.1324345,"10":null},"ie_mob":{"10":0.245761627119,"11":1.01510237288},"and_uc":{"0":3.813238},"op_mini":{"5.0-8.0":16.1373418723},"and_chr":{"0":10.394324},"and_ff":{"0":0.122584},"edge":{"12":0.269856,"13":null}},"total":97.6996196885}