{"id":"NI","name":"Nicaragua","month":"2015-10","access_date":"2015-11-03","data":{"chrome":{"4":0.011706,"5":0,"6":0,"7":0.005853,"8":0,"9":0.005853,"10":0.005853,"11":0.087795,"12":0.011706,"13":0.005853,"14":0.005853,"15":0.005853,"16":0.005853,"17":0,"18":0.087795,"19":0.005853,"20":0.005853,"21":0.011706,"22":0.017559,"23":0.011706,"24":0.017559,"25":0.005853,"26":0.040971,"27":0.040971,"28":0.017559,"29":0.035118,"30":0.023412,"31":0.05853,"32":0.064383,"33":0.035118,"34":0.040971,"35":0.093648,"36":0.11706,"37":0.122913,"38":0.11706,"39":0.251679,"40":0.146325,"41":0.17559,"42":0.228267,"43":0.667242,"44":0.831126,"45":16.839081,"46":15.563127,"47":0.111207,"48":0.029265,"49":0},"firefox":{"2":0.005853,"3":0.029265,"3.5":0.011706,"3.6":0.046824,"4":0.017559,"5":0.011706,"6":0.011706,"7":0.005853,"8":0.005853,"9":0.011706,"10":0.029265,"11":0.017559,"12":0.029265,"13":0.023412,"14":0.023412,"15":0.011706,"16":0.017559,"17":0.011706,"18":0.023412,"19":0.035118,"20":0.087795,"21":0.081942,"22":0.029265,"23":0.023412,"24":0.023412,"25":0.029265,"26":0.017559,"27":0.035118,"28":0.023412,"29":0.040971,"30":0.076089,"31":0.064383,"32":0.052677,"33":0.064383,"34":0.05853,"35":0.087795,"36":0.111207,"37":0.152178,"38":0.632124,"39":1.311072,"40":1.281807,"41":6.701685,"42":0.052677,"43":0.017559,"44":0},"opera":{"9":0,"9.5-9.6":0.005853,"10.0-10.1":0.005853,"10.5":0,"10.6":0,"11":0.005853,"11.1":0.005853,"11.5":0.011706,"11.6":0.011706,"12":0.017559,"12.1":0.035118,"15":0,"16":0,"17":0,"18":0,"19":0,"20":0.005853,"21":0,"22":0,"23":0,"24":0,"25":0,"26":0.005853,"27":0.017559,"28":0.052677,"29":0.070236,"30":0.052677,"31":0.023412,"32":0.772596,"33":0.029265,"34":0.005853},"safari":{"3.1":0,"3.2":0,"4":0.017559,"5":0.035118,"5.1":0.040971,"6":0.023412,"6.1":0.029265,"7":0.052677,"7.1":0.081942,"8":0.392151,"9":0.433122},"android":{"2.1":0,"2.2":0,"2.3":0.102097147739,"3":0,"4":0.297639142561,"4.1":1.06769390093,"4.2-4.3":2.23229356921,"4.4":4.16694799586,"4.4.3-4.4.4":2.1596142437,"44":null},"ios_saf":{"3.2":0,"4.0-4.1":0,"4.2-4.3":0,"5.0-5.1":0.00738025517102,"6.0-6.1":0.00773169589345,"7.0-7.1":0.188372227222,"8":0.0253037320149,"8.1-8.4":0.842051970941,"9.0-9.1":2.41228911876},"op_mob":{"10":0,"11":0,"11.1":0,"11.5":0,"12":0.0280579559748,"12.1":0.0841738679245,"0":0.982028459119},"ie":{"5.5":0.00596906515581,"6":0.0179071954674,"7":0.155195694051,"8":0.644659036827,"9":0.328298583569,"10":0.644659036827,"11":2.32196634561},"bb":{"7":0.1347775,"10":null},"ie_mob":{"10":0.256891555556,"11":1.16967644444},"op_mini":{"5.0-8.0":10.504898717},"and_chr":{"0":12.811593},"and_ff":{"0":0.066352},"edge":{"12":0.362886,"13":null},"and_uc":{"0":4.147}},"total":97.8215514575}