{"id":"NL","name":"Netherlands","month":"2015-10","access_date":"2015-11-03","data":{"chrome":{"4":0,"5":0,"6":0,"7":0,"8":0,"9":0,"10":0,"11":0.042024,"12":0,"13":0,"14":0,"15":0,"16":0,"17":0,"18":0.007004,"19":0,"20":0,"21":0.007004,"22":0.028016,"23":0.007004,"24":0.028016,"25":0.007004,"26":0.007004,"27":0.007004,"28":0.007004,"29":0.014008,"30":0.007004,"31":0.063036,"32":0.021012,"33":0.049028,"34":0.084048,"35":0.07004,"36":0.049028,"37":0.049028,"38":0.091052,"39":0.147084,"40":0.154088,"41":0.217124,"42":0.14008,"43":0.371212,"44":0.378216,"45":12.978412,"46":12.453112,"47":0.084048,"48":0.042024,"49":0},"firefox":{"2":0,"3":0.007004,"3.5":0,"3.6":0.021012,"4":0.007004,"5":0,"6":0.007004,"7":0,"8":0,"9":0,"10":0.007004,"11":0.007004,"12":0.014008,"13":0.007004,"14":0.007004,"15":0.007004,"16":0.021012,"17":0.014008,"18":0.007004,"19":0.007004,"20":0.007004,"21":0.007004,"22":0.007004,"23":0.007004,"24":0.028016,"25":0.007004,"26":0.007004,"27":0.007004,"28":0.021012,"29":0.021012,"30":0.021012,"31":0.07004,"32":0.03502,"33":0.03502,"34":0.07004,"35":0.098056,"36":0.098056,"37":0.07004,"38":0.441252,"39":0.231132,"40":0.966552,"41":7.298168,"42":0.10506,"43":0.014008,"44":0.007004},"opera":{"9":0,"9.5-9.6":0,"10.0-10.1":0,"10.5":0,"10.6":0,"11":0,"11.1":0,"11.5":0,"11.6":0,"12":0.007004,"12.1":0.056032,"15":0,"16":0,"17":0,"18":0,"19":0,"20":0,"21":0,"22":0,"23":0,"24":0,"25":0,"26":0,"27":0.007004,"28":0.007004,"29":0.007004,"30":0.007004,"31":0.007004,"32":0.378216,"33":0.021012,"34":0},"safari":{"3.1":0,"3.2":0,"4":0.014008,"5":0.091052,"5.1":0.266152,"6":0.028016,"6.1":0.189108,"7":0.10506,"7.1":0.301172,"8":1.26072,"9":2.157232},"android":{"2.1":0,"2.2":0,"2.3":0.0484465150155,"3":0,"4":0.141233908181,"4.1":0.50663558923,"4.2-4.3":1.05925431136,"4.4":1.97727471453,"4.4.3-4.4.4":1.02476696168,"44":null},"ios_saf":{"3.2":0,"4.0-4.1":0,"4.2-4.3":0,"5.0-5.1":0.0412508311977,"6.0-6.1":0.0432151564928,"7.0-7.1":1.05287835819,"8":0.141431421249,"8.1-8.4":4.70652340712,"9.0-9.1":13.4831288257},"op_mob":{"10":0,"11":0,"11.1":0,"11.5":0,"12":0.000782699564586,"12.1":0.00234809869376,"0":0.0273944847605},"ie":{"5.5":0,"6":0.0140719959391,"7":0.0281439918782,"8":0.499555855838,"9":1.10465168122,"10":0.935787729949,"11":11.2435247553},"bb":{"7":0.014231,"10":null},"ie_mob":{"10":0.0857820229885,"11":0.390581977011},"op_mini":{"5.0-8.0":0.293042716981},"and_chr":{"0":14.788832},"and_ff":{"0":0.038948},"edge":{"12":2.115208,"13":null},"and_uc":{"0":0.832888}},"total":98.9809950102}