{"id":"NO","name":"Norway","month":"2015-08","access_date":"2015-09-03","data":{"chrome":{"4":0,"5":0,"6":0,"7":0,"8":0.007867,"9":0,"10":0,"11":0.015734,"12":0,"13":0,"14":0,"15":0,"16":0,"17":0,"18":0,"19":0,"20":0,"21":0.007867,"22":0.023601,"23":0,"24":0,"25":0,"26":0.007867,"27":0.007867,"28":0.007867,"29":0.007867,"30":0.007867,"31":0.110138,"32":0.023601,"33":0.055069,"34":0.047202,"35":0.133739,"36":0.062936,"37":0.086537,"38":0.125872,"39":0.243877,"40":0.118005,"41":0.133739,"42":0.149473,"43":1.282321,"44":27.84918,"45":0.141606,"46":0.094404,"47":0.007867,"48":0},"firefox":{"2":0,"3":0,"3.5":0,"3.6":0.023601,"4":0.015734,"5":0,"6":0.007867,"7":0.007867,"8":0,"9":0,"10":0.007867,"11":0,"12":0.007867,"13":0,"14":0.007867,"15":0,"16":0.015734,"17":0.007867,"18":0,"19":0,"20":0.007867,"21":0.015734,"22":0,"23":0.007867,"24":0.007867,"25":0.007867,"26":0.007867,"27":0.007867,"28":0.023601,"29":0.007867,"30":0.086537,"31":0.047202,"32":0.023601,"33":0.031468,"34":0.047202,"35":0.070803,"36":0.039335,"37":0.118005,"38":0.31468,"39":4.814604,"40":3.870564,"41":0.047202,"42":0.007867,"43":0},"opera":{"9":0,"9.5-9.6":0,"10.0-10.1":2.147691,"10.5":0.007867,"10.6":0,"11":0.015734,"11.1":0,"11.5":0,"11.6":0.007867,"12":0.007867,"12.1":0.275345,"15":0,"16":0,"17":0,"18":0,"19":0,"20":0,"21":0,"22":0.007867,"23":0,"24":0.007867,"25":0.007867,"26":0,"27":0.007867,"28":0.015734,"29":0.023601,"30":0.440552,"31":1.376725,"32":0.015734,"33":0},"safari":{"3.1":0,"3.2":0,"4":0.015734,"5":0.094404,"5.1":0.243877,"6":0.047202,"6.1":0.259611,"7":0.306813,"7.1":1.172183,"8":3.626687,"9":0.062936},"android":{"2.1":0,"2.2":0,"2.3":0.0399589864899,"3":0,"4":0.127369269437,"4.1":0.447041161356,"4.2-4.3":0.9721272182,"4.4":0.00624359163905,"4.4.3-4.4.4":0.856620772878,"44":null},"ios_saf":{"3.2":0,"4.0-4.1":0,"4.2-4.3":0,"5.0-5.1":0.0580306761244,"6.0-6.1":0.0967177935406,"7.0-7.1":1.59390923755,"8":0.218582213402,"8.1-8.4":17.1325899478,"9":0.125733131603},"op_mob":{"10":0,"11":0,"11.1":0,"11.5":0,"12":0.000558186369325,"12.1":0.00111637273865,"0":0.0173037774491},"ie":{"5.5":0,"6":0.00787487093547,"7":0.0236246128064,"8":0.480367127064,"9":1.48047573587,"10":1.36235267184,"11":12.3320478849},"bb":{"7":0.00479925,"10":null},"ie_mob":{"10":0.0735885,"11":0.3039525},"and_uc":{"0":0.044793},"op_mini":{"5.0-8.0":0.194321663443},"and_chr":{"0":9.382853},"and_ff":{"0":0.102384},"edge":{"12":0.951907,"13":null}},"total":99.1105911535}