{"id":"NO","name":"Norway","month":"2015-10","access_date":"2015-11-03","data":{"chrome":{"4":0,"5":0,"6":0,"7":0,"8":0.016246,"9":0,"10":0,"11":0.016246,"12":0.008123,"13":0,"14":0,"15":0,"16":0,"17":0,"18":0,"19":0,"20":0,"21":0.008123,"22":0.016246,"23":0,"24":0,"25":0,"26":0.008123,"27":0.016246,"28":0.008123,"29":0.016246,"30":0.008123,"31":0.064984,"32":0.032492,"33":0.064984,"34":0.048738,"35":0.08123,"36":0.073107,"37":0.073107,"38":0.097476,"39":0.16246,"40":0.089353,"41":0.146214,"42":0.121845,"43":0.333043,"44":0.714824,"45":16.505936,"46":13.086153,"47":0.089353,"48":0.048738,"49":0},"firefox":{"2":0,"3":0,"3.5":0,"3.6":0.040615,"4":0.016246,"5":0,"6":0.008123,"7":0.008123,"8":0,"9":0,"10":0,"11":0,"12":0.008123,"13":0,"14":0.008123,"15":0,"16":0.016246,"17":0,"18":0,"19":0,"20":0.008123,"21":0.048738,"22":0.008123,"23":0.008123,"24":0.008123,"25":0.008123,"26":0.008123,"27":0.016246,"28":0.032492,"29":0.024369,"30":0.064984,"31":0.056861,"32":0.016246,"33":0.032492,"34":0.040615,"35":0.048738,"36":0.040615,"37":0.121845,"38":0.235567,"39":0.178706,"40":1.120974,"41":7.408176,"42":0.073107,"43":0.024369,"44":0.008123},"opera":{"9":0,"9.5-9.6":0,"10.0-10.1":2.566868,"10.5":0.016246,"10.6":0,"11":0,"11.1":0,"11.5":0,"11.6":0.008123,"12":0.016246,"12.1":0.235567,"15":0,"16":0,"17":0,"18":0,"19":0,"20":0,"21":0,"22":0,"23":0,"24":0.008123,"25":0,"26":0,"27":0,"28":0.056861,"29":0.008123,"30":0.016246,"31":0.073107,"32":1.616477,"33":0.048738,"34":0.008123},"safari":{"3.1":0,"3.2":0,"4":0.016246,"5":0.056861,"5.1":0.203075,"6":0.040615,"6.1":0.219321,"7":0.194952,"7.1":0.576733,"8":1.998258,"9":2.956772},"android":{"2.1":0,"2.2":0,"2.3":0.0195003655506,"3":0,"4":0.0568485233,"4.1":0.203927551605,"4.2-4.3":0.42636392475,"4.4":0.7958793262,"4.4.3-4.4.4":0.412482308595,"44":null},"ios_saf":{"3.2":0,"4.0-4.1":0,"4.2-4.3":0,"5.0-5.1":0.0358767402886,"6.0-6.1":0.0375851564928,"7.0-7.1":0.915711085461,"8":0.123005966704,"8.1-8.4":4.09336522531,"9.0-9.1":11.7265688257},"op_mob":{"10":0,"11":0,"11.1":0,"11.5":0,"12":0.000422256894049,"12.1":0.00126677068215,"0":0.0147789912917},"ie":{"5.5":0,"6":0.0162615613027,"7":0.0162615613027,"8":0.36588512931,"9":1.34157880747,"10":1.5041944205,"11":13.6678422749},"bb":{"7":0.0046925,"10":null},"ie_mob":{"10":0.0625307088123,"11":0.284714291188},"op_mini":{"5.0-8.0":0.158092981132},"and_chr":{"0":8.518647},"and_ff":{"0":0.028155},"edge":{"12":1.600231,"13":null},"and_uc":{"0":0.031909}},"total":99.1097422548}