{"id":"NP","name":"Nepal","month":"2016-02","access_date":"2016-03-03","data":{"firefox":{"2":0,"3":0.139606,"3.5":0.014442,"3.6":0.02407,"4":0.009628,"5":0.014442,"6":0.04814,"7":0.004814,"8":0.009628,"9":0.019256,"10":0.019256,"11":0.02407,"12":0.052954,"13":0.02407,"14":0.04814,"15":0.033698,"16":0.019256,"17":0.028884,"18":0.004814,"19":0.019256,"20":0.019256,"21":0.019256,"22":0.014442,"23":0.014442,"24":0.009628,"25":0.019256,"26":0.014442,"27":0.02407,"28":0.028884,"29":0.07221,"30":0.043326,"31":0.057768,"32":0.033698,"33":0.077024,"34":0.043326,"35":0.052954,"36":0.057768,"37":0.052954,"38":0.101094,"39":0.105908,"40":0.09628,"41":0.115536,"42":0.134792,"43":2.199998,"44":3.364986,"45":0.991684,"46":0.019256,"47":0},"chrome":{"4":0.009628,"5":0.057768,"6":0.07221,"7":0.009628,"8":0.019256,"9":0.014442,"10":0.014442,"11":0.062582,"12":0.12035,"13":0.004814,"14":0.057768,"15":0.014442,"16":0.062582,"17":0.014442,"18":0.028884,"19":0.009628,"20":0.009628,"21":0.004814,"22":0.014442,"23":0.004814,"24":0.004814,"25":0.014442,"26":0.019256,"27":0.014442,"28":0.019256,"29":0.033698,"30":0.052954,"31":0.086652,"32":0.07221,"33":0.60175,"34":0.02407,"35":0.019256,"36":0.028884,"37":0.009628,"38":0.028884,"39":0.033698,"40":0.028884,"41":0.033698,"42":0.043326,"43":0.255142,"44":0.274398,"45":0.702844,"46":0.259956,"47":0.779868,"48":28.484438,"49":0.572866,"50":0.688402,"51":0},"opera":{"9":0,"9.5-9.6":0,"10.0-10.1":0,"10.5":0,"10.6":0,"11":0.004814,"11.1":0,"11.5":0.004814,"11.6":0.009628,"12":0.004814,"12.1":0.038512,"15":0.004814,"16":0,"17":0,"18":0.004814,"19":0,"20":0.014442,"21":0.004814,"22":0,"23":0,"24":0,"25":0,"26":0.004814,"27":0,"28":0.009628,"29":0.019256,"30":0.009628,"31":0.004814,"32":0.004814,"33":0.014442,"34":0.211816,"35":0.688402,"36":0.004814},"safari":{"3.1":0,"3.2":0,"4":0,"5":0.004814,"5.1":0.052954,"6":0.004814,"6.1":0.014442,"7":0.019256,"7.1":0.009628,"8":0.057768,"9":0.255142,"9.1":0.004814},"android":{"2.1":0,"2.2":0,"2.3":0.0240602943665,"3":0,"4":0.208173851258,"4.1":0.438315797373,"4.2-4.3":0.983333769762,"4.4":1.98026683634,"4.4.3-4.4.4":1.0638834509,"47":null},"ios_saf":{"3.2":0,"4.0-4.1":0,"4.2-4.3":0,"5.0-5.1":0,"6.0-6.1":0,"7.0-7.1":0.137746789463,"8":0.00935095698703,"8.1-8.4":0.380512018934,"9.0-9.2":2.96749023462,"9.3":null},"op_mob":{"10":0,"11":0,"11.1":0,"11.5":0,"12":0.00126946643816,"12.1":0.00126946643816,"0":0.0545870568409},"ie":{"5.5":0.00488921875,"6":0.00488921875,"7":0.00488921875,"8":0.19067953125,"9":0.04400296875,"10":0.11734125,"11":0.56226015625},"bb":{"7":0.015558,"10":null},"ie_mob":{"10":0.0851410291262,"11":0.376412970874},"edge":{"12":0.173304,"13":0.154048,"14":0},"and_uc":{"0":8.99771},"op_mini":{"5.0-8.0":22.1648840103},"and_chr":{"0":13.460162},"and_ff":{"0":0.02593}},"total":98.2568295625}