{"id":"NP","name":"Nepal","month":"2015-08","access_date":"2015-09-03","data":{"chrome":{"4":0.020975,"5":0.03356,"6":0.02517,"7":0.012585,"8":0.02517,"9":0.029365,"10":0.029365,"11":0.071315,"12":0.171995,"13":0.012585,"14":0.020975,"15":0.020975,"16":0.03356,"17":0.029365,"18":0.03356,"19":0.0839,"20":0.012585,"21":0.00839,"22":0.02517,"23":0.00839,"24":0.01678,"25":0.02517,"26":0.01678,"27":0.020975,"28":0.02517,"29":0.020975,"30":0.079705,"31":0.071315,"32":0.096485,"33":0.19297,"34":0.037755,"35":0.02517,"36":0.05873,"37":0.029365,"38":0.05873,"39":0.104875,"40":0.130045,"41":0.12585,"42":0.47823,"43":0.985825,"44":21.62942,"45":0.32721,"46":0.52018,"47":0.004195,"48":0},"firefox":{"2":0.00839,"3":0.01678,"3.5":0.012585,"3.6":0.046145,"4":0.02517,"5":0.01678,"6":0.037755,"7":0.012585,"8":0.012585,"9":0.02517,"10":0.020975,"11":0.046145,"12":0.071315,"13":0.037755,"14":0.07551,"15":0.05873,"16":0.037755,"17":0.029365,"18":0.012585,"19":0.02517,"20":0.01678,"21":0.02517,"22":0.02517,"23":0.020975,"24":0.01678,"25":0.020975,"26":0.020975,"27":0.020975,"28":0.03356,"29":0.15102,"30":0.062925,"31":0.10068,"32":0.062925,"33":0.20975,"34":0.096485,"35":0.088095,"36":0.10068,"37":0.12585,"38":0.46984,"39":3.38117,"40":2.982645,"41":0.549545,"42":0.012585,"43":0},"opera":{"9":0,"9.5-9.6":0,"10.0-10.1":0,"10.5":0,"10.6":0.004195,"11":0.01678,"11.1":0.004195,"11.5":0.004195,"11.6":0.012585,"12":0.00839,"12.1":0.054535,"15":0.004195,"16":0.004195,"17":0.004195,"18":0.00839,"19":0,"20":0.00839,"21":0,"22":0.004195,"23":0,"24":0.004195,"25":0.004195,"26":0.00839,"27":0.004195,"28":0.012585,"29":0.02517,"30":0.213945,"31":0.47823,"32":0.004195,"33":0},"safari":{"3.1":0,"3.2":0,"4":0,"5":0.00839,"5.1":0.054535,"6":0.00839,"6.1":0.01678,"7":0.02517,"7.1":0.06712,"8":0.239115,"9":0.004195},"android":{"2.1":0,"2.2":0,"2.3":0.111086250319,"3":0,"4":0.354087422891,"4.1":1.24277742544,"4.2-4.3":2.70252018353,"4.4":0.0173572266123,"4.4.3-4.4.4":2.38141149121,"44":null},"ios_saf":{"3.2":0,"4.0-4.1":0,"4.2-4.3":0,"5.0-5.1":0.0112537579233,"6.0-6.1":0.0187562632056,"7.0-7.1":0.309103217628,"8":0.0423891548446,"8.1-8.4":3.32248446423,"9":0.0243831421672},"op_mob":{"10":0,"11":0,"11.1":0,"11.5":0,"12":0.0812574507908,"12.1":0.162514901582,"0":2.51898097451},"ie":{"5.5":0,"6":0.016835655058,"7":0.016835655058,"8":0.976467993367,"9":0.164147636816,"10":0.446144859038,"11":0.913334286899},"bb":{"7":0.02176875,"10":null},"ie_mob":{"10":0.104096440678,"11":0.429963559322},"and_uc":{"0":6.809265},"op_mini":{"5.0-8.0":28.2881916731},"and_chr":{"0":10.25242},"and_ff":{"0":0.08127},"edge":{"12":0.22653,"13":null}},"total":98.3805298362}