{"id":"NP","name":"Nepal","month":"2015-10","access_date":"2015-11-03","data":{"chrome":{"4":0.01704,"5":0.03408,"6":0.03408,"7":0.01278,"8":0.02982,"9":0.0213,"10":0.02556,"11":0.08946,"12":0.17892,"13":0.00852,"14":0.02556,"15":0.01704,"16":0.05538,"17":0.02982,"18":0.0426,"19":0.03408,"20":0.01278,"21":0.00426,"22":0.02982,"23":0.00852,"24":0.01704,"25":0.01704,"26":0.00852,"27":0.01704,"28":0.0213,"29":0.01704,"30":0.02556,"31":0.13206,"32":0.07668,"33":0.30672,"34":0.02982,"35":0.02556,"36":0.05112,"37":0.0213,"38":0.04686,"39":0.07668,"40":0.07668,"41":0.05964,"42":0.426,"43":0.47712,"44":0.67308,"45":13.72146,"46":9.585,"47":0.5751,"48":0.25134,"49":0},"firefox":{"2":0.00426,"3":0.01278,"3.5":0.00852,"3.6":0.0426,"4":0.0213,"5":0.05112,"6":0.03834,"7":0.03408,"8":0.0213,"9":0.0213,"10":0.0213,"11":0.03834,"12":0.08094,"13":0.0426,"14":0.07242,"15":0.0426,"16":0.03408,"17":0.03408,"18":0.01278,"19":0.02556,"20":0.01704,"21":0.02556,"22":0.01704,"23":0.01704,"24":0.01278,"25":0.01704,"26":0.01704,"27":0.0213,"28":0.02982,"29":0.07242,"30":0.06816,"31":0.11076,"32":0.04686,"33":0.0852,"34":0.05538,"35":0.0639,"36":0.09372,"37":0.0852,"38":0.20874,"39":0.2556,"40":0.9585,"41":5.03106,"42":1.09908,"43":0.02556,"44":0.00426},"opera":{"9":0,"9.5-9.6":0.00426,"10.0-10.1":0,"10.5":0,"10.6":0,"11":0.00852,"11.1":0.00426,"11.5":0.00852,"11.6":0.01278,"12":0.00852,"12.1":0.05538,"15":0.00852,"16":0.00426,"17":0.00426,"18":0.01278,"19":0,"20":0.00426,"21":0,"22":0.00426,"23":0,"24":0,"25":0.00426,"26":0.00426,"27":0.00426,"28":0.01278,"29":0.01704,"30":0.03408,"31":0.01704,"32":0.80088,"33":0.03834,"34":0},"safari":{"3.1":0,"3.2":0,"4":0,"5":0.00852,"5.1":0.04686,"6":0.00852,"6.1":0.01278,"7":0.0213,"7.1":0.0426,"8":0.1491,"9":0.17466},"android":{"2.1":0,"2.2":0,"2.3":0.0628351018295,"3":0,"4":0.183180296859,"4.1":0.657106064895,"4.2-4.3":1.37385222644,"4.4":2.56452415602,"4.4.3-4.4.4":1.32912215395,"44":null},"ios_saf":{"3.2":0,"4.0-4.1":0,"4.2-4.3":0,"5.0-5.1":0.00807089900111,"6.0-6.1":0.00845522752497,"7.0-7.1":0.20600008879,"8":0.0276716537181,"8.1-8.4":0.920851143174,"9.0-9.1":2.63803098779},"op_mob":{"10":0,"11":0,"11.1":0,"11.5":0,"12":0.067771988389,"12.1":0.203315965167,"0":2.37201959361},"ie":{"5.5":0,"6":0.00863029126214,"7":0.00863029126214,"8":0.310690485437,"9":0.0949332038835,"10":0.194181553398,"11":0.711999029126},"bb":{"7":0.01435,"10":null},"ie_mob":{"10":0.104397624521,"11":0.475342375479},"op_mini":{"5.0-8.0":25.3738324528},"and_chr":{"0":11.84172},"and_ff":{"0":0.0287},"edge":{"12":0.2556,"13":null},"and_uc":{"0":8.323}},"total":98.4532148544}