{"id":"NR","name":"Nauru","month":"2015-08","access_date":"2015-09-03","data":{"chrome":{"4":0,"5":0,"6":0,"7":0,"8":0,"9":0,"10":0,"11":0.197377,"12":0,"13":0,"14":0,"15":0,"16":0,"17":0,"18":0.044569,"19":0,"20":0.006367,"21":0,"22":0,"23":0,"24":0,"25":0,"26":0,"27":0.038202,"28":0,"29":0.019101,"30":0,"31":0.343818,"32":0,"33":0.025468,"34":0.057303,"35":0.324717,"36":0.025468,"37":0,"38":0.044569,"39":0.057303,"40":0,"41":0.140074,"42":0.025468,"43":0.967784,"44":18.387896,"45":0,"46":0.006367,"47":0,"48":0},"firefox":{"2":0,"3":0,"3.5":0,"3.6":0.044569,"4":0.006367,"5":0,"6":0.006367,"7":0,"8":0,"9":0,"10":0.120973,"11":0.019101,"12":0.095505,"13":0,"14":0.133707,"15":0,"16":0,"17":0,"18":0,"19":0,"20":0,"21":0,"22":0.006367,"23":0.019101,"24":0,"25":0.044569,"26":0.038202,"27":0,"28":0.006367,"29":0.057303,"30":0.06367,"31":0.006367,"32":0.140074,"33":0.006367,"34":0.006367,"35":0.025468,"36":0,"37":0,"38":0.095505,"39":3.832934,"40":3.342675,"41":0.267414,"42":0,"43":0},"opera":{"9":0,"9.5-9.6":0,"10.0-10.1":0.006367,"10.5":0,"10.6":0,"11":0,"11.1":0.006367,"11.5":0,"11.6":0,"12":0,"12.1":0.025468,"15":0,"16":0,"17":0,"18":0.025468,"19":0,"20":0,"21":0,"22":0,"23":0,"24":0,"25":0.006367,"26":0,"27":0,"28":0,"29":0,"30":0.025468,"31":0.076404,"32":0,"33":0},"safari":{"3.1":0,"3.2":0,"4":0,"5":0,"5.1":0.025468,"6":0.025468,"6.1":0,"7":0.152808,"7.1":1.025087,"8":0.496626,"9":0},"android":{"2.1":0,"2.2":0,"2.3":0.205699393321,"3":0,"4":0.655666816212,"4.1":2.30126196278,"4.2-4.3":5.00428055315,"4.4":0.0321405302065,"4.4.3-4.4.4":4.40968074433,"44":null},"ios_saf":{"3.2":0,"4.0-4.1":0,"4.2-4.3":0,"5.0-5.1":0.0290279142771,"6.0-6.1":0.0483798571285,"7.0-7.1":0.797300045477,"8":0.10933847711,"8.1-8.4":8.57000789174,"9":0.062893814267},"op_mob":{"10":0,"11":0,"11.1":0,"11.5":0,"12":0.0181873213107,"12.1":0.0363746426215,"0":0.563806960633},"ie":{"5.5":0,"6":0,"7":0,"8":2.024706,"9":1.222464,"10":6.016815,"11":10.537385},"bb":{"7":0,"10":null},"ie_mob":{"10":0.526138449153,"11":2.17318055085},"and_uc":{"0":2.266992},"op_mini":{"5.0-8.0":6.33156007544},"and_chr":{"0":11.986218},"and_ff":{"0":0.141687},"edge":{"12":0.324717,"13":null}},"total":97.390466}