{"id":"NR","name":"Nauru","month":"2016-02","access_date":"2016-03-03","data":{"firefox":{"2":0,"3":0.022563,"3.5":0,"3.6":0,"4":0,"5":0,"6":0,"7":0,"8":0,"9":0,"10":0,"11":0.007521,"12":0,"13":0,"14":0.045126,"15":0.030084,"16":0,"17":0,"18":0,"19":0,"20":0,"21":0.007521,"22":0,"23":0.052647,"24":0,"25":0,"26":0.015042,"27":0,"28":0.910041,"29":0,"30":0.195546,"31":0,"32":0.157941,"33":0.015042,"34":0,"35":0.037605,"36":0,"37":0,"38":0.007521,"39":0.007521,"40":0.045126,"41":0.022563,"42":0.060168,"43":0.391092,"44":1.195839,"45":0.030084,"46":0,"47":0},"chrome":{"4":0,"5":0,"6":0,"7":0,"8":0.007521,"9":0,"10":0,"11":0.240672,"12":0,"13":0,"14":0,"15":0,"16":0,"17":0,"18":0,"19":0,"20":0,"21":0,"22":0,"23":0.007521,"24":0,"25":0,"26":0,"27":0,"28":0,"29":0.030084,"30":0,"31":0,"32":0.015042,"33":0.067689,"34":0,"35":0.127857,"36":0,"37":0.052647,"38":0.007521,"39":0.157941,"40":0,"41":0,"42":0,"43":0.037605,"44":0.022563,"45":0.015042,"46":0.142899,"47":0.767142,"48":10.085661,"49":0,"50":0.022563,"51":0},"opera":{"9":0,"9.5-9.6":0,"10.0-10.1":0,"10.5":0,"10.6":0,"11":0,"11.1":0,"11.5":0,"11.6":0,"12":0,"12.1":0,"15":0,"16":0,"17":0,"18":0,"19":0,"20":0,"21":0,"22":0,"23":0,"24":0,"25":0,"26":0,"27":0,"28":0,"29":0,"30":0,"31":0,"32":0.007521,"33":0,"34":0.985251,"35":2.414241,"36":2.414241},"safari":{"3.1":0,"3.2":0,"4":0,"5":0,"5.1":0.052647,"6":0,"6.1":0.067689,"7":0.007521,"7.1":0.007521,"8":0.195546,"9":0.383571,"9.1":0},"android":{"2.1":0,"2.2":0,"2.3":0.0433603210866,"3":0,"4":0.375161038967,"4.1":0.789911936317,"4.2-4.3":1.7721174705,"4.4":3.56874294856,"4.4.3-4.4.4":1.91728028457,"47":null},"ios_saf":{"3.2":0,"4.0-4.1":0,"4.2-4.3":0,"5.0-5.1":0,"6.0-6.1":0,"7.0-7.1":0.0915603315497,"8":0.00621558386499,"8.1-8.4":0.252926451122,"9.0-9.2":1.97249163346,"9.3":null},"op_mob":{"10":0,"11":0,"11.1":0,"11.5":0,"12":0.000196563953156,"12.1":0.000196563953156,"0":0.00845224998572},"ie":{"5.5":0,"6":0,"7":0,"8":1.27857,"9":0.834831,"10":0.488865,"11":44.689782},"bb":{"7":0.00805675,"10":null},"ie_mob":{"10":0.237791456311,"11":1.05128854369},"edge":{"12":0.263235,"13":0.345966,"14":0},"and_uc":{"0":3.336734},"op_mini":{"5.0-8.0":3.43200662211},"and_chr":{"0":11.127719},"and_ff":{"0":0}},"total":99.49377075}