{"id":"NR","name":"Nauru","month":"2015-10","access_date":"2015-11-03","data":{"chrome":{"4":0.12298,"5":0,"6":0,"7":0,"8":0,"9":0,"10":0,"11":1.03587,"12":0,"13":0,"14":0,"15":0,"16":0,"17":0,"18":0,"19":0,"20":0,"21":0,"22":0,"23":0,"24":0,"25":0.83248,"26":0,"27":0.27907,"28":0,"29":0.02365,"30":0,"31":0.11352,"32":0.01419,"33":0.06622,"34":0,"35":0.20339,"36":0.00946,"37":0.03784,"38":0.07568,"39":0.02838,"40":0.00946,"41":0,"42":0.30272,"43":0.05203,"44":0.06149,"45":9.44108,"46":8.54238,"47":0,"48":0,"49":0},"firefox":{"2":0,"3":0,"3.5":0,"3.6":0,"4":0.00946,"5":0,"6":0,"7":0,"8":0,"9":0,"10":0.00946,"11":0,"12":0,"13":0,"14":0.12298,"15":0,"16":0,"17":0,"18":0.05203,"19":0,"20":0,"21":0,"22":0,"23":0.03784,"24":0,"25":0,"26":0,"27":0,"28":0.00946,"29":0,"30":0.36421,"31":0,"32":0.1419,"33":0.02365,"34":0,"35":0.49192,"36":0,"37":0.02365,"38":0.12298,"39":0.03784,"40":0.7095,"41":4.50296,"42":0.0473,"43":0,"44":0},"opera":{"9":0,"9.5-9.6":0,"10.0-10.1":0,"10.5":0,"10.6":0,"11":0,"11.1":0,"11.5":0,"11.6":0,"12":0.02365,"12.1":0,"15":0,"16":0,"17":0,"18":0,"19":0,"20":0,"21":0,"22":0,"23":0,"24":0,"25":0,"26":0,"27":0,"28":0,"29":0,"30":0,"31":0,"32":0.12771,"33":0.01419,"34":0},"safari":{"3.1":0,"3.2":0,"4":0.11352,"5":0,"5.1":0,"6":0,"6.1":0,"7":0,"7.1":0.47773,"8":0.19866,"9":0.13717},"android":{"2.1":0,"2.2":0,"2.3":0.137938721091,"3":0,"4":0.402126441146,"4.1":1.44251171039,"4.2-4.3":3.0159483086,"4.4":5.62977017604,"4.4.3-4.4.4":2.91775464273,"44":null},"ios_saf":{"3.2":0,"4.0-4.1":0,"4.2-4.3":0,"5.0-5.1":0.0113760417718,"6.0-6.1":0.0119177580466,"7.0-7.1":0.290359923318,"8":0.0390035717889,"8.1-8.4":1.29795219453,"9.0-9.1":3.71834051054},"op_mob":{"10":0,"11":0,"11.1":0,"11.5":0,"12":0.0160751572327,"12.1":0.0482254716981,"0":0.562630503145},"ie":{"5.5":0,"6":0,"7":0,"8":0.43043,"9":0.77099,"10":1.17304,"11":8.59914},"bb":{"7":0.0039525,"10":null},"ie_mob":{"10":0.552320229885,"11":2.51481977011},"op_mini":{"5.0-8.0":6.01853886792},"and_chr":{"0":21.81965},"and_ff":{"0":0},"edge":{"12":0.67166,"13":null},"and_uc":{"0":8.13688}},"total":99.2850125}