{"id":"NU","name":"Niue","month":"2015-10","access_date":"2015-11-03","data":{"chrome":{"4":0,"5":0,"6":0,"7":0,"8":0,"9":0,"10":0,"11":0,"12":0,"13":0,"14":0,"15":0,"16":0,"17":0,"18":0,"19":0,"20":0,"21":0,"22":0,"23":0,"24":0,"25":0,"26":0,"27":0,"28":0,"29":0,"30":0.153684,"31":1.135554,"32":1.528302,"33":0,"34":0,"35":0,"36":0,"37":0,"38":0,"39":0.04269,"40":0.076842,"41":0.153684,"42":0.04269,"43":0.4269,"44":0.742806,"45":13.823022,"46":6.266892,"47":0.153684,"48":0,"49":0},"firefox":{"2":0,"3":1.135554,"3.5":0,"3.6":0,"4":0,"5":0,"6":0,"7":0,"8":0,"9":0,"10":0,"11":0.119532,"12":0,"13":0,"14":0,"15":0,"16":0,"17":0,"18":0,"19":0,"20":0,"21":0,"22":0,"23":0,"24":0,"25":0,"26":0,"27":0,"28":0,"29":0,"30":0,"31":0,"32":0,"33":0,"34":0.076842,"35":0,"36":0.239064,"37":0,"38":0,"39":1.647834,"40":3.722568,"41":18.3567,"42":11.27016,"43":0,"44":0},"opera":{"9":0,"9.5-9.6":0,"10.0-10.1":0,"10.5":0,"10.6":0,"11":0,"11.1":0,"11.5":0,"11.6":0,"12":0.153684,"12.1":0,"15":0,"16":0,"17":0,"18":0.076842,"19":0,"20":0,"21":0,"22":0,"23":0,"24":0,"25":0,"26":0,"27":0,"28":0,"29":0,"30":0,"31":0,"32":0.153684,"33":0,"34":0},"safari":{"3.1":0,"3.2":0,"4":0,"5":0.392748,"5.1":0.076842,"6":2.151576,"6.1":0.04269,"7":0.119532,"7.1":0,"8":2.032044,"9":0},"android":{"2.1":0,"2.2":0,"2.3":0.109542287884,"3":0,"4":0.319343618916,"4.1":1.14555240041,"4.2-4.3":2.39507714187,"4.4":4.47081066483,"4.4.3-4.4.4":2.31709788609,"44":null},"ios_saf":{"3.2":0,"4.0-4.1":0,"4.2-4.3":0,"5.0-5.1":0.0109035830895,"6.0-6.1":0.0114228013319,"7.0-7.1":0.278300977903,"8":0.0373837134497,"8.1-8.4":1.24404690869,"9.0-9.1":3.56391401554},"op_mob":{"10":0,"11":0,"11.1":0,"11.5":0,"12":0,"12.1":0,"0":0},"ie":{"5.5":0,"6":0,"7":0,"8":0.520590451912,"9":0.754856155272,"10":2.1517738679,"11":4.06060552491},"bb":{"7":0,"10":null},"ie_mob":{"10":0.0465991494253,"11":0.212174850575},"op_mini":{"5.0-8.0":0},"and_chr":{"0":6.493602},"and_ff":{"0":0},"edge":{"12":0.273216,"13":null},"and_uc":{"0":0.690064}},"total":97.421524}