{"id":"NU","name":"Niue","month":"2015-08","access_date":"2015-09-03","data":{"chrome":{"4":0,"5":0,"6":0,"7":0,"8":0,"9":0,"10":0,"11":0.036108,"12":0,"13":0,"14":0,"15":0,"16":0,"17":0,"18":0,"19":0,"20":0,"21":0.036108,"22":0,"23":0,"24":0.126378,"25":0,"26":0,"27":0,"28":0.063189,"29":0,"30":0.099297,"31":0.875619,"32":0.225675,"33":0.261783,"34":0.036108,"35":0,"36":0.099297,"37":0,"38":1.399185,"39":0.036108,"40":0.198594,"41":0.063189,"42":0.288864,"43":0.523566,"44":22.323771,"45":0,"46":0.036108,"47":0,"48":0},"firefox":{"2":0,"3":0.713133,"3.5":0,"3.6":0,"4":0,"5":0.036108,"6":11.798289,"7":0.036108,"8":0.036108,"9":0,"10":0,"11":0.162486,"12":0,"13":0,"14":0,"15":0,"16":0,"17":0,"18":0,"19":0,"20":0,"21":0.099297,"22":0,"23":0,"24":0,"25":0.036108,"26":0.225675,"27":0,"28":0,"29":0.225675,"30":0,"31":0,"32":6.436251,"33":0,"34":0.099297,"35":0.063189,"36":0.036108,"37":0.036108,"38":0.099297,"39":9.875538,"40":10.20051,"41":1.101294,"42":0,"43":0},"opera":{"9":0,"9.5-9.6":0.036108,"10.0-10.1":0,"10.5":0,"10.6":0,"11":0,"11.1":0,"11.5":0,"11.6":0,"12":0,"12.1":0,"15":0,"16":0,"17":0,"18":0,"19":0,"20":0,"21":0,"22":0,"23":0,"24":0,"25":0,"26":0.162486,"27":0,"28":0,"29":0,"30":0,"31":0.063189,"32":0,"33":0},"safari":{"3.1":0,"3.2":0,"4":0,"5":0.099297,"5.1":0.162486,"6":0.613836,"6.1":1.823454,"7":0.099297,"7.1":0.126378,"8":3.935772,"9":0},"android":{"2.1":0,"2.2":0,"2.3":0.0804946907979,"3":0,"4":0.256576826918,"4.1":0.900534353301,"4.2-4.3":1.95828489957,"4.4":0.0125772954372,"4.4.3-4.4.4":1.72560493398,"44":null},"ios_saf":{"3.2":0,"4.0-4.1":0,"4.2-4.3":0,"5.0-5.1":0.0127723271959,"6.0-6.1":0.0212872119932,"7.0-7.1":0.350813253647,"8":0.0481090991045,"8.1-8.4":3.77081673247,"9":0.0276733755911},"op_mob":{"10":0,"11":0,"11.1":0,"11.5":0,"12":0,"12.1":0,"0":0},"ie":{"5.5":0,"6":0,"7":0,"8":0.263626542254,"9":0.781789056338,"10":0.618158788732,"11":3.49986961268},"bb":{"7":0,"10":null},"ie_mob":{"10":0.0331891949153,"11":0.137085805085},"and_uc":{"0":1.604477},"op_mini":{"5.0-8.0":0},"and_chr":{"0":4.02439},"and_ff":{"0":0},"edge":{"12":0.586755,"13":null}},"total":95.882715}