{"id":"NZ","name":"New Zealand","month":"2015-10","access_date":"2015-11-03","data":{"chrome":{"4":0,"5":0,"6":0,"7":0,"8":0,"9":0,"10":0,"11":0.023022,"12":0,"13":0,"14":0,"15":0,"16":0,"17":0,"18":0,"19":0,"20":0.023022,"21":0.015348,"22":0.030696,"23":0.007674,"24":0.007674,"25":0.007674,"26":0.03837,"27":0.007674,"28":0.007674,"29":0.007674,"30":0.023022,"31":0.406722,"32":0.030696,"33":0.07674,"34":0.069066,"35":0.07674,"36":0.092088,"37":0.061392,"38":0.092088,"39":0.314634,"40":0.138132,"41":0.130458,"42":0.30696,"43":0.399048,"44":0.7674,"45":17.274174,"46":15.509154,"47":0.122784,"48":0.069066,"49":0},"firefox":{"2":0,"3":0.007674,"3.5":0,"3.6":0.015348,"4":0.007674,"5":0,"6":0.007674,"7":0,"8":0,"9":0,"10":0.007674,"11":0.007674,"12":0.015348,"13":0.007674,"14":0.007674,"15":0.007674,"16":0.023022,"17":0.007674,"18":0.007674,"19":0.007674,"20":0.015348,"21":0.007674,"22":0.007674,"23":0.007674,"24":0.007674,"25":0.007674,"26":0.007674,"27":0.015348,"28":0.023022,"29":0.023022,"30":0.015348,"31":0.069066,"32":0.015348,"33":0.03837,"34":0.138132,"35":0.046044,"36":0.03837,"37":0.092088,"38":0.260916,"39":0.207198,"40":1.012968,"41":7.428432,"42":0.099762,"43":0.015348,"44":0.007674},"opera":{"9":0,"9.5-9.6":0,"10.0-10.1":0,"10.5":0,"10.6":0,"11":0,"11.1":0,"11.5":0,"11.6":0.007674,"12":0.007674,"12.1":0.053718,"15":0,"16":0,"17":0,"18":0,"19":0,"20":0,"21":0,"22":0,"23":0,"24":0,"25":0,"26":0.007674,"27":0,"28":0.015348,"29":0.007674,"30":0.007674,"31":0.007674,"32":0.322308,"33":0.015348,"34":0},"safari":{"3.1":0,"3.2":0,"4":0.030696,"5":0.107436,"5.1":0.329982,"6":0.046044,"6.1":0.26859,"7":0.168828,"7.1":0.414396,"8":1.680606,"9":2.248482},"android":{"2.1":0,"2.2":0,"2.3":0.0365044832585,"3":0,"4":0.106419849499,"4.1":0.381750274077,"4.2-4.3":0.798148871246,"4.4":1.48987789299,"4.4.3-4.4.4":0.772162628926,"44":null},"ios_saf":{"3.2":0,"4.0-4.1":0,"4.2-4.3":0,"5.0-5.1":0.0396427706589,"6.0-6.1":0.0415305216426,"7.0-7.1":1.01183452729,"8":0.13591807083,"8.1-8.4":4.52305135708,"9.0-9.1":12.9575227525},"op_mob":{"10":0,"11":0,"11.1":0,"11.5":0,"12":0.000343217223029,"12.1":0.00102965166909,"0":0.012012602806},"ie":{"5.5":0,"6":0.00773201649485,"7":0.0231960494845,"8":0.525777121649,"9":0.835057781443,"10":0.835057781443,"11":8.97687115052},"bb":{"7":0.0098855,"10":null},"ie_mob":{"10":0.0862847969349,"11":0.392871203065},"op_mini":{"5.0-8.0":0.128500528302},"and_chr":{"0":11.132684},"and_ff":{"0":0.032564},"edge":{"12":1.588518,"13":null},"and_uc":{"0":0.402398}},"total":98.915819401}