{"id":"OM","name":"Oman","month":"2016-02","access_date":"2016-03-03","data":{"firefox":{"2":0,"3":0.002364,"3.5":0.002364,"3.6":0.007092,"4":0.002364,"5":0.002364,"6":0.004728,"7":0.002364,"8":0.007092,"9":0.002364,"10":0.004728,"11":0.004728,"12":0.014184,"13":0.002364,"14":0.007092,"15":0.002364,"16":0.004728,"17":0.002364,"18":0.007092,"19":0.002364,"20":0.002364,"21":0.002364,"22":0.002364,"23":0.01182,"24":0.002364,"25":0.002364,"26":0.002364,"27":0.002364,"28":0.004728,"29":0.004728,"30":0.007092,"31":0.007092,"32":0.004728,"33":0.004728,"34":0.014184,"35":0.009456,"36":0.009456,"37":0.021276,"38":0.02364,"39":0.026004,"40":0.037824,"41":0.021276,"42":0.044916,"43":0.6501,"44":1.278924,"45":0.158388,"46":0,"47":0},"chrome":{"4":0.002364,"5":0.004728,"6":0.009456,"7":0.002364,"8":0.002364,"9":0.01182,"10":0.004728,"11":0.030732,"12":0.009456,"13":0.002364,"14":0.007092,"15":0,"16":0.004728,"17":0.002364,"18":0.004728,"19":0,"20":0,"21":0.002364,"22":0.02364,"23":0.007092,"24":0,"25":0.004728,"26":0.01182,"27":0.009456,"28":0.002364,"29":0.016548,"30":0.007092,"31":0.014184,"32":0.01182,"33":0.056736,"34":0.016548,"35":0.016548,"36":0.02364,"37":0.01182,"38":0.040188,"39":0.037824,"40":0.02364,"41":0.016548,"42":0.044916,"43":0.14184,"44":0.104016,"45":0.186756,"46":0.075648,"47":0.4137,"48":10.9926,"49":0.092196,"50":0.068556,"51":0},"opera":{"9":0,"9.5-9.6":0,"10.0-10.1":0,"10.5":0,"10.6":0,"11":0,"11.1":0,"11.5":0,"11.6":0,"12":0.002364,"12.1":0.009456,"15":0,"16":0.002364,"17":0,"18":0,"19":0.002364,"20":0.002364,"21":0,"22":0,"23":0,"24":0,"25":0.002364,"26":0,"27":0,"28":0.002364,"29":0.002364,"30":0.002364,"31":0,"32":0.002364,"33":0.007092,"34":0.07092,"35":0.217488,"36":0.002364},"safari":{"3.1":0,"3.2":0,"4":0.002364,"5":0.014184,"5.1":0.018912,"6":0.009456,"6.1":0.014184,"7":0.009456,"7.1":0.007092,"8":0.104016,"9":0.510624,"9.1":0.002364},"android":{"2.1":0,"2.2":0,"2.3":0.0927665232688,"3":0,"4":0.80263209263,"4.1":1.68996405433,"4.2-4.3":3.79132747272,"4.4":7.63508819773,"4.4.3-4.4.4":4.10189365932,"47":null},"ios_saf":{"3.2":0,"4.0-4.1":0,"4.2-4.3":0,"5.0-5.1":0,"6.0-6.1":0,"7.0-7.1":0.185998010702,"8":0.01262649681,"8.1-8.4":0.51380129327,"9.0-9.2":4.00697019922,"9.3":null},"op_mob":{"10":0,"11":0,"11.1":0,"11.5":0,"12":1.4395201371e-5,"12.1":1.4395201371e-5,"0":0.000618993658955},"ie":{"5.5":0,"6":0.00237078530425,"7":0.0047415706085,"8":0.433853710677,"9":0.538168264064,"10":0.526314337543,"11":2.59600990815},"bb":{"7":0.03818,"10":null},"ie_mob":{"10":0.0647947961165,"11":0.286461203883},"edge":{"12":0.13002,"13":0.293136,"14":0},"and_uc":{"0":0.549792},"op_mini":{"5.0-8.0":0.251340215938},"and_chr":{"0":51.912656},"and_ff":{"0":0.015272}},"total":96.5142025763}