{"id":"OM","name":"Oman","month":"2015-08","access_date":"2015-09-03","data":{"chrome":{"4":0.002339,"5":0.009356,"6":0.009356,"7":0.007017,"8":0.002339,"9":0.014034,"10":0.007017,"11":0.051458,"12":0.014034,"13":0.011695,"14":0.007017,"15":0.002339,"16":0.009356,"17":0.002339,"18":0.004678,"19":0.002339,"20":0.014034,"21":0.004678,"22":0.02339,"23":0.007017,"24":0.002339,"25":0.007017,"26":0.02339,"27":0.009356,"28":0.014034,"29":0.011695,"30":0.014034,"31":0.044441,"32":0.016373,"33":0.060814,"34":0.018712,"35":0.032746,"36":0.04678,"37":0.030407,"38":0.051458,"39":0.11695,"40":0.102916,"41":0.058475,"42":0.231561,"43":0.530953,"44":10.401533,"45":0.100577,"46":0.14034,"47":0,"48":0},"firefox":{"2":0,"3":0.004678,"3.5":0.002339,"3.6":0.014034,"4":0.004678,"5":0.002339,"6":0.025729,"7":0.002339,"8":0.007017,"9":0.002339,"10":0.011695,"11":0.011695,"12":0.021051,"13":0.004678,"14":0.004678,"15":0.007017,"16":0.016373,"17":0.002339,"18":0.009356,"19":0.004678,"20":0.002339,"21":0.002339,"22":0.002339,"23":0.007017,"24":0.004678,"25":0.002339,"26":0.002339,"27":0.004678,"28":0.009356,"29":0.007017,"30":0.009356,"31":0.011695,"32":0.007017,"33":0.014034,"34":0.014034,"35":0.016373,"36":0.02339,"37":0.044441,"38":0.168408,"39":1.162483,"40":0.804616,"41":0.07017,"42":0.002339,"43":0.002339},"opera":{"9":0,"9.5-9.6":0,"10.0-10.1":0,"10.5":0,"10.6":0,"11":0,"11.1":0,"11.5":0.002339,"11.6":0,"12":0.007017,"12.1":0.014034,"15":0,"16":0.004678,"17":0,"18":0,"19":0.002339,"20":0,"21":0.002339,"22":0,"23":0,"24":0,"25":0.004678,"26":0,"27":0,"28":0.002339,"29":0.007017,"30":0.081865,"31":0.194137,"32":0,"33":0},"safari":{"3.1":0,"3.2":0,"4":0.002339,"5":0.018712,"5.1":0.025729,"6":0.011695,"6.1":0.021051,"7":0.018712,"7.1":0.072509,"8":0.308748,"9":0.002339},"android":{"2.1":0,"2.2":0,"2.3":0.431304385419,"3":0,"4":1.37478272852,"4.1":4.82521781188,"4.2-4.3":10.4928270015,"4.4":0.0673913102218,"4.4.3-4.4.4":9.24608776243,"44":null},"ios_saf":{"3.2":0,"4.0-4.1":0,"4.2-4.3":0,"5.0-5.1":0.0155605765168,"6.0-6.1":0.0259342941946,"7.0-7.1":0.427397168327,"8":0.0586115048798,"8.1-8.4":4.59400087363,"9":0.033714582453},"op_mob":{"10":0,"11":0,"11.1":0,"11.5":0,"12":0.000862069518717,"12.1":0.00172413903743,"0":0.0267241550802},"ie":{"5.5":0,"6":0.0117353872718,"7":0.0070412323631,"8":0.828518341391,"9":0.790965102121,"10":0.687693694129,"11":2.42687808781},"bb":{"7":0.05171175,"10":null},"ie_mob":{"10":0.0970609745763,"11":0.400904025424},"and_uc":{"0":12.472108},"op_mini":{"5.0-8.0":0.300112636364},"and_chr":{"0":29.376076},"and_ff":{"0":0.160881},"edge":{"12":0.184781,"13":null}},"total":95.0501445951}