{"id":"OM","name":"Oman","month":"2015-10","access_date":"2015-11-03","data":{"chrome":{"4":0.00224,"5":0.0112,"6":0.0112,"7":0.0112,"8":0.02016,"9":0.00896,"10":0.01344,"11":0.03136,"12":0.0112,"13":0.00448,"14":0.00896,"15":0.00224,"16":0.00672,"17":0.00224,"18":0.00448,"19":0.00224,"20":0.0112,"21":0.00448,"22":0.02688,"23":0.00448,"24":0.00448,"25":0.00896,"26":0.0224,"27":0.00672,"28":0.00672,"29":0.01344,"30":0.00672,"31":0.03584,"32":0.0224,"33":0.06944,"34":0.01568,"35":0.0224,"36":0.06272,"37":0.01568,"38":0.04256,"39":0.08064,"40":0.04256,"41":0.02912,"42":0.18368,"43":0.21952,"44":0.24864,"45":5.17216,"46":5.03776,"47":0.09632,"48":0.03808,"49":0},"firefox":{"2":0,"3":0.00448,"3.5":0.00224,"3.6":0.0112,"4":0.00448,"5":0.00224,"6":0.00448,"7":0.00224,"8":0.00448,"9":0.00224,"10":0.00672,"11":0.00448,"12":0.01792,"13":0.00672,"14":0.00672,"15":0.00448,"16":0.01568,"17":0.00224,"18":0.00448,"19":0.00448,"20":0.00224,"21":0.00224,"22":0.00224,"23":0.00448,"24":0.00448,"25":0.00896,"26":0,"27":0.00448,"28":0.00896,"29":0.00896,"30":0.0112,"31":0.00896,"32":0.01792,"33":0.0112,"34":0.00896,"35":0.01792,"36":0.01568,"37":0.04032,"38":0.0784,"39":0.09632,"40":0.25536,"41":1.48736,"42":0.11648,"43":0.00224,"44":0.00448},"opera":{"9":0,"9.5-9.6":0,"10.0-10.1":0,"10.5":0,"10.6":0,"11":0,"11.1":0,"11.5":0,"11.6":0,"12":0.01792,"12.1":0.00896,"15":0,"16":0.00672,"17":0,"18":0,"19":0.00224,"20":0,"21":0,"22":0,"23":0,"24":0,"25":0.00672,"26":0,"27":0,"28":0.00224,"29":0.00672,"30":0.0112,"31":0.00448,"32":0.23296,"33":0.00896,"34":0},"safari":{"3.1":0,"3.2":0,"4":0.00224,"5":0.01344,"5.1":0.02912,"6":0.01344,"6.1":0.02016,"7":0.01792,"7.1":0.03584,"8":0.16128,"9":0.24864},"android":{"2.1":0,"2.2":0,"2.3":0.222417576804,"3":0,"4":0.648403783224,"4.1":2.32596008284,"4.2-4.3":4.86302837418,"4.4":9.07765296514,"4.4.3-4.4.4":4.70469721781,"44":null},"ios_saf":{"3.2":0,"4.0-4.1":0,"4.2-4.3":0,"5.0-5.1":0.00964470184643,"6.0-6.1":0.0101039733629,"7.0-7.1":0.246169532842,"8":0.0330675491878,"8.1-8.4":1.10041455353,"9.0-9.1":3.15243968923},"op_mob":{"10":0,"11":0,"11.1":0,"11.5":0,"12":0.000638219641993,"12.1":0.00191465892598,"0":0.0223376874698},"ie":{"5.5":0,"6":0.00451774033697,"7":0.00677661050545,"8":0.684437661051,"9":0.786086818632,"10":0.609894945491,"11":2.46216848365},"bb":{"7":0.04268,"10":null},"ie_mob":{"10":0.0600879693487,"11":0.273592030651},"op_mini":{"5.0-8.0":0.238949433962},"and_chr":{"0":37.58648},"and_ff":{"0":0.04656},"edge":{"12":0.23968,"13":null},"and_uc":{"0":12.31512}},"total":96.6629622597}