{"id":"PA","name":"Panama","month":"2015-08","access_date":"2015-09-03","data":{"chrome":{"4":0.006488,"5":0,"6":0,"7":0,"8":0,"9":0,"10":0,"11":0.06488,"12":0.006488,"13":0,"14":0,"15":0,"16":0,"17":0,"18":0.025952,"19":0,"20":0,"21":0.012976,"22":0.045416,"23":0,"24":0.006488,"25":0.012976,"26":0.051904,"27":0.012976,"28":0.012976,"29":0.019464,"30":0.019464,"31":0.123272,"32":0.03244,"33":0.045416,"34":0.06488,"35":0.123272,"36":0.142736,"37":0.142736,"38":0.181664,"39":0.253032,"40":0.123272,"41":0.09732,"42":0.220592,"43":1.907472,"44":31.843104,"45":0.175176,"46":0.071368,"47":0.006488,"48":0},"firefox":{"2":0.006488,"3":0.012976,"3.5":0.038928,"3.6":0.025952,"4":0.006488,"5":0.006488,"6":0.006488,"7":0,"8":0,"9":0,"10":0,"11":0.012976,"12":0.012976,"13":0.006488,"14":0.006488,"15":0.006488,"16":0.012976,"17":0,"18":0.006488,"19":0,"20":0.019464,"21":0.006488,"22":0.006488,"23":0.012976,"24":0.012976,"25":0.012976,"26":0.006488,"27":0.012976,"28":0.012976,"29":0.012976,"30":0.019464,"31":0.038928,"32":0.019464,"33":0.038928,"34":0.025952,"35":0.058392,"36":0.090832,"37":0.155712,"38":0.55148,"39":3.821432,"40":2.711984,"41":0.03244,"42":0,"43":0},"opera":{"9":0,"9.5-9.6":0,"10.0-10.1":0,"10.5":0,"10.6":0,"11":0,"11.1":0,"11.5":0,"11.6":0,"12":0,"12.1":0.051904,"15":0,"16":0,"17":0,"18":0,"19":0,"20":0,"21":0,"22":0,"23":0,"24":0,"25":0,"26":0,"27":0,"28":0.006488,"29":0.025952,"30":0.155712,"31":0.51904,"32":0.012976,"33":0},"safari":{"3.1":0,"3.2":0,"4":0.019464,"5":0.09732,"5.1":0.240056,"6":0.077856,"6.1":0.175176,"7":0.214104,"7.1":0.590408,"8":2.212408,"9":0.038928},"android":{"2.1":0,"2.2":0,"2.3":0.236433325516,"3":0,"4":0.753631225083,"4.1":2.64509782921,"4.2-4.3":5.75197949732,"4.4":0.0369427071119,"4.4.3-4.4.4":5.06853941575,"44":null},"ios_saf":{"3.2":0,"4.0-4.1":0,"4.2-4.3":0,"5.0-5.1":0.0189920917597,"6.0-6.1":0.0316534862662,"7.0-7.1":0.521649453667,"8":0.0715368789617,"8.1-8.4":5.6070985572,"9":0.0411495321461},"op_mob":{"10":0,"11":0,"11.1":0,"11.5":0,"12":0.0018932593014,"12.1":0.0037865186028,"0":0.0586910383434},"ie":{"5.5":0,"6":0.0195588884826,"7":0.0521570359537,"8":1.3560829348,"9":0.723678873857,"10":1.25828849238,"11":7.24982799756},"bb":{"7":0.079898,"10":null},"ie_mob":{"10":0.0438107118644,"11":0.180957288136},"and_uc":{"0":0.3512},"op_mini":{"5.0-8.0":0.659101183752},"and_chr":{"0":17.0794},"and_ff":{"0":0.108872},"edge":{"12":0.609872,"13":null}},"total":98.762740223}