{"id":"PE","name":"Peru","month":"2016-02","access_date":"2016-03-03","data":{"firefox":{"2":0,"3":0.016262,"3.5":0,"3.6":0.016262,"4":0,"5":0,"6":0.024393,"7":0,"8":0.008131,"9":0,"10":0.008131,"11":0.008131,"12":0.016262,"13":0.008131,"14":0.016262,"15":0.008131,"16":0.008131,"17":0.008131,"18":0,"19":0.008131,"20":0.024393,"21":0.016262,"22":0.008131,"23":0.008131,"24":0.008131,"25":0.008131,"26":0.008131,"27":0.008131,"28":0.008131,"29":0.016262,"30":0.024393,"31":0.130096,"32":0.016262,"33":0.032524,"34":0.032524,"35":0.032524,"36":0.040655,"37":0.065048,"38":0.089441,"39":0.105703,"40":0.089441,"41":0.105703,"42":0.138227,"43":1.357877,"44":2.788933,"45":0.024393,"46":0.008131,"47":0},"chrome":{"4":0,"5":0,"6":0,"7":0,"8":0,"9":0,"10":0,"11":0.032524,"12":0.008131,"13":0.008131,"14":0,"15":0.008131,"16":0,"17":0.008131,"18":0.024393,"19":0,"20":0.016262,"21":0.016262,"22":0.105703,"23":0.024393,"24":0.016262,"25":0.040655,"26":0.08131,"27":0.032524,"28":0.016262,"29":0.097572,"30":0.024393,"31":0.097572,"32":0.032524,"33":0.08131,"34":0.089441,"35":0.089441,"36":0.105703,"37":0.113834,"38":0.146358,"39":0.203275,"40":0.170751,"41":0.178882,"42":0.16262,"43":0.528515,"44":0.756183,"45":0.764314,"46":1.178995,"47":2.984077,"48":55.77866,"49":0.170751,"50":0.089441,"51":0},"opera":{"9":0,"9.5-9.6":0,"10.0-10.1":0,"10.5":0,"10.6":0,"11":0,"11.1":0,"11.5":0,"11.6":0,"12":0,"12.1":0.016262,"15":0,"16":0,"17":0,"18":0,"19":0,"20":0,"21":0,"22":0,"23":0,"24":0,"25":0,"26":0,"27":0,"28":0.016262,"29":0.008131,"30":0.008131,"31":0.016262,"32":0.008131,"33":0.008131,"34":0.16262,"35":0.479729,"36":0.008131},"safari":{"3.1":0,"3.2":0,"4":0.016262,"5":0.008131,"5.1":0.032524,"6":0.016262,"6.1":0.024393,"7":0.032524,"7.1":0.024393,"8":0.154489,"9":0.561039,"9.1":0},"android":{"2.1":0,"2.2":0,"2.3":0.0140464446671,"3":0,"4":0.12153228212,"4.1":0.255889578936,"4.2-4.3":0.574072086395,"4.4":1.1560834676,"4.4.3-4.4.4":0.621097140281,"47":null},"ios_saf":{"3.2":0,"4.0-4.1":0,"4.2-4.3":0,"5.0-5.1":0,"6.0-6.1":0,"7.0-7.1":0.102777171126,"8":0.00697704033752,"8.1-8.4":0.283911872196,"9.0-9.2":2.21413691634,"9.3":null},"op_mob":{"10":0,"11":0,"11.1":0,"11.5":0,"12":7.8689117395e-5,"12.1":7.8689117395e-5,"0":0.00338363204799},"ie":{"5.5":0,"6":0.0257054248609,"7":0.00856847495362,"8":0.865415970315,"9":0.317033573284,"10":0.5912247718,"11":2.79332283488},"bb":{"7":0.026166,"10":null},"ie_mob":{"10":0.217892737864,"11":0.963315262136},"edge":{"12":0.187013,"13":0.300847,"14":0},"and_uc":{"0":0.274743},"op_mini":{"5.0-8.0":1.37391198972},"and_chr":{"0":14.325073},"and_ff":{"0":0.063546}},"total":98.9235350501}