{"id":"PE","name":"Peru","month":"2015-10","access_date":"2015-11-03","data":{"chrome":{"4":0,"5":0,"6":0,"7":0,"8":0.008255,"9":0,"10":0.008255,"11":0.057785,"12":0.008255,"13":0.024765,"14":0.008255,"15":0.01651,"16":0.008255,"17":0.008255,"18":0.03302,"19":0.008255,"20":0.03302,"21":0.01651,"22":0.123825,"23":0.041275,"24":0.041275,"25":0.06604,"26":0.09906,"27":0.041275,"28":0.024765,"29":0.090805,"30":0.04953,"31":0.140335,"32":0.057785,"33":0.13208,"34":0.11557,"35":0.156845,"36":0.21463,"37":0.21463,"38":0.23114,"39":0.39624,"40":0.305435,"41":0.321945,"42":0.387985,"43":1.312545,"44":2.088515,"45":28.62834,"46":27.75331,"47":0.140335,"48":0.074295,"49":0},"firefox":{"2":0,"3":0.041275,"3.5":0.008255,"3.6":0.03302,"4":0.008255,"5":0.008255,"6":0.01651,"7":0,"8":0.008255,"9":0,"10":0.008255,"11":0.008255,"12":0.01651,"13":0.008255,"14":0.024765,"15":0.008255,"16":0.024765,"17":0.01651,"18":0.008255,"19":0.008255,"20":0.024765,"21":0.01651,"22":0.008255,"23":0.008255,"24":0.008255,"25":0.01651,"26":0.01651,"27":0.01651,"28":0.01651,"29":0.03302,"30":0.04953,"31":0.041275,"32":0.03302,"33":0.041275,"34":0.074295,"35":0.074295,"36":0.06604,"37":0.11557,"38":0.21463,"39":0.272415,"40":0.64389,"41":4.1275,"42":0.024765,"43":0.008255,"44":0},"opera":{"9":0,"9.5-9.6":0,"10.0-10.1":0,"10.5":0,"10.6":0,"11":0,"11.1":0,"11.5":0,"11.6":0,"12":0.008255,"12.1":0.01651,"15":0,"16":0,"17":0,"18":0,"19":0,"20":0,"21":0,"22":0,"23":0,"24":0,"25":0,"26":0,"27":0,"28":0.008255,"29":0.008255,"30":0.024765,"31":0.024765,"32":0.602615,"33":0.024765,"34":0},"safari":{"3.1":0,"3.2":0,"4":0.024765,"5":0.01651,"5.1":0.041275,"6":0.024765,"6.1":0.024765,"7":0.04953,"7.1":0.090805,"8":0.288925,"9":0.321945},"android":{"2.1":0,"2.2":0,"2.3":0.0325504038661,"3":0,"4":0.094892702796,"4.1":0.340399986193,"4.2-4.3":0.71169527097,"4.4":1.32849783914,"4.4.3-4.4.4":0.688523797031,"44":null},"ios_saf":{"3.2":0,"4.0-4.1":0,"4.2-4.3":0,"5.0-5.1":0.00457891534658,"6.0-6.1":0.00479695893452,"7.0-7.1":0.116871363132,"8":0.0156991383311,"8.1-8.4":0.522432436687,"9.0-9.1":1.49665118757},"op_mob":{"10":0,"11":0,"11.1":0,"11.5":0,"12":0.00504842767296,"12.1":0.0151452830189,"0":0.176694968553},"ie":{"5.5":0,"6":0.0257385626536,"7":0.017159041769,"8":1.61294992629,"9":0.497612211302,"10":1.02954250614,"11":3.68061445946},"bb":{"7":0.04057125,"10":null},"ie_mob":{"10":0.215250095785,"11":0.980074904215},"op_mini":{"5.0-8.0":1.89013132075},"and_chr":{"0":11.495205},"and_ff":{"0":0.088995},"edge":{"12":0.387985,"13":null},"and_uc":{"0":0.287925}},"total":99.1026679576}