{"id":"PF","name":"French Polynesia","month":"2015-08","access_date":"2015-09-03","data":{"chrome":{"4":0,"5":0,"6":0,"7":0,"8":0,"9":0,"10":0,"11":0.016302,"12":0.008151,"13":0,"14":0,"15":0,"16":0,"17":0.008151,"18":0,"19":0,"20":0,"21":0.008151,"22":0.195624,"23":0.008151,"24":0.024453,"25":0.008151,"26":0.040755,"27":0.008151,"28":0.024453,"29":0,"30":0.008151,"31":0.122265,"32":0.016302,"33":0.057057,"34":0.040755,"35":0.089661,"36":0.097812,"37":0.08151,"38":0.114114,"39":0.203775,"40":0.065208,"41":0.138567,"42":0.277134,"43":1.198197,"44":23.491182,"45":0.114114,"46":0.114114,"47":0,"48":0},"firefox":{"2":0.016302,"3":0.016302,"3.5":0.008151,"3.6":0.122265,"4":0.008151,"5":0.024453,"6":0.008151,"7":0.040755,"8":0,"9":0.024453,"10":0.048906,"11":0.016302,"12":0.073359,"13":0.008151,"14":0.008151,"15":0.008151,"16":0.073359,"17":0.057057,"18":0.016302,"19":0.008151,"20":0.016302,"21":0.024453,"22":0.016302,"23":0.016302,"24":0.024453,"25":0.016302,"26":0.130416,"27":0.008151,"28":0.048906,"29":0.016302,"30":0.146718,"31":0.138567,"32":0.130416,"33":0.040755,"34":0.236379,"35":0.122265,"36":0.089661,"37":0.268983,"38":0.839553,"39":11.623326,"40":8.012433,"41":0.097812,"42":0.024453,"43":0},"opera":{"9":0,"9.5-9.6":0,"10.0-10.1":0,"10.5":0,"10.6":0,"11":0,"11.1":0,"11.5":0,"11.6":0.008151,"12":0.008151,"12.1":0.057057,"15":0,"16":0,"17":0,"18":0,"19":0,"20":0,"21":0,"22":0,"23":0,"24":0,"25":0.008151,"26":0,"27":0,"28":0.130416,"29":0.008151,"30":0.187473,"31":0.497211,"32":0.008151,"33":0},"safari":{"3.1":0,"3.2":0,"4":0.040755,"5":0.260832,"5.1":0.937365,"6":0.154869,"6.1":0.472758,"7":0.301587,"7.1":1.043328,"8":3.643497,"9":0.008151},"android":{"2.1":0,"2.2":0,"2.3":0.0854215488147,"3":0,"4":0.272281186847,"4.1":0.955653577364,"4.2-4.3":2.07814611726,"4.4":0.0133471170023,"4.4.3-4.4.4":1.83122445271,"44":null},"ios_saf":{"3.2":0,"4.0-4.1":0,"4.2-4.3":0,"5.0-5.1":0.0532934500453,"6.0-6.1":0.0888224167421,"7.0-7.1":1.46379342791,"8":0.200738661837,"8.1-8.4":15.7340029017,"9":0.115469141765},"op_mob":{"10":0,"11":0,"11.1":0,"11.5":0,"12":0.00063386471726,"12.1":0.00126772943452,"0":0.0196498062351},"ie":{"5.5":0,"6":0.008151,"7":0.065208,"8":1.05963,"9":0.432003,"10":0.89661,"11":6.414837},"bb":{"7":0.005547,"10":null},"ie_mob":{"10":0.118931440678,"11":0.491238559322},"and_uc":{"0":0.088752},"op_mini":{"5.0-8.0":0.220667599613},"and_chr":{"0":8.224397},"and_ff":{"0":0.12943},"edge":{"12":0.448305,"13":null}},"total":98.55}