{"id":"PF","name":"French Polynesia","month":"2015-10","access_date":"2015-11-03","data":{"chrome":{"4":0,"5":0,"6":0,"7":0,"8":0,"9":0,"10":0,"11":0.032232,"12":0,"13":0,"14":0,"15":0,"16":0,"17":0,"18":0.008058,"19":0,"20":0.008058,"21":0.008058,"22":0.048348,"23":0.016116,"24":0.008058,"25":0.008058,"26":0.032232,"27":0.016116,"28":0.016116,"29":0.016116,"30":0.008058,"31":0.104754,"32":0.032232,"33":0.024174,"34":0.056406,"35":0.04029,"36":0.193392,"37":0.064464,"38":0.072522,"39":0.136986,"40":0.257856,"41":0.104754,"42":0.314262,"43":0.24174,"44":0.410958,"45":12.876684,"46":12.715524,"47":0.096696,"48":0.16116,"49":0},"firefox":{"2":0.016116,"3":0.008058,"3.5":0.032232,"3.6":0.072522,"4":0.016116,"5":0.04029,"6":0.008058,"7":0.04029,"8":0,"9":0.032232,"10":0.064464,"11":0.008058,"12":0.145044,"13":0.032232,"14":0.008058,"15":0.024174,"16":0.12087,"17":0.104754,"18":0.008058,"19":0.008058,"20":0.008058,"21":0.056406,"22":0.016116,"23":0.016116,"24":0.048348,"25":0.032232,"26":0.128928,"27":0.016116,"28":0.048348,"29":0.04029,"30":0.064464,"31":0.16116,"32":0.16116,"33":0.048348,"34":0.088638,"35":0.169218,"36":0.193392,"37":0.185334,"38":0.813858,"39":0.290088,"40":2.046732,"41":16.744524,"42":0.104754,"43":0.032232,"44":0},"opera":{"9":0,"9.5-9.6":0.008058,"10.0-10.1":0,"10.5":0,"10.6":0,"11":0.008058,"11.1":0,"11.5":0,"11.6":0.008058,"12":0.008058,"12.1":0.04029,"15":0,"16":0,"17":0,"18":0,"19":0,"20":0,"21":0,"22":0,"23":0,"24":0,"25":0.008058,"26":0,"27":0,"28":0.12087,"29":0,"30":0.008058,"31":0,"32":0.346494,"33":0.016116,"34":0},"safari":{"3.1":0,"3.2":0,"4":0.048348,"5":0.273972,"5.1":0.76551,"6":0.145044,"6.1":0.370668,"7":0.298146,"7.1":0.556002,"8":2.038674,"9":2.465748},"android":{"2.1":0,"2.2":0,"2.3":0.0755745398688,"3":0,"4":0.220318997584,"4.1":0.790330357611,"4.2-4.3":1.65239248188,"4.4":3.08446596617,"4.4.3-4.4.4":1.59859365689,"44":null},"ios_saf":{"3.2":0,"4.0-4.1":0,"4.2-4.3":0,"5.0-5.1":0.0307928778125,"6.0-6.1":0.0322592053274,"7.0-7.1":0.785951547977,"8":0.105575581072,"8.1-8.4":3.51332072566,"9.0-9.1":10.0648720622},"op_mob":{"10":0,"11":0,"11.1":0,"11.5":0,"12":0.000718737300435,"12.1":0.00215621190131,"0":0.0251558055152},"ie":{"5.5":0,"6":0.008058,"7":0.08058,"8":0.620466,"9":0.370668,"10":0.838032,"11":6.8493},"bb":{"7":0.0053405,"10":null},"ie_mob":{"10":0.111557111111,"11":0.507940888889},"op_mini":{"5.0-8.0":0.269095245283},"and_chr":{"0":8.339558},"and_ff":{"0":0.122346},"edge":{"12":0.813858,"13":null},"and_uc":{"0":0.08739}},"total":98.9759205}