{"id":"PG","name":"Papua New Guinea","month":"2015-08","access_date":"2015-09-03","data":{"chrome":{"4":0.001395,"5":0.01116,"6":0,"7":0.00279,"8":0.00279,"9":0,"10":0.004185,"11":0.03069,"12":0.004185,"13":0.001395,"14":0,"15":0.001395,"16":0.001395,"17":0.001395,"18":0.032085,"19":0,"20":0.001395,"21":0.05301,"22":0.00279,"23":0.00279,"24":0.006975,"25":0.00279,"26":0.018135,"27":0.00279,"28":0.012555,"29":0.00558,"30":0.00558,"31":0.065565,"32":0.00558,"33":0.03069,"34":0.00279,"35":0.1395,"36":0.03627,"37":0.00837,"38":0.01116,"39":0.020925,"40":0.029295,"41":0.0558,"42":0.073935,"43":0.152055,"44":2.643525,"45":0.004185,"46":0.020925,"47":0,"48":0},"firefox":{"2":0.00558,"3":0.023715,"3.5":0.006975,"3.6":0.026505,"4":0.018135,"5":0.004185,"6":0.004185,"7":0.009765,"8":0.185535,"9":0.004185,"10":0.01953,"11":0.01674,"12":0.02232,"13":0.01395,"14":0.009765,"15":0.01674,"16":0.05022,"17":0.004185,"18":0.032085,"19":0.004185,"20":0.026505,"21":0.00558,"22":0.009765,"23":0.004185,"24":0.004185,"25":0.00558,"26":0.004185,"27":0.004185,"28":0.015345,"29":0.009765,"30":0.01395,"31":0.0558,"32":0.21204,"33":0.018135,"34":0.01395,"35":0.046035,"36":0.043245,"37":0.085095,"38":0.771435,"39":1.35594,"40":0.4464,"41":0.0279,"42":0.004185,"43":0},"opera":{"9":0,"9.5-9.6":0,"10.0-10.1":0,"10.5":0,"10.6":0.001395,"11":0.00279,"11.1":0,"11.5":0.00558,"11.6":0.00279,"12":0.00279,"12.1":0.03627,"15":0.004185,"16":0.001395,"17":0,"18":0.004185,"19":0.009765,"20":0.001395,"21":0.00279,"22":0,"23":0,"24":0.001395,"25":0,"26":0.012555,"27":0.001395,"28":0.006975,"29":0.023715,"30":0.101835,"31":0.06696,"32":0.001395,"33":0},"safari":{"3.1":0,"3.2":0,"4":0.004185,"5":0.01395,"5.1":0.02232,"6":0.015345,"6.1":0.01395,"7":0.01953,"7.1":0.04464,"8":0.085095,"9":0},"android":{"2.1":0,"2.2":0,"2.3":0.54718572521,"3":0,"4":1.74415449911,"4.1":6.12164030079,"4.2-4.3":13.3120027211,"4.4":0.0854977695641,"4.4.3-4.4.4":11.7302939842,"44":null},"ios_saf":{"3.2":0,"4.0-4.1":0,"4.2-4.3":0,"5.0-5.1":0.00491074554784,"6.0-6.1":0.00818457591307,"7.0-7.1":0.134881811047,"8":0.0184971415635,"8.1-8.4":1.44981577724,"9":0.010639948687},"op_mob":{"10":0,"11":0,"11.1":0,"11.5":0,"12":0.0172941995676,"12.1":0.0345883991353,"0":0.536120186597},"ie":{"5.5":0,"6":0.0139858085809,"7":0.0139858085809,"8":0.546845115512,"9":0.476916072607,"10":0.874113036304,"11":1.88388841584},"bb":{"7":0.0387225,"10":null},"ie_mob":{"10":0.218041949153,"11":0.900608050847},"and_uc":{"0":31.20173},"op_mini":{"5.0-8.0":6.0206372147},"and_chr":{"0":7.929675},"and_ff":{"0":0.094655},"edge":{"12":0.0279,"13":null}},"total":93.6796767574}