{"id":"PG","name":"Papua New Guinea","month":"2015-10","access_date":"2015-11-03","data":{"chrome":{"4":0.002632,"5":0,"6":0,"7":0.003948,"8":0.001316,"9":0.00658,"10":0,"11":0.030268,"12":0.007896,"13":0.005264,"14":0,"15":0,"16":0,"17":0.001316,"18":0.00658,"19":0.002632,"20":0.001316,"21":0.009212,"22":0.003948,"23":0.002632,"24":0.001316,"25":0.005264,"26":0.018424,"27":0.003948,"28":0.01316,"29":0.002632,"30":0.005264,"31":0.044744,"32":0.00658,"33":0.010528,"34":0.003948,"35":0.014476,"36":0.038164,"37":0.022372,"38":0.009212,"39":0.02632,"40":0.028952,"41":0.042112,"42":0.056588,"43":0.093436,"44":0.206612,"45":1.53314,"46":1.310736,"47":0.007896,"48":0.005264,"49":0},"firefox":{"2":0.002632,"3":0.02632,"3.5":0.009212,"3.6":0.007896,"4":0.009212,"5":0.002632,"6":0.009212,"7":0.00658,"8":0.044744,"9":0.003948,"10":0.007896,"11":0.01974,"12":0.027636,"13":0.005264,"14":0.010528,"15":0.009212,"16":0.01316,"17":0.003948,"18":0.017108,"19":0.005264,"20":0.011844,"21":0.007896,"22":0.00658,"23":0.00658,"24":0.002632,"25":0.002632,"26":0.003948,"27":0.005264,"28":0.00658,"29":0.01316,"30":0.010528,"31":0.094752,"32":0.036848,"33":0.01974,"34":0.05264,"35":0.048692,"36":0.030268,"37":0.080276,"38":0.201348,"39":0.100016,"40":0.2961,"41":1.119916,"42":0.094752,"43":0.002632,"44":0.002632},"opera":{"9":0,"9.5-9.6":0,"10.0-10.1":0,"10.5":0,"10.6":0.001316,"11":0,"11.1":0,"11.5":0.001316,"11.6":0.005264,"12":0.00658,"12.1":0.030268,"15":0,"16":0.001316,"17":0.001316,"18":0.003948,"19":0.00658,"20":0.00658,"21":0,"22":0.002632,"23":0,"24":0,"25":0,"26":0.003948,"27":0.005264,"28":0.001316,"29":0.010528,"30":0.051324,"31":0.003948,"32":0.147392,"33":0.005264,"34":0},"safari":{"3.1":0,"3.2":0,"4":0.005264,"5":0.010528,"5.1":0.027636,"6":0.043428,"6.1":0.023688,"7":0.022372,"7.1":0.02632,"8":0.068432,"9":0.04606},"android":{"2.1":0,"2.2":0,"2.3":0.280290161546,"3":0,"4":0.817117081118,"4.1":2.93116999448,"4.2-4.3":6.12837810839,"4.4":11.4396391357,"4.4.3-4.4.4":5.92884951881,"44":null},"ios_saf":{"3.2":0,"4.0-4.1":0,"4.2-4.3":0,"5.0-5.1":0.00292407466451,"6.0-6.1":0.00306331631521,"7.0-7.1":0.0746335247705,"8":0.0100253988498,"8.1-8.4":0.333622995056,"9.0-9.1":0.955754690344},"op_mob":{"10":0,"11":0,"11.1":0,"11.5":0,"12":0.0115324528302,"12.1":0.0345973584906,"0":0.403635849057},"ie":{"5.5":0,"6":0.0079040434635,"7":0.010538724618,"8":0.437357071647,"9":0.472925267233,"10":0.665256991511,"11":2.28031653922},"bb":{"7":0.04342,"10":null},"ie_mob":{"10":0.195473180077,"11":0.890026819923},"op_mini":{"5.0-8.0":4.31775033962},"and_chr":{"0":9.286408},"and_ff":{"0":0.095524},"edge":{"12":0.077644,"13":null},"and_uc":{"0":40.146132}},"total":94.9487666377}