{"id":"PH","name":"Philippines","month":"2015-08","access_date":"2015-09-03","data":{"chrome":{"4":0.013778,"5":0.013778,"6":0.034445,"7":0.020667,"8":0.020667,"9":0.013778,"10":0.048223,"11":0.062001,"12":0.055112,"13":0.020667,"14":0.027556,"15":0.020667,"16":0.034445,"17":0.020667,"18":0.096446,"19":0.020667,"20":0.020667,"21":0.027556,"22":0.082668,"23":0.048223,"24":0.048223,"25":0.062001,"26":0.124002,"27":0.062001,"28":0.075779,"29":0.062001,"30":0.075779,"31":0.213559,"32":0.082668,"33":0.337561,"34":0.124002,"35":0.227337,"36":0.20667,"37":0.20667,"38":0.248004,"39":0.489119,"40":0.447785,"41":0.378895,"42":0.730234,"43":3.203385,"44":34.658559,"45":0.385784,"46":0.571787,"47":0.006889,"48":0},"firefox":{"2":0,"3":0.006889,"3.5":0.006889,"3.6":0.055112,"4":0.020667,"5":0.013778,"6":0.020667,"7":0.006889,"8":0.013778,"9":0.013778,"10":0.020667,"11":0.034445,"12":0.055112,"13":0.027556,"14":0.027556,"15":0.027556,"16":0.034445,"17":0.020667,"18":0.027556,"19":0.020667,"20":0.048223,"21":0.041334,"22":0.027556,"23":0.027556,"24":0.041334,"25":0.027556,"26":0.041334,"27":0.041334,"28":0.034445,"29":0.096446,"30":0.124002,"31":0.117113,"32":0.103335,"33":0.130891,"34":0.172225,"35":0.165336,"36":0.172225,"37":0.496008,"38":0.902459,"39":3.878507,"40":2.707377,"41":0.27556,"42":0.006889,"43":0},"opera":{"9":0,"9.5-9.6":0,"10.0-10.1":0,"10.5":0,"10.6":0,"11":0,"11.1":0,"11.5":0,"11.6":0,"12":0,"12.1":0.027556,"15":0,"16":0.041334,"17":0,"18":0,"19":0,"20":0,"21":0,"22":0,"23":0,"24":0.006889,"25":0.006889,"26":0.006889,"27":0.006889,"28":0.034445,"29":0.020667,"30":0.172225,"31":0.337561,"32":0,"33":0},"safari":{"3.1":0,"3.2":0,"4":0.013778,"5":0.041334,"5.1":0.082668,"6":0.020667,"6.1":0.048223,"7":0.062001,"7.1":0.124002,"8":0.564898,"9":0.006889},"android":{"2.1":0,"2.2":0,"2.3":0.121068553658,"3":0,"4":0.385906014785,"4.1":1.35445444405,"4.2-4.3":2.94537090696,"4.4":0.018916961509,"4.4.3-4.4.4":2.59540711904,"44":null},"ios_saf":{"3.2":0,"4.0-4.1":0,"4.2-4.3":0,"5.0-5.1":0.0307090310896,"6.0-6.1":0.0511817184827,"7.0-7.1":0.843474720596,"8":0.115670683771,"8.1-8.4":9.06632961203,"9":0.0665362340276},"op_mob":{"10":0,"11":0,"11.1":0,"11.5":0,"12":0.0120815396518,"12.1":0.0241630793037,"0":0.374527729207},"ie":{"5.5":0,"6":0.0346576234568,"7":0.097041345679,"8":1.0466602284,"9":0.270329462963,"10":0.485206728395,"11":1.41403103704},"bb":{"7":0.0388875,"10":null},"ie_mob":{"10":0.0679147118644,"11":0.280517288136},"and_uc":{"0":2.025261},"op_mini":{"5.0-8.0":4.20595165184},"and_chr":{"0":14.943393},"and_ff":{"0":0.133773},"edge":{"12":0.241115,"13":null}},"total":98.7814329259}