{"id":"PH","name":"Philippines","month":"2015-10","access_date":"2015-11-03","data":{"chrome":{"4":0.006783,"5":0.013566,"6":0.027132,"7":0.020349,"8":0.013566,"9":0.013566,"10":0.040698,"11":0.061047,"12":0.047481,"13":0.013566,"14":0.020349,"15":0.020349,"16":0.040698,"17":0.013566,"18":0.074613,"19":0.020349,"20":0.020349,"21":0.033915,"22":0.06783,"23":0.040698,"24":0.040698,"25":0.054264,"26":0.115311,"27":0.061047,"28":0.074613,"29":0.054264,"30":0.061047,"31":0.230622,"32":0.06783,"33":0.291669,"34":0.101745,"35":0.162792,"36":0.189924,"37":0.156009,"38":0.196707,"39":0.373065,"40":0.298452,"41":0.244188,"42":0.535857,"43":1.139544,"44":1.594005,"45":20.287953,"46":17.052462,"47":0.440895,"48":0.244188,"49":0},"firefox":{"2":0,"3":0.006783,"3.5":0.006783,"3.6":0.047481,"4":0.020349,"5":0.020349,"6":0.020349,"7":0.006783,"8":0.006783,"9":0.006783,"10":0.020349,"11":0.033915,"12":0.047481,"13":0.027132,"14":0.020349,"15":0.027132,"16":0.054264,"17":0.020349,"18":0.027132,"19":0.027132,"20":0.033915,"21":0.040698,"22":0.020349,"23":0.020349,"24":0.047481,"25":0.020349,"26":0.033915,"27":0.033915,"28":0.027132,"29":0.081396,"30":0.088179,"31":0.081396,"32":0.074613,"33":0.094962,"34":0.081396,"35":0.122094,"36":0.094962,"37":0.162792,"38":0.40698,"39":0.352716,"40":1.037799,"41":4.795581,"42":0.440895,"43":0.013566,"44":0.006783},"opera":{"9":0,"9.5-9.6":0,"10.0-10.1":0,"10.5":0,"10.6":0,"11":0,"11.1":0,"11.5":0,"11.6":0,"12":0,"12.1":0.020349,"15":0,"16":0.027132,"17":0,"18":0,"19":0,"20":0,"21":0,"22":0,"23":0,"24":0,"25":0,"26":0.006783,"27":0.006783,"28":0.027132,"29":0.006783,"30":0.027132,"31":0.013566,"32":0.440895,"33":0.020349,"34":0},"safari":{"3.1":0,"3.2":0,"4":0.013566,"5":0.040698,"5.1":0.074613,"6":0.020349,"6.1":0.047481,"7":0.061047,"7.1":0.081396,"8":0.386631,"9":0.345933},"android":{"2.1":0,"2.2":0,"2.3":0.0764452837418,"3":0,"4":0.222857437349,"4.1":0.799436272351,"4.2-4.3":1.67143078012,"4.4":3.12000412289,"4.4.3-4.4.4":1.61701210356,"44":null},"ios_saf":{"3.2":0,"4.0-4.1":0,"4.2-4.3":0,"5.0-5.1":0.021079976289,"6.0-6.1":0.0220837846837,"7.0-7.1":0.538041299566,"8":0.0722742044193,"8.1-8.4":2.40512491373,"9.0-9.1":6.89014082131},"op_mob":{"10":0,"11":0,"11.1":0,"11.5":0,"12":0.00866115384615,"12.1":0.0259834615385,"0":0.303140384615},"ie":{"5.5":0,"6":0.171497619048,"7":0.0480193333333,"8":0.665410761905,"9":0.260676380952,"10":0.404734380952,"11":1.44058},"bb":{"7":0.045038,"10":null},"ie_mob":{"10":0.0700960881226,"11":0.319160911877},"op_mini":{"5.0-8.0":3.242736},"and_chr":{"0":16.689061},"and_ff":{"0":0.061123},"edge":{"12":0.291669,"13":null},"and_uc":{"0":2.216513}},"total":98.7301614762}