{"id":"PH","name":"Philippines","month":"2016-02","access_date":"2016-03-03","data":{"firefox":{"2":0,"3":0.020871,"3.5":0.006957,"3.6":0.034785,"4":0.013914,"5":0.013914,"6":0.020871,"7":0.006957,"8":0.006957,"9":0.006957,"10":0.013914,"11":0.020871,"12":0.06957,"13":0.020871,"14":0.020871,"15":0.020871,"16":0.027828,"17":0.013914,"18":0.020871,"19":0.020871,"20":0.041742,"21":0.118269,"22":0.034785,"23":0.027828,"24":0.055656,"25":0.041742,"26":0.027828,"27":0.027828,"28":0.034785,"29":0.06957,"30":0.062613,"31":0.06957,"32":0.055656,"33":0.083484,"34":0.055656,"35":0.076527,"36":0.06957,"37":0.173925,"38":0.243495,"39":0.173925,"40":0.173925,"41":0.187839,"42":0.20871,"43":1.767078,"44":3.283704,"45":0.403506,"46":0.013914,"47":0},"chrome":{"4":0.006957,"5":0.013914,"6":0.020871,"7":0.013914,"8":0.013914,"9":0.006957,"10":0.027828,"11":0.048699,"12":0.034785,"13":0.013914,"14":0.013914,"15":0.013914,"16":0.027828,"17":0.013914,"18":0.062613,"19":0.013914,"20":0.020871,"21":0.020871,"22":0.062613,"23":0.027828,"24":0.027828,"25":0.041742,"26":0.090441,"27":0.076527,"28":0.062613,"29":0.06957,"30":0.048699,"31":0.215667,"32":0.06957,"33":0.222624,"34":0.090441,"35":0.125226,"36":0.146097,"37":0.111312,"38":0.118269,"39":0.229581,"40":0.187839,"41":0.285237,"42":0.187839,"43":0.62613,"44":0.62613,"45":0.83484,"46":1.071378,"47":2.323638,"48":37.212993,"49":0.299151,"50":0.41742,"51":0},"opera":{"9":0,"9.5-9.6":0,"10.0-10.1":0,"10.5":0,"10.6":0,"11":0,"11.1":0,"11.5":0,"11.6":0.013914,"12":0.027828,"12.1":0.048699,"15":0,"16":0.013914,"17":0,"18":0,"19":0,"20":0,"21":0,"22":0,"23":0,"24":0,"25":0,"26":0,"27":0,"28":0.153054,"29":0.006957,"30":0.013914,"31":0.006957,"32":0.006957,"33":0.006957,"34":0.118269,"35":0.340893,"36":0},"safari":{"3.1":0,"3.2":0,"4":0.006957,"5":0.041742,"5.1":0.062613,"6":0.013914,"6.1":0.034785,"7":0.048699,"7.1":0.020871,"8":0.215667,"9":0.688743,"9.1":0},"android":{"2.1":0,"2.2":0,"2.3":0.0320423493654,"3":0,"4":0.277235979292,"4.1":0.5837280167,"4.2-4.3":1.30955688711,"4.4":2.63722466733,"4.4.3-4.4.4":1.4168291002,"47":null},"ios_saf":{"3.2":0,"4.0-4.1":0,"4.2-4.3":0,"5.0-5.1":0,"6.0-6.1":0,"7.0-7.1":0.377299692529,"8":0.0256130339576,"8.1-8.4":1.04225345874,"9.0-9.2":8.12819781478,"9.3":null},"op_mob":{"10":0,"11":0,"11.1":0,"11.5":0,"12":0.000168620965438,"12.1":0.000168620965438,"0":0.00725070151385},"ie":{"5.5":0,"6":0.0140055394737,"7":0.0280110789474,"8":0.931368375,"9":0.175069243421,"10":0.476188342105,"11":1.55461488158},"bb":{"7":0.039559,"10":null},"ie_mob":{"10":0.0752182330097,"11":0.33254376699},"edge":{"12":0.173925,"13":0.250452,"14":0},"and_uc":{"0":2.181831},"op_mini":{"5.0-8.0":2.94412205656},"and_chr":{"0":17.171228},"and_ff":{"0":0.033473}},"total":98.3760824605}