{"id":"PK","name":"Pakistan","month":"2015-08","access_date":"2015-09-03","data":{"chrome":{"4":0.008,"5":0.02,"6":0.004,"7":0.008,"8":0.016,"9":0.008,"10":0.044,"11":0.056,"12":0.044,"13":0.052,"14":0.064,"15":0.04,"16":0.08,"17":0.048,"18":0.02,"19":0.016,"20":0.016,"21":0.008,"22":0.028,"23":0.044,"24":0.04,"25":0.064,"26":0.024,"27":0.024,"28":0.028,"29":0.032,"30":0.056,"31":0.092,"32":0.032,"33":0.264,"34":0.064,"35":0.068,"36":0.06,"37":0.052,"38":0.096,"39":0.16,"40":0.16,"41":0.152,"42":0.264,"43":1.276,"44":20.132,"45":0.4,"46":0.948,"47":0.004,"48":0},"firefox":{"2":0.004,"3":0.052,"3.5":0.016,"3.6":0.048,"4":0.016,"5":0.012,"6":0.02,"7":0.008,"8":0.016,"9":0.012,"10":0.024,"11":0.028,"12":0.044,"13":0.028,"14":0.036,"15":0.036,"16":0.048,"17":0.032,"18":0.04,"19":0.024,"20":0.02,"21":0.02,"22":0.016,"23":0.024,"24":0.028,"25":0.024,"26":0.028,"27":0.032,"28":0.028,"29":0.1,"30":0.06,"31":0.052,"32":0.06,"33":0.076,"34":0.068,"35":0.084,"36":0.084,"37":0.152,"38":0.392,"39":2.112,"40":1.876,"41":0.376,"42":0.004,"43":0.004},"opera":{"9":0,"9.5-9.6":0,"10.0-10.1":0.016,"10.5":0,"10.6":0,"11":0.008,"11.1":0,"11.5":0.008,"11.6":0.02,"12":0.012,"12.1":0.064,"15":0.004,"16":0.004,"17":0.004,"18":0.008,"19":0.004,"20":0.008,"21":0.004,"22":0.004,"23":0.004,"24":0.004,"25":0.008,"26":0.012,"27":0.004,"28":0.02,"29":0.04,"30":0.388,"31":0.86,"32":0.004,"33":0},"safari":{"3.1":0,"3.2":0,"4":0.004,"5":0.008,"5.1":0.02,"6":0.004,"6.1":0.008,"7":0.008,"7.1":0.024,"8":0.088,"9":0},"android":{"2.1":0,"2.2":0,"2.3":0.168850369615,"3":0,"4":0.538210553148,"4.1":1.88901351007,"4.2-4.3":4.10781289829,"4.4":0.0263828702524,"4.4.3-4.4.4":3.61972979862,"44":null},"ios_saf":{"3.2":0,"4.0-4.1":0,"4.2-4.3":0,"5.0-5.1":0.0106731059463,"6.0-6.1":0.0177885099105,"7.0-7.1":0.293154643324,"8":0.0402020323976,"8.1-8.4":3.15105664554,"9":0.0231250628836},"op_mob":{"10":0,"11":0,"11.1":0,"11.5":0,"12":0.0374636477415,"12.1":0.074927295483,"0":1.16137307999},"ie":{"5.5":0,"6":0.0653779904306,"7":0.00817224880383,"8":0.494421052632,"9":0.0817224880383,"10":0.220650717703,"11":0.829483253589},"bb":{"7":0.0495,"10":null},"ie_mob":{"10":0.223372881356,"11":0.922627118644},"and_uc":{"0":17.898},"op_mini":{"5.0-8.0":13.0422359768},"and_chr":{"0":15.338},"and_ff":{"0":0.102},"edge":{"12":0.116,"13":null}},"total":97.6073277512}