{"id":"PM","name":"Saint Pierre and Miquelon","month":"2015-10","access_date":"2015-11-03","data":{"chrome":{"4":0,"5":0,"6":0,"7":0,"8":0,"9":0,"10":0,"11":0.066507,"12":0,"13":0,"14":0,"15":0,"16":0,"17":0,"18":0,"19":0,"20":0,"21":0.009501,"22":0,"23":0,"24":0,"25":0,"26":0,"27":0,"28":0,"29":0,"30":0.009501,"31":0.199521,"32":0.180519,"33":0.009501,"34":0,"35":0.019002,"36":0.655569,"37":0.161517,"38":0,"39":0.047505,"40":0.09501,"41":0,"42":0.009501,"43":0.427545,"44":0.275529,"45":18.374934,"46":20.094615,"47":0.009501,"48":0.228024,"49":0},"firefox":{"2":0,"3":0,"3.5":0,"3.6":0.019002,"4":0,"5":0,"6":0.009501,"7":0,"8":0,"9":0.009501,"10":0,"11":0,"12":0.009501,"13":0.009501,"14":0.009501,"15":0,"16":0.038004,"17":0.009501,"18":0,"19":0,"20":0.076008,"21":0,"22":0,"23":0,"24":0.009501,"25":0.009501,"26":0.009501,"27":0.047505,"28":0.019002,"29":0,"30":0.019002,"31":0.180519,"32":0,"33":0.047505,"34":0.076008,"35":0.009501,"36":0.047505,"37":0.085509,"38":0.617565,"39":0.161517,"40":1.928703,"41":20.199126,"42":0.256527,"43":0,"44":0},"opera":{"9":0,"9.5-9.6":0,"10.0-10.1":0,"10.5":0,"10.6":0,"11":0,"11.1":0,"11.5":0,"11.6":0,"12":0.009501,"12.1":0.057006,"15":0,"16":0,"17":0,"18":0,"19":0,"20":0.066507,"21":0,"22":0,"23":0,"24":0,"25":0,"26":0,"27":0,"28":0,"29":0,"30":0,"31":0.057006,"32":0.627066,"33":0,"34":0},"safari":{"3.1":0,"3.2":0,"4":0.009501,"5":0.038004,"5.1":0.769581,"6":0.313533,"6.1":0.313533,"7":0,"7.1":1.026108,"8":1.482156,"9":2.175729},"android":{"2.1":0,"2.2":0,"2.3":0.0172571232309,"3":0,"4":0.0503089016224,"4.1":0.18046855989,"4.2-4.3":0.377316762168,"4.4":0.704324622713,"4.4.3-4.4.4":0.365032030376,"44":null},"ios_saf":{"3.2":0,"4.0-4.1":0,"4.2-4.3":0,"5.0-5.1":0.0262874402179,"6.0-6.1":0.0275392230855,"7.0-7.1":0.670955616991,"8":0.0901283664615,"8.1-8.4":2.99927175058,"9.0-9.1":8.59223760266},"op_mob":{"10":0,"11":0,"11.1":0,"11.5":0,"12":0,"12.1":0,"0":0},"ie":{"5.5":0,"6":0.047505,"7":0.009501,"8":0.323034,"9":0.294531,"10":0.418044,"11":7.610301},"bb":{"7":0.00461575,"10":null},"ie_mob":{"10":0.00530163601533,"11":0.0241393639847},"op_mini":{"5.0-8.0":0},"and_chr":{"0":3.114783},"and_ff":{"0":0.010978},"edge":{"12":1.14012,"13":null},"and_uc":{"0":0}},"total":98.83653175}