{"id":"PM","name":"Saint Pierre and Miquelon","month":"2016-02","access_date":"2016-03-03","data":{"firefox":{"2":0,"3":0,"3.5":0,"3.6":0.009552,"4":0,"5":0,"6":0,"7":0,"8":0,"9":0,"10":0,"11":0,"12":0.076416,"13":0.009552,"14":0,"15":0,"16":0,"17":0.019104,"18":0,"19":0,"20":0,"21":0,"22":0,"23":0,"24":0,"25":0.019104,"26":0,"27":0,"28":0,"29":0.04776,"30":0.009552,"31":0.028656,"32":0,"33":0.009552,"34":0.04776,"35":0,"36":0.076416,"37":0.133728,"38":0.152832,"39":0.038208,"40":0.124176,"41":0.14328,"42":0.076416,"43":4.699584,"44":16.19064,"45":0.009552,"46":0,"47":0},"chrome":{"4":0,"5":0,"6":0,"7":0,"8":0,"9":0,"10":0,"11":0,"12":0,"13":0,"14":0,"15":0,"16":0,"17":0,"18":0,"19":0,"20":0,"21":0,"22":0,"23":0.028656,"24":0,"25":0,"26":0,"27":0,"28":0,"29":0,"30":0,"31":0.04776,"32":0.057312,"33":0,"34":0.105072,"35":0,"36":0.248352,"37":0,"38":0,"39":0.019104,"40":0.09552,"41":0,"42":0.019104,"43":0.028656,"44":0.019104,"45":0.038208,"46":0.343872,"47":0.983856,"48":38.63784,"49":0.028656,"50":0.04776,"51":0},"opera":{"9":0,"9.5-9.6":0,"10.0-10.1":0,"10.5":0,"10.6":0,"11":0,"11.1":0,"11.5":0,"11.6":0,"12":0,"12.1":0,"15":0,"16":0,"17":0,"18":0,"19":0,"20":0,"21":0,"22":0,"23":0,"24":0,"25":0,"26":0,"27":0,"28":0,"29":0,"30":0,"31":0,"32":0,"33":0,"34":0.09552,"35":0.420288,"36":0},"safari":{"3.1":0,"3.2":0,"4":0.009552,"5":0.105072,"5.1":0.439392,"6":0.19104,"6.1":0.28656,"7":0,"7.1":0.009552,"8":0.496704,"9":4.116912,"9.1":0},"android":{"2.1":0,"2.2":0,"2.3":0.00796595858383,"3":0,"4":0.0689228590514,"4.1":0.145118984636,"4.2-4.3":0.325565263861,"4.4":0.655633026052,"4.4.3-4.4.4":0.352233907816,"47":null},"ios_saf":{"3.2":0,"4.0-4.1":0,"4.2-4.3":0,"5.0-5.1":0,"6.0-6.1":0,"7.0-7.1":0.622698252315,"8":0.0422719440214,"8.1-8.4":1.72014295287,"9.0-9.2":13.4148388508,"9.3":null},"op_mob":{"10":0,"11":0,"11.1":0,"11.5":0,"12":0,"12.1":0,"0":0},"ie":{"5.5":0,"6":0,"7":0.009552,"8":0.181488,"9":0.171936,"10":0.257904,"11":4.670928},"bb":{"7":0.003248,"10":null},"ie_mob":{"10":0.00239658252427,"11":0.0105954174757},"edge":{"12":0.277008,"13":3.066192,"14":0},"and_uc":{"0":0},"op_mini":{"5.0-8.0":0},"and_chr":{"0":3.43192},"and_ff":{"0":0}},"total":98.279824}