{"id":"PN","name":"Pitcairn Islands","month":"2015-10","access_date":"2015-11-03","data":{"chrome":{"4":0,"5":0,"6":0,"7":0,"8":0,"9":0,"10":0,"11":0,"12":0,"13":0,"14":0,"15":0,"16":0,"17":0,"18":0,"19":0,"20":0,"21":0,"22":0,"23":0,"24":0,"25":0,"26":0,"27":0,"28":0,"29":0.503166,"30":0,"31":10.231042,"32":6.037992,"33":0,"34":0,"35":0,"36":0,"37":0,"38":0.167722,"39":0.503166,"40":0,"41":0,"42":0,"43":2.51583,"44":1.67722,"45":1.509498,"46":25.671332,"47":0,"48":0,"49":0},"firefox":{"2":0,"3":0,"3.5":0,"3.6":0,"4":0,"5":0,"6":2.012664,"7":0,"8":0,"9":0,"10":0,"11":0,"12":0,"13":0,"14":0,"15":0,"16":0,"17":0,"18":0,"19":0,"20":0,"21":0,"22":0,"23":0,"24":0,"25":0,"26":0,"27":1.006332,"28":0,"29":0,"30":0,"31":0,"32":0,"33":0,"34":0.503166,"35":0,"36":0,"37":0,"38":0.335444,"39":3.522162,"40":1.174054,"41":15.104846,"42":14.098514,"43":0,"44":0},"opera":{"9":0,"9.5-9.6":0,"10.0-10.1":0,"10.5":0,"10.6":0,"11":0,"11.1":0,"11.5":0,"11.6":0,"12":0.670888,"12.1":0,"15":0,"16":0,"17":0,"18":0.503166,"19":0,"20":0,"21":0,"22":0,"23":0,"24":0,"25":0,"26":0,"27":0,"28":0,"29":0,"30":0,"31":0,"32":0,"33":0,"34":0},"safari":{"3.1":0,"3.2":0,"4":0,"5":0.167722,"5.1":0,"6":0,"6.1":0,"7":0,"7.1":0,"8":0,"9":0},"android":{"2.1":0,"2.2":0,"2.3":0,"3":0,"4":0,"4.1":0,"4.2-4.3":0,"4.4":0,"4.4.3-4.4.4":0,"44":null},"ios_saf":{"3.2":0,"4.0-4.1":0,"4.2-4.3":0,"5.0-5.1":0.000355379073756,"6.0-6.1":0.000372301886792,"7.0-7.1":0.00907062778731,"8":0.00121844253859,"8.1-8.4":0.0405470600343,"9.0-9.1":0.116158188679},"op_mob":{"10":0,"11":0,"11.1":0,"11.5":0,"12":0,"12.1":0,"0":0},"ie":{"5.5":0,"6":0,"7":0,"8":2.012664,"9":3.522162,"10":0.670888,"11":0.335444},"bb":{"7":0,"10":null},"ie_mob":{"10":0.120651340996,"11":0.549348659004},"op_mini":{"5.0-8.0":0},"and_chr":{"0":0.67},"and_ff":{"0":0},"edge":{"12":0,"13":null},"and_uc":{"0":0}},"total":95.964806}