{"id":"PN","name":"Pitcairn Islands","month":"2015-08","access_date":"2015-09-03","data":{"chrome":{"4":0,"5":0,"6":0,"7":0,"8":0,"9":0,"10":0,"11":0,"12":0,"13":0,"14":0,"15":0,"16":0,"17":0,"18":0,"19":0,"20":0,"21":0,"22":0,"23":0,"24":0,"25":0,"26":0,"27":0.059832,"28":0,"29":0,"30":0,"31":1.236528,"32":1.176696,"33":0,"34":0.279216,"35":0,"36":0,"37":0.059832,"38":0.059832,"39":0.109692,"40":0.678096,"41":0.059832,"42":0.109692,"43":1.964484,"44":76.495212,"45":0,"46":0,"47":0,"48":0},"firefox":{"2":0,"3":0,"3.5":0,"3.6":0,"4":0,"5":0,"6":0,"7":0,"8":0,"9":0,"10":0,"11":0,"12":0,"13":0,"14":0,"15":0,"16":0,"17":0,"18":0,"19":0,"20":0,"21":0,"22":0,"23":0,"24":0,"25":0,"26":0.109692,"27":1.34622,"28":0.059832,"29":0.109692,"30":0,"31":0,"32":0,"33":0.169524,"34":0.059832,"35":0.388908,"36":0,"37":0.059832,"38":0.109692,"39":0.84762,"40":6.302304,"41":0,"42":0,"43":0},"opera":{"9":0,"9.5-9.6":0,"10.0-10.1":0,"10.5":0,"10.6":0,"11":0,"11.1":0,"11.5":0,"11.6":0,"12":0.109692,"12.1":0,"15":0,"16":0,"17":0,"18":0.229356,"19":0,"20":0,"21":0,"22":0,"23":0,"24":0,"25":0,"26":0,"27":0,"28":0,"29":0,"30":0,"31":0,"32":0,"33":0},"safari":{"3.1":0,"3.2":0,"4":0,"5":0,"5.1":0.229356,"6":0,"6.1":4.218156,"7":0,"7.1":0,"8":0.388908,"9":0},"android":{"2.1":0,"2.2":0,"2.3":0.00455514249299,"3":0,"4":0.0145195166964,"4.1":0.0509606566403,"4.2-4.3":0.110818075962,"4.4":0.00071174101453,"4.4.3-4.4.4":0.0976508671935,"44":null},"ios_saf":{"3.2":0,"4.0-4.1":0,"4.2-4.3":0,"5.0-5.1":0.000511693329309,"6.0-6.1":0.000852822215515,"7.0-7.1":0.0140545101117,"8":0.00192737820706,"8.1-8.4":0.151068927256,"9":0.00110866888017},"op_mob":{"10":0,"11":0,"11.1":0,"11.5":0,"12":0,"12.1":0,"0":0},"ie":{"5.5":0,"6":0,"7":0.059832,"8":0.508572,"9":0.169524,"10":0,"11":0.339048},"bb":{"7":0,"10":null},"ie_mob":{"10":0.0436610169492,"11":0.180338983051},"and_uc":{"0":0},"op_mini":{"5.0-8.0":0},"and_chr":{"0":0.056},"and_ff":{"0":0},"edge":{"12":0,"13":null}},"total":98.833276}