{"id":"PS","name":"Palestinian Territory","month":"2015-10","access_date":"2015-11-03","data":{"chrome":{"4":0.007248,"5":0.007248,"6":0.007248,"7":0.007248,"8":0.007248,"9":0.007248,"10":0.028992,"11":0.07248,"12":0.028992,"13":0.014496,"14":0.03624,"15":0.043488,"16":0.014496,"17":0.014496,"18":0.014496,"19":0,"20":0.014496,"21":0.007248,"22":0.050736,"23":0.014496,"24":0.028992,"25":0.014496,"26":0.043488,"27":0.03624,"28":0.028992,"29":0.014496,"30":0.03624,"31":0.028992,"32":0.043488,"33":0.173952,"34":0.028992,"35":0.03624,"36":0.079728,"37":0.3624,"38":0.304416,"39":0.282672,"40":0.195696,"41":0.10872,"42":0.514608,"43":1.41336,"44":1.145184,"45":17.156016,"46":18.098256,"47":0.137712,"48":0.07248,"49":0},"firefox":{"2":0,"3":0.007248,"3.5":0.014496,"3.6":0.050736,"4":0.014496,"5":0.007248,"6":0.021744,"7":0.007248,"8":0.021744,"9":0.014496,"10":0.014496,"11":0.021744,"12":0.166704,"13":0.028992,"14":0.050736,"15":0.028992,"16":0.021744,"17":0.028992,"18":0.03624,"19":0.050736,"20":0.028992,"21":0.021744,"22":0.03624,"23":0.021744,"24":0.014496,"25":0.028992,"26":0.028992,"27":0.050736,"28":0.014496,"29":0.065232,"30":0.10872,"31":0.043488,"32":0.115968,"33":0.115968,"34":0.14496,"35":0.14496,"36":0.210192,"37":0.152208,"38":0.492864,"39":0.478368,"40":1.246656,"41":8.40768,"42":0.311664,"43":0.014496,"44":0},"opera":{"9":0,"9.5-9.6":0,"10.0-10.1":0,"10.5":0,"10.6":0,"11":0,"11.1":0.007248,"11.5":0,"11.6":0,"12":0.021744,"12.1":9.444144,"15":0,"16":0,"17":0,"18":0.007248,"19":0,"20":0,"21":0,"22":0,"23":0,"24":0,"25":0,"26":0,"27":0,"28":0.014496,"29":0.014496,"30":0.028992,"31":0.028992,"32":0.927744,"33":0.057984,"34":0},"safari":{"3.1":0,"3.2":0,"4":0.007248,"5":0.014496,"5.1":0.043488,"6":0.014496,"6.1":0.014496,"7":0.014496,"7.1":0.10872,"8":0.188448,"9":0.224688},"android":{"2.1":0,"2.2":0,"2.3":0.0782097645841,"3":0,"4":0.228001347601,"4.1":0.817888555057,"4.2-4.3":1.71001010701,"4.4":3.19201886641,"4.4.3-4.4.4":1.65433535934,"44":null},"ios_saf":{"3.2":0,"4.0-4.1":0,"4.2-4.3":0,"5.0-5.1":0.0072660550903,"6.0-6.1":0.00761205771365,"7.0-7.1":0.185457406114,"8":0.024912188881,"8.1-8.4":0.829022285541,"9.0-9.1":2.37496200666},"op_mob":{"10":0,"11":0,"11.1":0,"11.5":0,"12":0.0045267537494,"12.1":0.0135802612482,"0":0.158436381229},"ie":{"5.5":0,"6":0.0220685373134,"7":0.0220685373134,"8":1.05928979104,"9":0.257466268657,"10":0.308959522388,"11":2.25834698507},"bb":{"7":0.00688,"10":null},"ie_mob":{"10":0.0336988199234,"11":0.153437180077},"op_mini":{"5.0-8.0":1.69481660377},"and_chr":{"0":15.912704},"and_ff":{"0":0.04128},"edge":{"12":0.333408,"13":null},"and_uc":{"0":0.297216}},"total":98.5647276418}