{"id":"PS","name":"Palestinian Territory","month":"2016-02","access_date":"2016-03-03","data":{"firefox":{"2":0,"3":0.007019,"3.5":0.007019,"3.6":0.035095,"4":0.014038,"5":0,"6":0.042114,"7":0.007019,"8":0.007019,"9":0.007019,"10":0.007019,"11":0.021057,"12":0.14038,"13":0.021057,"14":0.007019,"15":0.021057,"16":0.014038,"17":0.028076,"18":0.035095,"19":0.035095,"20":0.035095,"21":0.014038,"22":0.021057,"23":0.035095,"24":0.014038,"25":0.021057,"26":0.014038,"27":0.021057,"28":0.007019,"29":0.042114,"30":0.035095,"31":0.035095,"32":0.07019,"33":0.07019,"34":0.063171,"35":0.07019,"36":0.07019,"37":0.063171,"38":0.175475,"39":0.168456,"40":0.182494,"41":0.133361,"42":0.189513,"43":3.29893,"44":5.678371,"45":0.273741,"46":0.028076,"47":0},"chrome":{"4":0.014038,"5":0.007019,"6":0.007019,"7":0.007019,"8":0.007019,"9":0,"10":0.028076,"11":0.056152,"12":0.028076,"13":0.014038,"14":0.007019,"15":0.021057,"16":0.007019,"17":0.007019,"18":0.007019,"19":0,"20":0.007019,"21":0.007019,"22":0.042114,"23":0.007019,"24":0.028076,"25":0.014038,"26":0.035095,"27":0.021057,"28":0.021057,"29":0.063171,"30":0.042114,"31":0.021057,"32":0.042114,"33":0.14038,"34":0.042114,"35":0.028076,"36":0.028076,"37":0.231627,"38":0.175475,"39":0.112304,"40":0.07019,"41":0.063171,"42":0.084228,"43":1.354667,"44":0.659786,"45":0.77209,"46":0.638729,"47":1.459952,"48":39.980224,"49":0.133361,"50":0.147399,"51":0},"opera":{"9":0,"9.5-9.6":0,"10.0-10.1":0,"10.5":0,"10.6":0,"11":0,"11.1":0.007019,"11.5":0,"11.6":0.007019,"12":0,"12.1":1.972339,"15":0.007019,"16":0,"17":0,"18":0,"19":0,"20":0,"21":0,"22":0,"23":0,"24":0,"25":0,"26":0,"27":0,"28":0.007019,"29":0.007019,"30":0.014038,"31":0.014038,"32":0.007019,"33":0.028076,"34":0.252684,"35":0.800166,"36":0.007019},"safari":{"3.1":0,"3.2":0,"4":0.007019,"5":0.021057,"5.1":0.021057,"6":0,"6.1":0.014038,"7":0.007019,"7.1":0.007019,"8":0.189513,"9":0.512387,"9.1":0},"android":{"2.1":0,"2.2":0,"2.3":0.0351308073926,"3":0,"4":0.303957855266,"4.1":0.639991665108,"4.2-4.3":1.43578082387,"4.4":2.89141819105,"4.4.3-4.4.4":1.55339265731,"47":null},"ios_saf":{"3.2":0,"4.0-4.1":0,"4.2-4.3":0,"5.0-5.1":0,"6.0-6.1":0,"7.0-7.1":0.172485338753,"8":0.0117091874871,"8.1-8.4":0.476473860054,"9.0-9.2":3.71586561371,"9.3":null},"op_mob":{"10":0,"11":0,"11.1":0,"11.5":0,"12":8.27629820051e-5,"12.1":8.27629820051e-5,"0":0.00355880822622},"ie":{"5.5":0,"6":0.0145545497835,"7":0.00727727489177,"8":0.98243211039,"9":0.276536445887,"10":0.24742734632,"11":1.81931872294},"bb":{"7":0.002981,"10":null},"ie_mob":{"10":0.051689961165,"11":0.228524038835},"edge":{"12":0.168456,"13":0.252684,"14":0},"and_uc":{"0":0.292138},"op_mini":{"5.0-8.0":1.44504166581},"and_chr":{"0":19.113945},"and_ff":{"0":0.035772}},"total":98.0652314502}