{"id":"PT","name":"Portugal","month":"2015-10","access_date":"2015-11-03","data":{"chrome":{"4":0,"5":0,"6":0,"7":0,"8":0,"9":0,"10":0,"11":0.061278,"12":0,"13":0,"14":0,"15":0,"16":0,"17":0,"18":0.008754,"19":0,"20":0,"21":0.008754,"22":0.13131,"23":0.008754,"24":0.008754,"25":0.008754,"26":0.026262,"27":0.008754,"28":0.008754,"29":0.017508,"30":0.017508,"31":0.08754,"32":0.061278,"33":0.04377,"34":0.061278,"35":0.192588,"36":0.39393,"37":0.08754,"38":0.166326,"39":0.323898,"40":0.13131,"41":0.096294,"42":0.183834,"43":0.682812,"44":0.91917,"45":21.421038,"46":25.465386,"47":0.13131,"48":0.070032,"49":0},"firefox":{"2":0,"3":0.008754,"3.5":0,"3.6":0.017508,"4":0.008754,"5":0,"6":0.008754,"7":0,"8":0,"9":0.008754,"10":0.008754,"11":0.008754,"12":0.008754,"13":0,"14":0.008754,"15":0.008754,"16":0.017508,"17":0.008754,"18":0,"19":0.008754,"20":0.008754,"21":0.008754,"22":0.008754,"23":0.008754,"24":0.008754,"25":0.008754,"26":0.008754,"27":0.008754,"28":0.026262,"29":0.008754,"30":0.017508,"31":0.026262,"32":0.017508,"33":0.026262,"34":0.035016,"35":0.052524,"36":0.035016,"37":0.096294,"38":0.280128,"39":0.30639,"40":1.155528,"41":9.331764,"42":0.08754,"43":0.017508,"44":0.008754},"opera":{"9":0,"9.5-9.6":0,"10.0-10.1":0,"10.5":0,"10.6":0,"11":0,"11.1":0,"11.5":0,"11.6":0,"12":0.008754,"12.1":0.061278,"15":0,"16":0,"17":0,"18":0,"19":0,"20":0,"21":0,"22":0,"23":0,"24":0,"25":0,"26":0,"27":0,"28":0.017508,"29":0.008754,"30":0.008754,"31":0.017508,"32":0.884154,"33":0.052524,"34":0},"safari":{"3.1":0,"3.2":0,"4":0.026262,"5":0.08754,"5.1":0.21885,"6":0.017508,"6.1":0.113802,"7":0.078786,"7.1":0.17508,"8":0.70032,"9":1.479426},"android":{"2.1":0,"2.2":0,"2.3":0.0331910945806,"3":0,"4":0.0967604791163,"4.1":0.347100090784,"4.2-4.3":0.725703593372,"4.4":1.35464670763,"4.4.3-4.4.4":0.702076034518,"44":null},"ios_saf":{"3.2":0,"4.0-4.1":0,"4.2-4.3":0,"5.0-5.1":0.0116832083544,"6.0-6.1":0.0122395516093,"7.0-7.1":0.298199984664,"8":0.0400567143578,"8.1-8.4":1.33299843891,"9.0-9.1":3.81874010211},"op_mob":{"10":0,"11":0,"11.1":0,"11.5":0,"12":0.000349627479439,"12.1":0.00104888243832,"0":0.0122369617804},"ie":{"5.5":0,"6":0.0176084763271,"7":0.0440211908178,"8":0.924445007174,"9":1.04770434146,"10":0.854011101865,"11":9.29727550072},"bb":{"7":0.0084105,"10":null},"ie_mob":{"10":0.0942377011494,"11":0.429082298851},"op_mini":{"5.0-8.0":0.130900528302},"and_chr":{"0":8.81246},"and_ff":{"0":0.019936},"edge":{"12":1.66326,"13":null},"and_uc":{"0":0.119616}},"total":98.7716461184}