{"id":"PT","name":"Portugal","month":"2015-08","access_date":"2015-09-03","data":{"chrome":{"4":0.008673,"5":0,"6":0,"7":0,"8":0,"9":0,"10":0,"11":0.095403,"12":0.008673,"13":0,"14":0,"15":0,"16":0,"17":0,"18":0.008673,"19":0,"20":0,"21":0.017346,"22":0.121422,"23":0.008673,"24":0.008673,"25":0.008673,"26":0.034692,"27":0.008673,"28":0.017346,"29":0.017346,"30":0.017346,"31":0.130095,"32":0.052038,"33":0.052038,"34":0.095403,"35":0.216825,"36":0.338247,"37":0.138768,"38":0.216825,"39":0.450996,"40":0.199479,"41":0.104076,"42":0.268863,"43":1.986117,"44":43.850688,"45":0.17346,"46":0.130095,"47":0.008673,"48":0},"firefox":{"2":0.017346,"3":0.017346,"3.5":0.008673,"3.6":0.034692,"4":0,"5":0,"6":0.008673,"7":0,"8":0,"9":0,"10":0.008673,"11":0.008673,"12":0.008673,"13":0,"14":0.008673,"15":0.008673,"16":0.026019,"17":0.008673,"18":0.008673,"19":0.008673,"20":0.008673,"21":0.008673,"22":0.008673,"23":0.008673,"24":0.017346,"25":0.008673,"26":0.017346,"27":0.008673,"28":0.026019,"29":0.008673,"30":0.026019,"31":0.034692,"32":0.017346,"33":0.034692,"34":0.043365,"35":0.069384,"36":0.043365,"37":0.138768,"38":0.381612,"39":5.238492,"40":5.186454,"41":0.069384,"42":0.008673,"43":0},"opera":{"9":0,"9.5-9.6":0,"10.0-10.1":0,"10.5":0,"10.6":0,"11":0.008673,"11.1":0,"11.5":0,"11.6":0,"12":0.008673,"12.1":0.060711,"15":0,"16":0,"17":0,"18":0,"19":0,"20":0,"21":0,"22":0,"23":0,"24":0,"25":0,"26":0,"27":0.008673,"28":0.008673,"29":0.017346,"30":0.199479,"31":0.763224,"32":0.008673,"33":0},"safari":{"3.1":0,"3.2":0,"4":0.026019,"5":0.08673,"5.1":0.208152,"6":0.017346,"6.1":0.121422,"7":0.069384,"7.1":0.312228,"8":1.552467,"9":0.043365},"android":{"2.1":0,"2.2":0,"2.3":0.0657366627581,"3":0,"4":0.209535612541,"4.1":0.735428914606,"4.2-4.3":1.59924974866,"4.4":0.010271353556,"4.4.3-4.4.4":1.40922970788,"44":null},"ios_saf":{"3.2":0,"4.0-4.1":0,"4.2-4.3":0,"5.0-5.1":0.0192396468458,"6.0-6.1":0.0320660780763,"7.0-7.1":0.528448966697,"8":0.0724693364524,"8.1-8.4":5.68018507043,"9":0.0416859014991},"op_mob":{"10":0,"11":0,"11.1":0,"11.5":0,"12":0.000513950164979,"12.1":0.00102790032996,"0":0.0159324551143},"ie":{"5.5":0,"6":0.0174361090909,"7":0.0610263818182,"8":1.36873456364,"9":1.22924569091,"10":0.967704054545,"11":9.75550303636},"bb":{"7":0.0099525,"10":null},"ie_mob":{"10":0.103978322034,"11":0.429475677966},"and_uc":{"0":0.110141},"op_mini":{"5.0-8.0":0.178921694391},"and_chr":{"0":8.638135},"and_ff":{"0":0.069004},"edge":{"12":1.231566,"13":null}},"total":98.5031823364}