{"id":"PT","name":"Portugal","month":"2016-02","access_date":"2016-03-03","data":{"firefox":{"2":0,"3":0.008944,"3.5":0,"3.6":0.008944,"4":0,"5":0,"6":0.017888,"7":0,"8":0,"9":0.008944,"10":0.008944,"11":0.008944,"12":0.008944,"13":0,"14":0,"15":0.008944,"16":0.017888,"17":0.008944,"18":0,"19":0,"20":0.008944,"21":0.017888,"22":0.008944,"23":0.008944,"24":0.008944,"25":0.008944,"26":0.008944,"27":0.008944,"28":0.008944,"29":0.008944,"30":0.017888,"31":0.017888,"32":0.008944,"33":0.017888,"34":0.017888,"35":0.035776,"36":0.017888,"37":0.053664,"38":0.169936,"39":0.107328,"40":0.08944,"41":0.116272,"42":0.169936,"43":2.602704,"44":6.788496,"45":0.071552,"46":0.008944,"47":0.008944},"chrome":{"4":0,"5":0,"6":0,"7":0,"8":0,"9":0,"10":0,"11":0.04472,"12":0,"13":0,"14":0,"15":0,"16":0,"17":0,"18":0.008944,"19":0,"20":0,"21":0.008944,"22":0.196768,"23":0,"24":0.008944,"25":0.008944,"26":0.026832,"27":0.008944,"28":0.008944,"29":0.035776,"30":0.008944,"31":0.062608,"32":0.026832,"33":0.026832,"34":0.062608,"35":0.116272,"36":0.250432,"37":0.071552,"38":0.107328,"39":0.205712,"40":0.080496,"41":0.071552,"42":0.062608,"43":0.250432,"44":0.259376,"45":0.277264,"46":0.286208,"47":1.350544,"48":50.792976,"49":0.169936,"50":0.098384,"51":0},"opera":{"9":0,"9.5-9.6":0,"10.0-10.1":0,"10.5":0,"10.6":0,"11":0,"11.1":0,"11.5":0,"11.6":0,"12":0.008944,"12.1":0.053664,"15":0,"16":0,"17":0,"18":0,"19":0,"20":0,"21":0,"22":0,"23":0,"24":0,"25":0,"26":0,"27":0,"28":0.035776,"29":0,"30":0,"31":0.008944,"32":0.008944,"33":0.008944,"34":0.196768,"35":0.769184,"36":0.008944},"safari":{"3.1":0,"3.2":0,"4":0.026832,"5":0.071552,"5.1":0.169936,"6":0.017888,"6.1":0.098384,"7":0.053664,"7.1":0.035776,"8":0.286208,"9":2.361216,"9.1":0.026832},"android":{"2.1":0,"2.2":0,"2.3":0.0109135640169,"3":0,"4":0.0944260538855,"4.1":0.198816666221,"4.2-4.3":0.446032616344,"4.4":0.898233768871,"4.4.3-4.4.4":0.482569330661,"47":null},"ios_saf":{"3.2":0,"4.0-4.1":0,"4.2-4.3":0,"5.0-5.1":0,"6.0-6.1":0,"7.0-7.1":0.179013522124,"8":0.0121523539823,"8.1-8.4":0.494507327434,"9.0-9.2":3.85650279646,"9.3":null},"op_mob":{"10":0,"11":0,"11.1":0,"11.5":0,"12":6.03256212511e-6,"12.1":6.03256212511e-6,"0":0.00025940017138},"ie":{"5.5":0,"6":0.0089750017331,"7":0.0359000069324,"8":0.619275119584,"9":0.709025136915,"10":0.565425109185,"11":8.32880160832},"bb":{"7":0.007128,"10":null},"ie_mob":{"10":0.079476815534,"11":0.351371184466},"edge":{"12":0.6708,"13":1.92296,"14":0},"and_uc":{"0":0.171072},"op_mini":{"5.0-8.0":0.105328534704},"and_chr":{"0":8.023504},"and_ff":{"0":0.016896}},"total":98.0615219827}