{"id":"PY","name":"Paraguay","month":"2015-08","access_date":"2015-09-03","data":{"chrome":{"4":0.004517,"5":0.004517,"6":0.004517,"7":0.004517,"8":0.004517,"9":0.009034,"10":0.022585,"11":0.040653,"12":0.022585,"13":0.004517,"14":0,"15":0,"16":0.031619,"17":0.004517,"18":0.112925,"19":0,"20":0.004517,"21":0.018068,"22":0.018068,"23":0.004517,"24":0.004517,"25":0.009034,"26":0.022585,"27":0.013551,"28":0.013551,"29":0.031619,"30":0.040653,"31":0.036136,"32":0.036136,"33":0.072272,"34":0.067755,"35":0.076789,"36":0.112925,"37":0.13551,"38":0.126476,"39":0.212299,"40":0.121959,"41":0.076789,"42":0.130993,"43":1.210556,"44":24.640235,"45":0.108408,"46":0.040653,"47":0.004517,"48":0},"firefox":{"2":0.009034,"3":0.018068,"3.5":0.031619,"3.6":0.058721,"4":0.018068,"5":0.009034,"6":0.009034,"7":0.009034,"8":0.004517,"9":0.013551,"10":0.022585,"11":0.031619,"12":0.036136,"13":0.004517,"14":0.040653,"15":0.022585,"16":0.022585,"17":0.031619,"18":0.009034,"19":0.022585,"20":0.027102,"21":0.022585,"22":0.04517,"23":0.013551,"24":0.027102,"25":0.013551,"26":0.022585,"27":0.018068,"28":0.031619,"29":0.040653,"30":0.036136,"31":0.040653,"32":0.049687,"33":0.04517,"34":0.054204,"35":0.067755,"36":0.130993,"37":0.212299,"38":0.673033,"39":4.209844,"40":3.080594,"41":0.04517,"42":0.004517,"43":0},"opera":{"9":0,"9.5-9.6":0,"10.0-10.1":0,"10.5":0,"10.6":0,"11":0,"11.1":0.004517,"11.5":0.004517,"11.6":0,"12":0.004517,"12.1":0.022585,"15":0,"16":0,"17":0,"18":0,"19":0,"20":0.004517,"21":0,"22":0,"23":0,"24":0,"25":0,"26":0.004517,"27":0.013551,"28":0.013551,"29":0.031619,"30":0.153578,"31":0.347809,"32":0.004517,"33":0},"safari":{"3.1":0,"3.2":0,"4":0.004517,"5":0.027102,"5.1":0.031619,"6":0.004517,"6.1":0.013551,"7":0.013551,"7.1":0.072272,"8":0.338775,"9":0.004517},"android":{"2.1":0,"2.2":0,"2.3":0.26294276829,"3":0,"4":0.838130073923,"4.1":2.94167222024,"4.2-4.3":6.39690453479,"4.4":0.0410848075452,"4.4.3-4.4.4":5.63683559521,"44":null},"ios_saf":{"3.2":0,"4.0-4.1":0,"4.2-4.3":0,"5.0-5.1":0.0101446664654,"6.0-6.1":0.0169077774424,"7.0-7.1":0.278640172251,"8":0.0382115770198,"8.1-8.4":2.99504369615,"9":0.0219801106751},"op_mob":{"10":0,"11":0,"11.1":0,"11.5":0,"12":0.0267025655934,"12.1":0.0534051311867,"0":0.827779533394},"ie":{"5.5":0,"6":0.0682995292767,"7":0.0591929253731,"8":1.08368586452,"9":0.341497646383,"10":0.432563685419,"11":1.94881323536},"bb":{"7":0.09732325,"10":null},"ie_mob":{"10":0.490542635593,"11":2.02615436441},"and_uc":{"0":1.102083},"op_mini":{"5.0-8.0":9.29597576983},"and_chr":{"0":22.63737},"and_ff":{"0":0.16449},"edge":{"12":0.140027,"13":null}},"total":98.3933671363}