{"id":"PY","name":"Paraguay","month":"2015-10","access_date":"2015-11-03","data":{"chrome":{"4":0.004642,"5":0.004642,"6":0.004642,"7":0.004642,"8":0.004642,"9":0.009284,"10":0.009284,"11":0.055704,"12":0.018568,"13":0.004642,"14":0,"15":0.004642,"16":0.004642,"17":0.004642,"18":0.027852,"19":0,"20":0.004642,"21":0.009284,"22":0.013926,"23":0.004642,"24":0.004642,"25":0.074272,"26":0.018568,"27":0.009284,"28":0.009284,"29":0.018568,"30":0.051062,"31":0.097482,"32":0.055704,"33":0.06963,"34":0.04642,"35":0.064988,"36":0.143902,"37":0.09284,"38":0.125334,"39":0.171754,"40":0.088198,"41":0.06963,"42":0.134618,"43":0.612744,"44":0.575608,"45":13.378244,"46":14.032766,"47":0.088198,"48":0.02321,"49":0},"firefox":{"2":0.009284,"3":0.02321,"3.5":0.02321,"3.6":0.064988,"4":0.02321,"5":0.004642,"6":0.004642,"7":0.009284,"8":0.009284,"9":0.009284,"10":0.02321,"11":0.027852,"12":0.032494,"13":0.004642,"14":0.041778,"15":0.027852,"16":0.018568,"17":0.032494,"18":0.009284,"19":0.018568,"20":0.027852,"21":0.018568,"22":0.027852,"23":0.009284,"24":0.02321,"25":0.027852,"26":0.032494,"27":0.032494,"28":0.027852,"29":0.027852,"30":0.027852,"31":0.051062,"32":0.027852,"33":0.041778,"34":0.04642,"35":0.055704,"36":0.176396,"37":0.097482,"38":0.306372,"39":0.269236,"40":0.933042,"41":5.677166,"42":0.064988,"43":0.009284,"44":0},"opera":{"9":0,"9.5-9.6":0,"10.0-10.1":0,"10.5":0,"10.6":0,"11":0,"11.1":0.004642,"11.5":0.004642,"11.6":0,"12":0.018568,"12.1":0.018568,"15":0,"16":0,"17":0,"18":0.018568,"19":0,"20":0,"21":0,"22":0,"23":0,"24":0,"25":0,"26":0.004642,"27":0.018568,"28":0.004642,"29":0.037136,"30":0.060346,"31":0.009284,"32":0.4642,"33":0.013926,"34":0},"safari":{"3.1":0,"3.2":0,"4":0.009284,"5":0.060346,"5.1":0.032494,"6":0,"6.1":0.018568,"7":0.032494,"7.1":0.04642,"8":0.273878,"9":0.27852},"android":{"2.1":0,"2.2":0,"2.3":0.150901817397,"3":0,"4":0.439917162582,"4.1":1.57807493787,"4.2-4.3":3.29937871936,"4.4":6.15884027615,"4.4.3-4.4.4":3.19195708664,"44":null},"ios_saf":{"3.2":0,"4.0-4.1":0,"4.2-4.3":0,"5.0-5.1":0.00642383452729,"6.0-6.1":0.00672973140954,"7.0-7.1":0.163960728887,"8":0.0220245755221,"8.1-8.4":0.732928929876,"9.0-9.1":2.09967619978},"op_mob":{"10":0,"11":0,"11.1":0,"11.5":0,"12":0.0299653991292,"12.1":0.0898961973875,"0":1.04878896952},"ie":{"5.5":0,"6":0.0142071149068,"7":0.00947140993789,"8":0.658262990683,"9":0.274670888199,"10":0.336235052795,"11":1.7380037236},"bb":{"7":0.0763515,"10":null},"ie_mob":{"10":0.406202091954,"11":1.84951590805},"op_mini":{"5.0-8.0":11.219045434},"and_chr":{"0":21.120194},"and_ff":{"0":0.05358},"edge":{"12":0.167112,"13":null},"and_uc":{"0":1.55382}},"total":98.6355106801}