{"id":"QA","name":"Qatar","month":"2016-02","access_date":"2016-03-03","data":{"firefox":{"2":0,"3":0.011286,"3.5":0,"3.6":0.007524,"4":0,"5":0,"6":0.003762,"7":0.003762,"8":0,"9":0,"10":0.003762,"11":0.003762,"12":0.007524,"13":0.003762,"14":0,"15":0.003762,"16":0.003762,"17":0.007524,"18":0.007524,"19":0,"20":0,"21":0.003762,"22":0.003762,"23":0,"24":0.015048,"25":0.003762,"26":0.011286,"27":0.003762,"28":0.003762,"29":0.007524,"30":0.007524,"31":0.007524,"32":0.007524,"33":0.011286,"34":0.015048,"35":0.015048,"36":0.015048,"37":0.011286,"38":0.063954,"39":0.033858,"40":0.030096,"41":0.026334,"42":0.05643,"43":0.744876,"44":1.56123,"45":0.15048,"46":0.003762,"47":0.003762},"chrome":{"4":0,"5":0,"6":0.003762,"7":0,"8":0.003762,"9":0,"10":0.003762,"11":0.011286,"12":0.007524,"13":0,"14":0.003762,"15":0,"16":0,"17":0,"18":0.007524,"19":0.003762,"20":0.003762,"21":0.003762,"22":0.041382,"23":0.003762,"24":0.003762,"25":0.003762,"26":0.015048,"27":0.007524,"28":0.007524,"29":0.011286,"30":0.011286,"31":0.045144,"32":0.007524,"33":0.079002,"34":0.041382,"35":0.026334,"36":0.022572,"37":0.03762,"38":0.030096,"39":0.045144,"40":0.041382,"41":0.01881,"42":0.03762,"43":0.237006,"44":0.203148,"45":0.270864,"46":0.146718,"47":0.575586,"48":19.592496,"49":0.07524,"50":0.184338,"51":0},"opera":{"9":0,"9.5-9.6":0,"10.0-10.1":0,"10.5":0,"10.6":0,"11":0,"11.1":0,"11.5":0,"11.6":0.003762,"12":0,"12.1":0.03762,"15":0,"16":0,"17":0,"18":0,"19":0,"20":0,"21":0,"22":0,"23":0,"24":0,"25":0.007524,"26":0,"27":0,"28":0.003762,"29":0.003762,"30":0.007524,"31":0.003762,"32":0.003762,"33":0.011286,"34":0.105336,"35":0.383724,"36":0.003762},"safari":{"3.1":0,"3.2":0,"4":0.003762,"5":0.015048,"5.1":0.05643,"6":0.007524,"6.1":0.041382,"7":0.041382,"7.1":0.03762,"8":0.199386,"9":0.891594,"9.1":0.003762},"android":{"2.1":0,"2.2":0,"2.3":0.0229243883322,"3":0,"4":0.198345794701,"4.1":0.417622552661,"4.2-4.3":0.936909784012,"4.4":1.886776831,"4.4.3-4.4.4":1.0136566493,"47":null},"ios_saf":{"3.2":0,"4.0-4.1":0,"4.2-4.3":0,"5.0-5.1":0,"6.0-6.1":0,"7.0-7.1":0.365578111134,"8":0.0248173130274,"8.1-8.4":1.00987373781,"9.0-9.2":7.87567883803,"9.3":null},"op_mob":{"10":0,"11":0,"11.1":0,"11.5":0,"12":0.000714136075407,"12.1":0.000714136075407,"0":0.0307078512425},"ie":{"5.5":0,"6":0.00377503534304,"7":0.0151001413721,"8":0.415253887734,"9":0.351078286902,"10":0.419028923077,"11":4.2280395842},"bb":{"7":0.037428,"10":null},"ie_mob":{"10":0.101261514563,"11":0.447682485437},"edge":{"12":0.165528,"13":0.575586,"14":0},"and_uc":{"0":19.069566},"op_mini":{"5.0-8.0":12.4688158766},"and_chr":{"0":18.944808},"and_ff":{"0":0.018714}},"total":97.6809458586}