{"id":"QA","name":"Qatar","month":"2015-10","access_date":"2015-11-03","data":{"chrome":{"4":0,"5":0,"6":0.007992,"7":0,"8":0.003996,"9":0,"10":0.003996,"11":0.01998,"12":0.015984,"13":0,"14":0.003996,"15":0.003996,"16":0,"17":0,"18":0.007992,"19":0.007992,"20":0,"21":0.003996,"22":0.063936,"23":0.007992,"24":0.003996,"25":0.003996,"26":0.015984,"27":0.067932,"28":0.011988,"29":0.011988,"30":0.01998,"31":0.055944,"32":0.015984,"33":0.091908,"34":0.03996,"35":0.047952,"36":0.051948,"37":0.027972,"38":0.03996,"39":0.111888,"40":0.07992,"41":0.035964,"42":0.27972,"43":0.335664,"44":0.423576,"45":9.914076,"46":9.8901,"47":0.151848,"48":0.115884,"49":0},"firefox":{"2":0,"3":0.003996,"3.5":0,"3.6":0.007992,"4":0,"5":0,"6":0.003996,"7":0,"8":0,"9":0,"10":0.003996,"11":0.003996,"12":0.007992,"13":0.003996,"14":0.003996,"15":0.007992,"16":0.007992,"17":0.027972,"18":0.003996,"19":0.003996,"20":0.003996,"21":0.007992,"22":0.003996,"23":0.003996,"24":0.007992,"25":0.003996,"26":0.011988,"27":0.003996,"28":0.003996,"29":0.023976,"30":0.003996,"31":0.01998,"32":0.015984,"33":0.015984,"34":0.015984,"35":0.023976,"36":0.043956,"37":0.067932,"38":0.087912,"39":0.187812,"40":0.395604,"41":2.21778,"42":0.203796,"43":0,"44":0.003996},"opera":{"9":0,"9.5-9.6":0,"10.0-10.1":0,"10.5":0,"10.6":0,"11":0,"11.1":0,"11.5":0,"11.6":0.003996,"12":0,"12.1":0.035964,"15":0.003996,"16":0,"17":0,"18":0.007992,"19":0,"20":0,"21":0,"22":0,"23":0,"24":0,"25":0,"26":0,"27":0,"28":0.003996,"29":0.007992,"30":0.011988,"31":0.007992,"32":0.503496,"33":0.023976,"34":0},"safari":{"3.1":0,"3.2":0,"4":0.003996,"5":0.023976,"5.1":0.07992,"6":0.01998,"6.1":0.03996,"7":0.051948,"7.1":0.107892,"8":0.37962,"9":0.547452},"android":{"2.1":0,"2.2":0,"2.3":0.0680164301001,"3":0,"4":0.198285186055,"4.1":0.711290463928,"4.2-4.3":1.48713889541,"4.4":2.77599260476,"4.4.3-4.4.4":1.43872041974,"44":null},"ios_saf":{"3.2":0,"4.0-4.1":0,"4.2-4.3":0,"5.0-5.1":0.0180095966098,"6.0-6.1":0.0188671964484,"7.0-7.1":0.45967351347,"8":0.0617471883766,"8.1-8.4":2.0548092132,"9.0-9.1":5.8865652919},"op_mob":{"10":0,"11":0,"11.1":0,"11.5":0,"12":0.0335492017417,"12.1":0.100647605225,"0":1.17422206096},"ie":{"5.5":0,"6":0.0240780255319,"7":0.0240780255319,"8":0.690236731915,"9":0.7544448,"10":0.666158706383,"11":5.36939969362},"bb":{"7":0.058539,"10":null},"ie_mob":{"10":0.123254528736,"11":0.561201471264},"op_mini":{"5.0-8.0":12.5608211321},"and_chr":{"0":18.284736},"and_ff":{"0":0.018012},"edge":{"12":0.4995,"13":null},"and_uc":{"0":15.142088}},"total":98.600718983}