{"id":"RO","name":"Romania","month":"2015-08","access_date":"2015-09-03","data":{"chrome":{"4":0.008248,"5":0,"6":0,"7":0,"8":0.008248,"9":0,"10":0.016496,"11":0.049488,"12":0.008248,"13":0,"14":0.016496,"15":0.008248,"16":0.008248,"17":0,"18":0.032992,"19":0,"20":0.008248,"21":0.024744,"22":0.049488,"23":0.008248,"24":0.008248,"25":0.008248,"26":0.032992,"27":0.016496,"28":0.016496,"29":0.04124,"30":0.049488,"31":0.08248,"32":0.024744,"33":0.098976,"34":0.107224,"35":0.107224,"36":0.090728,"37":0.08248,"38":0.140216,"39":0.255688,"40":0.239192,"41":0.131968,"42":0.239192,"43":1.872296,"44":42.18852,"45":0.16496,"46":0.222696,"47":0.008248,"48":0},"firefox":{"2":0.008248,"3":0.065984,"3.5":0.008248,"3.6":0.04124,"4":0.008248,"5":0.008248,"6":0.016496,"7":0.008248,"8":0.008248,"9":0.008248,"10":0.016496,"11":0.016496,"12":0.032992,"13":0.016496,"14":0.024744,"15":0.016496,"16":0.016496,"17":0.016496,"18":0.016496,"19":0.016496,"20":0.024744,"21":0.016496,"22":0.016496,"23":0.008248,"24":0.016496,"25":0.016496,"26":0.024744,"27":0.016496,"28":0.024744,"29":0.024744,"30":0.04124,"31":0.074232,"32":0.049488,"33":0.098976,"34":0.115472,"35":0.12372,"36":0.173208,"37":0.420648,"38":1.162968,"39":8.396464,"40":6.614896,"41":0.115472,"42":0.016496,"43":0.008248},"opera":{"9":0,"9.5-9.6":0,"10.0-10.1":0,"10.5":0,"10.6":0.016496,"11":0.016496,"11.1":0,"11.5":0,"11.6":0.008248,"12":0.024744,"12.1":0.280432,"15":0.008248,"16":0.008248,"17":0.008248,"18":0.008248,"19":0.008248,"20":0.016496,"21":0.008248,"22":0,"23":0,"24":0,"25":0.008248,"26":0.032992,"27":0.008248,"28":0.04124,"29":0.065984,"30":0.750568,"31":2.911544,"32":0.024744,"33":0},"safari":{"3.1":0,"3.2":0,"4":0.024744,"5":0.032992,"5.1":0.057736,"6":0.008248,"6.1":0.024744,"7":0.016496,"7.1":0.090728,"8":0.404152,"9":0.016496},"android":{"2.1":0,"2.2":0,"2.3":0.0920820841193,"3":0,"4":0.29351164313,"4.1":1.03016831608,"4.2-4.3":2.24018445271,"4.4":0.0143878256436,"4.4.3-4.4.4":1.97400967831,"44":null},"ios_saf":{"3.2":0,"4.0-4.1":0,"4.2-4.3":0,"5.0-5.1":0.0119877331724,"6.0-6.1":0.0199795552873,"7.0-7.1":0.329263071134,"8":0.0451537949492,"8.1-8.4":3.53917842358,"9":0.0259734218734},"op_mob":{"10":0,"11":0,"11.1":0,"11.5":0,"12":0.00271421458641,"12.1":0.00542842917283,"0":0.0841406521789},"ie":{"5.5":0,"6":0.0340031055619,"7":0.0340031055619,"8":1.92117546425,"9":0.612055900114,"10":0.561051241771,"11":4.30989362997},"bb":{"7":0.025404,"10":null},"ie_mob":{"10":0.170745762712,"11":0.705254237288},"and_uc":{"0":0.224256},"op_mini":{"5.0-8.0":0.944900704062},"and_chr":{"0":9.541792},"and_ff":{"0":0.12264},"edge":{"12":0.428896,"13":null}},"total":98.7264104472}