{"id":"RO","name":"Romania","month":"2015-10","access_date":"2015-11-03","data":{"chrome":{"4":0.007824,"5":0,"6":0,"7":0,"8":0,"9":0,"10":0.007824,"11":0.062592,"12":0.007824,"13":0,"14":0.015648,"15":0.007824,"16":0.031296,"17":0,"18":0.023472,"19":0,"20":0,"21":0.007824,"22":0.046944,"23":0.007824,"24":0.007824,"25":0.007824,"26":0.03912,"27":0.007824,"28":0.015648,"29":0.03912,"30":0.031296,"31":0.062592,"32":0.023472,"33":0.07824,"34":0.086064,"35":0.086064,"36":0.070416,"37":0.093888,"38":0.109536,"39":0.211248,"40":0.187776,"41":0.133008,"42":0.211248,"43":0.89976,"44":0.844992,"45":21.109152,"46":20.710128,"47":0.140832,"48":0.07824,"49":0},"firefox":{"2":0.007824,"3":0.03912,"3.5":0.007824,"3.6":0.046944,"4":0.007824,"5":0.007824,"6":0.023472,"7":0.007824,"8":0.007824,"9":0.007824,"10":0.015648,"11":0.015648,"12":0.023472,"13":0.015648,"14":0.015648,"15":0.015648,"16":0.015648,"17":0.015648,"18":0.015648,"19":0.007824,"20":0.031296,"21":0.015648,"22":0.015648,"23":0.007824,"24":0.015648,"25":0.007824,"26":0.015648,"27":0.015648,"28":0.023472,"29":0.023472,"30":0.031296,"31":0.062592,"32":0.03912,"33":0.062592,"34":0.093888,"35":0.093888,"36":0.101712,"37":0.148656,"38":0.649392,"39":0.50856,"40":1.658688,"41":11.399568,"42":0.164304,"43":0.023472,"44":0.007824},"opera":{"9":0,"9.5-9.6":0,"10.0-10.1":0.015648,"10.5":0,"10.6":0.007824,"11":0,"11.1":0,"11.5":0,"11.6":0.007824,"12":0.03912,"12.1":0.266016,"15":0.007824,"16":0.007824,"17":0.007824,"18":0.007824,"19":0.007824,"20":0.007824,"21":0.007824,"22":0.007824,"23":0,"24":0,"25":0,"26":0.023472,"27":0.046944,"28":0.031296,"29":0.023472,"30":0.062592,"31":0.054768,"32":3.239136,"33":0.148656,"34":0},"safari":{"3.1":0,"3.2":0,"4":0.023472,"5":0.031296,"5.1":0.054768,"6":0.007824,"6.1":0.03912,"7":0.031296,"7.1":0.070416,"8":0.211248,"9":0.336432},"android":{"2.1":0,"2.2":0,"2.3":0.0678003479462,"3":0,"4":0.19765525164,"4.1":0.709030757335,"4.2-4.3":1.4824143873,"4.4":2.76717352295,"4.4.3-4.4.4":1.43414973283,"44":null},"ios_saf":{"3.2":0,"4.0-4.1":0,"4.2-4.3":0,"5.0-5.1":0.00893066370699,"6.0-6.1":0.00935593340733,"7.0-7.1":0.227944559378,"8":0.030619418424,"8.1-8.4":1.018946202,"9.0-9.1":2.91905122309},"op_mob":{"10":0,"11":0,"11.1":0,"11.5":0,"12":0.0029108079342,"12.1":0.00873242380261,"0":0.101878277697},"ie":{"5.5":0,"6":0.0406953020134,"7":0.0406953020134,"8":1.30224966443,"9":0.447648322148,"10":0.447648322148,"11":3.76024590604},"bb":{"7":0.027744,"10":null},"ie_mob":{"10":0.20219291954,"11":0.92062308046},"op_mini":{"5.0-8.0":1.08980649057},"and_chr":{"0":12.577424},"and_ff":{"0":0.060928},"edge":{"12":0.492912,"13":null},"and_uc":{"0":0.36992}},"total":98.6532308188}