{"id":"RS","name":"Serbia","month":"2015-08","access_date":"2015-09-03","data":{"chrome":{"4":0.016882,"5":0.008441,"6":0.008441,"7":0.008441,"8":0.008441,"9":0.008441,"10":0.016882,"11":0.075969,"12":0.025323,"13":0.008441,"14":0.008441,"15":0.008441,"16":0.008441,"17":0.008441,"18":0.067528,"19":0,"20":0.008441,"21":0.016882,"22":0.08441,"23":0.008441,"24":0.016882,"25":0.008441,"26":0.08441,"27":0.025323,"28":0.016882,"29":0.025323,"30":0.050646,"31":0.118174,"32":0.033764,"33":0.101292,"34":0.185702,"35":0.092851,"36":0.135056,"37":0.109733,"38":0.185702,"39":0.33764,"40":0.177261,"41":0.118174,"42":0.261671,"43":1.747287,"44":44.543157,"45":0.211025,"46":0.303876,"47":0.008441,"48":0},"firefox":{"2":0.008441,"3":0.033764,"3.5":0.025323,"3.6":0.08441,"4":0.016882,"5":0.008441,"6":0.016882,"7":0.008441,"8":0.016882,"9":0.008441,"10":0.016882,"11":0.025323,"12":0.067528,"13":0.025323,"14":0.016882,"15":0.025323,"16":0.033764,"17":0.016882,"18":0.025323,"19":0.016882,"20":0.025323,"21":0.025323,"22":0.016882,"23":0.016882,"24":0.042205,"25":0.016882,"26":0.033764,"27":0.033764,"28":0.042205,"29":0.033764,"30":0.059087,"31":0.092851,"32":0.059087,"33":0.075969,"34":0.101292,"35":0.160379,"36":0.354522,"37":0.616193,"38":1.004479,"39":9.45392,"40":8.35659,"41":0.278553,"42":0.016882,"43":0.008441},"opera":{"9":0,"9.5-9.6":0,"10.0-10.1":0,"10.5":0,"10.6":0.008441,"11":0.008441,"11.1":0,"11.5":0.008441,"11.6":0.033764,"12":0.025323,"12.1":0.633075,"15":0.008441,"16":0.008441,"17":0.008441,"18":0.008441,"19":0.016882,"20":0.033764,"21":0.008441,"22":0.008441,"23":0,"24":0.008441,"25":0.008441,"26":0.033764,"27":0.016882,"28":0.050646,"29":0.08441,"30":0.734367,"31":3.080965,"32":0.016882,"33":0},"safari":{"3.1":0,"3.2":0,"4":0.008441,"5":0.025323,"5.1":0.067528,"6":0.008441,"6.1":0.025323,"7":0.016882,"7.1":0.059087,"8":0.303876,"9":0.025323},"android":{"2.1":0,"2.2":0,"2.3":0.0735098485853,"3":0,"4":0.234312642366,"4.1":0.822391431048,"4.2-4.3":1.78835678511,"4.4":0.0114859138414,"4.4.3-4.4.4":1.57586737905,"44":null},"ios_saf":{"3.2":0,"4.0-4.1":0,"4.2-4.3":0,"5.0-5.1":0.00663676124359,"6.0-6.1":0.0110612687393,"7.0-7.1":0.182289708824,"8":0.0249984673508,"8.1-8.4":1.95939314448,"9":0.0143796493611},"op_mob":{"10":0,"11":0,"11.1":0,"11.5":0,"12":0.00424294914097,"12.1":0.00848589828194,"0":0.13153142337},"ie":{"5.5":0,"6":0.0681900392157,"7":0.0255712647059,"8":0.929089284314,"9":0.571091578431,"10":0.332426441176,"11":2.39517512745},"bb":{"7":0.00818475,"10":null},"ie_mob":{"10":0.15467129661,"11":0.63885970339},"and_uc":{"0":0.099776},"op_mini":{"5.0-8.0":1.47709972921},"and_chr":{"0":8.999815},"and_ff":{"0":0.063919},"edge":{"12":0.320758,"13":null}},"total":99.0545084853}