{"id":"RS","name":"Serbia","month":"2015-10","access_date":"2015-11-03","data":{"chrome":{"4":0.008453,"5":0.008453,"6":0.008453,"7":0.008453,"8":0.008453,"9":0.008453,"10":0.016906,"11":0.059171,"12":0.025359,"13":0.008453,"14":0.008453,"15":0.008453,"16":0.008453,"17":0.008453,"18":0.050718,"19":0,"20":0.008453,"21":0.008453,"22":0.076077,"23":0.008453,"24":0.008453,"25":0.008453,"26":0.08453,"27":0.016906,"28":0.008453,"29":0.016906,"30":0.025359,"31":0.08453,"32":0.033812,"33":0.101436,"34":0.152154,"35":0.059171,"36":0.092983,"37":0.076077,"38":0.143701,"39":0.228231,"40":0.109889,"41":0.067624,"42":0.211325,"43":0.456462,"44":0.811488,"45":21.149406,"46":22.873818,"47":0.228231,"48":0.160607,"49":0},"firefox":{"2":0.008453,"3":0.033812,"3.5":0.016906,"3.6":0.08453,"4":0.016906,"5":0.008453,"6":0.016906,"7":0.008453,"8":0.016906,"9":0.008453,"10":0.025359,"11":0.025359,"12":0.050718,"13":0.016906,"14":0.016906,"15":0.025359,"16":0.025359,"17":0.016906,"18":0.025359,"19":0.016906,"20":0.025359,"21":0.016906,"22":0.025359,"23":0.016906,"24":0.033812,"25":0.016906,"26":0.025359,"27":0.025359,"28":0.033812,"29":0.067624,"30":0.076077,"31":0.076077,"32":0.050718,"33":0.067624,"34":0.076077,"35":0.118342,"36":0.262043,"37":0.464915,"38":1.234138,"39":1.479275,"40":2.079438,"41":16.111418,"42":0.574804,"43":0.025359,"44":0.008453},"opera":{"9":0,"9.5-9.6":0,"10.0-10.1":0,"10.5":0,"10.6":0.008453,"11":0,"11.1":0,"11.5":0.008453,"11.6":0.025359,"12":0.025359,"12.1":0.557898,"15":0.008453,"16":0.008453,"17":0.008453,"18":0.008453,"19":0.008453,"20":0.025359,"21":0.008453,"22":0.008453,"23":0,"24":0.008453,"25":0.008453,"26":0.025359,"27":0.008453,"28":0.033812,"29":0.033812,"30":0.050718,"31":0.050718,"32":3.440371,"33":0.177513,"34":0},"safari":{"3.1":0,"3.2":0,"4":0.016906,"5":0.016906,"5.1":0.059171,"6":0.008453,"6.1":0.016906,"7":0.025359,"7.1":0.042265,"8":0.135248,"9":0.278949},"android":{"2.1":0,"2.2":0,"2.3":0.0437622062478,"3":0,"4":0.127577957197,"4.1":0.457648834829,"4.2-4.3":0.956834678978,"4.4":1.78609140076,"4.4.3-4.4.4":0.925681921988,"44":null},"ios_saf":{"3.2":0,"4.0-4.1":0,"4.2-4.3":0,"5.0-5.1":0.00454413853294,"6.0-6.1":0.00476052608213,"7.0-7.1":0.115983726365,"8":0.0155799035415,"8.1-8.4":0.518464567854,"9.0-9.1":1.48528413762},"op_mob":{"10":0,"11":0,"11.1":0,"11.5":0,"12":0.00346147798742,"12.1":0.0103844339623,"0":0.12115172956},"ie":{"5.5":0,"6":0.0342097882353,"7":0.0171048941176,"8":0.761167788235,"9":1.06050343529,"10":0.265125858824,"11":2.20653134118},"bb":{"7":0.01044225,"10":null},"ie_mob":{"10":0.149039521073,"11":0.678605478927},"op_mini":{"5.0-8.0":1.29597735849},"and_chr":{"0":9.257265},"and_ff":{"0":0.020111},"edge":{"12":0.388838,"13":null},"and_uc":{"0":0.095914}},"total":98.9795773559}