{"id":"RU","name":"Russian Federation","month":"2015-08","access_date":"2015-09-03","data":{"chrome":{"4":0.008684,"5":0.008684,"6":0.008684,"7":0.008684,"8":0.017368,"9":0.008684,"10":0.008684,"11":0.052104,"12":0.034736,"13":0.052104,"14":0.017368,"15":0.034736,"16":0.026052,"17":0.08684,"18":0.034736,"19":0.017368,"20":0.017368,"21":0.08684,"22":0.069472,"23":0.026052,"24":0.121576,"25":0.026052,"26":0.069472,"27":0.08684,"28":0.164996,"29":0.078156,"30":0.052104,"31":2.118896,"32":0.04342,"33":0.138944,"34":0.052104,"35":0.095524,"36":0.069472,"37":0.069472,"38":0.104208,"39":0.17368,"40":0.13026,"41":0.269204,"42":0.208416,"43":1.415492,"44":27.510912,"45":0.286572,"46":0.590512,"47":0.008684,"48":0},"firefox":{"2":0.008684,"3":0.034736,"3.5":0.034736,"3.6":0.121576,"4":0.026052,"5":0.008684,"6":0.017368,"7":0.008684,"8":0.034736,"9":0.026052,"10":0.026052,"11":0.026052,"12":0.060788,"13":0.034736,"14":0.026052,"15":0.034736,"16":0.034736,"17":0.034736,"18":0.017368,"19":0.034736,"20":0.04342,"21":0.060788,"22":0.034736,"23":0.034736,"24":0.112892,"25":1.111552,"26":0.095524,"27":0.026052,"28":0.04342,"29":0.026052,"30":0.04342,"31":0.208416,"32":0.078156,"33":0.08684,"34":0.095524,"35":0.138944,"36":0.121576,"37":0.156312,"38":0.538408,"39":5.106192,"40":4.51568,"41":0.034736,"42":0.008684,"43":0.008684},"opera":{"9":0,"9.5-9.6":0.017368,"10.0-10.1":0.147628,"10.5":0.008684,"10.6":0.026052,"11":0.078156,"11.1":0.026052,"11.5":0.04342,"11.6":0.164996,"12":0.225784,"12.1":3.056768,"15":0.017368,"16":0.060788,"17":0.052104,"18":0.460252,"19":0.078156,"20":0.052104,"21":0.052104,"22":0.034736,"23":0.017368,"24":0.026052,"25":0.04342,"26":0.04342,"27":0.04342,"28":0.164996,"29":0.147628,"30":1.623908,"31":4.68936,"32":0.04342,"33":0},"safari":{"3.1":0,"3.2":0,"4":0.026052,"5":0.060788,"5.1":0.104208,"6":0.026052,"6.1":0.078156,"7":0.069472,"7.1":0.225784,"8":0.877084,"9":0.04342},"android":{"2.1":0,"2.2":0,"2.3":0.0468517196023,"3":0,"4":0.149339856232,"4.1":0.524153613051,"4.2-4.3":1.13981449095,"4.4":0.00732058118787,"4.4.3-4.4.4":1.00438373898,"44":null},"ios_saf":{"3.2":0,"4.0-4.1":0,"4.2-4.3":0,"5.0-5.1":0.016510256565,"6.0-6.1":0.0275170942751,"7.0-7.1":0.453481713653,"8":0.0621886330617,"8.1-8.4":4.87437807989,"9":0.0357722225576},"op_mob":{"10":0,"11":0,"11.1":0,"11.5":0,"12":0.00712532620321,"12.1":0.0142506524064,"0":0.220885112299},"ie":{"5.5":0,"6":0.0625775271389,"7":0.071517173873,"8":1.78792934683,"9":1.0995765483,"10":1.11745584177,"11":5.40848627415},"bb":{"7":0.005593,"10":null},"ie_mob":{"10":0.0761830169492,"11":0.314668983051},"and_uc":{"0":0.801444},"op_mini":{"5.0-8.0":2.48054290909},"and_chr":{"0":5.356392},"and_ff":{"0":0.050008},"edge":{"12":0.30394,"13":null}},"total":88.3690757121}