{"id":"RU","name":"Russian Federation","month":"2016-02","access_date":"2016-03-03","data":{"firefox":{"2":0.008706,"3":0.017412,"3.5":0.017412,"3.6":0.078354,"4":0.017412,"5":0.008706,"6":0.017412,"7":0.008706,"8":0.026118,"9":0.017412,"10":0.017412,"11":0.017412,"12":0.052236,"13":0.008706,"14":0.017412,"15":0.017412,"16":0.017412,"17":0.026118,"18":0.017412,"19":0.026118,"20":0.034824,"21":0.095766,"22":0.034824,"23":0.04353,"24":0.095766,"25":1.419078,"26":0.113178,"27":0.052236,"28":0.052236,"29":0.052236,"30":0.04353,"31":0.078354,"32":0.034824,"33":0.078354,"34":0.069648,"35":0.078354,"36":0.08706,"37":0.139296,"38":0.296004,"39":0.13059,"40":0.139296,"41":0.156708,"42":0.252474,"43":2.707566,"44":5.458662,"45":0.052236,"46":0.008706,"47":0},"chrome":{"4":0.008706,"5":0.008706,"6":0.008706,"7":0,"8":0.017412,"9":0.008706,"10":0.008706,"11":0.026118,"12":0.026118,"13":0.017412,"14":0.008706,"15":0.017412,"16":0.008706,"17":0.052236,"18":0.026118,"19":0.008706,"20":0.008706,"21":0.069648,"22":0.052236,"23":0.017412,"24":0.104472,"25":0.034824,"26":0.052236,"27":0.069648,"28":0.17412,"29":0.139296,"30":0.060942,"31":2.6118,"32":0.069648,"33":0.113178,"34":0.060942,"35":0.069648,"36":0.069648,"37":0.078354,"38":0.069648,"39":0.13059,"40":0.113178,"41":0.269886,"42":0.104472,"43":0.461418,"44":0.30471,"45":0.461418,"46":0.470124,"47":1.662846,"48":29.243454,"49":0.121884,"50":0.287298,"51":0},"opera":{"9":0,"9.5-9.6":0.008706,"10.0-10.1":0.008706,"10.5":0,"10.6":0.017412,"11":0.017412,"11.1":0.017412,"11.5":0.034824,"11.6":0.139296,"12":0.17412,"12.1":2.559564,"15":0.026118,"16":0.034824,"17":0.060942,"18":0.583302,"19":0.017412,"20":0.026118,"21":0.008706,"22":0.008706,"23":0.008706,"24":0.008706,"25":0.017412,"26":0.017412,"27":0.017412,"28":0.165414,"29":0.04353,"30":0.060942,"31":0.04353,"32":0.069648,"33":0.095766,"34":1.384254,"35":4.7883,"36":0.034824},"safari":{"3.1":0,"3.2":0,"4":0.017412,"5":0.04353,"5.1":0.069648,"6":0.017412,"6.1":0.04353,"7":0.052236,"7.1":0.034824,"8":0.191532,"9":1.288488,"9.1":0.026118},"android":{"2.1":0,"2.2":0,"2.3":0.0113958828769,"3":0,"4":0.0985991605433,"4.1":0.207603257626,"4.2-4.3":0.465744778446,"4.4":0.937930708083,"4.4.3-4.4.4":0.503896212425,"47":null},"ios_saf":{"3.2":0,"4.0-4.1":0,"4.2-4.3":0,"5.0-5.1":0,"6.0-6.1":0,"7.0-7.1":0.212765604034,"8":0.0144436180284,"8.1-8.4":0.587744149002,"9.0-9.2":4.58362662894,"9.3":null},"op_mob":{"10":0,"11":0,"11.1":0,"11.5":0,"12":7.36260497001e-5,"12.1":7.36260497001e-5,"0":0.0031659201371},"ie":{"5.5":0,"6":0.0354057852029,"7":0.0531086778043,"8":1.00906487828,"9":0.858590291169,"10":0.920550415274,"11":4.48768327446},"bb":{"7":0.0158515,"10":null},"ie_mob":{"10":0.0911830291262,"11":0.403124970874},"edge":{"12":0.139296,"13":0.47883,"14":0},"and_uc":{"0":1.057198},"op_mini":{"5.0-8.0":1.28551082776},"and_chr":{"0":6.375822},"and_ff":{"0":0.023292}},"total":87.1965348222}