{"id":"RU","name":"Russian Federation","month":"2015-10","access_date":"2015-11-03","data":{"chrome":{"4":0.017558,"5":0.008779,"6":0.008779,"7":0.008779,"8":0.017558,"9":0.008779,"10":0.026337,"11":0.061453,"12":0.043895,"13":0.070232,"14":0.026337,"15":0.035116,"16":0.026337,"17":0.08779,"18":0.043895,"19":0.026337,"20":0.017558,"21":0.061453,"22":0.070232,"23":0.026337,"24":0.122906,"25":0.026337,"26":0.061453,"27":0.096569,"28":0.166801,"29":0.079011,"30":0.052674,"31":2.089402,"32":0.08779,"33":0.166801,"34":0.08779,"35":0.114127,"36":0.096569,"37":0.096569,"38":0.114127,"39":0.158022,"40":0.158022,"41":0.421392,"42":0.228254,"43":0.816447,"44":0.70232,"45":14.634593,"46":14.757499,"47":0.289707,"48":0.245812,"49":0},"firefox":{"2":0.017558,"3":0.043895,"3.5":0.043895,"3.6":0.149243,"4":0.035116,"5":0.017558,"6":0.017558,"7":0.008779,"8":0.026337,"9":0.026337,"10":0.035116,"11":0.026337,"12":0.052674,"13":0.035116,"14":0.026337,"15":0.026337,"16":0.026337,"17":0.035116,"18":0.017558,"19":0.035116,"20":0.043895,"21":0.131685,"22":0.043895,"23":0.052674,"24":0.08779,"25":1.193944,"26":0.096569,"27":0.061453,"28":0.079011,"29":0.079011,"30":0.026337,"31":0.254591,"32":0.114127,"33":0.131685,"34":0.105348,"35":0.131685,"36":0.184359,"37":0.210696,"38":0.403834,"39":0.465287,"40":1.132491,"41":8.287376,"42":0.096569,"43":0.052674,"44":0.008779},"opera":{"9":0,"9.5-9.6":0.017558,"10.0-10.1":0.131685,"10.5":0.008779,"10.6":0.026337,"11":0.017558,"11.1":0.026337,"11.5":0.052674,"11.6":0.158022,"12":0.201917,"12.1":2.703932,"15":0.017558,"16":0.035116,"17":0.052674,"18":0.456508,"19":0.026337,"20":0.043895,"21":0.017558,"22":0.017558,"23":0.008779,"24":0.017558,"25":0.026337,"26":0.035116,"27":0.043895,"28":0.228254,"29":0.079011,"30":0.149243,"31":0.228254,"32":5.583444,"33":0.26337,"34":0.008779},"safari":{"3.1":0,"3.2":0,"4":0.043895,"5":0.079011,"5.1":0.105348,"6":0.026337,"6.1":0.061453,"7":0.070232,"7.1":0.131685,"8":0.403834,"9":0.807668},"android":{"2.1":0,"2.2":0,"2.3":0.0264642086641,"3":0,"4":0.0771498964446,"4.1":0.2767528262,"4.2-4.3":0.578624223334,"4.4":1.08009855022,"4.4.3-4.4.4":0.559785295133,"44":null},"ios_saf":{"3.2":0,"4.0-4.1":0,"4.2-4.3":0,"5.0-5.1":0.0109465217435,"6.0-6.1":0.0114677846837,"7.0-7.1":0.27939693593,"8":0.0375309316921,"8.1-8.4":1.24894600464,"9.0-9.1":3.57794882131},"op_mob":{"10":0,"11":0,"11.1":0,"11.5":0,"12":0.00333751814224,"12.1":0.0100125544267,"0":0.116813134978},"ie":{"5.5":0,"6":0.0544392908108,"7":0.0635125059459,"8":1.50615371243,"9":0.961760804324,"10":1.03434652541,"11":4.60012007351},"bb":{"7":0.00579975,"10":null},"ie_mob":{"10":0.0758563793103,"11":0.34538862069},"op_mini":{"5.0-8.0":1.24956679245},"and_chr":{"0":5.995539},"and_ff":{"0":0.021978},"edge":{"12":0.359939,"13":null},"and_uc":{"0":0.880341}},"total":88.2061426624}