{"id":"RW","name":"Rwanda","month":"2015-10","access_date":"2015-11-03","data":{"chrome":{"4":0.001661,"5":0.004983,"6":0.006644,"7":0.001661,"8":0,"9":0.004983,"10":0.004983,"11":0.019932,"12":0.001661,"13":0.003322,"14":0.003322,"15":0.001661,"16":0.004983,"17":0.001661,"18":0,"19":0,"20":0.001661,"21":0,"22":0.001661,"23":0.019932,"24":0,"25":0.008305,"26":0.008305,"27":0.003322,"28":0.004983,"29":0.006644,"30":0.003322,"31":0.036542,"32":0.004983,"33":0.024915,"34":0.004983,"35":0.008305,"36":0.03322,"37":0.006644,"38":0.013288,"39":0.031559,"40":0.034881,"41":0.028237,"42":0.247489,"43":0.121253,"44":0.104643,"45":3.011393,"46":2.775531,"47":0.076406,"48":0.043186,"49":0},"firefox":{"2":0.004983,"3":0.013288,"3.5":0.008305,"3.6":0.044847,"4":0.038203,"5":0.014949,"6":0.018271,"7":0.008305,"8":0.009966,"9":0.014949,"10":0.028237,"11":0.044847,"12":0.043186,"13":0.028237,"14":0.041525,"15":0.01661,"16":0.031559,"17":0.01661,"18":0.026576,"19":0.01661,"20":0.102982,"21":0.041525,"22":0.006644,"23":0.021593,"24":0.011627,"25":0.009966,"26":0.008305,"27":0.01661,"28":0.013288,"29":0.034881,"30":0.044847,"31":0.044847,"32":0.019932,"33":0.034881,"34":0.026576,"35":0.059796,"36":0.051491,"37":0.059796,"38":0.121253,"39":0.275726,"40":0.720874,"41":3.182476,"42":0.453453,"43":0.009966,"44":0.008305},"opera":{"9":0,"9.5-9.6":0,"10.0-10.1":0,"10.5":0,"10.6":0.001661,"11":0.004983,"11.1":0.001661,"11.5":0.001661,"11.6":0.018271,"12":0.001661,"12.1":0.084711,"15":0.013288,"16":0.001661,"17":0.001661,"18":0.008305,"19":0.003322,"20":0.001661,"21":0,"22":0,"23":0,"24":0,"25":0,"26":0.003322,"27":0.003322,"28":0.013288,"29":0.011627,"30":0.029898,"31":0.01661,"32":0.491656,"33":0.014949,"34":0.001661},"safari":{"3.1":0,"3.2":0,"4":0.001661,"5":0.003322,"5.1":0.024915,"6":0.006644,"6.1":0.008305,"7":0.046508,"7.1":0.024915,"8":0.159456,"9":0.136202},"android":{"2.1":0,"2.2":0,"2.3":0.0202019502934,"3":0,"4":0.0588938211943,"4.1":0.211264463238,"4.2-4.3":0.441703658958,"4.4":0.824513496721,"4.4.3-4.4.4":0.427322609596,"44":null},"ios_saf":{"3.2":0,"4.0-4.1":0,"4.2-4.3":0,"5.0-5.1":0.00191601745535,"6.0-6.1":0.0020072563818,"7.0-7.1":0.0489040645747,"8":0.00656920270407,"8.1-8.4":0.218608467763,"9.0-9.1":0.626263991121},"op_mob":{"10":0,"11":0,"11.1":0,"11.5":0,"12":0.178197208515,"12.1":0.534591625544,"0":6.23690229802},"ie":{"5.5":0,"6":0.00839131062356,"7":0.00503478637413,"8":0.209782765589,"9":0.0956609411085,"10":0.161113163972,"11":0.970035508083},"bb":{"7":0.0708815,"10":null},"ie_mob":{"10":0.0810895862069,"11":0.369216413793},"op_mini":{"5.0-8.0":66.7170348679},"and_chr":{"0":2.91746},"and_ff":{"0":0.041695},"edge":{"12":0.088033,"13":null},"and_uc":{"0":3.494041}},"total":98.7888509758}