{"id":"RW","name":"Rwanda","month":"2015-08","access_date":"2015-09-03","data":{"chrome":{"4":0,"5":0.002952,"6":0.004428,"7":0,"8":0,"9":0.00738,"10":0.002952,"11":0.017712,"12":0.002952,"13":0,"14":0.002952,"15":0.001476,"16":0.011808,"17":0.001476,"18":0.001476,"19":0,"20":0.001476,"21":0.002952,"22":0.002952,"23":0.004428,"24":0,"25":0.010332,"26":0.030996,"27":0.001476,"28":0.008856,"29":0.005904,"30":0.002952,"31":0.02214,"32":0.002952,"33":0.026568,"34":0.011808,"35":0.00738,"36":0.02952,"37":0.011808,"38":0.019188,"39":0.02214,"40":0.053136,"41":0.02952,"42":0.212544,"43":0.256824,"44":4.30254,"45":0.054612,"46":0.097416,"47":0,"48":0},"firefox":{"2":0.005904,"3":0.013284,"3.5":0.004428,"3.6":0.042804,"4":0.032472,"5":0.010332,"6":0.039852,"7":0.005904,"8":0.011808,"9":0.013284,"10":0.025092,"11":0.035424,"12":0.05166,"13":0.016236,"14":0.02952,"15":0.023616,"16":0.0369,"17":0.011808,"18":0.02214,"19":0.023616,"20":0.030996,"21":0.030996,"22":0.00738,"23":0.023616,"24":0.011808,"25":0.008856,"26":0.00738,"27":0.010332,"28":0.016236,"29":0.039852,"30":0.053136,"31":0.042804,"32":0.063468,"33":0.038376,"34":0.054612,"35":0.076752,"36":0.067896,"37":0.097416,"38":0.209592,"39":2.436876,"40":1.570464,"41":0.190404,"42":0.001476,"43":0.001476},"opera":{"9":0,"9.5-9.6":0,"10.0-10.1":0.004428,"10.5":0,"10.6":0,"11":0.004428,"11.1":0.001476,"11.5":0.011808,"11.6":0.017712,"12":0.001476,"12.1":0.12546,"15":0.001476,"16":0.001476,"17":0.001476,"18":0.005904,"19":0.002952,"20":0.002952,"21":0.001476,"22":0,"23":0,"24":0,"25":0.001476,"26":0.001476,"27":0.001476,"28":0.019188,"29":0.028044,"30":0.22878,"31":0.225828,"32":0.001476,"33":0},"safari":{"3.1":0,"3.2":0,"4":0.002952,"5":0.004428,"5.1":0.02214,"6":0.008856,"6.1":0.017712,"7":0.02214,"7.1":0.078228,"8":0.2214,"9":0.002952},"android":{"2.1":0,"2.2":0,"2.3":0.027872350752,"3":0,"4":0.0888431180219,"4.1":0.311821924038,"4.2-4.3":0.678082033138,"4.4":0.004355054805,"4.4.3-4.4.4":0.597513519245,"44":null},"ios_saf":{"3.2":0,"4.0-4.1":0,"4.2-4.3":0,"5.0-5.1":0.00249168729248,"6.0-6.1":0.00415281215414,"7.0-7.1":0.0684383443002,"8":0.00938535546836,"8.1-8.4":0.735629144984,"9":0.00539865580038},"op_mob":{"10":0,"11":0,"11.1":0,"11.5":0,"12":0.203257005803,"12.1":0.406514011605,"0":6.30096717988},"ie":{"5.5":0,"6":0.00449017853561,"7":0.00598690471414,"8":0.308325592778,"9":0.113751189569,"10":0.160149701103,"11":0.898035707121},"bb":{"7":0.059668,"10":null},"ie_mob":{"10":0.0731041355932,"11":0.301951864407},"and_uc":{"0":2.224764},"op_mini":{"5.0-8.0":70.7599498027},"and_chr":{"0":2.32978},"and_ff":{"0":0.110812},"edge":{"12":0.069372,"13":null}},"total":98.7761832738}