{"id":"SA","name":"Saudi Arabia","month":"2016-02","access_date":"2016-03-03","data":{"firefox":{"2":0,"3":0.02155,"3.5":0.00431,"3.6":0.00862,"4":0.00431,"5":0,"6":0.01293,"7":0,"8":0.00431,"9":0.00431,"10":0.00431,"11":0.00862,"12":0.00862,"13":0.00431,"14":0.00431,"15":0.00862,"16":0.00431,"17":0.00431,"18":0.00431,"19":0.00431,"20":0.00862,"21":0.00431,"22":0.00431,"23":0.00431,"24":0.00431,"25":0.00431,"26":0.00431,"27":0.00431,"28":0.00862,"29":0.01293,"30":0.01293,"31":0.02155,"32":0.00862,"33":0.01724,"34":0.01293,"35":0.01724,"36":0.02586,"37":0.01724,"38":0.05603,"39":0.05172,"40":0.03879,"41":0.04741,"42":0.06896,"43":1.13353,"44":2.2412,"45":0.16378,"46":0.00862,"47":0},"chrome":{"4":0.00431,"5":0.00431,"6":0.00431,"7":0,"8":0.00431,"9":0.00431,"10":0.00862,"11":0.01724,"12":0.00862,"13":0.00431,"14":0.00431,"15":0.00431,"16":0.00431,"17":0,"18":0,"19":0.00431,"20":0.00431,"21":0.00431,"22":0.02155,"23":0.00431,"24":0.00431,"25":0.00862,"26":0.01724,"27":0.01293,"28":0.00862,"29":0.02586,"30":0.01724,"31":0.05603,"32":0.00862,"33":0.16809,"34":0.03448,"35":0.02586,"36":0.03017,"37":0.02155,"38":0.05603,"39":0.05603,"40":0.0431,"41":0.03448,"42":0.06034,"43":0.93527,"44":0.2155,"45":0.34049,"46":0.24567,"47":0.90079,"48":22.61457,"49":0.14223,"50":0.23274,"51":0},"opera":{"9":0,"9.5-9.6":0,"10.0-10.1":0,"10.5":0,"10.6":0,"11":0,"11.1":0,"11.5":0,"11.6":0.01724,"12":0.00431,"12.1":0.02155,"15":0,"16":0,"17":0,"18":0,"19":0.00431,"20":0.00431,"21":0,"22":0,"23":0,"24":0,"25":0.00431,"26":0.00431,"27":0.00431,"28":0.00862,"29":0.00431,"30":0.00431,"31":0.00862,"32":0.00431,"33":0.00862,"34":0.02586,"35":0.05603,"36":0},"safari":{"3.1":0,"3.2":0,"4":0.00431,"5":0.00862,"5.1":0.03879,"6":0.01724,"6.1":0.02586,"7":0.03448,"7.1":0.02155,"8":0.20257,"9":0.8189,"9.1":0.00431},"android":{"2.1":0,"2.2":0,"2.3":0.0379146626587,"3":0,"4":0.328044255177,"4.1":0.690706245825,"4.2-4.3":1.54955577822,"4.4":3.12054158317,"4.4.3-4.4.4":1.67648747495,"47":null},"ios_saf":{"3.2":0,"4.0-4.1":0,"4.2-4.3":0,"5.0-5.1":0,"6.0-6.1":0,"7.0-7.1":0.571619026549,"8":0.0388044247788,"8.1-8.4":1.57904159292,"9.0-9.2":12.3144349558,"9.3":null},"op_mob":{"10":0,"11":0,"11.1":0,"11.5":0,"12":4.87574978578e-6,"12.1":4.87574978578e-6,"0":0.000209657240788},"ie":{"5.5":0,"6":0.00435675542406,"7":0.00871351084813,"8":0.623016025641,"9":0.426962031558,"10":0.374680966469,"11":2.97566395464},"bb":{"7":0.0526325,"10":null},"ie_mob":{"10":0.0283395145631,"11":0.125290485437},"edge":{"12":0.15947,"13":0.39221,"14":0},"and_uc":{"0":13.78118},"op_mini":{"5.0-8.0":0.0851305912596},"and_chr":{"0":24.69665},"and_ff":{"0":0.02845}},"total":97.5813557446}