{"id":"SA","name":"Saudi Arabia","month":"2015-08","access_date":"2015-09-03","data":{"chrome":{"4":0.004319,"5":0.008638,"6":0.004319,"7":0,"8":0.004319,"9":0.004319,"10":0.012957,"11":0.030233,"12":0.012957,"13":0.004319,"14":0.008638,"15":0.008638,"16":0.008638,"17":0.017276,"18":0.004319,"19":0.008638,"20":0.004319,"21":0.004319,"22":0.034552,"23":0.008638,"24":0.017276,"25":0.012957,"26":0.017276,"27":0.012957,"28":0.012957,"29":0.017276,"30":0.030233,"31":0.069104,"32":0.021595,"33":0.211631,"34":0.04319,"35":0.051828,"36":0.090699,"37":0.047509,"38":0.099337,"39":0.146846,"40":0.565789,"41":0.090699,"42":0.354158,"43":1.351847,"44":20.109264,"45":0.155484,"46":0.267778,"47":0,"48":0},"firefox":{"2":0.004319,"3":0.012957,"3.5":0.004319,"3.6":0.017276,"4":0.004319,"5":0,"6":0.008638,"7":0,"8":0,"9":0.008638,"10":0.008638,"11":0.008638,"12":0.04319,"13":0.004319,"14":0.008638,"15":0.008638,"16":0.008638,"17":0.008638,"18":0.008638,"19":0.004319,"20":0.008638,"21":0.008638,"22":0.004319,"23":0.008638,"24":0.004319,"25":0.012957,"26":0.008638,"27":0.012957,"28":0.008638,"29":0.021595,"30":0.017276,"31":0.038871,"32":0.017276,"33":0.025914,"34":0.030233,"35":0.099337,"36":0.047509,"37":0.095018,"38":0.293692,"39":2.016973,"40":1.442546,"41":0.103656,"42":0.004319,"43":0},"opera":{"9":0,"9.5-9.6":0,"10.0-10.1":0.004319,"10.5":0,"10.6":0,"11":0,"11.1":0,"11.5":0,"11.6":0.004319,"12":0.004319,"12.1":0.025914,"15":0.004319,"16":0.004319,"17":0.004319,"18":0.004319,"19":0.008638,"20":0.004319,"21":0,"22":0.004319,"23":0,"24":0,"25":0.004319,"26":0.008638,"27":0.004319,"28":0.021595,"29":0.017276,"30":0.04319,"31":0.038871,"32":0,"33":0},"safari":{"3.1":0,"3.2":0,"4":0.004319,"5":0.012957,"5.1":0.064785,"6":0.017276,"6.1":0.030233,"7":0.051828,"7.1":0.12957,"8":0.617617,"9":0.004319},"android":{"2.1":0,"2.2":0,"2.3":0.175301938313,"3":0,"4":0.558774928371,"4.1":1.96119043487,"4.2-4.3":4.26476746801,"4.4":0.0273909278613,"4.4.3-4.4.4":3.75803530257,"44":null},"ios_saf":{"3.2":0,"4.0-4.1":0,"4.2-4.3":0,"5.0-5.1":0.0435406972532,"6.0-6.1":0.0725678287554,"7.0-7.1":1.19591781789,"8":0.164003292987,"8.1-8.4":12.8546651857,"9":0.094338177382},"op_mob":{"10":0,"11":0,"11.1":0,"11.5":0,"12":0.00127853202867,"12.1":0.00255706405734,"0":0.0396344928888},"ie":{"5.5":0,"6":0.00869449854651,"7":0.017388997093,"8":1.2346187936,"9":0.817282863372,"10":0.626003895349,"11":3.27347870276},"bb":{"7":0.08947575,"10":null},"ie_mob":{"10":0.0531510508475,"11":0.219536949153},"and_uc":{"0":14.747876},"op_mini":{"5.0-8.0":0.445095911025},"and_chr":{"0":21.352909},"and_ff":{"0":0.107939},"edge":{"12":0.285054,"13":null}},"total":98.1337665007}