{"id":"SA","name":"Saudi Arabia","month":"2015-10","access_date":"2015-11-03","data":{"chrome":{"4":0.00417,"5":0.00834,"6":0.00417,"7":0,"8":0.00417,"9":0.00417,"10":0.00417,"11":0.02502,"12":0.00834,"13":0.00417,"14":0.00417,"15":0.00417,"16":0.00834,"17":0.01251,"18":0.00417,"19":0.18765,"20":0.00417,"21":0.00417,"22":0.02085,"23":0.00417,"24":0.57546,"25":0.01251,"26":0.01251,"27":0.01251,"28":0.01251,"29":0.02085,"30":0.20433,"31":0.06672,"32":0.01668,"33":0.17097,"34":0.03336,"35":0.40866,"36":0.06672,"37":0.03753,"38":0.07506,"39":0.10425,"40":0.10842,"41":0.04587,"42":0.25437,"43":0.8757,"44":0.46287,"45":9.73695,"46":8.70696,"47":0.16263,"48":0.10842,"49":0},"firefox":{"2":0.19182,"3":0.01251,"3.5":0.00417,"3.6":0.01251,"4":0.00417,"5":0,"6":0.00834,"7":0,"8":0.00417,"9":0.00417,"10":0.00417,"11":0.00834,"12":0.05838,"13":0.00417,"14":0.00417,"15":0.19182,"16":0.00834,"17":0.00417,"18":0.19182,"19":0.00834,"20":0.00417,"21":0.20016,"22":0.00417,"23":0.19599,"24":0.00417,"25":0.38781,"26":0.00417,"27":0.00417,"28":0.00834,"29":0.01251,"30":0.01251,"31":0.03336,"32":0.02085,"33":0.02085,"34":0.01668,"35":0.02502,"36":0.03753,"37":0.05421,"38":0.2085,"39":0.14595,"40":0.417,"41":2.42694,"42":0.17931,"43":0.01251,"44":0.00417},"opera":{"9":0,"9.5-9.6":0,"10.0-10.1":0.18765,"10.5":0,"10.6":0,"11":0,"11.1":0,"11.5":0,"11.6":0.00417,"12":0.00417,"12.1":0.01668,"15":0.00417,"16":0,"17":0,"18":0.00417,"19":0.00417,"20":0.00417,"21":0,"22":0.00834,"23":0,"24":0,"25":0.00417,"26":0.00417,"27":0.00417,"28":0.01668,"29":0.00834,"30":0.01251,"31":0.01668,"32":0.05004,"33":0,"34":0},"safari":{"3.1":0,"3.2":0,"4":0.00417,"5":0.20016,"5.1":0.04587,"6":0.01251,"6.1":0.02502,"7":0.0417,"7.1":0.07506,"8":0.30024,"9":0.35862},"android":{"2.1":0,"2.2":0,"2.3":0.106891829479,"3":0,"4":0.311616858819,"4.1":1.11783489472,"4.2-4.3":2.33712644115,"4.4":4.36263602347,"4.4.3-4.4.4":2.26103395236,"44":null},"ios_saf":{"3.2":0,"4.0-4.1":0,"4.2-4.3":0,"5.0-5.1":0.0258543456765,"6.0-6.1":0.0270855049945,"7.0-7.1":0.65990139441,"8":0.0886434708909,"8.1-8.4":2.94985772576,"9.0-9.1":8.45067755827},"op_mob":{"10":0,"11":0,"11.1":0,"11.5":0,"12":0.000282051282051,"12.1":0.000846153846154,"0":0.00987179487179},"ie":{"5.5":0,"6":0.00842645473393,"7":0.0168529094679,"8":1.24711530062,"9":1.04909361437,"10":0.842645473393,"11":2.91976656531},"bb":{"7":0.0743325,"10":null},"ie_mob":{"10":0.0346449425287,"11":0.157745057471},"op_mini":{"5.0-8.0":0.1056},"and_chr":{"0":25.15109},"and_ff":{"0":0.02915},"edge":{"12":0.34611,"13":null},"and_uc":{"0":14.31265}},"total":98.2037228179}