{"id":"SB","name":"Solomon Islands","month":"2016-02","access_date":"2016-03-03","data":{"firefox":{"2":0,"3":0.171864,"3.5":0,"3.6":0.012276,"4":0.003069,"5":0.006138,"6":0.003069,"7":0.021483,"8":0,"9":0.009207,"10":0,"11":0.003069,"12":0.018414,"13":0.009207,"14":0.003069,"15":0.156519,"16":0.003069,"17":0.009207,"18":0,"19":0.021483,"20":0.003069,"21":0.012276,"22":0.012276,"23":0.021483,"24":0.012276,"25":0.021483,"26":0.006138,"27":0.006138,"28":0.006138,"29":0.067518,"30":0.027621,"31":0.024552,"32":0.009207,"33":0.046035,"34":0.009207,"35":0.085932,"36":0.006138,"37":0.049104,"38":0.027621,"39":0.036828,"40":0.125829,"41":0.208692,"42":0.21483,"43":0.948321,"44":1.884366,"45":0.119691,"46":0,"47":0},"chrome":{"4":0,"5":0,"6":0,"7":0,"8":0.003069,"9":0,"10":0,"11":0.021483,"12":0.003069,"13":0,"14":0,"15":0.009207,"16":0,"17":0,"18":0.006138,"19":0,"20":0,"21":0.009207,"22":0.046035,"23":0,"24":0,"25":0.036828,"26":0.003069,"27":0.006138,"28":0,"29":0.006138,"30":0,"31":0.009207,"32":0,"33":0.03069,"34":0.003069,"35":0.003069,"36":0.039897,"37":0.003069,"38":0.021483,"39":0.009207,"40":0.027621,"41":0.015345,"42":0.021483,"43":0.135036,"44":0.076725,"45":0.095139,"46":0.116622,"47":0.263934,"48":11.14047,"49":0.089001,"50":0.046035,"51":0},"opera":{"9":0,"9.5-9.6":0,"10.0-10.1":0,"10.5":0,"10.6":0.003069,"11":0,"11.1":0,"11.5":0,"11.6":0,"12":0,"12.1":0.006138,"15":0,"16":0,"17":0,"18":0,"19":0.009207,"20":0,"21":0,"22":0,"23":0,"24":0,"25":0,"26":0.033759,"27":0.09207,"28":0,"29":0.144243,"30":0.006138,"31":0,"32":0.006138,"33":0.006138,"34":0.06138,"35":0.165726,"36":0},"safari":{"3.1":0,"3.2":0,"4":0.046035,"5":0.003069,"5.1":0.027621,"6":0.018414,"6.1":0.036828,"7":0.003069,"7.1":0.018414,"8":0.125829,"9":0.457281,"9.1":0},"android":{"2.1":0,"2.2":0,"2.3":0.0199548737475,"3":0,"4":0.172653038076,"4.1":0.363525743487,"4.2-4.3":0.815547014028,"4.4":1.64237286974,"4.4.3-4.4.4":0.882352460922,"47":null},"ios_saf":{"3.2":0,"4.0-4.1":0,"4.2-4.3":0,"5.0-5.1":0,"6.0-6.1":0,"7.0-7.1":0.101857979008,"8":0.00691464087261,"8.1-8.4":0.28137269397,"9.0-9.2":2.19433468615,"9.3":null},"op_mob":{"10":0,"11":0,"11.1":0,"11.5":0,"12":0.00173463073408,"12.1":0.00173463073408,"0":0.0745891215653},"ie":{"5.5":0,"6":0.015345,"7":0.003069,"8":0.635283,"9":0.217899,"10":0.98208,"11":7.48836},"bb":{"7":0,"10":null},"ie_mob":{"10":0.343925640777,"11":1.52051335922},"edge":{"12":0.104346,"13":0.076725,"14":0},"and_uc":{"0":21.382135},"op_mini":{"5.0-8.0":30.286652617},"and_chr":{"0":9.47583},"and_ff":{"0":0.013862}},"total":97.116931}