{"id":"SB","name":"Solomon Islands","month":"2015-08","access_date":"2015-09-03","data":{"chrome":{"4":0,"5":0.025172,"6":0,"7":0,"8":0.01798,"9":0,"10":0,"11":0.025172,"12":0.003596,"13":0,"14":0,"15":0.010788,"16":0,"17":0,"18":0.007192,"19":0,"20":0.003596,"21":0,"22":0.014384,"23":0.003596,"24":0,"25":0,"26":0,"27":0.003596,"28":0.007192,"29":0,"30":0,"31":0.01798,"32":0.007192,"33":0.007192,"34":0.025172,"35":0.172608,"36":0.050344,"37":0.007192,"38":0.061132,"39":0.046748,"40":0.0899,"41":0.007192,"42":0.204972,"43":0.776736,"44":10.406824,"45":0.043152,"46":0.169012,"47":0,"48":0},"firefox":{"2":0,"3":0.043152,"3.5":0,"3.6":0.007192,"4":0.014384,"5":0.010788,"6":0.007192,"7":0.014384,"8":0,"9":0.046748,"10":0.014384,"11":0.003596,"12":0.039556,"13":0.007192,"14":0,"15":0.014384,"16":0.028768,"17":0.010788,"18":0,"19":0.025172,"20":0.003596,"21":0.010788,"22":0.007192,"23":0.025172,"24":0.01798,"25":0.003596,"26":0.007192,"27":0.039556,"28":0.014384,"29":0.093496,"30":0.007192,"31":0.003596,"32":0.061132,"33":0.064728,"34":0.151032,"35":0.05394,"36":0.111476,"37":0.046748,"38":0.4495,"39":2.506412,"40":1.891496,"41":0.183396,"42":0,"43":0},"opera":{"9":0,"9.5-9.6":0,"10.0-10.1":0,"10.5":0,"10.6":0.003596,"11":0,"11.1":0.003596,"11.5":0,"11.6":0,"12":0,"12.1":0.010788,"15":0,"16":0,"17":0,"18":0,"19":0.05394,"20":0,"21":0.003596,"22":0.021576,"23":0,"24":0,"25":0.003596,"26":0.014384,"27":0.021576,"28":0,"29":0.03596,"30":0.086304,"31":0.19778,"32":0,"33":0},"safari":{"3.1":0,"3.2":0,"4":0.05394,"5":0.050344,"5.1":0.057536,"6":0.064728,"6.1":0.079112,"7":0.061132,"7.1":0.0899,"8":0.460288,"9":0},"android":{"2.1":0,"2.2":0,"2.3":0.0696693265358,"3":0,"4":0.222070978333,"4.1":0.779425590619,"4.2-4.3":1.69492408463,"4.4":0.0108858322712,"4.4.3-4.4.4":1.49353618761,"44":null},"ios_saf":{"3.2":0,"4.0-4.1":0,"4.2-4.3":0,"5.0-5.1":0.0131480833082,"6.0-6.1":0.0219134721803,"7.0-7.1":0.361134021531,"8":0.0495244471275,"8.1-8.4":3.88175246202,"9":0.0284875138344},"op_mob":{"10":0,"11":0,"11.1":0,"11.5":0,"12":0.0920218878143,"12.1":0.184043775629,"0":2.85267852224},"ie":{"5.5":0,"6":0.010788,"7":0.025172,"8":1.021264,"9":0.715604,"10":1.208256,"11":8.921676},"bb":{"7":0,"10":null},"ie_mob":{"10":0.133561389831,"11":0.551666610169},"and_uc":{"0":13.249876},"op_mini":{"5.0-8.0":32.0356198143},"and_chr":{"0":6.66098},"and_ff":{"0":0.038424},"edge":{"12":0.050344,"13":null}},"total":96.009012}