{"id":"SB","name":"Solomon Islands","month":"2015-10","access_date":"2015-11-03","data":{"chrome":{"4":0,"5":0,"6":0,"7":0,"8":0.03421,"9":0,"10":0,"11":0.030789,"12":0.003421,"13":0,"14":0,"15":0.037631,"16":0,"17":0,"18":0.006842,"19":0,"20":0,"21":0.003421,"22":0.017105,"23":0,"24":0,"25":0,"26":0,"27":0.006842,"28":0,"29":0,"30":0,"31":0.078683,"32":0.013684,"33":0.085525,"34":0.047894,"35":0,"36":0.167629,"37":0.003421,"38":0.020526,"39":0.023947,"40":0.037631,"41":0.054736,"42":0.27368,"43":0.150524,"44":0.153945,"45":5.425706,"46":6.612793,"47":0.041052,"48":0.030789,"49":0},"firefox":{"2":0,"3":0.006842,"3.5":0,"3.6":0.010263,"4":0.003421,"5":0,"6":0.003421,"7":0.010263,"8":0,"9":0.013684,"10":0.030789,"11":0.023947,"12":0.037631,"13":0,"14":0.003421,"15":0.037631,"16":0.017105,"17":0,"18":0,"19":0.030789,"20":0.010263,"21":0.088946,"22":0.006842,"23":0.020526,"24":0.017105,"25":0.013684,"26":0.003421,"27":0.013684,"28":0.003421,"29":0.082104,"30":0.010263,"31":0.006842,"32":0.020526,"33":0.010263,"34":0.017105,"35":0.670516,"36":0.044473,"37":0.058157,"38":0.112893,"39":0.085525,"40":0.667095,"41":2.644433,"42":0.249733,"43":0,"44":0},"opera":{"9":0,"9.5-9.6":0,"10.0-10.1":0,"10.5":0,"10.6":0,"11":0,"11.1":0.003421,"11.5":0,"11.6":0,"12":0,"12.1":0.017105,"15":0,"16":0,"17":0,"18":0.003421,"19":0.003421,"20":0,"21":0.003421,"22":0.003421,"23":0,"24":0,"25":0,"26":0,"27":0.075262,"28":0,"29":0.006842,"30":0.027368,"31":0.047894,"32":0.259996,"33":0.006842,"34":0},"safari":{"3.1":0,"3.2":0,"4":0.006842,"5":0.006842,"5.1":0.283943,"6":0.023947,"6.1":0.030789,"7":0.027368,"7.1":0.010263,"8":0.393415,"9":0.129998},"android":{"2.1":0,"2.2":0,"2.3":0.0418681677598,"3":0,"4":0.122056353469,"4.1":0.437841686572,"4.2-4.3":0.915422651018,"4.4":1.70878894857,"4.4.3-4.4.4":0.885618192613,"44":null},"ios_saf":{"3.2":0,"4.0-4.1":0,"4.2-4.3":0,"5.0-5.1":0.00648315619009,"6.0-6.1":0.00679187791343,"7.0-7.1":0.165474843709,"8":0.0222279640803,"8.1-8.4":0.739697249117,"9.0-9.1":2.11906590899},"op_mob":{"10":0,"11":0,"11.1":0,"11.5":0,"12":0.0753704499274,"12.1":0.226111349782,"0":2.63796574746},"ie":{"5.5":0,"6":0.0618060666667,"7":0.0824080888889,"8":1.13654489259,"9":0.388004751852,"10":1.33913144444,"11":8.11032941481},"bb":{"7":0,"10":null},"ie_mob":{"10":0.140982172414,"11":0.641918827586},"op_mini":{"5.0-8.0":28.2186964528},"and_chr":{"0":9.783477},"and_ff":{"0":0.006579},"edge":{"12":0.06842,"13":null},"and_uc":{"0":17.861985}},"total":97.7723416593}