{"id":"SC","name":"Seychelles","month":"2015-10","access_date":"2015-11-03","data":{"chrome":{"4":0,"5":0.006345,"6":0.006345,"7":0.01269,"8":0,"9":0,"10":0,"11":0.03807,"12":0.03807,"13":0.01269,"14":0,"15":0.01269,"16":0,"17":0.006345,"18":0,"19":0.006345,"20":0.006345,"21":0.26649,"22":0,"23":0.006345,"24":0.01269,"25":0,"26":0.01269,"27":0.006345,"28":0.01269,"29":0.019035,"30":0.044415,"31":0.07614,"32":0.069795,"33":0.095175,"34":0.031725,"35":0.06345,"36":0.06345,"37":0.01269,"38":0.05076,"39":0.209385,"40":0.057105,"41":0.069795,"42":0.412425,"43":0.21573,"44":0.19035,"45":8.140635,"46":7.265025,"47":0.2538,"48":0.145935,"49":0},"firefox":{"2":0.019035,"3":0.006345,"3.5":0.02538,"3.6":0.03807,"4":0.082485,"5":0.006345,"6":0.006345,"7":0,"8":0.006345,"9":0.019035,"10":0.006345,"11":0.120555,"12":0.019035,"13":0.006345,"14":0.01269,"15":0,"16":0.01269,"17":0.26649,"18":0.019035,"19":0,"20":0.006345,"21":0.019035,"22":0.01269,"23":0.006345,"24":0.08883,"25":0.006345,"26":0.006345,"27":0.01269,"28":0.01269,"29":0.05076,"30":0.06345,"31":0.450495,"32":0.05076,"33":1.15479,"34":1.922535,"35":1.84005,"36":7.51248,"37":1.42128,"38":4.74606,"39":0.577395,"40":1.54818,"41":5.551875,"42":0.57105,"43":0,"44":0.02538},"opera":{"9":0,"9.5-9.6":0,"10.0-10.1":0,"10.5":0,"10.6":0,"11":0,"11.1":0.006345,"11.5":0.006345,"11.6":0,"12":0,"12.1":0.20304,"15":0,"16":0,"17":0,"18":0,"19":0,"20":0.006345,"21":0,"22":0,"23":0,"24":0,"25":0,"26":0.006345,"27":0.019035,"28":0.006345,"29":0.006345,"30":0.006345,"31":0.01269,"32":0.564705,"33":0.03807,"34":0},"safari":{"3.1":0,"3.2":0,"4":0.006345,"5":0.019035,"5.1":0.095175,"6":0.019035,"6.1":0.044415,"7":0.08883,"7.1":0.069795,"8":0.361665,"9":0.44415},"android":{"2.1":0,"2.2":0,"2.3":0.0618117664826,"3":0,"4":0.180197014153,"4.1":0.646404405419,"4.2-4.3":1.35147760614,"4.4":2.52275819814,"4.4.3-4.4.4":1.30747600967,"44":null},"ios_saf":{"3.2":0,"4.0-4.1":0,"4.2-4.3":0,"5.0-5.1":0.0107776975078,"6.0-6.1":0.0112909211987,"7.0-7.1":0.275087898295,"8":0.0369521057411,"8.1-8.4":1.22968396327,"9.0-9.1":3.52276741398},"op_mob":{"10":0,"11":0,"11.1":0,"11.5":0,"12":0.0192475447508,"12.1":0.0577426342525,"0":0.67366406628},"ie":{"5.5":0,"6":0.057105,"7":0.03807,"8":1.579905,"9":0.552015,"10":0.628155,"11":5.22828},"bb":{"7":0.10234,"10":null},"ie_mob":{"10":0.245501168582,"11":1.11781383142},"op_mini":{"5.0-8.0":7.20628075472},"and_chr":{"0":12.747485},"and_ff":{"0":0.062135},"edge":{"12":0.49491,"13":null},"and_uc":{"0":6.692305}},"total":96.97047}