{"id":"SC","name":"Seychelles","month":"2015-08","access_date":"2015-09-03","data":{"chrome":{"4":0,"5":0.00533,"6":0.00533,"7":0,"8":0.00533,"9":0,"10":0,"11":0.02132,"12":0.0533,"13":0.01599,"14":0.00533,"15":0.01599,"16":0.01066,"17":0,"18":0.00533,"19":0,"20":0.01599,"21":0.00533,"22":0.01599,"23":0.01599,"24":0.01066,"25":0.00533,"26":0.01599,"27":0.02665,"28":0.09061,"29":0.02665,"30":0.03198,"31":0.1066,"32":0.06929,"33":0.12792,"34":0.09061,"35":0.06929,"36":0.13325,"37":0.04797,"38":0.07995,"39":0.25051,"40":0.27183,"41":0.12259,"42":0.51701,"43":0.79417,"44":17.25321,"45":0.2132,"46":0.42107,"47":0,"48":0},"firefox":{"2":0.01599,"3":0.00533,"3.5":0.01599,"3.6":0.02665,"4":0.03198,"5":0.01066,"6":0.00533,"7":0,"8":0.01599,"9":0.00533,"10":0.02665,"11":0.09061,"12":0.03731,"13":0.02132,"14":0.04264,"15":0.01066,"16":0.02132,"17":0.01599,"18":0.04797,"19":0.03198,"20":0.01066,"21":0.04264,"22":0.02665,"23":0.02665,"24":0.04264,"25":0.01066,"26":0.00533,"27":0.01066,"28":0.01066,"29":0.04797,"30":0.24518,"31":0.12792,"32":0.13858,"33":0.2132,"34":0.32513,"35":0.24518,"36":0.25051,"37":0.43173,"38":0.73021,"39":4.63177,"40":3.47516,"41":0.72488,"42":0.01599,"43":0.03731},"opera":{"9":0,"9.5-9.6":0,"10.0-10.1":0,"10.5":0,"10.6":0,"11":0.00533,"11.1":0.00533,"11.5":0,"11.6":0,"12":0.01066,"12.1":0.25051,"15":0.00533,"16":0,"17":0.00533,"18":0.00533,"19":0.00533,"20":0.02132,"21":0,"22":0.00533,"23":0.01066,"24":0,"25":0.01066,"26":0.01066,"27":0.00533,"28":0,"29":0.01066,"30":0.22386,"31":0.59163,"32":0,"33":0},"safari":{"3.1":0,"3.2":0,"4":0.00533,"5":0.02132,"5.1":0.25584,"6":0.04797,"6.1":0.06929,"7":0.05863,"7.1":0.18655,"8":0.88478,"9":0.02665},"android":{"2.1":0,"2.2":0,"2.3":0.142875799133,"3":0,"4":0.455416609737,"4.1":1.5984230028,"4.2-4.3":3.47590030079,"4.4":0.0223243436146,"4.4.3-4.4.4":3.06289994392,"44":null},"ios_saf":{"3.2":0,"4.0-4.1":0,"4.2-4.3":0,"5.0-5.1":0.0195295502566,"6.0-6.1":0.0325492504276,"7.0-7.1":0.536411647047,"8":0.0735613059664,"8.1-8.4":5.76577422075,"9":0.0423140255559},"op_mob":{"10":0,"11":0,"11.1":0,"11.5":0,"12":0.0317256070088,"12.1":0.0634512140175,"0":0.983493817272},"ie":{"5.5":0,"6":0.0373441197988,"7":0.0213394970279,"8":1.91521985825,"9":0.565496671239,"10":1.06163997714,"11":8.06099500229},"bb":{"7":0.1716225,"10":null},"ie_mob":{"10":0.247589152542,"11":1.02265084746},"and_uc":{"0":6.79485},"op_mini":{"5.0-8.0":11.0446493617},"and_chr":{"0":13.49525},"and_ff":{"0":0.2802},"edge":{"12":0.38909,"13":null}},"total":97.4347276257}