{"id":"SD","name":"Sudan","month":"2015-10","access_date":"2015-11-03","data":{"chrome":{"4":0.011616,"5":0.023232,"6":0.010164,"7":0.004356,"8":0.027588,"9":0.042108,"10":0.02904,"11":0.066792,"12":0.011616,"13":0.008712,"14":0.008712,"15":0.010164,"16":0.015972,"17":0.017424,"18":0.024684,"19":0.027588,"20":0.018876,"21":0.015972,"22":0.053724,"23":0.046464,"24":0.024684,"25":0.042108,"26":0.059532,"27":0.055176,"28":0.068244,"29":0.060984,"30":0.05808,"31":0.15972,"32":0.042108,"33":0.12342,"34":0.062436,"35":0.056628,"36":0.098736,"37":0.046464,"38":0.05082,"39":0.104544,"40":0.151008,"41":0.11616,"42":0.22506,"43":0.52272,"44":0.48642,"45":0.771012,"46":0.255552,"47":0.01452,"48":0.004356,"49":0},"firefox":{"2":0.002904,"3":0.013068,"3.5":0.004356,"3.6":0.047916,"4":0.020328,"5":0.015972,"6":0.010164,"7":0.023232,"8":0.017424,"9":0.020328,"10":0.018876,"11":0.031944,"12":0.0363,"13":0.02178,"14":0.015972,"15":0.020328,"16":0.02904,"17":0.026136,"18":0.024684,"19":0.02178,"20":0.030492,"21":0.02178,"22":0.01452,"23":0.034848,"24":0.015972,"25":0.05808,"26":0.030492,"27":0.027588,"28":0.020328,"29":0.095832,"30":0.069696,"31":0.05082,"32":0.056628,"33":0.074052,"34":0.13068,"35":0.081312,"36":0.104544,"37":0.120516,"38":0.230868,"39":0.200376,"40":0.662112,"41":2.69346,"42":0.277332,"43":0.005808,"44":0.002904},"opera":{"9":0,"9.5-9.6":0.001452,"10.0-10.1":0.001452,"10.5":0.001452,"10.6":0.00726,"11":0.004356,"11.1":0.005808,"11.5":0.074052,"11.6":0.031944,"12":0.02178,"12.1":0.113256,"15":0.004356,"16":0.004356,"17":0.002904,"18":0.005808,"19":0.004356,"20":0.00726,"21":0.005808,"22":0.004356,"23":0.001452,"24":0.002904,"25":0.002904,"26":0.005808,"27":0.004356,"28":0.008712,"29":0.010164,"30":0.017424,"31":0.02178,"32":0.40656,"33":0.027588,"34":0},"safari":{"3.1":0,"3.2":0,"4":0.001452,"5":0.002904,"5.1":0.015972,"6":0.001452,"6.1":0.001452,"7":0.011616,"7.1":0.008712,"8":0.063888,"9":0.02178},"android":{"2.1":0,"2.2":0,"2.3":0.108966503279,"3":0,"4":0.317665060407,"4.1":1.13953105972,"4.2-4.3":2.38248795305,"4.4":4.4473108457,"4.4.3-4.4.4":2.30491857784,"44":null},"ios_saf":{"3.2":0,"4.0-4.1":0,"4.2-4.3":0,"5.0-5.1":0.00459896397942,"6.0-6.1":0.00481796226415,"7.0-7.1":0.117383080617,"8":0.0157678765009,"8.1-8.4":0.524719890223,"9.0-9.1":1.50320422642},"op_mob":{"10":0,"11":0,"11.1":0,"11.5":0,"12":0.12644175133,"12.1":0.379325253991,"0":4.42546129657},"ie":{"5.5":0,"6":0.0191607058824,"7":0.0235824072398,"8":0.392057520362,"9":0.187185357466,"10":0.269723782805,"11":1.02583471493},"bb":{"7":0.010685,"10":null},"ie_mob":{"10":0.0477181455939,"11":0.217269854406},"op_mini":{"5.0-8.0":47.3397916981},"and_chr":{"0":11.190412},"and_ff":{"0":0.102576},"edge":{"12":0.097284,"13":null},"and_uc":{"0":7.847064}},"total":97.1827094887}