{"id":"SD","name":"Sudan","month":"2016-02","access_date":"2016-03-03","data":{"firefox":{"2":0.004875,"3":0.079625,"3.5":0.004875,"3.6":0.0325,"4":0.017875,"5":0.011375,"6":0.00975,"7":0.008125,"8":0.013,"9":0.02275,"10":0.02275,"11":0.01625,"12":0.030875,"13":0.014625,"14":0.024375,"15":0.0325,"16":0.040625,"17":0.030875,"18":0.0195,"19":0.026,"20":0.0195,"21":0.040625,"22":0.0195,"23":0.017875,"24":0.017875,"25":0.037375,"26":0.0325,"27":0.024375,"28":0.014625,"29":0.047125,"30":0.043875,"31":0.030875,"32":0.02925,"33":0.052,"34":0.060125,"35":0.066625,"36":0.060125,"37":0.073125,"38":0.147875,"39":0.102375,"40":0.09425,"41":0.09425,"42":0.196625,"43":1.75825,"44":2.21975,"45":0.28925,"46":0.004875,"47":0.00325},"chrome":{"4":0.017875,"5":0.021125,"6":0.00975,"7":0.00325,"8":0.011375,"9":0.060125,"10":0.024375,"11":0.065,"12":0.01625,"13":0.00975,"14":0.004875,"15":0.004875,"16":0.011375,"17":0.013,"18":0.013,"19":0.017875,"20":0.008125,"21":0.011375,"22":0.0585,"23":0.047125,"24":0.01625,"25":0.02925,"26":0.050375,"27":0.09425,"28":0.06175,"29":0.082875,"30":0.050375,"31":0.10725,"32":0.04875,"33":0.147875,"34":0.0455,"35":0.04875,"36":0.10725,"37":0.04225,"38":0.091,"39":0.078,"40":0.105625,"41":0.143,"42":0.08775,"43":0.537875,"44":0.388375,"45":0.349375,"46":0.286,"47":0.606125,"48":0.794625,"49":0.014625,"50":0.008125,"51":0},"opera":{"9":0,"9.5-9.6":0.001625,"10.0-10.1":0.00325,"10.5":0,"10.6":0.014625,"11":0.008125,"11.1":0.00325,"11.5":0.060125,"11.6":0.024375,"12":0.017875,"12.1":0.079625,"15":0.004875,"16":0.004875,"17":0.001625,"18":0.0065,"19":0.00325,"20":0.004875,"21":0.0065,"22":0.001625,"23":0.001625,"24":0.001625,"25":0.001625,"26":0.00325,"27":0.004875,"28":0.0455,"29":0.008125,"30":0.011375,"31":0.0065,"32":0.039,"33":0.024375,"34":0.193375,"35":0.5915,"36":0.0065},"safari":{"3.1":0,"3.2":0,"4":0.00325,"5":0.0065,"5.1":0.021125,"6":0,"6.1":0.004875,"7":0.0065,"7.1":0.001625,"8":0.047125,"9":0.11375,"9.1":0},"android":{"2.1":0,"2.2":0,"2.3":0.0495554998887,"3":0,"4":0.428762803385,"4.1":0.902771932754,"4.2-4.3":2.02531173458,"4.4":4.07863309953,"4.4.3-4.4.4":2.19121492986,"47":null},"ios_saf":{"3.2":0,"4.0-4.1":0,"4.2-4.3":0,"5.0-5.1":0,"6.0-6.1":0,"7.0-7.1":0.0643046280099,"8":0.00436532722782,"8.1-8.4":0.177635238732,"9.0-9.2":1.38531980603,"9.3":null},"op_mob":{"10":0,"11":0,"11.1":0,"11.5":0,"12":0.00259502999143,"12.1":0.00259502999143,"0":0.111586289632},"ie":{"5.5":0,"6":0.0163284266409,"7":0.0212269546332,"8":0.369022442085,"9":0.142057311776,"10":0.13552594112,"11":0.966642857143},"bb":{"7":0.01465625,"10":null},"ie_mob":{"10":0.0370776699029,"11":0.163922330097},"edge":{"12":0.095875,"13":0.082875,"14":0},"and_uc":{"0":12.529},"op_mini":{"5.0-8.0":45.3092236504},"and_chr":{"0":12.487875},"and_ff":{"0":0.067}},"total":96.1674601834}