{"id":"SD","name":"Sudan","month":"2015-08","access_date":"2015-09-03","data":{"chrome":{"4":0.015345,"5":0.026505,"6":0.009765,"7":0.00837,"8":0.01953,"9":0.043245,"10":0.01674,"11":0.059985,"12":0.02232,"13":0.01116,"14":0.00837,"15":0.01395,"16":0.015345,"17":0.02232,"18":0.02232,"19":0.03348,"20":0.018135,"21":0.02232,"22":0.059985,"23":0.054405,"24":0.01953,"25":0.03348,"26":0.07812,"27":0.04464,"28":0.059985,"29":0.06138,"30":0.0837,"31":0.12834,"32":0.04185,"33":0.11997,"34":0.046035,"35":0.04185,"36":0.10881,"37":0.048825,"38":0.054405,"39":0.135315,"40":0.31248,"41":0.135315,"42":0.25668,"43":0.687735,"44":0.76446,"45":0.01953,"46":0.152055,"47":0,"48":0},"firefox":{"2":0.00279,"3":0.01953,"3.5":0.00558,"3.6":0.062775,"4":0.018135,"5":0.018135,"6":0.01116,"7":0.015345,"8":0.018135,"9":0.02511,"10":0.023715,"11":0.0279,"12":0.04743,"13":0.02232,"14":0.023715,"15":0.029295,"16":0.03627,"17":0.029295,"18":0.023715,"19":0.02511,"20":0.026505,"21":0.03069,"22":0.01953,"23":0.048825,"24":0.015345,"25":0.040455,"26":0.026505,"27":0.0279,"28":0.018135,"29":0.071145,"30":0.06975,"31":0.05859,"32":0.046035,"33":0.096255,"34":0.093465,"35":0.08649,"36":0.09207,"37":0.17577,"38":0.42129,"39":2.04786,"40":1.35315,"41":0.132525,"42":0.00279,"43":0.001395},"opera":{"9":0,"9.5-9.6":0.001395,"10.0-10.1":0.001395,"10.5":0.00279,"10.6":0.00558,"11":0.00558,"11.1":0.004185,"11.5":0.08091,"11.6":0.023715,"12":0.01674,"12.1":0.12276,"15":0.004185,"16":0.00279,"17":0.001395,"18":0.00558,"19":0.004185,"20":0.004185,"21":0.004185,"22":0.00558,"23":0.00279,"24":0.00279,"25":0.00558,"26":0.009765,"27":0.00558,"28":0.01116,"29":0.018135,"30":0.087885,"31":0.260865,"32":0.00558,"33":0},"safari":{"3.1":0,"3.2":0,"4":0.001395,"5":0.004185,"5.1":0.01953,"6":0.00279,"6.1":0.00279,"7":0.00558,"7.1":0.01395,"8":0.065565,"9":0},"android":{"2.1":0,"2.2":0,"2.3":0.135498179964,"3":0,"4":0.431900448636,"4.1":1.51588588835,"4.2-4.3":3.29641665944,"4.4":0.0211715906194,"4.4.3-4.4.4":2.90474223298,"44":null},"ios_saf":{"3.2":0,"4.0-4.1":0,"4.2-4.3":0,"5.0-5.1":0.00582269846061,"6.0-6.1":0.00970449743435,"7.0-7.1":0.159930117718,"8":0.0219321642016,"8.1-8.4":1.71905467552,"9":0.0126158466647},"op_mob":{"10":0,"11":0,"11.1":0,"11.5":0,"12":0.158237422346,"12.1":0.316474844692,"0":4.90536009273},"ie":{"5.5":0,"6":0.0197803846154,"7":0.0437994230769,"8":0.457774615385,"9":0.185087884615,"10":0.196390961538,"11":0.948045576923},"bb":{"7":0.00645375,"10":null},"ie_mob":{"10":0.0368994067797,"11":0.15241059322},"and_uc":{"0":6.00629},"op_mini":{"5.0-8.0":55.0872626402},"and_chr":{"0":7.941195},"and_ff":{"0":0.111865},"edge":{"12":0.046035,"13":null}},"total":97.1031025962}