{"id":"SE","name":"Sweden","month":"2015-10","access_date":"2015-11-03","data":{"chrome":{"4":0,"5":0,"6":0,"7":0,"8":0,"9":0,"10":0,"11":0.021399,"12":0,"13":0,"14":0,"15":0,"16":0,"17":0,"18":0.007133,"19":0,"20":0,"21":0.007133,"22":0.028532,"23":0,"24":0.007133,"25":0.007133,"26":0.007133,"27":0.007133,"28":0.007133,"29":0.014266,"30":0.007133,"31":0.085596,"32":0.021399,"33":0.049931,"34":0.049931,"35":0.07133,"36":0.049931,"37":0.057064,"38":0.07133,"39":0.149793,"40":0.078463,"41":0.149793,"42":0.121261,"43":0.328118,"44":0.506443,"45":15.150492,"46":13.146119,"47":0.07133,"48":0.035665,"49":0},"firefox":{"2":0,"3":0,"3.5":0,"3.6":0.014266,"4":0.007133,"5":0.007133,"6":0.007133,"7":0,"8":0,"9":0,"10":0.007133,"11":0.007133,"12":0.007133,"13":0,"14":0.007133,"15":0,"16":0.014266,"17":0.028532,"18":0.007133,"19":0,"20":0.007133,"21":0.021399,"22":0.007133,"23":0.014266,"24":0.035665,"25":0.014266,"26":0.021399,"27":0.014266,"28":0.035665,"29":0.021399,"30":0.049931,"31":0.064197,"32":0.014266,"33":0.028532,"34":0.07133,"35":0.035665,"36":0.028532,"37":0.085596,"38":0.420847,"39":0.256788,"40":1.027152,"41":7.596645,"42":0.057064,"43":0.007133,"44":0.007133},"opera":{"9":0,"9.5-9.6":0,"10.0-10.1":0,"10.5":0,"10.6":0,"11":0,"11.1":0,"11.5":0,"11.6":0.007133,"12":0.007133,"12.1":0.064197,"15":0,"16":0,"17":0,"18":0,"19":0,"20":0,"21":0,"22":0,"23":0,"24":0,"25":0,"26":0,"27":0,"28":0.028532,"29":0,"30":0.007133,"31":0.021399,"32":0.413714,"33":0.021399,"34":0.007133},"safari":{"3.1":0,"3.2":0,"4":0.021399,"5":0.07133,"5.1":0.299586,"6":0.07133,"6.1":0.278187,"7":0.228256,"7.1":0.492177,"8":1.811782,"9":2.503683},"android":{"2.1":0,"2.2":0,"2.3":0.0270872726959,"3":0,"4":0.0789662865033,"4.1":0.283268597515,"4.2-4.3":0.592247148775,"4.4":1.10552801105,"4.4.3-4.4.4":0.572964683466,"44":null},"ios_saf":{"3.2":0,"4.0-4.1":0,"4.2-4.3":0,"5.0-5.1":0.0487151096761,"6.0-6.1":0.0510348768036,"7.0-7.1":1.2433951803,"8":0.167023233175,"8.1-8.4":5.55816203733,"9.0-9.1":15.9228815627},"op_mob":{"10":0,"11":0,"11.1":0,"11.5":0,"12":0.000374499274311,"12.1":0.00112349782293,"0":0.0131074746009},"ie":{"5.5":0,"6":0,"7":0.0142907817024,"8":0.342978760857,"9":0.921755419803,"10":1.07180862768,"11":9.94638406485},"bb":{"7":0.00358375,"10":null},"ie_mob":{"10":0.057307045977,"11":0.260929954023},"op_mini":{"5.0-8.0":0.140212528302},"and_chr":{"0":12.229782},"and_ff":{"0":0.037271},"edge":{"12":1.49793,"13":null},"and_uc":{"0":0.088877}},"total":99.0072734049}