{"id":"SG","name":"Singapore","month":"2015-10","access_date":"2015-11-03","data":{"chrome":{"4":0,"5":0,"6":0,"7":0,"8":0,"9":0,"10":0,"11":0.039011,"12":0.005573,"13":0,"14":0,"15":0,"16":0,"17":0,"18":0.005573,"19":0,"20":0,"21":0.022292,"22":0.022292,"23":0.005573,"24":0.005573,"25":0.005573,"26":0.016719,"27":0.011146,"28":0.011146,"29":0.022292,"30":0.011146,"31":0.206201,"32":0.016719,"33":0.066876,"34":0.066876,"35":0.05573,"36":0.05573,"37":0.039011,"38":0.083595,"39":0.144898,"40":0.122606,"41":0.312088,"42":0.256358,"43":0.696625,"44":0.702198,"45":12.868057,"46":11.508245,"47":0.100314,"48":0.05573,"49":0},"firefox":{"2":0.011146,"3":0.005573,"3.5":0,"3.6":0.016719,"4":0.005573,"5":0,"6":0.005573,"7":0,"8":0,"9":0,"10":0.011146,"11":0.005573,"12":0.011146,"13":0.005573,"14":0.005573,"15":0.011146,"16":0.016719,"17":0.005573,"18":0.005573,"19":0.005573,"20":0.011146,"21":0.011146,"22":0.005573,"23":0.005573,"24":0.016719,"25":0.005573,"26":0.005573,"27":0.011146,"28":0.011146,"29":0.016719,"30":0.022292,"31":0.039011,"32":0.016719,"33":0.022292,"34":0.027865,"35":0.044584,"36":0.033438,"37":0.066876,"38":0.323234,"39":0.217347,"40":0.830377,"41":5.12716,"42":0.105887,"43":0.005573,"44":0.005573},"opera":{"9":0,"9.5-9.6":0,"10.0-10.1":0,"10.5":0,"10.6":0,"11":0,"11.1":0,"11.5":0,"11.6":0,"12":0.005573,"12.1":0.039011,"15":0,"16":0,"17":0,"18":0,"19":0,"20":0,"21":0,"22":0,"23":0,"24":0,"25":0,"26":0,"27":0.050157,"28":0.066876,"29":0.039011,"30":0.05573,"31":0.027865,"32":0.300942,"33":0.011146,"34":0},"safari":{"3.1":0,"3.2":0,"4":0.016719,"5":0.061303,"5.1":0.200628,"6":0.044584,"6.1":0.150471,"7":0.139325,"7.1":0.261931,"8":1.148038,"9":1.33752},"android":{"2.1":0,"2.2":0,"2.3":0.0477747968588,"3":0,"4":0.139275678978,"4.1":0.499611011219,"4.2-4.3":1.04456759234,"4.4":1.9498595057,"4.4.3-4.4.4":1.01055841491,"44":null},"ios_saf":{"3.2":0,"4.0-4.1":0,"4.2-4.3":0,"5.0-5.1":0.044386204722,"6.0-6.1":0.0464998335183,"7.0-7.1":1.13290503481,"8":0.152181273333,"8.1-8.4":5.0642545959,"9.0-9.1":14.5079480577},"op_mob":{"10":0,"11":0,"11.1":0,"11.5":0,"12":0.00119938074504,"12.1":0.00359814223512,"0":0.0419783260764},"ie":{"5.5":0,"6":0.00564903001364,"7":0.0338941800819,"8":0.965984132333,"9":0.762619051842,"10":0.632691361528,"11":5.85239509413},"bb":{"7":0.0420565,"10":null},"ie_mob":{"10":0.0382655632184,"11":0.174230436782},"op_mini":{"5.0-8.0":0.449048150943},"and_chr":{"0":21.170951},"and_ff":{"0":0.061978},"edge":{"12":0.735636,"13":null},"and_uc":{"0":3.603578}},"total":98.8308913499}