{"id":"SG","name":"Singapore","month":"2015-08","access_date":"2015-09-03","data":{"chrome":{"4":0,"5":0,"6":0,"7":0,"8":0,"9":0,"10":0,"11":0.039277,"12":0.005611,"13":0,"14":0,"15":0,"16":0,"17":0,"18":0.005611,"19":0.005611,"20":0.005611,"21":0.016833,"22":0.022444,"23":0.005611,"24":0.005611,"25":0.011222,"26":0.016833,"27":0.022444,"28":0.016833,"29":0.022444,"30":0.016833,"31":0.252495,"32":0.022444,"33":0.072943,"34":0.106609,"35":0.072943,"36":0.100998,"37":0.05611,"38":0.095387,"39":0.16833,"40":0.134664,"41":0.269328,"42":0.415214,"43":1.638412,"44":23.319316,"45":0.134664,"46":0.117831,"47":0.005611,"48":0},"firefox":{"2":0.005611,"3":0.005611,"3.5":0,"3.6":0.022444,"4":0.005611,"5":0.005611,"6":0.005611,"7":0,"8":0,"9":0.005611,"10":0.011222,"11":0.011222,"12":0.011222,"13":0.005611,"14":0.005611,"15":0.011222,"16":0.016833,"17":0.005611,"18":0.005611,"19":0.005611,"20":0.039277,"21":0.022444,"22":0.011222,"23":0.011222,"24":0.022444,"25":0.011222,"26":0.016833,"27":0.016833,"28":0.016833,"29":0.016833,"30":0.022444,"31":0.129053,"32":0.028055,"33":0.033666,"34":0.039277,"35":0.05611,"36":0.050499,"37":0.095387,"38":0.521823,"39":3.47882,"40":2.771834,"41":0.072943,"42":0.005611,"43":0.005611},"opera":{"9":0,"9.5-9.6":0,"10.0-10.1":0,"10.5":0,"10.6":0,"11":0.011222,"11.1":0,"11.5":0,"11.6":0,"12":0.005611,"12.1":0.039277,"15":0,"16":0,"17":0,"18":0,"19":0,"20":0,"21":0,"22":0,"23":0,"24":0,"25":0,"26":0,"27":0,"28":0.011222,"29":0.005611,"30":0.117831,"31":0.230051,"32":0.005611,"33":0},"safari":{"3.1":0,"3.2":0,"4":0.016833,"5":0.078554,"5.1":0.252495,"6":0.050499,"6.1":0.173941,"7":0.185163,"7.1":0.44888,"8":2.171457,"9":0.028055},"android":{"2.1":0,"2.2":0,"2.3":0.0876661983176,"3":0,"4":0.279436007137,"4.1":0.980765593678,"4.2-4.3":2.13275423095,"4.4":0.0136978434871,"4.4.3-4.4.4":1.87934412643,"44":null},"ios_saf":{"3.2":0,"4.0-4.1":0,"4.2-4.3":0,"5.0-5.1":0.0666957078177,"6.0-6.1":0.111159513029,"7.0-7.1":1.83190877473,"8":0.251220499447,"8.1-8.4":19.690796138,"9":0.144507366938},"op_mob":{"10":0,"11":0,"11.1":0,"11.5":0,"12":0.00117153191489,"12.1":0.00234306382979,"0":0.0363174893617},"ie":{"5.5":0,"6":0.00566779149798,"7":0.0453423319838,"8":0.810494184211,"9":0.799158601215,"10":0.680134979757,"11":6.04753352834},"bb":{"7":0.052668,"10":null},"ie_mob":{"10":0.0427741525424,"11":0.176675847458},"and_uc":{"0":2.98452},"op_mini":{"5.0-8.0":0.407845914894},"and_chr":{"0":19.913281},"and_ff":{"0":0.289674},"edge":{"12":0.465713,"13":null}},"total":98.907890417}