{"id":"SI","name":"Slovenia","month":"2015-10","access_date":"2015-11-03","data":{"chrome":{"4":0,"5":0,"6":0,"7":0,"8":0,"9":0,"10":0,"11":0.042825,"12":0.008565,"13":0,"14":0,"15":0,"16":0,"17":0,"18":0.008565,"19":0,"20":0,"21":0.008565,"22":0.025695,"23":0.008565,"24":0,"25":0.01713,"26":0.01713,"27":0.008565,"28":0.008565,"29":0.008565,"30":0.008565,"31":0.059955,"32":0.025695,"33":0.06852,"34":0.059955,"35":0.059955,"36":0.11991,"37":0.06852,"38":0.08565,"39":0.1713,"40":0.077085,"41":0.077085,"42":0.11991,"43":0.77085,"44":0.522465,"45":18.14067,"46":18.132105,"47":0.13704,"48":0.094215,"49":0},"firefox":{"2":0.008565,"3":0.008565,"3.5":0.01713,"3.6":0.025695,"4":0.025695,"5":0.008565,"6":0.01713,"7":0.008565,"8":0.008565,"9":0.01713,"10":0.025695,"11":0.01713,"12":0.025695,"13":0.01713,"14":0.008565,"15":0.01713,"16":0.01713,"17":0.111345,"18":0.008565,"19":0.01713,"20":0.042825,"21":0.01713,"22":0.01713,"23":0.01713,"24":0.025695,"25":0.01713,"26":0.042825,"27":0.01713,"28":0.03426,"29":0.03426,"30":0.03426,"31":0.128475,"32":0.06852,"33":0.059955,"34":0.06852,"35":0.08565,"36":0.094215,"37":0.145605,"38":0.83937,"39":0.505335,"40":3.023445,"41":19.074255,"42":0.111345,"43":0.01713,"44":0.008565},"opera":{"9":0,"9.5-9.6":0,"10.0-10.1":0,"10.5":0,"10.6":0,"11":0,"11.1":0,"11.5":0,"11.6":0.008565,"12":0.008565,"12.1":0.15417,"15":0,"16":0,"17":0,"18":0,"19":0,"20":0,"21":0,"22":0,"23":0,"24":0,"25":0,"26":0,"27":0.008565,"28":0.008565,"29":0.008565,"30":0.008565,"31":0.01713,"32":0.95928,"33":0.042825,"34":0.008565},"safari":{"3.1":0,"3.2":0,"4":0,"5":0.059955,"5.1":0.145605,"6":0.025695,"6.1":0.18843,"7":0.077085,"7.1":0.18843,"8":0.63381,"9":1.104885},"android":{"2.1":0,"2.2":0,"2.3":0.0334798524336,"3":0,"4":0.0976022816707,"4.1":0.350119812737,"4.2-4.3":0.73201711253,"4.4":1.36643194339,"4.4.3-4.4.4":0.708183997239,"44":null},"ios_saf":{"3.2":0,"4.0-4.1":0,"4.2-4.3":0,"5.0-5.1":0.00995138532943,"6.0-6.1":0.0104252608213,"7.0-7.1":0.253997263646,"8":0.0341190354152,"8.1-8.4":1.13540567854,"9.0-9.1":3.25268137625},"op_mob":{"10":0,"11":0,"11.1":0,"11.5":0,"12":0.000402660861151,"12.1":0.00120798258345,"0":0.0140931301403},"ie":{"5.5":0,"6":0.0514646947674,"7":0.0343097965116,"8":0.69477337936,"9":0.840590014535,"10":0.823435116279,"11":9.31510975291},"bb":{"7":0.007175,"10":null},"ie_mob":{"10":0.102847164751,"11":0.468282835249},"op_mini":{"5.0-8.0":0.150756226415},"and_chr":{"0":9.86112},"and_ff":{"0":0.03157},"edge":{"12":1.13058,"13":null},"and_uc":{"0":0.027265}},"total":99.1001177544}