{"id":"SK","name":"Slovakia (Slovak Republic)","month":"2015-10","access_date":"2015-11-03","data":{"chrome":{"4":0.016996,"5":0,"6":0,"7":0.008498,"8":0.008498,"9":0,"10":0.008498,"11":0.067984,"12":0.008498,"13":0.008498,"14":0,"15":0.008498,"16":0,"17":0,"18":0.016996,"19":0,"20":0,"21":0.008498,"22":0.059486,"23":0.008498,"24":0.008498,"25":0.016996,"26":0.033992,"27":0.016996,"28":0.008498,"29":0.016996,"30":0.016996,"31":0.059486,"32":0.025494,"33":0.04249,"34":0.08498,"35":0.067984,"36":0.067984,"37":0.067984,"38":0.076482,"39":0.203952,"40":0.067984,"41":0.093478,"42":0.12747,"43":0.433398,"44":0.501382,"45":18.05825,"46":17.964772,"47":0.093478,"48":0.059486,"49":0},"firefox":{"2":0,"3":0.016996,"3.5":0.008498,"3.6":0.059486,"4":0.008498,"5":0.008498,"6":0.025494,"7":0.008498,"8":0.008498,"9":0.033992,"10":0.008498,"11":0.008498,"12":0.059486,"13":0.008498,"14":0.008498,"15":0.008498,"16":0.016996,"17":0.016996,"18":0.008498,"19":0.008498,"20":0.016996,"21":0.025494,"22":0.016996,"23":0.016996,"24":0.033992,"25":0.016996,"26":0.025494,"27":0.016996,"28":0.033992,"29":0.04249,"30":0.04249,"31":0.067984,"32":0.059486,"33":0.195454,"34":0.093478,"35":0.12747,"36":0.161462,"37":1.172724,"38":0.501382,"39":0.501382,"40":2.200982,"41":20.05528,"42":0.101976,"43":0.016996,"44":0.008498},"opera":{"9":0,"9.5-9.6":0.008498,"10.0-10.1":0.008498,"10.5":0,"10.6":0.008498,"11":0,"11.1":0,"11.5":0.008498,"11.6":0.025494,"12":0.04249,"12.1":0.89229,"15":0,"16":0.008498,"17":0.008498,"18":0.008498,"19":0.008498,"20":0.025494,"21":0.008498,"22":0,"23":0,"24":0.008498,"25":0.008498,"26":0.016996,"27":0.016996,"28":0.050988,"29":0.025494,"30":0.050988,"31":0.059486,"32":3.679634,"33":0.178458,"34":0.008498},"safari":{"3.1":0,"3.2":0,"4":0.008498,"5":0.04249,"5.1":0.16996,"6":0.025494,"6.1":0.076482,"7":0.110474,"7.1":0.118972,"8":0.46739,"9":1.130234},"android":{"2.1":0,"2.2":0,"2.3":0.0353102474974,"3":0,"4":0.102938348637,"4.1":0.369261401795,"4.2-4.3":0.772037614774,"4.4":1.44113688091,"4.4.3-4.4.4":0.746901506386,"44":null},"ios_saf":{"3.2":0,"4.0-4.1":0,"4.2-4.3":0,"5.0-5.1":0.00789167753002,"6.0-6.1":0.00826747169811,"7.0-7.1":0.201425674099,"8":0.0270571801029,"8.1-8.4":0.900402826758,"9.0-9.1":2.57945116981},"op_mob":{"10":0,"11":0,"11.1":0,"11.5":0,"12":0.00148238026125,"12.1":0.00444714078374,"0":0.0518833091437},"ie":{"5.5":0,"6":0.0600329977011,"7":0.0343045701149,"8":0.771852827586,"9":0.480263981609,"10":0.531720836782,"11":5.53161193103},"bb":{"7":0.01502,"10":null},"ie_mob":{"10":0.112788114943,"11":0.513545885057},"op_mini":{"5.0-8.0":0.555003169811},"and_chr":{"0":9.906694},"and_ff":{"0":0.046562},"edge":{"12":1.053752,"13":null},"and_uc":{"0":0.12767}},"total":98.6373551448}