{"id":"SL","name":"Sierra Leone","month":"2016-02","access_date":"2016-03-03","data":{"firefox":{"2":0.010458,"3":0.047061,"3.5":0.001743,"3.6":0.029631,"4":0.010458,"5":0.008715,"6":0.001743,"7":0.003486,"8":0.01743,"9":0.012201,"10":0.031374,"11":0.036603,"12":0.033117,"13":0.128982,"14":0.003486,"15":0.024402,"16":0.019173,"17":0.036603,"18":0.010458,"19":0.019173,"20":0.041832,"21":0.010458,"22":0.001743,"23":0.010458,"24":0.008715,"25":0.015687,"26":0.003486,"27":0.01743,"28":0.001743,"29":0.055776,"30":0.019173,"31":0.013944,"32":0.008715,"33":0.033117,"34":0.010458,"35":0.01743,"36":0.062748,"37":0.041832,"38":0.073206,"39":0.113295,"40":0.045318,"41":0.097608,"42":0.188244,"43":1.521639,"44":1.837122,"45":0.596106,"46":0.013944,"47":0.006972},"chrome":{"4":0,"5":0.003486,"6":0.001743,"7":0.003486,"8":0.003486,"9":0,"10":0.003486,"11":0.040089,"12":0,"13":0.003486,"14":0,"15":0.003486,"16":0,"17":0,"18":0.003486,"19":0,"20":0,"21":0,"22":0.001743,"23":0,"24":0.001743,"25":0.006972,"26":0.012201,"27":0,"28":0.001743,"29":0.008715,"30":0,"31":0.048804,"32":0.003486,"33":0.050547,"34":0.005229,"35":0.006972,"36":0.005229,"37":0.001743,"38":0.005229,"39":0.029631,"40":0.008715,"41":0.008715,"42":0.024402,"43":0.15687,"44":0.216132,"45":0.273651,"46":0.045318,"47":0.250992,"48":4.544001,"49":0.043575,"50":0.03486,"51":0},"opera":{"9":0,"9.5-9.6":0,"10.0-10.1":0,"10.5":0,"10.6":0.001743,"11":0.003486,"11.1":0.005229,"11.5":0.003486,"11.6":0.022659,"12":0.003486,"12.1":0.06972,"15":0.001743,"16":0.001743,"17":0,"18":0.012201,"19":0.001743,"20":0.001743,"21":0.001743,"22":0,"23":0,"24":0,"25":0.001743,"26":0,"27":0.006972,"28":0.006972,"29":0.029631,"30":0.006972,"31":0.001743,"32":0,"33":0.013944,"34":0.094122,"35":0.420063,"36":0.001743},"safari":{"3.1":0,"3.2":0,"4":0,"5":0.012201,"5.1":0.001743,"6":0.001743,"6.1":0.013944,"7":0.006972,"7.1":0.003486,"8":0.054033,"9":0.299796,"9.1":0},"android":{"2.1":0,"2.2":0,"2.3":0.0135467644177,"3":0,"4":0.117208961701,"4.1":0.246786708305,"4.2-4.3":0.553650371855,"4.4":1.11495761055,"4.4.3-4.4.4":0.599002583166,"47":null},"ios_saf":{"3.2":0,"4.0-4.1":0,"4.2-4.3":0,"5.0-5.1":0,"6.0-6.1":0,"7.0-7.1":0.0631008461618,"8":0.00428360835563,"8.1-8.4":0.174309909241,"9.0-9.2":1.35938663624,"9.3":null},"op_mob":{"10":0,"11":0,"11.1":0,"11.5":0,"12":0.00377024855755,"12.1":0.00377024855755,"0":0.162120687975},"ie":{"5.5":0,"6":0.0052359673551,"7":0.0052359673551,"8":0.368263037308,"9":0.10297402465,"10":0.401424163891,"11":1.60744197801},"bb":{"7":0.03096375,"10":null},"ie_mob":{"10":0.11118892233,"11":0.49157207767},"edge":{"12":0.184758,"13":0.416577,"14":0},"and_uc":{"0":6.878081},"op_mini":{"5.0-8.0":65.8285398149},"and_chr":{"0":4.971146},"and_ff":{"0":0.016514}},"total":98.1623068886}