{"id":"SL","name":"Sierra Leone","month":"2015-10","access_date":"2015-11-03","data":{"chrome":{"4":0,"5":0.022945,"6":0,"7":0,"8":0.005295,"9":0,"10":0.008825,"11":0.033535,"12":0,"13":0,"14":0,"15":0,"16":0,"17":0,"18":0.001765,"19":0,"20":0,"21":0.00706,"22":0.00706,"23":0,"24":0.00353,"25":0.022945,"26":0.01059,"27":0.008825,"28":0.001765,"29":0.01412,"30":0.005295,"31":0.05648,"32":0.001765,"33":0.01765,"34":0.001765,"35":0.01412,"36":0.015885,"37":0.001765,"38":0.008825,"39":0.01765,"40":0.03177,"41":0.00353,"42":0.26828,"43":0.12002,"44":0.16944,"45":2.18507,"46":1.819715,"47":0.033535,"48":0.015885,"49":0},"firefox":{"2":0.001765,"3":0.022945,"3.5":0.00353,"3.6":0.06354,"4":0.01059,"5":0.03883,"6":0.001765,"7":0.01412,"8":0.01765,"9":0.019415,"10":0.037065,"11":0.04942,"12":0.02471,"13":0.086485,"14":0.00706,"15":0.033535,"16":0.019415,"17":0.058245,"18":0.015885,"19":0.03177,"20":0.09531,"21":0.04942,"22":0.001765,"23":0.022945,"24":0.019415,"25":0.03177,"26":0.01412,"27":0.03883,"28":0.008825,"29":0.05295,"30":0.047655,"31":0.02824,"32":0.022945,"33":0.03177,"34":0.08119,"35":0.04942,"36":0.065305,"37":0.0706,"38":0.125315,"39":0.142965,"40":0.598335,"41":3.394095,"42":0.630105,"43":0.001765,"44":0.001765},"opera":{"9":0,"9.5-9.6":0.001765,"10.0-10.1":0.005295,"10.5":0,"10.6":0.001765,"11":0.005295,"11.1":0.00353,"11.5":0.00353,"11.6":0.02118,"12":0.022945,"12.1":0.13414,"15":0,"16":0.00353,"17":0,"18":0.005295,"19":0,"20":0.012355,"21":0,"22":0.005295,"23":0,"24":0.001765,"25":0,"26":0,"27":0.005295,"28":0.005295,"29":0.00353,"30":0.012355,"31":0.03177,"32":0.358295,"33":0.019415,"34":0},"safari":{"3.1":0,"3.2":0,"4":0.001765,"5":0.001765,"5.1":0.008825,"6":0.001765,"6.1":0.005295,"7":0.005295,"7.1":0.037065,"8":0.135905,"9":0.121785},"android":{"2.1":0,"2.2":0,"2.3":0.0344596047635,"3":0,"4":0.100458508802,"4.1":0.360365697273,"4.2-4.3":0.753438816017,"4.4":1.40641912323,"4.4.3-4.4.4":0.728908249914,"44":null},"ios_saf":{"3.2":0,"4.0-4.1":0,"4.2-4.3":0,"5.0-5.1":0.00298270557966,"6.0-6.1":0.00312473917869,"7.0-7.1":0.0761300090808,"8":0.0102264191303,"8.1-8.4":0.340312503279,"9.0-9.1":0.974918623751},"op_mob":{"10":0,"11":0,"11.1":0,"11.5":0,"12":0.162150217707,"12.1":0.48645065312,"0":5.67525761974},"ie":{"5.5":0,"6":0.0107084982332,"7":0.0178474970554,"8":0.31590069788,"9":0.0838832361602,"10":0.439048427562,"11":2.02747566549},"bb":{"7":0.0205875,"10":null},"ie_mob":{"10":0.126049137931,"11":0.573925862069},"op_mini":{"5.0-8.0":60.7090415094},"and_chr":{"0":4.08107},"and_ff":{"0":0.041175},"edge":{"12":0.33182,"13":null},"and_uc":{"0":5.99508}},"total":97.9935865224}