{"id":"SM","name":"San Marino","month":"2015-10","access_date":"2015-11-03","data":{"chrome":{"4":0,"5":0,"6":0,"7":0,"8":0,"9":0,"10":0.008905,"11":0.01781,"12":0,"13":0,"14":0,"15":0,"16":0,"17":0,"18":0,"19":0,"20":0,"21":0.01781,"22":0.05343,"23":0,"24":0,"25":0.07124,"26":0.026715,"27":0,"28":0.044525,"29":0,"30":0,"31":0.044525,"32":0.008905,"33":0.008905,"34":0.01781,"35":0.01781,"36":0.347295,"37":0,"38":0.03562,"39":0.10686,"40":0.008905,"41":0.026715,"42":0.062335,"43":0.21372,"44":0.21372,"45":19.87596,"46":18.07715,"47":0.08905,"48":0.062335,"49":0},"firefox":{"2":0,"3":0,"3.5":0,"3.6":0.026715,"4":0.026715,"5":0,"6":0.008905,"7":0,"8":0,"9":0,"10":0.008905,"11":0.008905,"12":0.33839,"13":0,"14":0,"15":0,"16":0.01781,"17":0.008905,"18":0,"19":0.008905,"20":0.008905,"21":0,"22":0,"23":0,"24":0.008905,"25":0,"26":0,"27":0,"28":0.008905,"29":0.008905,"30":0.01781,"31":0.01781,"32":0,"33":0.01781,"34":0.026715,"35":0.1781,"36":0.01781,"37":0.222625,"38":0.187005,"39":0.19591,"40":1.540565,"41":19.96501,"42":0.07124,"43":0.03562,"44":0.01781},"opera":{"9":0,"9.5-9.6":0,"10.0-10.1":0,"10.5":0,"10.6":0,"11":0,"11.1":0,"11.5":0,"11.6":0,"12":0,"12.1":0.062335,"15":0,"16":0,"17":0,"18":0,"19":0,"20":0,"21":0,"22":0,"23":0,"24":0,"25":0,"26":0,"27":0,"28":0,"29":0,"30":0,"31":0,"32":0.19591,"33":0.01781,"34":0},"safari":{"3.1":0,"3.2":0,"4":0.01781,"5":0.14248,"5.1":0.58773,"6":0.008905,"6.1":0.44525,"7":0.1781,"7.1":0.258245,"8":1.9591,"9":4.23878},"android":{"2.1":0,"2.2":0,"2.3":0.0197725353814,"3":0,"4":0.0576419675526,"4.1":0.206773802209,"4.2-4.3":0.432314756645,"4.4":0.806987545737,"4.4.3-4.4.4":0.418239392475,"44":null},"ios_saf":{"3.2":0,"4.0-4.1":0,"4.2-4.3":0,"5.0-5.1":0.0139538124306,"6.0-6.1":0.0146182796892,"7.0-7.1":0.35615445061,"8":0.0478416426193,"8.1-8.4":1.59206355161,"9.0-9.1":4.56090326304},"op_mob":{"10":0,"11":0,"11.1":0,"11.5":0,"12":1.0595065312e-5,"12.1":3.17851959361e-5,"0":0.000370827285922},"ie":{"5.5":0,"6":0.008905,"7":0.03562,"8":1.950195,"9":0.756925,"10":0.5343,"11":8.79814},"bb":{"7":0.0114975,"10":null},"ie_mob":{"10":0.0812397701149,"11":0.369900229885},"op_mini":{"5.0-8.0":0.00396679245283},"and_chr":{"0":6.459555},"and_ff":{"0":0.007665},"edge":{"12":0.952835,"13":null},"and_uc":{"0":0}},"total":99.0705475}