{"id":"SN","name":"Senegal","month":"2015-10","access_date":"2015-11-03","data":{"chrome":{"4":0.006026,"5":0.03013,"6":0.036156,"7":0.018078,"8":0.036156,"9":0.018078,"10":0.06026,"11":0.15065,"12":0.06026,"13":0.03013,"14":0.024104,"15":0.018078,"16":0.024104,"17":0.012052,"18":0.018078,"19":0.006026,"20":0.006026,"21":0.018078,"22":0.024104,"23":0.03013,"24":0.006026,"25":0.024104,"26":0.03013,"27":0.024104,"28":0.024104,"29":0.024104,"30":0.054234,"31":0.15065,"32":0.054234,"33":0.108468,"34":0.066286,"35":0.132572,"36":0.09039,"37":0.054234,"38":0.078338,"39":0.132572,"40":0.108468,"41":0.09039,"42":0.819536,"43":0.590548,"44":0.524262,"45":9.093234,"46":15.149364,"47":0.108468,"48":0.048208,"49":0},"firefox":{"2":0.006026,"3":0.036156,"3.5":0.018078,"3.6":0.09039,"4":0.024104,"5":0.024104,"6":0.036156,"7":0.012052,"8":0.012052,"9":0.012052,"10":0.036156,"11":0.03013,"12":0.126546,"13":0.03013,"14":0.066286,"15":0.09039,"16":0.054234,"17":0.036156,"18":0.024104,"19":0.084364,"20":0.048208,"21":0.072312,"22":0.03013,"23":0.12052,"24":0.048208,"25":0.06026,"26":0.042182,"27":0.204884,"28":0.192832,"29":0.132572,"30":0.096416,"31":0.192832,"32":0.12052,"33":0.108468,"34":0.138598,"35":0.656834,"36":0.168728,"37":0.409768,"38":0.45195,"39":0.42182,"40":1.012368,"41":10.189966,"42":0.247066,"43":0.03013,"44":0},"opera":{"9":0,"9.5-9.6":0,"10.0-10.1":0,"10.5":0,"10.6":0.006026,"11":0,"11.1":0,"11.5":0,"11.6":0.024104,"12":0,"12.1":0.295274,"15":0.006026,"16":0.006026,"17":0.006026,"18":0.012052,"19":0.006026,"20":0.018078,"21":0.006026,"22":0,"23":0,"24":0.006026,"25":0.006026,"26":0.006026,"27":0.018078,"28":0.012052,"29":0.03013,"30":0.066286,"31":0.036156,"32":1.470344,"33":0.078338,"34":0},"safari":{"3.1":0,"3.2":0,"4":0.024104,"5":0.042182,"5.1":0.102442,"6":0.024104,"6.1":0.084364,"7":0.048208,"7.1":0.084364,"8":0.33143,"9":0.385664},"android":{"2.1":0,"2.2":0,"2.3":0.115376159821,"3":0,"4":0.336350838799,"4.1":1.20656085778,"4.2-4.3":2.52263129099,"4.4":4.70891174318,"4.4.3-4.4.4":2.44049910942,"44":null},"ios_saf":{"3.2":0,"4.0-4.1":0,"4.2-4.3":0,"5.0-5.1":0.0112895754212,"6.0-6.1":0.0118271742508,"7.0-7.1":0.288152972657,"8":0.03870711573,"8.1-8.4":1.28808679568,"9.0-9.1":3.69007836626},"op_mob":{"10":0,"11":0,"11.1":0,"11.5":0,"12":0.0208120706338,"12.1":0.0624362119013,"0":0.728422472182},"ie":{"5.5":0,"6":0.0180958108374,"7":0.0361916216749,"8":0.59112982069,"9":0.337788468966,"10":1.02542928079,"11":4.07758937537},"bb":{"7":0.0963695,"10":null},"ie_mob":{"10":0.40719035249,"11":1.85401564751},"op_mini":{"5.0-8.0":7.79203924528},"and_chr":{"0":14.17188},"and_ff":{"0":0.727242},"edge":{"12":0.415794,"13":null},"and_uc":{"0":1.319368}},"total":97.8432238783}