{"id":"SN","name":"Senegal","month":"2016-02","access_date":"2016-03-03","data":{"firefox":{"2":0,"3":0.050823,"3.5":0.016941,"3.6":0.079058,"4":0.022588,"5":0.011294,"6":0.016941,"7":0.011294,"8":0.011294,"9":0.005647,"10":0.016941,"11":0.039529,"12":0.079058,"13":0.028235,"14":0.022588,"15":0.073411,"16":0.028235,"17":0.016941,"18":0.011294,"19":0.033882,"20":0.039529,"21":0.039529,"22":0.022588,"23":0.186351,"24":0.016941,"25":0.039529,"26":0.022588,"27":0.073411,"28":0.028235,"29":0.090352,"30":0.079058,"31":0.079058,"32":0.067764,"33":0.05647,"34":0.062117,"35":0.293644,"36":0.101646,"37":0.191998,"38":0.423525,"39":0.197645,"40":0.141175,"41":0.254115,"42":0.321879,"43":4.365131,"44":6.482756,"45":0.175057,"46":0.016941,"47":0.005647},"chrome":{"4":0.022588,"5":0.033882,"6":0.039529,"7":0.011294,"8":0.011294,"9":0.028235,"10":0.033882,"11":0.129881,"12":0.050823,"13":0.028235,"14":0.016941,"15":0.011294,"16":0.016941,"17":0.016941,"18":0.011294,"19":0.005647,"20":0,"21":0.011294,"22":0.022588,"23":0.005647,"24":0.011294,"25":0.022588,"26":0.079058,"27":0.016941,"28":0.022588,"29":0.022588,"30":0.033882,"31":0.090352,"32":0.039529,"33":0.062117,"34":0.05647,"35":0.073411,"36":0.039529,"37":0.033882,"38":0.045176,"39":0.073411,"40":0.067764,"41":0.05647,"42":0.084705,"43":0.536465,"44":0.129881,"45":0.784933,"46":0.186351,"47":0.841403,"48":23.045407,"49":0.118587,"50":0.045176,"51":0},"opera":{"9":0,"9.5-9.6":0,"10.0-10.1":0,"10.5":0,"10.6":0,"11":0,"11.1":0,"11.5":0,"11.6":0.016941,"12":0.005647,"12.1":0.039529,"15":0.005647,"16":0.005647,"17":0.005647,"18":0,"19":0,"20":0.005647,"21":0.005647,"22":0,"23":0,"24":0,"25":0,"26":0.005647,"27":0.005647,"28":0.022588,"29":0.016941,"30":0.028235,"31":0.022588,"32":0.016941,"33":0.033882,"34":0.321879,"35":1.050342,"36":0.005647},"safari":{"3.1":0,"3.2":0,"4":0.028235,"5":0.045176,"5.1":0.062117,"6":0.050823,"6.1":0.05647,"7":0.050823,"7.1":0.022588,"8":0.16941,"9":0.683287,"9.1":0},"android":{"2.1":0,"2.2":0,"2.3":0.0617744509018,"3":0,"4":0.534483292585,"4.1":1.12536934469,"4.2-4.3":2.5246949499,"4.4":5.08430589379,"4.4.3-4.4.4":2.73150506814,"47":null},"ios_saf":{"3.2":0,"4.0-4.1":0,"4.2-4.3":0,"5.0-5.1":0,"6.0-6.1":0,"7.0-7.1":0.213379239555,"8":0.0144852747479,"8.1-8.4":0.589439257049,"9.0-9.2":4.59684622865,"9.3":null},"op_mob":{"10":0,"11":0,"11.1":0,"11.5":0,"12":0.00028249117395,"12.1":0.00028249117395,"0":0.0121471204799},"ie":{"5.5":0,"6":0.0113217153374,"7":0.0169825730061,"8":0.39626003681,"9":0.209451733742,"10":0.74723321227,"11":3.22668887117},"bb":{"7":0.09250125,"10":null},"ie_mob":{"10":0.519528436893,"11":2.29686256311},"edge":{"12":0.242821,"13":0.434819,"14":0},"and_uc":{"0":1.802142},"op_mini":{"5.0-8.0":4.93229589717},"and_chr":{"0":18.861474},"and_ff":{"0":1.057779}},"total":96.7056353923}