{"id":"SO","name":"Somalia","month":"2016-02","access_date":"2016-03-03","data":{"firefox":{"2":0,"3":0.022792,"3.5":0.001628,"3.6":0.009768,"4":0.006512,"5":0.001628,"6":0.001628,"7":0.001628,"8":0.001628,"9":0.001628,"10":0.00814,"11":0.039072,"12":0.017908,"13":0.014652,"14":0.001628,"15":0.004884,"16":0.00814,"17":0.006512,"18":0.001628,"19":0.0407,"20":0.001628,"21":0.013024,"22":0.009768,"23":0.014652,"24":0.003256,"25":0.00814,"26":0.009768,"27":0.006512,"28":0.006512,"29":0.0407,"30":0.017908,"31":0.013024,"32":0.003256,"33":0.00814,"34":0.021164,"35":0.042328,"36":0.030932,"37":0.035816,"38":0.029304,"39":0.050468,"40":0.026048,"41":0.029304,"42":0.068376,"43":0.638176,"44":0.926332,"45":0.266992,"46":0,"47":0},"chrome":{"4":0,"5":0,"6":0,"7":0.001628,"8":0.006512,"9":0.076516,"10":0.006512,"11":0.115588,"12":0.014652,"13":0.001628,"14":0.006512,"15":0.001628,"16":0.004884,"17":0,"18":0.011396,"19":0,"20":0.004884,"21":0.004884,"22":0.001628,"23":0.006512,"24":0.003256,"25":0.004884,"26":0.039072,"27":0.001628,"28":0.003256,"29":0.006512,"30":0.00814,"31":0.017908,"32":0.004884,"33":0.112332,"34":0.011396,"35":0.00814,"36":0.013024,"37":0.00814,"38":0.03256,"39":0.019536,"40":0.02442,"41":0.0407,"42":0.034188,"43":1.588928,"44":0.091168,"45":0.206756,"46":0.052096,"47":0.232804,"48":6.49572,"49":0.066748,"50":0.214896,"51":0},"opera":{"9":0,"9.5-9.6":0.001628,"10.0-10.1":0,"10.5":0,"10.6":0.003256,"11":0.003256,"11.1":0,"11.5":0.001628,"11.6":0.001628,"12":0.001628,"12.1":0.00814,"15":0.001628,"16":0.001628,"17":0,"18":0,"19":0.001628,"20":0,"21":0.01628,"22":0.001628,"23":0,"24":0,"25":0,"26":0,"27":0,"28":0.003256,"29":0.004884,"30":0.001628,"31":0.001628,"32":0.003256,"33":0.003256,"34":0.167684,"35":0.265364,"36":0},"safari":{"3.1":0,"3.2":0,"4":0,"5":0,"5.1":0.006512,"6":0.001628,"6.1":0.001628,"7":0.006512,"7.1":0.00814,"8":0.030932,"9":0.141636,"9.1":0},"android":{"2.1":0,"2.2":0,"2.3":0.0409562039635,"3":0,"4":0.35436019951,"4.1":0.746115193943,"4.2-4.3":1.67386224894,"4.4":3.37087365665,"4.4.3-4.4.4":1.81097649699,"47":null},"ios_saf":{"3.2":0,"4.0-4.1":0,"4.2-4.3":0,"5.0-5.1":0,"6.0-6.1":0,"7.0-7.1":0.0457542724841,"8":0.00310603416341,"8.1-8.4":0.12639169788,"9.0-9.2":0.985687995472,"9.3":null},"op_mob":{"10":0,"11":0,"11.1":0,"11.5":0,"12":0.00218518526135,"12.1":0.00218518526135,"0":0.0939629662382},"ie":{"5.5":0,"6":0.00163066885246,"7":0,"8":0.11903882623,"9":0.0326133770492,"10":0.161436216393,"11":0.678358242623},"bb":{"7":0.016744,"10":null},"ie_mob":{"10":0.0756731262136,"11":0.334554873786},"edge":{"12":0.061864,"13":0.063492,"14":0},"and_uc":{"0":25.375532},"op_mini":{"5.0-8.0":38.1533346632},"and_chr":{"0":10.829224},"and_ff":{"0":0.016744}},"total":97.9906453311}