{"id":"SO","name":"Somalia","month":"2015-10","access_date":"2015-11-03","data":{"chrome":{"4":0,"5":0.003836,"6":0.007672,"7":0.001918,"8":0.007672,"9":0.245504,"10":0.007672,"11":0.042196,"12":0.007672,"13":0.001918,"14":0.001918,"15":0.001918,"16":0.003836,"17":0.001918,"18":0.001918,"19":0,"20":0.007672,"21":0.003836,"22":0,"23":0.00959,"24":0.001918,"25":0.013426,"26":0.044114,"27":0.001918,"28":0.003836,"29":0.00959,"30":0.013426,"31":0.02877,"32":0.005754,"33":0.184128,"34":0.02877,"35":0.011508,"36":0.03836,"37":0.003836,"38":0.046032,"39":0.036442,"40":0.159194,"41":0.03836,"42":0.255094,"43":1.528646,"44":0.216734,"45":3.77846,"46":3.958752,"47":0.149604,"48":0.126588,"49":0},"firefox":{"2":0,"3":0.007672,"3.5":0,"3.6":0.023016,"4":0.007672,"5":0.007672,"6":0.011508,"7":0.001918,"8":0.001918,"9":0.003836,"10":0.00959,"11":0.053704,"12":0.02877,"13":0.015344,"14":0.005754,"15":0.026852,"16":0.011508,"17":0.005754,"18":0.007672,"19":0.03836,"20":0.005754,"21":0.011508,"22":0.011508,"23":0.00959,"24":0.013426,"25":0.003836,"26":0.013426,"27":0.005754,"28":0.00959,"29":0.036442,"30":0.040278,"31":0.030688,"32":0.026852,"33":0.023016,"34":0.023016,"35":0.051786,"36":0.118916,"37":0.159194,"38":0.063294,"39":0.109326,"40":0.444976,"41":1.781822,"42":0.366338,"43":0.003836,"44":0},"opera":{"9":0,"9.5-9.6":0.001918,"10.0-10.1":0,"10.5":0,"10.6":0.007672,"11":0.003836,"11.1":0,"11.5":0.001918,"11.6":0.001918,"12":0.023016,"12.1":0.023016,"15":0.001918,"16":0.001918,"17":0,"18":0,"19":0,"20":0.001918,"21":0.001918,"22":0.003836,"23":0,"24":0,"25":0,"26":0.001918,"27":0.001918,"28":0.005754,"29":0,"30":0.003836,"31":0.003836,"32":0.327978,"33":0.01918,"34":0},"safari":{"3.1":0,"3.2":0,"4":0.003836,"5":0,"5.1":0.00959,"6":0,"6.1":0.00959,"7":0.005754,"7.1":0.036442,"8":0.053704,"9":0.082474},"android":{"2.1":0,"2.2":0,"2.3":0.106278469796,"3":0,"4":0.309828759406,"4.1":1.11142060787,"4.2-4.3":2.32371569555,"4.4":4.33760263169,"4.4.3-4.4.4":2.24805983569,"44":null},"ios_saf":{"3.2":0,"4.0-4.1":0,"4.2-4.3":0,"5.0-5.1":0.00308053112703,"6.0-6.1":0.00322722308546,"7.0-7.1":0.0786268897185,"8":0.010561821007,"8.1-8.4":0.351473932398,"9.0-9.1":1.00689360266},"op_mob":{"10":0,"11":0,"11.1":0,"11.5":0,"12":0.106411044993,"12.1":0.319233134978,"0":3.72438657475},"ie":{"5.5":0,"6":0.001918,"7":0,"8":0.159194,"9":0.082474,"10":0.387436,"11":0.899542},"bb":{"7":0.012123,"10":null},"ie_mob":{"10":0.103331931034,"11":0.470490068966},"op_mini":{"5.0-8.0":39.8402952453},"and_chr":{"0":9.40503},"and_ff":{"0":0.032328},"edge":{"12":0.065212,"13":null},"and_uc":{"0":15.541686}},"total":98.357091}