{"id":"SR","name":"Suriname","month":"2015-10","access_date":"2015-11-03","data":{"chrome":{"4":0,"5":0.004935,"6":0,"7":0,"8":0,"9":0,"10":0,"11":0.093765,"12":0,"13":0,"14":0,"15":0,"16":0.004935,"17":0,"18":0.014805,"19":0,"20":0.00987,"21":0.024675,"22":0.14805,"23":0,"24":0.004935,"25":0.004935,"26":0.024675,"27":0.01974,"28":0.01974,"29":0.004935,"30":0.014805,"31":0.17766,"32":0.024675,"33":0.024675,"34":0.044415,"35":0.03948,"36":0.0987,"37":0.034545,"38":0.21714,"39":0.06909,"40":0.07896,"41":0.03948,"42":0.389865,"43":0.340515,"44":0.498435,"45":10.259865,"46":10.00818,"47":0.14805,"48":0.074025,"49":0},"firefox":{"2":0,"3":0,"3.5":0,"3.6":0.00987,"4":0,"5":0,"6":0.004935,"7":0,"8":0,"9":0.00987,"10":0.004935,"11":0.00987,"12":0.004935,"13":0,"14":0.004935,"15":0.02961,"16":0.00987,"17":0.004935,"18":0.004935,"19":0.01974,"20":0.00987,"21":0.004935,"22":0,"23":0,"24":0,"25":0.004935,"26":0,"27":0.004935,"28":0.004935,"29":0.01974,"30":0.00987,"31":0.004935,"32":0.004935,"33":0.00987,"34":0.01974,"35":0.024675,"36":0.11844,"37":0.034545,"38":0.103635,"39":0.1974,"40":0.577395,"41":4.752405,"42":0.172725,"43":0.00987,"44":0.01974},"opera":{"9":0,"9.5-9.6":0,"10.0-10.1":0,"10.5":0,"10.6":0,"11":0,"11.1":0,"11.5":0,"11.6":0,"12":0,"12.1":0.024675,"15":0,"16":0,"17":0,"18":0,"19":0,"20":0.024675,"21":0,"22":0.004935,"23":0,"24":0,"25":0,"26":0.004935,"27":0.074025,"28":0.004935,"29":0.093765,"30":0.034545,"31":0.004935,"32":0.81921,"33":0.024675,"34":0},"safari":{"3.1":0,"3.2":0,"4":0,"5":0.004935,"5.1":0.04935,"6":0.014805,"6.1":0.02961,"7":0.014805,"7.1":0.07896,"8":0.22701,"9":0.42441},"android":{"2.1":0,"2.2":0,"2.3":0.188092641526,"3":0,"4":0.548337870211,"4.1":1.96700270884,"4.2-4.3":4.11253402658,"4.4":7.67673018295,"4.4.3-4.4.4":3.9786375699,"44":null},"ios_saf":{"3.2":0,"4.0-4.1":0,"4.2-4.3":0,"5.0-5.1":0.0152431480174,"6.0-6.1":0.0159690122087,"7.0-7.1":0.389063206538,"8":0.0522622217738,"8.1-8.4":1.73917060236,"9.0-9.1":4.9823318091},"op_mob":{"10":0,"11":0,"11.1":0,"11.5":0,"12":0.00417795113691,"12.1":0.0125338534107,"0":0.146228289792},"ie":{"5.5":0,"6":0.0197634581105,"7":0.0345860516934,"8":0.780656595365,"9":0.469382130125,"10":0.701602762923,"11":6.28477967914},"bb":{"7":0.71036625,"10":null},"ie_mob":{"10":0.107626398467,"11":0.490043601533},"op_mini":{"5.0-8.0":1.56422490566},"and_chr":{"0":26.045595},"and_ff":{"0":0.03039},"edge":{"12":0.93765,"13":null},"and_uc":{"0":1.585345}},"total":96.7400469274}