{"id":"ST","name":"Sao Tome and Principe","month":"2015-08","access_date":"2015-09-03","data":{"chrome":{"4":0,"5":0,"6":0,"7":0,"8":0,"9":0,"10":0.028476,"11":0.021357,"12":0.021357,"13":0,"14":0.149499,"15":0,"16":0,"17":0,"18":0.790209,"19":0,"20":0,"21":0,"22":0.07119,"23":0,"24":0,"25":0.007119,"26":0.206451,"27":0,"28":0,"29":0,"30":0,"31":0.192213,"32":0.042714,"33":0.576639,"34":0,"35":0.056952,"36":0.932589,"37":0.042714,"38":0.334593,"39":0.220689,"40":4.69854,"41":0.049833,"42":1.238706,"43":5.538582,"44":29.878443,"45":0.085428,"46":0.28476,"47":0,"48":0},"firefox":{"2":0,"3":0.007119,"3.5":0,"3.6":0.042714,"4":0.021357,"5":0.007119,"6":0.014238,"7":0,"8":0.007119,"9":0,"10":0,"11":0.014238,"12":0.078309,"13":0.014238,"14":0.007119,"15":0.014238,"16":0,"17":0,"18":0.007119,"19":0,"20":0.078309,"21":0.014238,"22":0,"23":0.014238,"24":0.007119,"25":0,"26":0.014238,"27":0.021357,"28":0.106785,"29":0.085428,"30":0.021357,"31":0.014238,"32":0.007119,"33":0.007119,"34":0.007119,"35":0.014238,"36":0.014238,"37":0.035595,"38":0.185094,"39":3.466953,"40":2.470293,"41":0.035595,"42":0,"43":0},"opera":{"9":0,"9.5-9.6":0,"10.0-10.1":0,"10.5":0,"10.6":0,"11":0,"11.1":0,"11.5":0,"11.6":0.007119,"12":0,"12.1":0.007119,"15":0,"16":0.007119,"17":0,"18":0,"19":0.007119,"20":0.007119,"21":0.007119,"22":0,"23":0,"24":0.014238,"25":0,"26":0.014238,"27":0,"28":0,"29":0.014238,"30":0.405783,"31":0.896994,"32":0.035595,"33":0},"safari":{"3.1":0,"3.2":0,"4":0,"5":0.014238,"5.1":0.078309,"6":0,"6.1":0.35595,"7":0.007119,"7.1":0.07119,"8":0.548163,"9":0},"android":{"2.1":0,"2.2":0,"2.3":0.133706294163,"3":0,"4":0.426188812643,"4.1":1.49583916594,"4.2-4.3":3.25282343768,"4.4":0.0208916084629,"4.4.3-4.4.4":2.86632868111,"44":null},"ios_saf":{"3.2":0,"4.0-4.1":0,"4.2-4.3":0,"5.0-5.1":0.00722755206761,"6.0-6.1":0.0120459201127,"7.0-7.1":0.198516763457,"8":0.0272237794547,"8.1-8.4":2.13381428876,"9":0.0156596961465},"op_mob":{"10":0,"11":0,"11.1":0,"11.5":0,"12":0.0232059977244,"12.1":0.0464119954489,"0":0.719385929457},"ie":{"5.5":0,"6":0.021357,"7":0.021357,"8":1.018017,"9":0.441378,"10":0.704781,"11":8.015994},"bb":{"7":0.048977,"10":null},"ie_mob":{"10":0.113994822034,"11":0.470848177966},"and_uc":{"0":4.687387},"op_mini":{"5.0-8.0":8.07871407737},"and_chr":{"0":7.417199},"and_ff":{"0":0.023048},"edge":{"12":0.42714,"13":null}},"total":97.692881}