{"id":"ST","name":"Sao Tome and Principe","month":"2015-10","access_date":"2015-11-03","data":{"chrome":{"4":0,"5":0,"6":0,"7":0,"8":0.03556,"9":0,"10":0,"11":0.021336,"12":0.007112,"13":0,"14":0.064008,"15":0.007112,"16":0.120904,"17":0,"18":0.113792,"19":0,"20":0,"21":0,"22":0.028448,"23":0,"24":0,"25":0.021336,"26":0.085344,"27":0.007112,"28":0,"29":0.014224,"30":0.021336,"31":0.113792,"32":0.042672,"33":0.561848,"34":0.049784,"35":0.03556,"36":1.130808,"37":0.028448,"38":0.049784,"39":0.170688,"40":2.496312,"41":0.03556,"42":0.796544,"43":8.10768,"44":0.896112,"45":14.18844,"46":13.61948,"47":0.064008,"48":0.1778,"49":0},"firefox":{"2":0,"3":0,"3.5":0,"3.6":0,"4":0,"5":0,"6":0.007112,"7":0,"8":0,"9":0,"10":0,"11":0.007112,"12":0.03556,"13":0,"14":0.007112,"15":0,"16":0,"17":0,"18":0,"19":0,"20":0.163576,"21":0.007112,"22":0.007112,"23":0.014224,"24":0.014224,"25":0.007112,"26":0.021336,"27":0.007112,"28":0,"29":0.014224,"30":0.03556,"31":0.021336,"32":0.014224,"33":0.014224,"34":0.085344,"35":0.056896,"36":0.007112,"37":0.39116,"38":0.120904,"39":0.32004,"40":0.78232,"41":4.672584,"42":0.07112,"43":0,"44":0},"opera":{"9":0,"9.5-9.6":0,"10.0-10.1":0,"10.5":0,"10.6":0,"11":0,"11.1":0,"11.5":0,"11.6":0,"12":0,"12.1":0.042672,"15":0,"16":0.021336,"17":0.007112,"18":0,"19":0,"20":0,"21":0,"22":0,"23":0,"24":0.03556,"25":0,"26":0.007112,"27":0,"28":0.007112,"29":0,"30":0.021336,"31":0.042672,"32":1.856232,"33":0.007112,"34":0},"safari":{"3.1":0,"3.2":0,"4":0,"5":0.028448,"5.1":0.10668,"6":0,"6.1":0.1778,"7":0.021336,"7.1":0.049784,"8":0.092456,"9":0.184912},"android":{"2.1":0,"2.2":0,"2.3":0.0976850189852,"3":0,"4":0.284776665516,"4.1":1.02155350362,"4.2-4.3":2.13582499137,"4.4":3.98687331722,"4.4.3-4.4.4":2.06628650328,"44":null},"ios_saf":{"3.2":0,"4.0-4.1":0,"4.2-4.3":0,"5.0-5.1":0.00541115608919,"6.0-6.1":0.00566883018868,"7.0-7.1":0.138113317324,"8":0.018552535163,"8.1-8.4":0.617387142367,"9.0-9.1":1.76867501887},"op_mob":{"10":0,"11":0,"11.1":0,"11.5":0,"12":0.00906080309627,"12.1":0.0271824092888,"0":0.31712810837},"ie":{"5.5":0,"6":0,"7":0.021336,"8":1.201928,"9":0.227584,"10":0.519176,"11":8.349488},"bb":{"7":0.008664,"10":null},"ie_mob":{"10":0.0904906666667,"11":0.412021333333},"op_mini":{"5.0-8.0":3.39236467925},"and_chr":{"0":8.713608},"and_ff":{"0":0.025992},"edge":{"12":1.287272,"13":null},"and_uc":{"0":8.349208}},"total":97.82768}