{"id":"SV","name":"El Salvador","month":"2015-08","access_date":"2015-09-03","data":{"chrome":{"4":0,"5":0,"6":0.0054,"7":0,"8":0,"9":0,"10":0,"11":0.0378,"12":0.0054,"13":0,"14":0,"15":0.0054,"16":0.0054,"17":0.0054,"18":0.0108,"19":0,"20":0.0054,"21":0.0108,"22":0.0486,"23":0.0054,"24":0.0162,"25":0.0108,"26":0.0432,"27":0.0108,"28":0.0216,"29":0.0216,"30":0.0216,"31":0.0594,"32":0.0378,"33":0.054,"34":0.054,"35":0.0756,"36":0.1026,"37":0.108,"38":0.1242,"39":0.2376,"40":0.135,"41":0.0918,"42":0.1566,"43":1.0098,"44":25.704,"45":0.0756,"46":0.0378,"47":0,"48":0},"firefox":{"2":0.0054,"3":0.027,"3.5":0.0432,"3.6":0.0702,"4":0.0162,"5":0.0054,"6":0.0108,"7":0.0108,"8":0.0162,"9":0.0162,"10":0.0216,"11":0.027,"12":0.0324,"13":0.0162,"14":0.0108,"15":0.0216,"16":0.0162,"17":0.027,"18":0.0162,"19":0.0108,"20":0.0216,"21":0.027,"22":0.0216,"23":0.0216,"24":0.0216,"25":0.0162,"26":0.0378,"27":0.0162,"28":0.0378,"29":0.0378,"30":0.0702,"31":0.0702,"32":0.0702,"33":0.0918,"34":0.108,"35":0.1026,"36":0.1566,"37":0.27,"38":0.6048,"39":4.644,"40":4.0716,"41":0.0432,"42":0.0054,"43":0},"opera":{"9":0,"9.5-9.6":0,"10.0-10.1":0,"10.5":0,"10.6":0,"11":0.0054,"11.1":0,"11.5":0,"11.6":0,"12":0.0054,"12.1":0.0324,"15":0,"16":0,"17":0,"18":0,"19":0,"20":0.0054,"21":0,"22":0,"23":0,"24":0,"25":0,"26":0.0054,"27":0.0054,"28":0.0162,"29":0.0216,"30":0.2268,"31":0.5076,"32":0.0108,"33":0},"safari":{"3.1":0,"3.2":0,"4":0.0216,"5":0.0432,"5.1":0.0432,"6":0.0216,"6.1":0.0324,"7":0.0324,"7.1":0.1242,"8":0.459,"9":0.0054},"android":{"2.1":0,"2.2":0,"2.3":0.256368697425,"3":0,"4":0.817175223044,"4.1":2.86812480245,"4.2-4.3":6.23696971705,"4.4":0.0400576089727,"4.4.3-4.4.4":5.49590395106,"44":null},"ios_saf":{"3.2":0,"4.0-4.1":0,"4.2-4.3":0,"5.0-5.1":0.0166555991548,"6.0-6.1":0.0277593319247,"7.0-7.1":0.45747379012,"8":0.0627360901499,"8.1-8.4":4.91728805715,"9":0.0360871315022},"op_mob":{"10":0,"11":0,"11.1":0,"11.5":0,"12":0.00706617362612,"12.1":0.0141323472522,"0":0.21905138241},"ie":{"5.5":0,"6":0.0325542857143,"7":0.03798,"8":1.18823142857,"9":0.672788571429,"10":0.808431428571,"11":2.89190571429},"bb":{"7":0.19665,"10":null},"ie_mob":{"10":0.227738983051,"11":0.940661016949},"and_uc":{"0":3.0222},"op_mini":{"5.0-8.0":2.45995009671},"and_chr":{"0":23.0644},"and_ff":{"0":0.2346},"edge":{"12":0.2808,"13":null}},"total":98.5015414286}