{"id":"SV","name":"El Salvador","month":"2016-02","access_date":"2016-03-03","data":{"firefox":{"2":0.006463,"3":0.084019,"3.5":0.006463,"3.6":0.025852,"4":0.006463,"5":0,"6":0.006463,"7":0.006463,"8":0.006463,"9":0.006463,"10":0.012926,"11":0.006463,"12":0.012926,"13":0.006463,"14":0.012926,"15":0.012926,"16":0.019389,"17":0.012926,"18":0.006463,"19":0.006463,"20":0.019389,"21":0.058167,"22":0.019389,"23":0.012926,"24":0.019389,"25":0.019389,"26":0.025852,"27":0.012926,"28":0.038778,"29":0.019389,"30":0.025852,"31":0.071093,"32":0.032315,"33":0.032315,"34":0.090482,"35":0.058167,"36":0.058167,"37":0.109871,"38":0.096945,"39":0.148649,"40":0.155112,"41":0.433021,"42":0.355465,"43":2.533496,"44":4.950658,"45":0.051704,"46":0.012926,"47":0},"chrome":{"4":0,"5":0,"6":0,"7":0,"8":0,"9":0,"10":0.012926,"11":0.025852,"12":0.006463,"13":0,"14":0,"15":0,"16":0,"17":0,"18":0.006463,"19":0,"20":0,"21":0.019389,"22":0.051704,"23":0,"24":0.019389,"25":0.006463,"26":0.012926,"27":0.025852,"28":0.032315,"29":0.032315,"30":0.012926,"31":0.071093,"32":0.038778,"33":0.038778,"34":0.051704,"35":0.058167,"36":0.077556,"37":0.090482,"38":0.077556,"39":0.12926,"40":0.084019,"41":0.148649,"42":0.071093,"43":0.245594,"44":0.264983,"45":0.25852,"46":0.336076,"47":1.03408,"48":35.203961,"49":0.096945,"50":0.038778,"51":0},"opera":{"9":0,"9.5-9.6":0,"10.0-10.1":0,"10.5":0,"10.6":0,"11":0,"11.1":0,"11.5":0,"11.6":0.012926,"12":0.019389,"12.1":0.038778,"15":0,"16":0,"17":0,"18":0.006463,"19":0,"20":0,"21":0,"22":0,"23":0,"24":0,"25":0,"26":0,"27":0,"28":0.090482,"29":0.012926,"30":0.012926,"31":0.019389,"32":0.006463,"33":0.012926,"34":0.25852,"35":0.820801,"36":0.006463},"safari":{"3.1":0,"3.2":0,"4":0.012926,"5":0.090482,"5.1":0.071093,"6":0.038778,"6.1":0.032315,"7":0.045241,"7.1":0.025852,"8":0.504114,"9":2.985906,"9.1":0.006463},"android":{"2.1":0,"2.2":0,"2.3":0.0436964201737,"3":0,"4":0.37806902672,"4.1":0.796034784903,"4.2-4.3":1.78585369405,"4.4":3.59640536473,"4.4.3-4.4.4":1.93214170942,"47":null},"ios_saf":{"3.2":0,"4.0-4.1":0,"4.2-4.3":0,"5.0-5.1":0,"6.0-6.1":0,"7.0-7.1":0.152992774851,"8":0.0103859324964,"8.1-8.4":0.422627560815,"9.0-9.2":3.29593573184,"9.3":null},"op_mob":{"10":0,"11":0,"11.1":0,"11.5":0,"12":0.000262875578406,"12.1":0.000262875578406,"0":0.0113036498715},"ie":{"5.5":0,"6":0.0130913646055,"7":0.0130913646055,"8":0.346921162047,"9":0.209461833689,"10":0.392740938166,"11":2.04225287846},"bb":{"7":0.09992025,"10":null},"ie_mob":{"10":0.146150213592,"11":0.646137786408},"edge":{"12":0.252057,"13":0.400706,"14":0},"and_uc":{"0":2.447604},"op_mini":{"5.0-8.0":4.58980759897},"and_chr":{"0":20.750858},"and_ff":{"0":0.042444}},"total":98.3587087916}