{"id":"SV","name":"El Salvador","month":"2015-10","access_date":"2015-11-03","data":{"chrome":{"4":0,"5":0,"6":0.005464,"7":0,"8":0,"9":0,"10":0,"11":0.038248,"12":0.005464,"13":0,"14":0,"15":0.005464,"16":0,"17":0.005464,"18":0.005464,"19":0,"20":0.005464,"21":0.010928,"22":0.038248,"23":0.005464,"24":0.010928,"25":0.005464,"26":0.032784,"27":0.010928,"28":0.021856,"29":0.016392,"30":0.021856,"31":0.065568,"32":0.049176,"33":0.049176,"34":0.043712,"35":0.060104,"36":0.08196,"37":0.08196,"38":0.098352,"39":0.185776,"40":0.103816,"41":0.076496,"42":0.1366,"43":0.404336,"44":0.513616,"45":13.446904,"46":14.168152,"47":0.05464,"48":0.021856,"49":0},"firefox":{"2":0.005464,"3":0.02732,"3.5":0.060104,"3.6":0.043712,"4":0.016392,"5":0.005464,"6":0.016392,"7":0.005464,"8":0.016392,"9":0.010928,"10":0.02732,"11":0.021856,"12":0.032784,"13":0.016392,"14":0.010928,"15":0.02732,"16":0.021856,"17":0.021856,"18":0.021856,"19":0.010928,"20":0.02732,"21":0.032784,"22":0.016392,"23":0.016392,"24":0.038248,"25":0.016392,"26":0.02732,"27":0.016392,"28":0.02732,"29":0.032784,"30":0.05464,"31":0.05464,"32":0.049176,"33":0.071032,"34":0.092888,"35":0.087424,"36":0.087424,"37":0.120208,"38":0.240416,"39":0.2732,"40":1.169296,"41":7.425576,"42":0.043712,"43":0.010928,"44":0},"opera":{"9":0,"9.5-9.6":0,"10.0-10.1":0,"10.5":0,"10.6":0,"11":0,"11.1":0,"11.5":0,"11.6":0,"12":0,"12.1":0.02732,"15":0,"16":0,"17":0,"18":0.005464,"19":0,"20":0,"21":0,"22":0,"23":0,"24":0,"25":0,"26":0,"27":0.005464,"28":0.010928,"29":0.010928,"30":0.02732,"31":0.016392,"32":0.62836,"33":0.032784,"34":0},"safari":{"3.1":0,"3.2":0,"4":0.021856,"5":0.049176,"5.1":0.043712,"6":0.032784,"6.1":0.032784,"7":0.043712,"7.1":0.060104,"8":0.338768,"9":0.393408},"android":{"2.1":0,"2.2":0,"2.3":0.138660142216,"3":0,"4":0.404229567138,"4.1":1.45005606351,"4.2-4.3":3.03172175354,"4.4":5.65921393994,"4.4.3-4.4.4":2.93301453366,"44":null},"ios_saf":{"3.2":0,"4.0-4.1":0,"4.2-4.3":0,"5.0-5.1":0.0104022019978,"6.0-6.1":0.0108975449501,"7.0-7.1":0.26550382242,"8":0.0356646925638,"8.1-8.4":1.18684171365,"9.0-9.1":3.40003402442},"op_mob":{"10":0,"11":0,"11.1":0,"11.5":0,"12":0.0058592743106,"12.1":0.0175778229318,"0":0.205074600871},"ie":{"5.5":0,"6":0.0274045820433,"7":0.032885498452,"8":1.17839702786,"9":0.608381721362,"10":0.663190885449,"11":2.74045820433},"bb":{"7":0.168966,"10":null},"ie_mob":{"10":0.204206896552,"11":0.929793103448},"op_mini":{"5.0-8.0":2.19371230189},"and_chr":{"0":23.843408},"and_ff":{"0":0.06804},"edge":{"12":0.338768,"13":null},"and_uc":{"0":4.780944}},"total":98.6552839195}