{"id":"SY","name":"Syrian Arab Republic","month":"2015-10","access_date":"2015-11-03","data":{"chrome":{"4":0.00776,"5":0.01552,"6":0.01552,"7":0.00388,"8":0.03492,"9":0.00388,"10":0.01552,"11":0.08924,"12":0.0194,"13":0.02716,"14":0.01164,"15":0.02328,"16":0.00776,"17":0.00388,"18":0.00388,"19":0.00776,"20":0.00776,"21":0.00388,"22":0.01164,"23":0.01164,"24":0.01164,"25":0.02328,"26":0.01552,"27":0.03104,"28":0.0194,"29":0.03492,"30":0.0388,"31":0.0776,"32":0.03104,"33":0.29876,"34":0.04268,"35":0.04268,"36":0.06208,"37":0.04656,"38":0.13968,"39":0.14356,"40":0.29876,"41":0.08148,"42":0.4268,"43":2.51036,"44":0.78764,"45":5.88596,"46":5.28068,"47":0.12416,"48":0.07372,"49":0},"firefox":{"2":0.0388,"3":0.0388,"3.5":0.03492,"3.6":0.15908,"4":0.03104,"5":0.03104,"6":0.03104,"7":0.01164,"8":0.0194,"9":0.00776,"10":0.05044,"11":0.03104,"12":0.08924,"13":0.07372,"14":0.03104,"15":0.05432,"16":0.04656,"17":0.01552,"18":0.03492,"19":0.03104,"20":0.0388,"21":0.05432,"22":0.01164,"23":0.05432,"24":0.02716,"25":0.07372,"26":0.06984,"27":0.05044,"28":0.04268,"29":0.08536,"30":0.12028,"31":0.14744,"32":0.12416,"33":0.12028,"34":0.20952,"35":0.19788,"36":0.23668,"37":0.25996,"38":1.8818,"39":0.55484,"40":1.36576,"41":6.73956,"42":0.35696,"43":0.02716,"44":0.00388},"opera":{"9":0,"9.5-9.6":0,"10.0-10.1":0,"10.5":0,"10.6":0,"11":0.00388,"11.1":0,"11.5":0.00776,"11.6":0.01552,"12":0.01164,"12.1":0.10864,"15":0.00388,"16":0,"17":0,"18":0.00388,"19":0.00388,"20":0.00388,"21":0,"22":0,"23":0,"24":0,"25":0,"26":0.00776,"27":0,"28":0.01164,"29":0.00776,"30":0.01164,"31":0.02716,"32":0.40352,"33":0.02328,"34":0.00388},"safari":{"3.1":0,"3.2":0,"4":0.00388,"5":0.01552,"5.1":0.0388,"6":0,"6.1":0.00388,"7":0.00388,"7.1":0.01164,"8":0.06596,"9":0.04268},"android":{"2.1":0,"2.2":0,"2.3":0.176964970659,"3":0,"4":0.515897880566,"4.1":1.85063367622,"4.2-4.3":3.86923410425,"4.4":7.22257032793,"4.4.3-4.4.4":3.74325904039,"44":null},"ios_saf":{"3.2":0,"4.0-4.1":0,"4.2-4.3":0,"5.0-5.1":0.0086715528201,"6.0-6.1":0.00908448390677,"7.0-7.1":0.221331062456,"8":0.0297310382403,"8.1-8.4":0.989382883665,"9.0-9.1":2.83435897891},"op_mob":{"10":0,"11":0,"11.1":0,"11.5":0,"12":0.0268545718433,"12.1":0.0805637155298,"0":0.939910014514},"ie":{"5.5":0,"6":0.109909818182,"7":0.0117760519481,"8":0.973486961039,"9":0.325804103896,"10":0.200192883117,"11":1.32284316883},"bb":{"7":0.00918,"10":null},"ie_mob":{"10":0.0440827586207,"11":0.200717241379},"op_mini":{"5.0-8.0":10.0543516981},"and_chr":{"0":20.1876},"and_ff":{"0":0.22032},"edge":{"12":0.12028,"13":null},"and_uc":{"0":9.19224}},"total":96.907592987}