{"id":"SY","name":"Syrian Arab Republic","month":"2015-08","access_date":"2015-09-03","data":{"chrome":{"4":0.007444,"5":0.01861,"6":0.014888,"7":0.007444,"8":0.03722,"9":0.007444,"10":0.01861,"11":0.085606,"12":0.029776,"13":0.026054,"14":0.011166,"15":0.014888,"16":0.007444,"17":0.007444,"18":0.007444,"19":0.011166,"20":0.011166,"21":0.003722,"22":0.011166,"23":0.007444,"24":0.014888,"25":0.022332,"26":0.026054,"27":0.029776,"28":0.01861,"29":0.040942,"30":0.03722,"31":0.066996,"32":0.033498,"33":0.301482,"34":0.048386,"35":0.063274,"36":0.063274,"37":0.066996,"38":0.137714,"39":0.156324,"40":0.591798,"41":0.160046,"42":0.487582,"43":1.43297,"44":10.492318,"45":0.063274,"46":0.107938,"47":0,"48":0},"firefox":{"2":0.063274,"3":0.048386,"3.5":0.033498,"3.6":0.048386,"4":0.048386,"5":0.026054,"6":0.033498,"7":0.014888,"8":0.026054,"9":0.011166,"10":0.048386,"11":0.048386,"12":0.081884,"13":0.03722,"14":0.026054,"15":0.052108,"16":0.059552,"17":0.01861,"18":0.026054,"19":0.029776,"20":0.052108,"21":0.03722,"22":0.026054,"23":0.05583,"24":0.022332,"25":0.066996,"26":0.081884,"27":0.048386,"28":0.03722,"29":0.13027,"30":0.119104,"31":0.133992,"32":0.145158,"33":0.133992,"34":0.219598,"35":0.219598,"36":0.286594,"37":0.416864,"38":1.04216,"39":5.534614,"40":3.081816,"41":0.215876,"42":0.011166,"43":0.003722},"opera":{"9":0,"9.5-9.6":0,"10.0-10.1":0,"10.5":0.003722,"10.6":0,"11":0.003722,"11.1":0.003722,"11.5":0.007444,"11.6":0.029776,"12":0.01861,"12.1":0.104216,"15":0,"16":0,"17":0.007444,"18":0.003722,"19":0.003722,"20":0.007444,"21":0.003722,"22":0.003722,"23":0,"24":0.003722,"25":0.003722,"26":0.003722,"27":0.003722,"28":0.007444,"29":0.01861,"30":0.100494,"31":0.327536,"32":0.003722,"33":0},"safari":{"3.1":0,"3.2":0,"4":0.003722,"5":0.01861,"5.1":0.048386,"6":0.003722,"6.1":0,"7":0.007444,"7.1":0.007444,"8":0.081884,"9":0},"android":{"2.1":0,"2.2":0,"2.3":0.321171968392,"3":0,"4":1.02373564925,"4.1":3.59311139638,"4.2-4.3":7.81351179353,"4.4":0.0501831200612,"4.4.3-4.4.4":6.88512407239,"44":null},"ios_saf":{"3.2":0,"4.0-4.1":0,"4.2-4.3":0,"5.0-5.1":0.010823096891,"6.0-6.1":0.0180384948184,"7.0-7.1":0.297274394607,"8":0.0407669982896,"8.1-8.4":3.19533897213,"9":0.0234500432639},"op_mob":{"10":0,"11":0,"11.1":0,"11.5":0,"12":0.0379180056889,"12.1":0.0758360113779,"0":1.17545817636},"ie":{"5.5":0,"6":0.162044790366,"7":0.0188424174844,"8":1.34534860839,"9":0.508745272079,"10":0.320321097235,"11":1.80133511151},"bb":{"7":0.012556,"10":null},"ie_mob":{"10":0.0391576949153,"11":0.161738305085},"and_uc":{"0":7.646604},"op_mini":{"5.0-8.0":13.2004118066},"and_chr":{"0":17.786482},"and_ff":{"0":0.295066},"edge":{"12":0.11166,"13":null}},"total":96.5309612971}