{"id":"SZ","name":"Swaziland","month":"2015-10","access_date":"2015-11-03","data":{"chrome":{"4":0.001303,"5":0,"6":0,"7":0,"8":0,"9":0.002606,"10":0,"11":0.011727,"12":0.007818,"13":0,"14":0,"15":0,"16":0.001303,"17":0,"18":0.005212,"19":0,"20":0.005212,"21":0.001303,"22":0.001303,"23":0,"24":0,"25":0.009121,"26":0.016939,"27":0.002606,"28":0.001303,"29":0.005212,"30":0.001303,"31":0.018242,"32":0.003909,"33":0.011727,"34":0.001303,"35":0.010424,"36":0.032575,"37":0.005212,"38":0.003909,"39":0.033878,"40":0.020848,"41":0.007818,"42":0.049514,"43":0.080786,"44":0.127694,"45":1.679567,"46":1.66784,"47":0.007818,"48":0.002606,"49":0},"firefox":{"2":0,"3":0.003909,"3.5":0.001303,"3.6":0.003909,"4":0.003909,"5":0.010424,"6":0.001303,"7":0.005212,"8":0.022151,"9":0.005212,"10":0.006515,"11":0.001303,"12":0.015636,"13":0.002606,"14":0.003909,"15":0.010424,"16":0.005212,"17":0.001303,"18":0.001303,"19":0.019545,"20":0.007818,"21":0.254085,"22":0.007818,"23":0.005212,"24":0.001303,"25":0.003909,"26":0.003909,"27":0.003909,"28":0.011727,"29":0.010424,"30":0.006515,"31":0.140724,"32":0.011727,"33":0.014333,"34":0.006515,"35":0.053423,"36":0.020848,"37":0.033878,"38":0.201965,"39":0.123785,"40":0.226722,"41":0.922524,"42":0.225419,"43":0.001303,"44":0.001303},"opera":{"9":0,"9.5-9.6":0,"10.0-10.1":0.001303,"10.5":0,"10.6":0.001303,"11":0,"11.1":0,"11.5":0.001303,"11.6":0.005212,"12":0.001303,"12.1":0.079483,"15":0.002606,"16":0.001303,"17":0.001303,"18":0.001303,"19":0,"20":0.003909,"21":0,"22":0.001303,"23":0,"24":0.001303,"25":0.002606,"26":0.001303,"27":0.001303,"28":0.003909,"29":0.015636,"30":0.020848,"31":0.002606,"32":0.349204,"33":0.028666,"34":0},"safari":{"3.1":0,"3.2":0,"4":0.022151,"5":0.002606,"5.1":0.035181,"6":0.010424,"6.1":0.005212,"7":0.010424,"7.1":0.005212,"8":0.062544,"9":0.035181},"android":{"2.1":0,"2.2":0,"2.3":0.030957424232,"3":0,"4":0.0902487621678,"4.1":0.323741199172,"4.2-4.3":0.676865716258,"4.4":1.26348267035,"4.4.3-4.4.4":0.654828227822,"44":null},"ios_saf":{"3.2":0,"4.0-4.1":0,"4.2-4.3":0,"5.0-5.1":0.00189084542428,"6.0-6.1":0.00198088568257,"7.0-7.1":0.0482615784482,"8":0.00648289859752,"8.1-8.4":0.215736458884,"9.0-9.1":0.618036332963},"op_mob":{"10":0,"11":0,"11.1":0,"11.5":0,"12":0.182376132075,"12.1":0.547128396226,"0":6.38316462264},"ie":{"5.5":0,"6":0.0117734017986,"7":0.00654077877698,"8":0.783585297482,"9":0.293026889209,"10":0.558582507554,"11":1.98316412518},"bb":{"7":0.130455,"10":null},"ie_mob":{"10":0.198898057471,"11":0.905620942529},"op_mini":{"5.0-8.0":68.2816238491},"and_chr":{"0":3.536701},"and_ff":{"0":0.052182},"edge":{"12":0.112058,"13":null},"and_uc":{"0":2.791737}},"total":97.675211}