{"id":"TC","name":"Turks and Caicos Islands","month":"2015-10","access_date":"2015-11-03","data":{"chrome":{"4":0,"5":0.007583,"6":0,"7":0,"8":0,"9":0,"10":0,"11":0.060664,"12":0.015166,"13":0,"14":0,"15":0,"16":0,"17":0,"18":0.007583,"19":0,"20":0,"21":0,"22":0,"23":0,"24":0,"25":0,"26":0.015166,"27":0.022749,"28":0,"29":0,"30":0.007583,"31":0.022749,"32":0.015166,"33":0.022749,"34":0.022749,"35":0.015166,"36":0.288154,"37":0,"38":0.045498,"39":0.197158,"40":0.07583,"41":0.045498,"42":0.265405,"43":0.144077,"44":0.614223,"45":19.617221,"46":10.980184,"47":0.090996,"48":0.045498,"49":0},"firefox":{"2":0,"3":0.007583,"3.5":0,"3.6":0.007583,"4":0,"5":0.007583,"6":0.015166,"7":0,"8":0,"9":0,"10":0,"11":0,"12":0.037915,"13":0,"14":0,"15":0,"16":0.015166,"17":0,"18":0,"19":0,"20":0,"21":0,"22":0,"23":0,"24":0,"25":0.007583,"26":0,"27":0,"28":0,"29":0,"30":0.007583,"31":0,"32":0,"33":0,"34":0.007583,"35":0,"36":0.015166,"37":0.037915,"38":0.030332,"39":1.691009,"40":0.485312,"41":3.920411,"42":0.181992,"43":0,"44":0},"opera":{"9":0,"9.5-9.6":0,"10.0-10.1":0,"10.5":0,"10.6":0,"11":0,"11.1":0,"11.5":0,"11.6":0,"12":0.015166,"12.1":0.007583,"15":0,"16":0,"17":0,"18":0,"19":0,"20":0,"21":0,"22":0,"23":0,"24":0,"25":0,"26":0,"27":0.007583,"28":0,"29":0.007583,"30":0,"31":0,"32":0.333652,"33":0,"34":0},"safari":{"3.1":0,"3.2":0,"4":0.030332,"5":0.037915,"5.1":0.326069,"6":0.045498,"6.1":0.166826,"7":0.068247,"7.1":0.45498,"8":1.084369,"9":1.66826},"android":{"2.1":0,"2.2":0,"2.3":0.0598012452537,"3":0,"4":0.174335833621,"4.1":0.625379124094,"4.2-4.3":1.30751875216,"4.4":2.44070167069,"4.4.3-4.4.4":1.26494837418,"44":null},"ios_saf":{"3.2":0,"4.0-4.1":0,"4.2-4.3":0,"5.0-5.1":0.0298082276259,"6.0-6.1":0.0312276670366,"7.0-7.1":0.760819524165,"8":0.102199637574,"8.1-8.4":3.40097682817,"9.0-9.1":9.74303211543},"op_mob":{"10":0,"11":0,"11.1":0,"11.5":0,"12":0.000362491533624,"12.1":0.00108747460087,"0":0.0126872036768},"ie":{"5.5":0,"6":0,"7":0.00765647868217,"8":0.673770124031,"9":0.245007317829,"10":0.574235901163,"11":18.2300757422},"bb":{"7":0.27009975,"10":null},"ie_mob":{"10":0.0578876130268,"11":0.263573386973},"op_mini":{"5.0-8.0":0.135716830189},"and_chr":{"0":12.673219},"and_ff":{"0":0.082178},"edge":{"12":1.334608,"13":null},"and_uc":{"0":0.142603}},"total":98.020277314}