{"id":"TC","name":"Turks and Caicos Islands","month":"2015-08","access_date":"2015-09-03","data":{"chrome":{"4":0,"5":0,"6":0,"7":0,"8":0,"9":0,"10":0,"11":0.014998,"12":0.022497,"13":0,"14":0,"15":0,"16":0,"17":0,"18":0.014998,"19":0,"20":0,"21":0,"22":0,"23":0.014998,"24":0.022497,"25":0,"26":0.007499,"27":0.022497,"28":0.007499,"29":0,"30":0.059992,"31":0.014998,"32":0.022497,"33":0.037495,"34":0.007499,"35":0.022497,"36":0.209972,"37":0.022497,"38":0.029996,"39":0.344954,"40":0.532429,"41":0.014998,"42":0.322457,"43":1.207339,"44":21.882082,"45":0.07499,"46":0.059992,"47":0.007499,"48":0},"firefox":{"2":0,"3":0,"3.5":0,"3.6":0.022497,"4":0.014998,"5":0,"6":0.007499,"7":0,"8":0,"9":0,"10":0,"11":0,"12":0.022497,"13":0,"14":0,"15":0.007499,"16":0.007499,"17":0.029996,"18":0.007499,"19":0,"20":0,"21":0,"22":0.007499,"23":0,"24":0,"25":0,"26":0,"27":0,"28":0,"29":0,"30":0,"31":0.014998,"32":0,"33":0.059992,"34":0.014998,"35":0.187475,"36":0.029996,"37":0.052493,"38":0.292461,"39":4.634382,"40":1.957239,"41":0.052493,"42":0,"43":0},"opera":{"9":0,"9.5-9.6":0,"10.0-10.1":0,"10.5":0,"10.6":0,"11":0,"11.1":0,"11.5":0,"11.6":0,"12":0,"12.1":0.007499,"15":0,"16":0,"17":0,"18":0,"19":0,"20":0,"21":0,"22":0,"23":0,"24":0,"25":0,"26":0,"27":0.022497,"28":0,"29":0.779896,"30":0.067491,"31":0.172477,"32":0,"33":0},"safari":{"3.1":0,"3.2":0,"4":0.007499,"5":0.014998,"5.1":0.37495,"6":0.014998,"6.1":0.187475,"7":0.202473,"7.1":0.547427,"8":2.167211,"9":0.022497},"android":{"2.1":0,"2.2":0,"2.3":0.0817979872547,"3":0,"4":0.260731084374,"4.1":0.915114982411,"4.2-4.3":1.98999165868,"4.4":0.0127809355085,"4.4.3-4.4.4":1.75354435177,"44":null},"ios_saf":{"3.2":0,"4.0-4.1":0,"4.2-4.3":0,"5.0-5.1":0.054974766073,"6.0-6.1":0.0916246101217,"7.0-7.1":1.50997357481,"8":0.207071618875,"8.1-8.4":16.230383437,"9":0.119111993158},"op_mob":{"10":0,"11":0,"11.1":0,"11.5":0,"12":0.000327244282626,"12.1":0.000654488565252,"0":0.0101445727614},"ie":{"5.5":0,"6":0.0150428370703,"7":0.0376070926756,"8":11.5152917773,"9":0.458806530643,"10":0.819834620329,"11":12.3050407235},"bb":{"7":0.185074,"10":null},"ie_mob":{"10":0.0867719830508,"11":0.358406016949},"and_uc":{"0":0.15006},"op_mini":{"5.0-8.0":0.113923694391},"and_chr":{"0":11.198254},"and_ff":{"0":0.077531},"edge":{"12":0.607419,"13":null}},"total":98.1823545815}