{"id":"TD","name":"Chad","month":"2015-10","access_date":"2015-11-03","data":{"chrome":{"4":0,"5":0,"6":0,"7":0.000229,"8":0,"9":0,"10":0,"11":0.011221,"12":0,"13":0,"14":0,"15":0,"16":0,"17":0,"18":0.000687,"19":0,"20":0,"21":0.184116,"22":0,"23":0,"24":0,"25":0,"26":0.015343,"27":0,"28":0.001374,"29":0.002519,"30":0.000229,"31":0.031144,"32":0,"33":0.000229,"34":0,"35":0,"36":0.010076,"37":0,"38":0.000916,"39":0.000458,"40":0.002748,"41":0.00458,"42":0.001145,"43":0.003893,"44":0.009847,"45":0.267701,"46":0.185032,"47":0.002061,"48":0,"49":0},"firefox":{"2":0.001832,"3":0.005954,"3.5":0.000229,"3.6":0.013282,"4":0.000229,"5":0.000229,"6":0.002519,"7":0.000458,"8":0,"9":0.003893,"10":0.081295,"11":0.000687,"12":0.000916,"13":0.000916,"14":0.002061,"15":0.001603,"16":0.000458,"17":0.000458,"18":0.000229,"19":0.010763,"20":0.001145,"21":0.001374,"22":0.001603,"23":0.000916,"24":0.000229,"25":0.000916,"26":0.000687,"27":0.001145,"28":0.000916,"29":0.002977,"30":0.006412,"31":0.000916,"32":0.008702,"33":0.000916,"34":0.003206,"35":0.003435,"36":0.002061,"37":0.027251,"38":0.038014,"39":0.024503,"40":0.056105,"41":0.227397,"42":0.019007,"43":0,"44":0},"opera":{"9":0,"9.5-9.6":0.000687,"10.0-10.1":0,"10.5":0,"10.6":0,"11":0.013053,"11.1":0,"11.5":0,"11.6":0.000229,"12":0.001832,"12.1":0.01145,"15":0.000229,"16":0,"17":0,"18":0,"19":0.000458,"20":0.000229,"21":0.000229,"22":0.000458,"23":0,"24":0,"25":0,"26":0,"27":0,"28":0.000229,"29":0.002061,"30":0.004351,"31":0,"32":0.02748,"33":0.001374,"34":0},"safari":{"3.1":0,"3.2":0,"4":0.000687,"5":0,"5.1":0.001145,"6":0.007099,"6.1":0,"7":0.010076,"7.1":0.008702,"8":0.019694,"9":0.053815},"android":{"2.1":0,"2.2":0,"2.3":0.0270913051433,"3":0,"4":0.0789780421125,"4.1":0.283310767346,"4.2-4.3":0.592335315844,"4.4":1.10569258958,"4.4.3-4.4.4":0.573049979979,"44":null},"ios_saf":{"3.2":0,"4.0-4.1":0,"4.2-4.3":0,"5.0-5.1":0.00254713409343,"6.0-6.1":0.00266842619312,"7.0-7.1":0.0650125654323,"8":0.00873303117748,"8.1-8.4":0.290615870851,"9.0-9.1":0.832548972253},"op_mob":{"10":0,"11":0,"11.1":0,"11.5":0,"12":0.204519746009,"12.1":0.613559238026,"0":7.1581911103},"ie":{"5.5":0,"6":0,"7":0,"8":0.0375185331453,"9":0.00867616078984,"10":0.0154763949224,"11":0.0991896220028},"bb":{"7":0.05129775,"10":null},"ie_mob":{"10":0.0879764367816,"11":0.400573563218},"op_mini":{"5.0-8.0":76.5721929057},"and_chr":{"0":2.408626},"and_ff":{"0":0.068397},"edge":{"12":0.005038,"13":null},"and_uc":{"0":5.872371}},"total":98.9251464609}