{"id":"TG","name":"Togo","month":"2015-10","access_date":"2015-11-03","data":{"chrome":{"4":0.0036,"5":0.0144,"6":0.0108,"7":0.0036,"8":0.0108,"9":0.018,"10":0.0036,"11":0.0828,"12":0.0144,"13":0.0504,"14":0.0144,"15":0.0036,"16":0.0684,"17":0.0036,"18":0.0036,"19":0.0144,"20":0,"21":0,"22":0.0036,"23":0.0108,"24":0.0036,"25":0.0396,"26":0.0144,"27":0.0108,"28":0.018,"29":0.0324,"30":0.108,"31":0.1116,"32":0.0288,"33":0.0684,"34":0.018,"35":0.0144,"36":0.0468,"37":0.0324,"38":0.0144,"39":0.18,"40":0.1044,"41":0.0576,"42":0.2376,"43":0.234,"44":0.3384,"45":3.168,"46":3.8844,"47":0.0576,"48":0.0144,"49":0},"firefox":{"2":0.0252,"3":0.0648,"3.5":0.0144,"3.6":0.036,"4":0.0216,"5":0.0288,"6":0.018,"7":0.0108,"8":0.018,"9":0.0252,"10":0.0648,"11":0.1512,"12":0.1368,"13":0.0864,"14":0.0288,"15":0.072,"16":0.0756,"17":0.0576,"18":0.036,"19":0.1764,"20":0.1044,"21":0.0864,"22":0.1548,"23":0.1692,"24":0.09,"25":0.144,"26":0.1476,"27":0.1044,"28":0.1872,"29":0.3456,"30":0.5904,"31":0.4392,"32":0.2952,"33":0.2952,"34":0.2664,"35":0.486,"36":0.2556,"37":0.4068,"38":0.5652,"39":0.6372,"40":2.3724,"41":9.6588,"42":0.4968,"43":0.0468,"44":0.0036},"opera":{"9":0,"9.5-9.6":0,"10.0-10.1":0,"10.5":0,"10.6":0,"11":0,"11.1":0,"11.5":0.0036,"11.6":0.0108,"12":0.0072,"12.1":0.0612,"15":0.0144,"16":0.0252,"17":0.0324,"18":0.0144,"19":0.0036,"20":0.0144,"21":0.0108,"22":0.018,"23":0.0108,"24":0.0072,"25":0.0036,"26":0.0324,"27":0.0036,"28":0.0036,"29":0.0216,"30":0.036,"31":0.036,"32":1.0116,"33":0.0396,"34":0},"safari":{"3.1":0,"3.2":0,"4":0.108,"5":0.0036,"5.1":0.0648,"6":0.0108,"6.1":0.0108,"7":0.0252,"7.1":0.0252,"8":0.0756,"9":0.0612},"android":{"2.1":0,"2.2":0,"2.3":0.045823265447,"3":0,"4":0.133586468761,"4.1":0.479202623404,"4.2-4.3":1.00189851571,"4.4":1.87021056265,"4.4.3-4.4.4":0.969278564032,"44":null},"ios_saf":{"3.2":0,"4.0-4.1":0,"4.2-4.3":0,"5.0-5.1":0.00229345172031,"6.0-6.1":0.00240266370699,"7.0-7.1":0.0585376248613,"8":0.00786326304107,"8.1-8.4":0.261671920089,"9.0-9.1":0.749631076582},"op_mob":{"10":0,"11":0,"11.1":0,"11.5":0,"12":0.109437832608,"12.1":0.328313497823,"0":3.83032414127},"ie":{"5.5":0,"6":0.0255339759036,"7":0.0328293975904,"8":0.295464578313,"9":0.218862650602,"10":0.492440963855,"11":1.94058216867},"bb":{"7":0.0528,"10":null},"ie_mob":{"10":0.117554022989,"11":0.535245977011},"op_mini":{"5.0-8.0":40.9735245283},"and_chr":{"0":4.2276},"and_ff":{"0":0.1024},"edge":{"12":0.1764,"13":null},"and_uc":{"0":8.608}},"total":98.1273137349}