{"id":"TH","name":"Thailand","month":"2015-10","access_date":"2015-11-03","data":{"chrome":{"4":0.004978,"5":0,"6":0.004978,"7":0.004978,"8":0.004978,"9":0.004978,"10":0.04978,"11":0.054758,"12":0.084626,"13":0.039824,"14":0.004978,"15":0.019912,"16":0.004978,"17":0.004978,"18":0.004978,"19":0.004978,"20":0.009956,"21":0.019912,"22":0.034846,"23":0.004978,"24":0.004978,"25":0.009956,"26":0.029868,"27":0.009956,"28":0.009956,"29":0.014934,"30":0.014934,"31":0.059736,"32":0.019912,"33":0.184186,"34":0.034846,"35":0.064714,"36":0.079648,"37":0.069692,"38":0.14934,"39":0.154318,"40":0.368372,"41":0.079648,"42":0.14934,"43":2.578604,"44":0.87115,"45":13.146898,"46":11.817772,"47":0.14934,"48":0.09956,"49":0},"firefox":{"2":0,"3":0.009956,"3.5":0.004978,"3.6":0.02489,"4":0.009956,"5":0.004978,"6":0.014934,"7":0.014934,"8":0.009956,"9":0.009956,"10":0.004978,"11":0.009956,"12":0.02489,"13":0.004978,"14":0.009956,"15":0.009956,"16":0.019912,"17":0.009956,"18":0.004978,"19":0.004978,"20":0.009956,"21":0.009956,"22":0.004978,"23":0.009956,"24":0.014934,"25":0.009956,"26":0.019912,"27":0.019912,"28":0.009956,"29":0.019912,"30":0.029868,"31":0.019912,"32":0.019912,"33":0.02489,"34":0.029868,"35":0.029868,"36":0.044802,"37":0.054758,"38":0.129428,"39":0.17423,"40":0.467932,"41":3.126184,"42":0.144362,"43":0.009956,"44":0.004978},"opera":{"9":0,"9.5-9.6":0,"10.0-10.1":0,"10.5":0,"10.6":0,"11":0,"11.1":0,"11.5":0,"11.6":0,"12":0,"12.1":0.014934,"15":0,"16":0,"17":0,"18":0,"19":0,"20":0,"21":0,"22":0,"23":0,"24":0,"25":0,"26":0,"27":0,"28":0.009956,"29":0.004978,"30":0.009956,"31":0.004978,"32":0.2489,"33":0.009956,"34":0},"safari":{"3.1":0,"3.2":0,"4":0.004978,"5":0.019912,"5.1":0.054758,"6":0.019912,"6.1":0.034846,"7":0.039824,"7.1":0.059736,"8":0.268812,"9":0.378328},"android":{"2.1":0,"2.2":0,"2.3":0.113506611322,"3":0,"4":0.330900629617,"4.1":1.18700981671,"4.2-4.3":2.48175472213,"4.4":4.63260881464,"4.4.3-4.4.4":2.40095340559,"44":null},"ios_saf":{"3.2":0,"4.0-4.1":0,"4.2-4.3":0,"5.0-5.1":0.0332542193522,"6.0-6.1":0.0348377536071,"7.0-7.1":0.848774360609,"8":0.114014466351,"8.1-8.4":3.79414807466,"9.0-9.1":10.8693791254},"op_mob":{"10":0,"11":0,"11.1":0,"11.5":0,"12":0.00156709724238,"12.1":0.00470129172714,"0":0.0548484034833},"ie":{"5.5":0,"6":0.0150938929336,"7":0.0251564882227,"8":1.16222975589,"9":0.784882432548,"10":0.518223657388,"11":2.18358317773},"bb":{"7":0.0037665,"10":null},"ie_mob":{"10":0.143790827586,"11":0.654707172414},"op_mini":{"5.0-8.0":0.586721207547},"and_chr":{"0":28.734952},"and_ff":{"0":0.035154},"edge":{"12":0.14934,"13":null},"and_uc":{"0":1.119906}},"total":99.3940119047}