{"id":"TK","name":"Tokelau","month":"2015-10","access_date":"2015-11-03","data":{"chrome":{"4":0,"5":0,"6":0,"7":0,"8":0,"9":0,"10":0,"11":0,"12":0,"13":0,"14":0,"15":0,"16":0,"17":0,"18":0,"19":0,"20":0,"21":0,"22":0,"23":0,"24":0,"25":0,"26":0,"27":0,"28":0,"29":0,"30":0.259324,"31":1.775372,"32":1.635736,"33":0,"34":0,"35":0,"36":0,"37":0,"38":0,"39":0,"40":0.388986,"41":0,"42":0.069818,"43":0,"44":1.376412,"45":0.259324,"46":0.658284,"47":0,"48":0,"49":0},"firefox":{"2":0,"3":0,"3.5":0,"3.6":0,"4":0,"5":0,"6":0.388986,"7":0,"8":0,"9":0,"10":0,"11":0,"12":0,"13":0,"14":0,"15":0,"16":0,"17":0,"18":0,"19":0,"20":0,"21":0,"22":0,"23":0.069818,"24":0,"25":0,"26":0.259324,"27":0.129662,"28":0,"29":0,"30":0,"31":0,"32":0,"33":0,"34":0,"35":0,"36":0,"37":0,"38":0,"39":0.588466,"40":1.775372,"41":0.259324,"42":2.752824,"43":0,"44":0},"opera":{"9":0,"9.5-9.6":0,"10.0-10.1":0,"10.5":0,"10.6":0,"11":0,"11.1":0,"11.5":0,"11.6":0,"12":0,"12.1":0,"15":0,"16":0,"17":0,"18":0,"19":0,"20":0,"21":0,"22":0,"23":0,"24":0,"25":0,"26":0,"27":0,"28":0,"29":0,"30":0,"31":0,"32":0.129662,"33":0,"34":0},"safari":{"3.1":0,"3.2":0,"4":0,"5":0,"5.1":0.129662,"6":0,"6.1":0,"7":0.19948,"7.1":0,"8":0,"9":0},"android":{"2.1":0,"2.2":0,"2.3":0,"3":0,"4":0,"4.1":0,"4.2-4.3":0,"4.4":0,"4.4.3-4.4.4":0,"44":null},"ios_saf":{"3.2":0,"4.0-4.1":0,"4.2-4.3":0,"5.0-5.1":0.000549470689133,"6.0-6.1":0.000575635960044,"7.0-7.1":0.0140245852084,"8":0.0018838995056,"8.1-8.4":0.062691989103,"9.0-9.1":0.179598419534},"op_mob":{"10":0,"11":0,"11.1":0,"11.5":0,"12":0,"12.1":0,"0":0},"ie":{"5.5":0,"6":0,"7":0,"8":0.259324,"9":0.528622,"10":0.658284,"11":0.069818},"bb":{"7":0,"10":null},"ie_mob":{"10":0,"11":0},"op_mini":{"5.0-8.0":0},"and_chr":{"0":0.13},"and_ff":{"0":0.13},"edge":{"12":0,"13":null},"and_uc":{"0":0}},"total":15.141208}