{"id":"TL","name":"Timor-Leste","month":"2015-10","access_date":"2015-11-03","data":{"chrome":{"4":0.031104,"5":0,"6":0.010368,"7":0.010368,"8":0,"9":0,"10":0,"11":0.041472,"12":0.006912,"13":0.006912,"14":0,"15":0,"16":0,"17":0.020736,"18":0,"19":0,"20":0,"21":0,"22":0,"23":0.006912,"24":0,"25":0.13824,"26":0.01728,"27":0.006912,"28":0.003456,"29":0.006912,"30":0.06912,"31":0.013824,"32":0,"33":0.020736,"34":0.010368,"35":0.003456,"36":0.058752,"37":0.010368,"38":0.006912,"39":0.024192,"40":0.12096,"41":0.079488,"42":0.393984,"43":0.366336,"44":0.183168,"45":3.5424,"46":3.355776,"47":0.01728,"48":0.031104,"49":0},"firefox":{"2":0,"3":0.03456,"3.5":0.096768,"3.6":0.266112,"4":0.307584,"5":0.05184,"6":0.093312,"7":0.06912,"8":0.19008,"9":0.06912,"10":0.50112,"11":0.183168,"12":0.297216,"13":0.238464,"14":0.079488,"15":0.252288,"16":0.255744,"17":0.031104,"18":0.183168,"19":0.058752,"20":0.110592,"21":1.268352,"22":0.031104,"23":0.027648,"24":0.072576,"25":0.020736,"26":0.15552,"27":0.456192,"28":0.107136,"29":0.193536,"30":0.404352,"31":0.20736,"32":0.127872,"33":0.100224,"34":0.038016,"35":0.131328,"36":0.134784,"37":0.145152,"38":0.38016,"39":0.65664,"40":1.931904,"41":6.642432,"42":1.147392,"43":0.006912,"44":0},"opera":{"9":0,"9.5-9.6":0,"10.0-10.1":0.006912,"10.5":0,"10.6":0.003456,"11":0.003456,"11.1":0,"11.5":0.006912,"11.6":0.003456,"12":0,"12.1":0.127872,"15":0,"16":0,"17":0,"18":0,"19":0.044928,"20":0.003456,"21":0,"22":0,"23":0,"24":0,"25":0,"26":0,"27":0.003456,"28":0.006912,"29":0.013824,"30":0.024192,"31":0.055296,"32":0.625536,"33":0.013824,"34":0},"safari":{"3.1":0,"3.2":0,"4":0,"5":0.072576,"5.1":0.06912,"6":0.027648,"6.1":0.013824,"7":0.01728,"7.1":0.05184,"8":0.2592,"9":0.317952},"android":{"2.1":0,"2.2":0,"2.3":0.0754215919917,"3":0,"4":0.219873115637,"4.1":0.788730885744,"4.2-4.3":1.64904836728,"4.4":3.07822361892,"4.4.3-4.4.4":1.59535842043,"44":null},"ios_saf":{"3.2":0,"4.0-4.1":0,"4.2-4.3":0,"5.0-5.1":0.00542081808092,"6.0-6.1":0.00567895227525,"7.0-7.1":0.138359928161,"8":0.0185856619917,"8.1-8.4":0.618489529614,"9.0-9.1":1.77183310988},"op_mob":{"10":0,"11":0,"11.1":0,"11.5":0,"12":0.0908941654572,"12.1":0.272682496372,"0":3.181295791},"ie":{"5.5":0,"6":0.03456,"7":0.065664,"8":0.978048,"9":0.698112,"10":0.487296,"11":1.257984},"bb":{"7":0.053988,"10":null},"ie_mob":{"10":0.148481103448,"11":0.676062896552},"op_mini":{"5.0-8.0":34.0307755472},"and_chr":{"0":6.905568},"and_ff":{"0":0.13088},"edge":{"12":0.134784,"13":null},"and_uc":{"0":10.647088}},"total":97.904852}