{"id":"TN","name":"Tunisia","month":"2015-10","access_date":"2015-11-03","data":{"chrome":{"4":0.036515,"5":0.021909,"6":0.036515,"7":0.036515,"8":0.058424,"9":0.029212,"10":0.058424,"11":0.124151,"12":0.080333,"13":0.043818,"14":0.036515,"15":0.051121,"16":0.051121,"17":0.014606,"18":0.043818,"19":0.007303,"20":0.014606,"21":0.021909,"22":0.029212,"23":0.051121,"24":0.021909,"25":0.043818,"26":0.051121,"27":0.043818,"28":0.036515,"29":0.065727,"30":0.109545,"31":0.109545,"32":0.065727,"33":0.131454,"34":0.102242,"35":0.080333,"36":0.109545,"37":0.094939,"38":0.197181,"39":0.226393,"40":0.211787,"41":0.109545,"42":0.58424,"43":1.153874,"44":1.02242,"45":21.894394,"46":23.29657,"47":0.248302,"48":0.07303,"49":0},"firefox":{"2":0.014606,"3":0.094939,"3.5":0.036515,"3.6":0.102242,"4":0.029212,"5":0.014606,"6":0.014606,"7":0.007303,"8":0.014606,"9":0.014606,"10":0.021909,"11":0.021909,"12":0.087636,"13":0.029212,"14":0.029212,"15":0.029212,"16":0.029212,"17":0.029212,"18":0.036515,"19":0.014606,"20":0.036515,"21":0.094939,"22":0.007303,"23":0.007303,"24":0.021909,"25":0.014606,"26":0.029212,"27":0.014606,"28":0.021909,"29":0.036515,"30":0.036515,"31":0.043818,"32":0.043818,"33":0.051121,"34":0.065727,"35":0.07303,"36":0.051121,"37":0.14606,"38":0.299423,"39":0.357847,"40":1.073541,"41":6.806396,"42":0.124151,"43":0.021909,"44":0},"opera":{"9":0,"9.5-9.6":0,"10.0-10.1":0,"10.5":0,"10.6":0,"11":0,"11.1":0,"11.5":0,"11.6":0.007303,"12":0.007303,"12.1":0.036515,"15":0,"16":0,"17":0,"18":0,"19":0,"20":0,"21":0.007303,"22":0.007303,"23":0,"24":0,"25":0,"26":0.014606,"27":0,"28":0.021909,"29":0.021909,"30":0.043818,"31":0.043818,"32":1.226904,"33":0.065727,"34":0},"safari":{"3.1":0,"3.2":0,"4":0.021909,"5":0.036515,"5.1":0.07303,"6":0.036515,"6.1":0.036515,"7":0.029212,"7.1":0.065727,"8":0.182575,"9":0.175272},"android":{"2.1":0,"2.2":0,"2.3":0.0767764128409,"3":0,"4":0.223822762858,"4.1":0.802899096997,"4.2-4.3":1.67867072144,"4.4":3.13351868001,"4.4.3-4.4.4":1.62401632585,"44":null},"ios_saf":{"3.2":0,"4.0-4.1":0,"4.2-4.3":0,"5.0-5.1":0.00873886045808,"6.0-6.1":0.00915499667037,"7.0-7.1":0.223049009787,"8":0.0299618072848,"8.1-8.4":0.997062364645,"9.0-9.1":2.85635896115},"op_mob":{"10":0,"11":0,"11.1":0,"11.5":0,"12":0.00931619738752,"12.1":0.0279485921626,"0":0.326066908563},"ie":{"5.5":0,"6":0.0461908158845,"7":0.0846831624549,"8":1.27794590614,"9":0.615877545126,"10":0.392621935018,"11":1.83993416606},"bb":{"7":0.037758,"10":null},"ie_mob":{"10":0.229720333333,"11":1.04596066667},"op_mini":{"5.0-8.0":3.48798430189},"and_chr":{"0":12.49072},"and_ff":{"0":0.196881},"edge":{"12":0.21909,"13":null},"and_uc":{"0":0.865737}},"total":98.1024465307}