{"id":"TN","name":"Tunisia","month":"2016-02","access_date":"2016-03-03","data":{"firefox":{"2":0.007226,"3":0.07226,"3.5":0.028904,"3.6":0.065034,"4":0.021678,"5":0.014452,"6":0.028904,"7":0.007226,"8":0.014452,"9":0.007226,"10":0.014452,"11":0.021678,"12":0.050582,"13":0.021678,"14":0.014452,"15":0.028904,"16":0.028904,"17":0.021678,"18":0.021678,"19":0.014452,"20":0.014452,"21":0.014452,"22":0.007226,"23":0.007226,"24":0.014452,"25":0.007226,"26":0.007226,"27":0.007226,"28":0.014452,"29":0.021678,"30":0.021678,"31":0.021678,"32":0.021678,"33":0.03613,"34":0.043356,"35":0.043356,"36":0.03613,"37":0.050582,"38":0.093938,"39":0.086712,"40":0.086712,"41":0.130068,"42":0.137294,"43":2.268964,"44":4.032108,"45":0.086712,"46":0.014452,"47":0},"chrome":{"4":0.028904,"5":0.014452,"6":0.021678,"7":0.028904,"8":0.050582,"9":0.014452,"10":0.050582,"11":0.086712,"12":0.03613,"13":0.021678,"14":0.028904,"15":0.043356,"16":0.03613,"17":0,"18":0.021678,"19":0.007226,"20":0.007226,"21":0.021678,"22":0.014452,"23":0.028904,"24":0.014452,"25":0.028904,"26":0.03613,"27":0.03613,"28":0.021678,"29":0.086712,"30":0.057808,"31":0.086712,"32":0.043356,"33":0.093938,"34":0.057808,"35":0.050582,"36":0.057808,"37":0.057808,"38":0.115616,"39":0.151746,"40":0.137294,"41":0.093938,"42":0.101164,"43":0.802086,"44":0.455238,"45":0.700922,"46":0.491368,"47":1.474104,"48":46.64383,"49":0.32517,"50":0.10839,"51":0},"opera":{"9":0,"9.5-9.6":0,"10.0-10.1":0,"10.5":0,"10.6":0,"11":0,"11.1":0,"11.5":0,"11.6":0.007226,"12":0.007226,"12.1":0.021678,"15":0.007226,"16":0,"17":0,"18":0,"19":0,"20":0,"21":0,"22":0.007226,"23":0,"24":0,"25":0,"26":0.007226,"27":0,"28":0.021678,"29":0.007226,"30":0.021678,"31":0.007226,"32":0.014452,"33":0.028904,"34":0.346848,"35":1.054996,"36":0.007226},"safari":{"3.1":0,"3.2":0,"4":0.028904,"5":0.028904,"5.1":0.086712,"6":0.021678,"6.1":0.021678,"7":0.043356,"7.1":0.007226,"8":0.137294,"9":0.303492,"9.1":0},"android":{"2.1":0,"2.2":0,"2.3":0.0333250077934,"3":0,"4":0.288333763082,"4.1":0.607094707192,"4.2-4.3":1.36197857938,"4.4":2.74279303273,"4.4.3-4.4.4":1.47354490982,"47":null},"ios_saf":{"3.2":0,"4.0-4.1":0,"4.2-4.3":0,"5.0-5.1":0,"6.0-6.1":0,"7.0-7.1":0.134934785964,"8":0.00916006379914,"8.1-8.4":0.372744134596,"9.0-9.2":2.90691101564,"9.3":null},"op_mob":{"10":0,"11":0,"11.1":0,"11.5":0,"12":0.000217894887175,"12.1":0.000217894887175,"0":0.00936948014853},"ie":{"5.5":0,"6":0.0231834166667,"7":0.0309112222222,"8":0.873242027778,"9":0.378662472222,"10":0.301384416667,"11":1.73102844444},"bb":{"7":0.029127,"10":null},"ie_mob":{"10":0.217476213592,"11":0.961473786408},"edge":{"12":0.093938,"13":0.18065,"14":0},"and_uc":{"0":1.065216},"op_mini":{"5.0-8.0":3.80444473008},"and_chr":{"0":14.734088},"and_ff":{"0":0.227468}},"total":97.567509}