{"id":"TO","name":"Tonga","month":"2015-08","access_date":"2015-09-03","data":{"chrome":{"4":0,"5":0,"6":0,"7":0,"8":0,"9":0,"10":0,"11":0.06927,"12":0,"13":0,"14":0,"15":0,"16":0.013854,"17":0,"18":0,"19":0,"20":0.013854,"21":0,"22":0.027708,"23":0,"24":0,"25":0,"26":0.006927,"27":0.034635,"28":0.027708,"29":0,"30":0.006927,"31":0.048489,"32":0.020781,"33":0.131613,"34":0.020781,"35":0.048489,"36":0.173175,"37":0.013854,"38":0.013854,"39":0.284007,"40":0.200883,"41":0.270153,"42":1.267641,"43":2.237421,"44":18.529725,"45":1.579356,"46":0.048489,"47":0,"48":0},"firefox":{"2":0,"3":0,"3.5":0.013854,"3.6":0.083124,"4":0.013854,"5":0,"6":0.048489,"7":0,"8":0,"9":0.020781,"10":0.006927,"11":0.048489,"12":0.284007,"13":0.083124,"14":0.062343,"15":0.006927,"16":0.110832,"17":0.006927,"18":0.124686,"19":0.027708,"20":0.034635,"21":0.020781,"22":0,"23":0.020781,"24":0.006927,"25":0.083124,"26":0.048489,"27":0.013854,"28":0,"29":0.027708,"30":0.048489,"31":0.180102,"32":0.103905,"33":0.048489,"34":0.228591,"35":0.263226,"36":0.083124,"37":0.214737,"38":1.752531,"39":10.750704,"40":8.644896,"41":0.824313,"42":0.062343,"43":0.013854},"opera":{"9":0,"9.5-9.6":0,"10.0-10.1":0,"10.5":0,"10.6":0,"11":0.027708,"11.1":0,"11.5":0.006927,"11.6":0,"12":0.006927,"12.1":0.034635,"15":0,"16":0,"17":0,"18":0,"19":0,"20":0,"21":0,"22":0,"23":0,"24":0,"25":0,"26":0,"27":0,"28":0,"29":0.013854,"30":0.055416,"31":0.200883,"32":0.020781,"33":0},"safari":{"3.1":0,"3.2":0,"4":0.020781,"5":0.062343,"5.1":0.436401,"6":0.117759,"6.1":0.076197,"7":0.187029,"7.1":1.364619,"8":1.31613,"9":0},"android":{"2.1":0,"2.2":0,"2.3":0.133497996431,"3":0,"4":0.425524863625,"4.1":1.49350883508,"4.2-4.3":3.24775594443,"4.4":0.0208590619424,"4.4.3-4.4.4":2.8618632985,"44":null},"ios_saf":{"3.2":0,"4.0-4.1":0,"4.2-4.3":0,"5.0-5.1":0.0242271717477,"6.0-6.1":0.0403786195794,"7.0-7.1":0.665439650669,"8":0.0912556802495,"8.1-8.4":7.1526686723,"9":0.0524922054533},"op_mob":{"10":0,"11":0,"11.1":0,"11.5":0,"12":0.00520301661167,"12.1":0.0104060332233,"0":0.161293514962},"ie":{"5.5":0,"6":0.041795658468,"7":0.013931886156,"8":1.05882334786,"9":0.341331210822,"10":1.12848277864,"11":7.32817211806},"bb":{"7":0.00230475,"10":null},"ie_mob":{"10":0.579208415254,"11":2.39238258475},"and_uc":{"0":3.112949},"op_mini":{"5.0-8.0":1.8113284352},"and_chr":{"0":10.129443},"and_ff":{"0":0.227402},"edge":{"12":0.193956,"13":null}},"total":98.20354475}