{"id":"TO","name":"Tonga","month":"2015-10","access_date":"2015-11-03","data":{"chrome":{"4":0.013156,"5":0,"6":0,"7":0,"8":0,"9":0,"10":0,"11":0.059202,"12":0,"13":0,"14":0,"15":0,"16":0,"17":0,"18":0,"19":0,"20":0.052624,"21":0,"22":0.177606,"23":0,"24":0,"25":0.013156,"26":0.03289,"27":0.046046,"28":0.092092,"29":0,"30":0.019734,"31":0.151294,"32":0.03289,"33":0.177606,"34":0.013156,"35":0.019734,"36":0.124982,"37":0.026312,"38":0.006578,"39":0.085514,"40":0.052624,"41":0.16445,"42":1.427426,"43":3.532386,"44":0.414414,"45":8.071206,"46":11.11682,"47":0.124982,"48":0.03289,"49":0},"firefox":{"2":0,"3":0,"3.5":0,"3.6":0.006578,"4":0.013156,"5":0,"6":0.013156,"7":0,"8":0.006578,"9":0,"10":0,"11":0.019734,"12":0.124982,"13":0.078936,"14":0.072358,"15":0,"16":0.217074,"17":0.013156,"18":0.138138,"19":0.006578,"20":0,"21":0.019734,"22":0.111826,"23":0.019734,"24":0,"25":0.072358,"26":0,"27":0.019734,"28":0.019734,"29":0.039468,"30":0.16445,"31":0.039468,"32":0.046046,"33":0.019734,"34":0.078936,"35":0.26312,"36":0.144716,"37":0.13156,"38":1.585298,"39":0.440726,"40":1.407692,"41":11.787776,"42":3.58501,"43":0,"44":0},"opera":{"9":0,"9.5-9.6":0,"10.0-10.1":0,"10.5":0,"10.6":0,"11":0,"11.1":0,"11.5":0,"11.6":0.019734,"12":0,"12.1":0.124982,"15":0,"16":0,"17":0,"18":0.006578,"19":0,"20":0,"21":0,"22":0,"23":0,"24":0,"25":0,"26":0.006578,"27":0,"28":0,"29":0.006578,"30":0.013156,"31":0,"32":0.453882,"33":0.03289,"34":0},"safari":{"3.1":0,"3.2":0,"4":0,"5":0,"5.1":0.269698,"6":0.052624,"6.1":0.078936,"7":0.223652,"7.1":0.46046,"8":1.065636,"9":0.638066},"android":{"2.1":0,"2.2":0,"2.3":0.0768019313082,"3":0,"4":0.223897155678,"4.1":0.803165959613,"4.2-4.3":1.67922866759,"4.4":3.1345601795,"4.4.3-4.4.4":1.62455610632,"44":null},"ios_saf":{"3.2":0,"4.0-4.1":0,"4.2-4.3":0,"5.0-5.1":0.0196573687822,"6.0-6.1":0.0205934339623,"7.0-7.1":0.501730936535,"8":0.0673966929674,"8.1-8.4":2.24281217153,"9.0-9.1":6.42515139623},"op_mob":{"10":0,"11":0,"11.1":0,"11.5":0,"12":0.00883230285438,"12.1":0.0264969085631,"0":0.309130599903},"ie":{"5.5":0,"6":0.00661977981651,"7":0.013239559633,"8":0.920149394495,"9":0.516342825688,"10":1.42987244037,"11":6.494004},"bb":{"7":0.008555,"10":null},"ie_mob":{"10":0.469561333333,"11":2.13800266667},"op_mini":{"5.0-8.0":3.30681418868},"and_chr":{"0":14.056554},"and_ff":{"0":0.010266},"edge":{"12":0.249964,"13":null},"and_uc":{"0":1.543322}},"total":98.570043}