{"id":"TR","name":"Turkey","month":"2015-10","access_date":"2015-11-03","data":{"chrome":{"4":0.005188,"5":0,"6":0.005188,"7":0,"8":0.005188,"9":0.005188,"10":0.010376,"11":0.07782,"12":0.020752,"13":0.015564,"14":0.010376,"15":0.02594,"16":0.010376,"17":0.005188,"18":0.010376,"19":0,"20":0.005188,"21":0.005188,"22":0.223084,"23":0.020752,"24":0.010376,"25":0.02594,"26":0.07782,"27":0.015564,"28":0.020752,"29":0.020752,"30":0.036316,"31":0.046692,"32":0.02594,"33":0.067444,"34":0.072632,"35":0.093384,"36":0.057068,"37":0.07782,"38":0.145264,"39":0.191956,"40":0.145264,"41":0.191956,"42":0.15564,"43":0.5188,"44":0.892336,"45":15.449864,"46":16.36814,"47":0.036316,"48":0.02594,"49":0},"firefox":{"2":0,"3":0.005188,"3.5":0,"3.6":0.005188,"4":0.005188,"5":0.005188,"6":0.005188,"7":0,"8":0,"9":0.005188,"10":0.005188,"11":0.005188,"12":0.005188,"13":0.005188,"14":0.005188,"15":0.005188,"16":0.005188,"17":0.005188,"18":0.005188,"19":0.005188,"20":0.005188,"21":0.005188,"22":0.005188,"23":0.005188,"24":0.005188,"25":0.005188,"26":0.005188,"27":0.005188,"28":0.005188,"29":0.010376,"30":0.010376,"31":0.015564,"32":0.015564,"33":0.02594,"34":0.02594,"35":0.02594,"36":0.046692,"37":0.036316,"38":0.057068,"39":0.083008,"40":0.254212,"41":1.743168,"42":0.015564,"43":0,"44":0},"opera":{"9":0,"9.5-9.6":0,"10.0-10.1":0,"10.5":0,"10.6":0,"11":0,"11.1":0,"11.5":0,"11.6":0,"12":0.005188,"12.1":0.02594,"15":0,"16":0,"17":0,"18":0,"19":0,"20":0,"21":0,"22":0,"23":0,"24":0,"25":0,"26":0,"27":0,"28":0.005188,"29":0.005188,"30":0.010376,"31":0.010376,"32":0.332032,"33":0.020752,"34":0},"safari":{"3.1":0,"3.2":0,"4":0,"5":0.005188,"5.1":0.015564,"6":0.005188,"6.1":0.010376,"7":0.005188,"7.1":0.020752,"8":0.072632,"9":0.093384},"android":{"2.1":0,"2.2":0,"2.3":0.119459134967,"3":0,"4":0.348253749396,"4.1":1.2492590894,"4.2-4.3":2.61190312047,"4.4":4.87555249154,"4.4.3-4.4.4":2.52686441422,"44":null},"ios_saf":{"3.2":0,"4.0-4.1":0,"4.2-4.3":0,"5.0-5.1":0.0168835592776,"6.0-6.1":0.0176875382908,"7.0-7.1":0.430932751085,"8":0.0578864889517,"8.1-8.4":1.92633371567,"9.0-9.1":5.51851194673},"op_mob":{"10":0,"11":0,"11.1":0,"11.5":0,"12":0.00250261248186,"12.1":0.00750783744557,"0":0.087591436865},"ie":{"5.5":0,"6":0.00520031329114,"7":0.0208012531646,"8":0.878852946203,"9":0.561633835443,"10":0.707242607595,"11":4.38386410443},"bb":{"7":0.008421,"10":null},"ie_mob":{"10":0.191502850575,"11":0.871949149425},"op_mini":{"5.0-8.0":0.936978113208},"and_chr":{"0":30.0042},"and_ff":{"0":0.014436},"edge":{"12":0.321656,"13":null},"and_uc":{"0":0.16842}},"total":97.2427360601}