{"id":"TT","name":"Trinidad and Tobago","month":"2015-08","access_date":"2015-09-03","data":{"chrome":{"4":0,"5":0,"6":0.007581,"7":0,"8":0,"9":0,"10":0,"11":0.053067,"12":0.007581,"13":0,"14":0,"15":0,"16":0,"17":0.007581,"18":0.030324,"19":0,"20":0.007581,"21":0.022743,"22":0.242592,"23":0,"24":0.015162,"25":0.007581,"26":0.068229,"27":0.007581,"28":0.015162,"29":0.015162,"30":0.015162,"31":0.189525,"32":0.045486,"33":0.060648,"34":0.083391,"35":0.083391,"36":0.159201,"37":0.07581,"38":0.098553,"39":0.242592,"40":0.128877,"41":0.083391,"42":0.674709,"43":1.781535,"44":33.978042,"45":0.159201,"46":0.500346,"47":0,"48":0},"firefox":{"2":0,"3":0,"3.5":0.007581,"3.6":0.022743,"4":0.007581,"5":0.007581,"6":0.007581,"7":0,"8":0.015162,"9":0.007581,"10":0.007581,"11":0.030324,"12":0.022743,"13":0.007581,"14":0.007581,"15":0.007581,"16":0.015162,"17":0.007581,"18":0.007581,"19":0,"20":0,"21":0.007581,"22":0,"23":0,"24":0.007581,"25":0,"26":0.007581,"27":0.015162,"28":0.015162,"29":0.007581,"30":0.030324,"31":0.037905,"32":0.015162,"33":0.037905,"34":0.030324,"35":0.045486,"36":0.037905,"37":0.121296,"38":0.356307,"39":3.995187,"40":3.449355,"41":0.15162,"42":0.007581,"43":0},"opera":{"9":0,"9.5-9.6":0,"10.0-10.1":0,"10.5":0,"10.6":0,"11":0,"11.1":0,"11.5":0,"11.6":0,"12":0.007581,"12.1":0.090972,"15":0,"16":0,"17":0,"18":0,"19":0,"20":0,"21":0,"22":0,"23":0,"24":0,"25":0,"26":0,"27":0.030324,"28":0.007581,"29":0.068229,"30":0.500346,"31":0.507927,"32":0.007581,"33":0},"safari":{"3.1":0,"3.2":0,"4":0.015162,"5":0.113715,"5.1":0.159201,"6":0.045486,"6.1":0.113715,"7":0.053067,"7.1":0.288078,"8":1.13715,"9":0.015162},"android":{"2.1":0,"2.2":0,"2.3":0.139815333163,"3":0,"4":0.445661374458,"4.1":1.56418403977,"4.2-4.3":3.40144490212,"4.4":0.0218461458068,"4.4.3-4.4.4":2.99729120469,"44":null},"ios_saf":{"3.2":0,"4.0-4.1":0,"4.2-4.3":0,"5.0-5.1":0.0241444129188,"6.0-6.1":0.040240688198,"7.0-7.1":0.663166541503,"8":0.0909439553275,"8.1-8.4":7.1282355074,"9":0.0523128946574},"op_mob":{"10":0,"11":0,"11.1":0,"11.5":0,"12":0.000753305609284,"12.1":0.00150661121857,"0":0.0233524738878},"ie":{"5.5":0,"6":0.00759719871795,"7":0.0227915961538,"8":0.782511467949,"9":0.782511467949,"10":0.896469448718,"11":8.15939142308},"bb":{"7":0.1245785,"10":null},"ie_mob":{"10":0.1985015,"11":0.8198975},"and_uc":{"0":0.275766},"op_mini":{"5.0-8.0":0.262248609284},"and_chr":{"0":17.183732},"and_ff":{"0":0.113693},"edge":{"12":0.894558,"13":null}},"total":97.7147411026}