{"id":"TV","name":"Tuvalu","month":"2015-08","access_date":"2015-09-03","data":{"chrome":{"4":0,"5":0,"6":0,"7":0,"8":0,"9":0,"10":0,"11":0,"12":0,"13":0,"14":0,"15":0,"16":0,"17":0,"18":0,"19":0,"20":0,"21":0,"22":0,"23":0,"24":0,"25":0.108444,"26":0,"27":0.054222,"28":0.108444,"29":0,"30":0,"31":0.108444,"32":0,"33":0,"34":0,"35":0,"36":0.108444,"37":0.153629,"38":0,"39":0.207851,"40":0,"41":0.153629,"42":0.054222,"43":2.918951,"44":25.782561,"45":0,"46":1.039255,"47":0,"48":0},"firefox":{"2":0,"3":0,"3.5":0,"3.6":0,"4":0,"5":0,"6":0,"7":0,"8":0,"9":0.108444,"10":0,"11":0,"12":0.054222,"13":0.153629,"14":0,"15":0.108444,"16":0,"17":0,"18":0,"19":0,"20":0,"21":0,"22":0,"23":0,"24":0,"25":0,"26":0,"27":0,"28":0.054222,"29":0,"30":0.108444,"31":0,"32":0,"33":0.153629,"34":0.054222,"35":0.108444,"36":0.153629,"37":0.054222,"38":0.108444,"39":5.205312,"40":7.392266,"41":6.199382,"42":0,"43":0},"opera":{"9":0,"9.5-9.6":0,"10.0-10.1":0,"10.5":0,"10.6":0,"11":0,"11.1":0,"11.5":0,"11.6":0,"12":0,"12.1":0,"15":0,"16":0,"17":0,"18":0,"19":0,"20":0,"21":0,"22":0,"23":0,"24":0,"25":0,"26":0,"27":0,"28":0,"29":0,"30":0,"31":0.316295,"32":0,"33":0},"safari":{"3.1":0,"3.2":0,"4":0.054222,"5":0,"5.1":0,"6":0.054222,"6.1":0,"7":0,"7.1":1.662808,"8":0.054222,"9":0},"android":{"2.1":0,"2.2":0,"2.3":0.0349941493755,"3":0,"4":0.111543851134,"4.1":0.391497046138,"4.2-4.3":0.851342040275,"4.4":0.00546783583992,"4.4.3-4.4.4":0.750187077237,"44":null},"ios_saf":{"3.2":0,"4.0-4.1":0,"4.2-4.3":0,"5.0-5.1":0.0210088469665,"6.0-6.1":0.0350147449442,"7.0-7.1":0.57704299668,"8":0.0791333235738,"8.1-8.4":6.20251191941,"9":0.0455191684274},"op_mob":{"10":0,"11":0,"11.1":0,"11.5":0,"12":0,"12.1":0,"0":0},"ie":{"5.5":0,"6":0,"7":0.054222,"8":0.939848,"9":0.153629,"10":17.342003,"11":15.887046},"bb":{"7":0,"10":null},"ie_mob":{"10":0.146784050847,"11":0.606281949153},"and_uc":{"0":0.322605},"op_mini":{"5.0-8.0":0},"and_chr":{"0":2.42157},"and_ff":{"0":0.053928},"edge":{"12":0,"13":null}},"total":99.99}