{"id":"TW","name":"Taiwan","month":"2015-10","access_date":"2015-11-03","data":{"chrome":{"4":0,"5":0,"6":0,"7":0,"8":0,"9":0,"10":0,"11":0.1876,"12":0.00536,"13":0,"14":0,"15":0,"16":0.00536,"17":0.00536,"18":0.00536,"19":0,"20":0.00536,"21":0.00536,"22":0.01072,"23":0.00536,"24":0.00536,"25":0.00536,"26":0.01072,"27":0.01608,"28":0.01608,"29":0.03216,"30":0.03216,"31":0.2144,"32":0.01608,"33":0.33768,"34":0.03216,"35":0.04288,"36":0.0536,"37":0.03216,"38":0.0536,"39":0.11256,"40":0.06968,"41":0.07504,"42":0.17688,"43":0.43416,"44":0.67536,"45":11.96888,"46":11.4168,"47":0.05896,"48":0.06432,"49":0},"firefox":{"2":0,"3":0.01072,"3.5":0,"3.6":0.00536,"4":0.00536,"5":0,"6":0.00536,"7":0,"8":0,"9":0,"10":0,"11":0.00536,"12":0.01072,"13":0,"14":0.00536,"15":0.00536,"16":0.00536,"17":0.00536,"18":0.00536,"19":0.00536,"20":0.00536,"21":0.01072,"22":0.00536,"23":0.00536,"24":0.00536,"25":0.00536,"26":0.00536,"27":0.00536,"28":0.00536,"29":0.00536,"30":0.00536,"31":0.01072,"32":0.00536,"33":0.01608,"34":0.02144,"35":0.01608,"36":0.0268,"37":0.0268,"38":0.08576,"39":0.09648,"40":0.36984,"41":2.69608,"42":0.0268,"43":0.00536,"44":0},"opera":{"9":0,"9.5-9.6":0,"10.0-10.1":0,"10.5":0,"10.6":0,"11":0,"11.1":0,"11.5":0,"11.6":0,"12":0,"12.1":0.0268,"15":0,"16":0,"17":0,"18":0,"19":0,"20":0,"21":0,"22":0,"23":0,"24":0,"25":0,"26":0,"27":0,"28":0.01608,"29":0,"30":0.00536,"31":0.00536,"32":0.1608,"33":0.01072,"34":0},"safari":{"3.1":0,"3.2":0,"4":0.02144,"5":0.04288,"5.1":0.06432,"6":0.01608,"6.1":0.04824,"7":0.0536,"7.1":0.09112,"8":0.38056,"9":0.5896},"android":{"2.1":0,"2.2":0,"2.3":0.100715056955,"3":0,"4":0.293609996548,"4.1":1.05324051087,"4.2-4.3":2.20207497411,"4.4":4.11053995167,"4.4.3-4.4.4":2.13037950984,"44":null},"ios_saf":{"3.2":0,"4.0-4.1":0,"4.2-4.3":0,"5.0-5.1":0.0246073978408,"6.0-6.1":0.0257791786903,"7.0-7.1":0.628074535365,"8":0.0843682211684,"8.1-8.4":2.80758691555,"9.0-9.1":8.04310375139},"op_mob":{"10":0,"11":0,"11.1":0,"11.5":0,"12":0.000213255926463,"12.1":0.00063976777939,"0":0.00746395742622},"ie":{"5.5":0,"6":0.0653262412515,"7":0.0544385343763,"8":2.97778783038,"9":0.96356205846,"10":0.82746572252,"11":8.13856088925},"bb":{"7":0.00116,"10":null},"ie_mob":{"10":0.03008,"11":0.13696},"op_mini":{"5.0-8.0":0.0798430188679},"and_chr":{"0":32.3904},"and_ff":{"0":0.03248},"edge":{"12":0.50384,"13":null},"and_uc":{"0":0.25984}},"total":99.2390212762}