{"id":"TZ","name":"Tanzania","month":"2015-08","access_date":"2015-09-03","data":{"chrome":{"4":0.002271,"5":0.001514,"6":0.000757,"7":0.000757,"8":0.000757,"9":0.002271,"10":0.004542,"11":0.020439,"12":0.002271,"13":0.002271,"14":0.000757,"15":0.001514,"16":0.005299,"17":0.001514,"18":0.002271,"19":0.000757,"20":0.000757,"21":0.001514,"22":0.001514,"23":0.004542,"24":0.000757,"25":0.003785,"26":0.004542,"27":0.002271,"28":0.001514,"29":0.001514,"30":0.000757,"31":0.021953,"32":0.002271,"33":0.014383,"34":0.001514,"35":0.006056,"36":0.010598,"37":0.004542,"38":0.004542,"39":0.019682,"40":0.028766,"41":0.013626,"42":0.077214,"43":0.127176,"44":1.785006,"45":0.012112,"46":0.028766,"47":0,"48":0},"firefox":{"2":0.003028,"3":0.006056,"3.5":0.004542,"3.6":0.013626,"4":0.015897,"5":0.006056,"6":0.009841,"7":0.006813,"8":0.009841,"9":0.00757,"10":0.011355,"11":0.021953,"12":0.026495,"13":0.026495,"14":0.019682,"15":0.02271,"16":0.020439,"17":0.01514,"18":0.009084,"19":0.017411,"20":0.01514,"21":0.01514,"22":0.006056,"23":0.015897,"24":0.00757,"25":0.008327,"26":0.009841,"27":0.006813,"28":0.016654,"29":0.031794,"30":0.027252,"31":0.025738,"32":0.02271,"33":0.034822,"34":0.024224,"35":0.037093,"36":0.039364,"37":0.070401,"38":0.11355,"39":0.96896,"40":0.654048,"41":0.095382,"42":0.002271,"43":0.000757},"opera":{"9":0,"9.5-9.6":0.000757,"10.0-10.1":0.001514,"10.5":0,"10.6":0.003785,"11":0.002271,"11.1":0.005299,"11.5":0.003785,"11.6":0.006056,"12":0.004542,"12.1":0.044663,"15":0.003785,"16":0.003028,"17":0.002271,"18":0.001514,"19":0.003028,"20":0.003028,"21":0.000757,"22":0.001514,"23":0.000757,"24":0.000757,"25":0.001514,"26":0.003785,"27":0.001514,"28":0.013626,"29":0.044663,"30":0.364117,"31":0.192278,"32":0.001514,"33":0},"safari":{"3.1":0,"3.2":0,"4":0.003785,"5":0.010598,"5.1":0.019682,"6":0.008327,"6.1":0.005299,"7":0.013626,"7.1":0.02271,"8":0.090083,"9":0.000757},"android":{"2.1":0,"2.2":0,"2.3":0.0896250094316,"3":0,"4":0.285679717563,"4.1":1.00267979302,"4.2-4.3":2.18040843258,"4.4":0.0140039077237,"4.4.3-4.4.4":1.92133613969,"44":null},"ios_saf":{"3.2":0,"4.0-4.1":0,"4.2-4.3":0,"5.0-5.1":0.00241427105343,"6.0-6.1":0.00402378508904,"7.0-7.1":0.0663119782674,"8":0.00909375430124,"8.1-8.4":0.712773290673,"9":0.00523092061576},"op_mob":{"10":0,"11":0,"11.1":0,"11.5":0,"12":0.196915126749,"12.1":0.393830253499,"0":6.10436892923},"ie":{"5.5":0,"6":0.00456000951626,"7":0.00608001268834,"8":0.21888045678,"9":0.0691601443299,"10":0.123120256939,"11":0.534281114988},"bb":{"7":0.03003975,"10":null},"ie_mob":{"10":0.0990880932203,"11":0.40927690678},"and_uc":{"0":4.852575},"op_mini":{"5.0-8.0":68.5521486905},"and_chr":{"0":4.031113},"and_ff":{"0":0.194103},"edge":{"12":0.031794,"13":null}},"total":97.7913787452}