{"id":"TZ","name":"Tanzania","month":"2016-02","access_date":"2016-03-03","data":{"firefox":{"2":0.002415,"3":0.00805,"3.5":0.005635,"3.6":0.0161,"4":0.01932,"5":0.012075,"6":0.01771,"7":0.00966,"8":0.00805,"9":0.004025,"10":0.01288,"11":0.016905,"12":0.0322,"13":0.02737,"14":0.01771,"15":0.0161,"16":0.01771,"17":0.00966,"18":0.01127,"19":0.01449,"20":0.012075,"21":0.01449,"22":0.00805,"23":0.02093,"24":0.00966,"25":0.007245,"26":0.00966,"27":0.00644,"28":0.007245,"29":0.031395,"30":0.026565,"31":0.013685,"32":0.01449,"33":0.021735,"34":0.018515,"35":0.02254,"36":0.01932,"37":0.026565,"38":0.04508,"39":0.036225,"40":0.042665,"41":0.04991,"42":0.07245,"43":0.71645,"44":0.8694,"45":0.132825,"46":0.005635,"47":0.000805},"chrome":{"4":0.000805,"5":0.000805,"6":0.000805,"7":0,"8":0.004025,"9":0.002415,"10":0.00322,"11":0.03059,"12":0.000805,"13":0.002415,"14":0.000805,"15":0.000805,"16":0.00161,"17":0,"18":0.00322,"19":0.000805,"20":0.00161,"21":0.007245,"22":0.00161,"23":0.00161,"24":0.000805,"25":0.002415,"26":0.00483,"27":0.000805,"28":0.00161,"29":0.002415,"30":0.000805,"31":0.02093,"32":0.00161,"33":0.010465,"34":0.002415,"35":0.00161,"36":0.00644,"37":0.023345,"38":0.002415,"39":0.007245,"40":0.007245,"41":0.004025,"42":0.01127,"43":0.061985,"44":0.063595,"45":0.076475,"46":0.02576,"47":0.090965,"48":1.81286,"49":0.01288,"50":0.02415,"51":0},"opera":{"9":0,"9.5-9.6":0.00322,"10.0-10.1":0.000805,"10.5":0.00161,"10.6":0.00322,"11":0.004025,"11.1":0.00483,"11.5":0.00322,"11.6":0.00644,"12":0.00483,"12.1":0.044275,"15":0.007245,"16":0.004025,"17":0.005635,"18":0.002415,"19":0.00161,"20":0.00161,"21":0.000805,"22":0.004025,"23":0,"24":0,"25":0.002415,"26":0.00161,"27":0.00161,"28":0.004025,"29":0.015295,"30":0.037835,"31":0.002415,"32":0.03703,"33":0.07728,"34":0.272895,"35":0.41538,"36":0.000805},"safari":{"3.1":0,"3.2":0,"4":0.00483,"5":0.007245,"5.1":0.018515,"6":0.007245,"6.1":0.010465,"7":0.010465,"7.1":0.00805,"8":0.03542,"9":0.13202,"9.1":0.000805},"android":{"2.1":0,"2.2":0,"2.3":0.0287893576041,"3":0,"4":0.249090528835,"4.1":0.524466992875,"4.2-4.3":1.17660852817,"4.4":2.36948930194,"4.4.3-4.4.4":1.27299029058,"47":null},"ios_saf":{"3.2":0,"4.0-4.1":0,"4.2-4.3":0,"5.0-5.1":0,"6.0-6.1":0,"7.0-7.1":0.0233274115044,"8":0.0015835840708,"8.1-8.4":0.0644396902655,"9.0-9.2":0.502544314159,"9.3":null},"op_mob":{"10":0,"11":0,"11.1":0,"11.5":0,"12":0.00403781576692,"12.1":0.00403781576692,"0":0.173626077978},"ie":{"5.5":0,"6":0.00486315789474,"7":0.00162105263158,"8":0.205873684211,"9":0.0299894736842,"10":0.0786210526316,"11":0.385810526316},"bb":{"7":0.0321825,"10":null},"ie_mob":{"10":0.100073737864,"11":0.442431262136},"edge":{"12":0.04186,"13":0.042665,"14":0},"and_uc":{"0":7.1721},"op_mini":{"5.0-8.0":70.5002632905},"and_chr":{"0":6.085135},"and_ff":{"0":0.027585}},"total":97.6415664474}