{"id":"UA","name":"Ukraine","month":"2015-10","access_date":"2015-11-03","data":{"chrome":{"4":0.026811,"5":0.017874,"6":0.017874,"7":0.008937,"8":0.017874,"9":0.026811,"10":0.026811,"11":0.080433,"12":0.053622,"13":0.107244,"14":0.035748,"15":0.044685,"16":0.053622,"17":0.053622,"18":0.053622,"19":0.035748,"20":0.035748,"21":0.053622,"22":0.107244,"23":0.044685,"24":0.071496,"25":0.035748,"26":0.053622,"27":0.080433,"28":0.062559,"29":0.044685,"30":0.026811,"31":0.08937,"32":0.044685,"33":0.044685,"34":0.080433,"35":0.071496,"36":0.062559,"37":0.062559,"38":0.08937,"39":0.223425,"40":0.134055,"41":0.223425,"42":0.17874,"43":0.956259,"44":0.795393,"45":17.936559,"46":19.223487,"47":0.455787,"48":0.428976,"49":0},"firefox":{"2":0.026811,"3":0.053622,"3.5":0.116181,"3.6":0.277047,"4":0.035748,"5":0.017874,"6":0.026811,"7":0.008937,"8":0.017874,"9":0.026811,"10":0.035748,"11":0.026811,"12":0.062559,"13":0.017874,"14":0.026811,"15":0.044685,"16":0.053622,"17":0.026811,"18":0.026811,"19":0.026811,"20":0.035748,"21":0.08937,"22":0.044685,"23":0.044685,"24":0.080433,"25":0.053622,"26":0.044685,"27":0.062559,"28":0.071496,"29":0.035748,"30":0.044685,"31":0.098307,"32":0.053622,"33":0.08937,"34":0.098307,"35":0.151929,"36":0.134055,"37":0.160866,"38":0.822204,"39":0.455787,"40":1.456731,"41":11.251683,"42":0.151929,"43":0.044685,"44":0.008937},"opera":{"9":0,"9.5-9.6":0.017874,"10.0-10.1":0.026811,"10.5":0.017874,"10.6":0.053622,"11":0.035748,"11.1":0.026811,"11.5":0.062559,"11.6":0.26811,"12":0.214488,"12.1":3.154761,"15":0.017874,"16":0.017874,"17":0.008937,"18":0.035748,"19":0.017874,"20":0.053622,"21":0.026811,"22":0.026811,"23":0.008937,"24":0.026811,"25":0.035748,"26":0.053622,"27":0.080433,"28":0.142992,"29":0.098307,"30":0.214488,"31":0.303858,"32":8.373969,"33":0.428976,"34":0.017874},"safari":{"3.1":0.008937,"3.2":0.008937,"4":0.053622,"5":0.080433,"5.1":0.098307,"6":0.026811,"6.1":0.044685,"7":0.053622,"7.1":0.098307,"8":0.411102,"9":0.777519},"android":{"2.1":0,"2.2":0,"2.3":0.024296075768,"3":0,"4":0.0708292378322,"4.1":0.254079300828,"4.2-4.3":0.531219283742,"4.4":0.991609329651,"4.4.3-4.4.4":0.513923772178,"44":null},"ios_saf":{"3.2":0,"4.0-4.1":0,"4.2-4.3":0,"5.0-5.1":0.00686712501261,"6.0-6.1":0.00719413096559,"7.0-7.1":0.175275190798,"8":0.0235444286147,"8.1-8.4":0.783506263344,"9.0-9.1":2.24456886127},"op_mob":{"10":0,"11":0,"11.1":0,"11.5":0,"12":0.00556185050798,"12.1":0.0166855515239,"0":0.194664767779},"ie":{"5.5":0,"6":0.0923600743494,"7":0.0646520520446,"8":1.51470521933,"9":0.415620334572,"10":0.480272386617,"11":2.24434980669},"bb":{"7":0.00664375,"10":null},"ie_mob":{"10":0.0407727701149,"11":0.185646229885},"op_mini":{"5.0-8.0":2.08235683019},"and_chr":{"0":4.729435},"and_ff":{"0":0.02126},"edge":{"12":0.321732,"13":null},"and_uc":{"0":0.748352}},"total":93.2461306236}