{"id":"UA","name":"Ukraine","month":"2015-08","access_date":"2015-09-03","data":{"chrome":{"4":0.017644,"5":0.017644,"6":0.008822,"7":0.008822,"8":0.017644,"9":0.017644,"10":0.017644,"11":0.061754,"12":0.04411,"13":0.08822,"14":0.017644,"15":0.026466,"16":0.035288,"17":0.04411,"18":0.035288,"19":0.017644,"20":0.026466,"21":0.04411,"22":0.097042,"23":0.035288,"24":0.061754,"25":0.026466,"26":0.04411,"27":0.079398,"28":0.08822,"29":0.035288,"30":0.04411,"31":0.167618,"32":0.026466,"33":0.070576,"34":0.061754,"35":0.061754,"36":0.061754,"37":0.061754,"38":0.114686,"39":0.255838,"40":0.141152,"41":0.238194,"42":0.238194,"43":1.89673,"44":33.241296,"45":0.238194,"46":0.988064,"47":0.008822,"48":0},"firefox":{"2":0.017644,"3":0.035288,"3.5":0.114686,"3.6":0.185262,"4":0.026466,"5":0.017644,"6":0.017644,"7":0.008822,"8":0.008822,"9":0.017644,"10":0.035288,"11":0.035288,"12":0.052932,"13":0.017644,"14":0.026466,"15":0.035288,"16":0.070576,"17":0.035288,"18":0.026466,"19":0.035288,"20":0.035288,"21":0.061754,"22":0.026466,"23":0.079398,"24":0.061754,"25":0.052932,"26":0.052932,"27":0.026466,"28":0.061754,"29":0.035288,"30":0.052932,"31":0.17644,"32":0.061754,"33":0.185262,"34":0.114686,"35":0.17644,"36":0.149974,"37":0.202906,"38":0.741048,"39":6.519458,"40":5.990138,"41":0.114686,"42":0.017644,"43":0.017644},"opera":{"9":0,"9.5-9.6":0.017644,"10.0-10.1":0.017644,"10.5":0.017644,"10.6":0.035288,"11":0.052932,"11.1":0.035288,"11.5":0.070576,"11.6":0.238194,"12":0.202906,"12.1":3.846392,"15":0.017644,"16":0.026466,"17":0.008822,"18":0.052932,"19":0.026466,"20":0.079398,"21":0.04411,"22":0.04411,"23":0.017644,"24":0.035288,"25":0.04411,"26":0.061754,"27":0.070576,"28":0.149974,"29":0.194084,"30":2.179034,"31":7.242862,"32":0.079398,"33":0.008822},"safari":{"3.1":0,"3.2":0,"4":0.026466,"5":0.052932,"5.1":0.08822,"6":0.017644,"6.1":0.04411,"7":0.052932,"7.1":0.149974,"8":0.864556,"9":0.04411},"android":{"2.1":0,"2.2":0,"2.3":0.0369019790976,"3":0,"4":0.117625058374,"4.1":0.412840891155,"4.2-4.3":0.897755960235,"4.4":0.005765934234,"4.4.3-4.4.4":0.791086176905,"44":null},"ios_saf":{"3.2":0,"4.0-4.1":0,"4.2-4.3":0,"5.0-5.1":0.0105934802294,"6.0-6.1":0.0176558003823,"7.0-7.1":0.290967590301,"8":0.0399021088641,"8.1-8.4":3.12754847973,"9":0.022952540497},"op_mob":{"10":0,"11":0,"11.1":0,"11.5":0,"12":0.0104473280237,"12.1":0.0208946560473,"0":0.323867168734},"ie":{"5.5":0,"6":0.0810183673469,"7":0.0720163265306,"8":1.82741428571,"9":0.693157142857,"10":0.639144897959,"11":3.11470612245},"bb":{"7":0.006479,"10":null},"ie_mob":{"10":0.0438555423729,"11":0.181142457627},"and_uc":{"0":0.669104},"op_mini":{"5.0-8.0":3.6370328472},"and_chr":{"0":4.140236},"and_ff":{"0":0.061256},"edge":{"12":0.299948,"13":null}},"total":92.6192381429}