{"id":"UG","name":"Uganda","month":"2015-10","access_date":"2015-11-03","data":{"chrome":{"4":0.00269,"5":0.01345,"6":0,"7":0.01076,"8":0.00538,"9":0,"10":0.00538,"11":0.0538,"12":0.00269,"13":0.00538,"14":0.00269,"15":0.00269,"16":0.00269,"17":0,"18":0.00538,"19":0.00538,"20":0.00538,"21":0.00807,"22":0.00269,"23":0.00807,"24":0.00538,"25":0.02152,"26":0.01345,"27":0.00538,"28":0.02152,"29":0.01614,"30":0.01076,"31":0.09684,"32":0.00807,"33":0.02959,"34":0.01345,"35":0.02421,"36":0.02152,"37":0.01614,"38":0.01883,"39":0.04035,"40":0.08608,"41":0.02152,"42":0.14795,"43":0.15602,"44":0.20175,"45":3.86284,"46":3.63419,"47":0.07801,"48":0.05111,"49":0},"firefox":{"2":0.00269,"3":0.02152,"3.5":0.01345,"3.6":0.06994,"4":0.04842,"5":0.02421,"6":0.0269,"7":0.02421,"8":0.05111,"9":0.04842,"10":0.0538,"11":0.06725,"12":0.1345,"13":0.10491,"14":0.08608,"15":0.0807,"16":0.10491,"17":0.1076,"18":0.06725,"19":0.09146,"20":0.11298,"21":0.09146,"22":0.03497,"23":0.04573,"24":0.10222,"25":0.0538,"26":0.06725,"27":0.03766,"28":0.06187,"29":0.14257,"30":0.16678,"31":0.16409,"32":0.12105,"33":0.19637,"34":0.15064,"35":0.1883,"36":0.20175,"37":0.29052,"38":0.40081,"39":0.44116,"40":1.59248,"41":5.93145,"42":1.08945,"43":0.01076,"44":0.00807},"opera":{"9":0,"9.5-9.6":0.00269,"10.0-10.1":0.00538,"10.5":0,"10.6":0.00269,"11":0.00269,"11.1":0.00538,"11.5":0.00538,"11.6":0.02959,"12":0.00807,"12.1":0.05918,"15":0,"16":0.00269,"17":0.00807,"18":0.00538,"19":0.00269,"20":0.00538,"21":0.00269,"22":0.00269,"23":0,"24":0.00269,"25":0,"26":0.00538,"27":0.00269,"28":0.01345,"29":0.01614,"30":0.04304,"31":0.02152,"32":0.47075,"33":0.02152,"34":0},"safari":{"3.1":0,"3.2":0,"4":0.00538,"5":0.02152,"5.1":0.03497,"6":0.01076,"6.1":0.01614,"7":0.04304,"7.1":0.0269,"8":0.11029,"9":0.09415},"android":{"2.1":0,"2.2":0,"2.3":0.0473706662064,"3":0,"4":0.138097535381,"4.1":0.495384763548,"4.2-4.3":1.03573151536,"4.4":1.93336549534,"4.4.3-4.4.4":1.00201002416,"44":null},"ios_saf":{"3.2":0,"4.0-4.1":0,"4.2-4.3":0,"5.0-5.1":0.00229554938957,"6.0-6.1":0.00240486126526,"7.0-7.1":0.0585911653718,"8":0.00787045504994,"8.1-8.4":0.261911254162,"9.0-9.1":0.750316714761},"op_mob":{"10":0,"11":0,"11.1":0,"11.5":0,"12":0.133291678761,"12.1":0.399875036284,"0":4.66520875665},"ie":{"5.5":0.00271223140496,"6":0.0271223140496,"7":0.00542446280992,"8":0.474640495868,"9":0.227827438017,"10":0.33360446281,"11":1.21507966942},"bb":{"7":0.0420325,"10":null},"ie_mob":{"10":0.215883065134,"11":0.982956934866},"op_mini":{"5.0-8.0":49.9044045283},"and_chr":{"0":5.01991},"and_ff":{"0":0.10234},"edge":{"12":0.18023,"13":null},"and_uc":{"0":5.84069}},"total":98.2982635744}