{"id":"US","name":"United States of America","month":"2015-08","access_date":"2015-09-03","data":{"chrome":{"4":0.033755,"5":0.006751,"6":0.006751,"7":0.006751,"8":0.006751,"9":0.006751,"10":0.020253,"11":0.047257,"12":0.006751,"13":0.006751,"14":0.006751,"15":0.006751,"16":0.013502,"17":0.006751,"18":0.020253,"19":0.006751,"20":0.013502,"21":0.06751,"22":0.040506,"23":0.027004,"24":0.033755,"25":0.013502,"26":0.013502,"27":0.020253,"28":0.020253,"29":0.047257,"30":0.020253,"31":0.108016,"32":0.060759,"33":0.054008,"34":0.661598,"35":0.479321,"36":0.283542,"37":0.445566,"38":0.081012,"39":0.222783,"40":0.310546,"41":0.310546,"42":0.364554,"43":2.329095,"44":19.537394,"45":0.128269,"46":0.06751,"47":0.006751,"48":0},"firefox":{"2":0.006751,"3":0.020253,"3.5":0.006751,"3.6":0.033755,"4":0.020253,"5":0.006751,"6":0.040506,"7":0.006751,"8":0,"9":0.006751,"10":0.006751,"11":0.013502,"12":0.013502,"13":0.006751,"14":0.006751,"15":0.013502,"16":0.027004,"17":0.020253,"18":0.006751,"19":0.006751,"20":0.013502,"21":0.033755,"22":0.074261,"23":0.013502,"24":0.047257,"25":0.020253,"26":0.027004,"27":0.020253,"28":0.027004,"29":0.027004,"30":0.195779,"31":0.162024,"32":0.060759,"33":0.074261,"34":0.081012,"35":0.128269,"36":0.101265,"37":0.101265,"38":0.506325,"39":4.084355,"40":3.470014,"41":0.040506,"42":0.006751,"43":0},"opera":{"9":0,"9.5-9.6":0,"10.0-10.1":0.101265,"10.5":0,"10.6":0,"11":0.033755,"11.1":0,"11.5":0.006751,"11.6":0,"12":0.020253,"12.1":0.040506,"15":0,"16":0,"17":0,"18":0,"19":0,"20":0.006751,"21":0,"22":0,"23":0,"24":0,"25":0.006751,"26":0.006751,"27":0.006751,"28":0.013502,"29":0.006751,"30":0.060759,"31":0.13502,"32":0,"33":0},"safari":{"3.1":0,"3.2":0,"4":0.054008,"5":0.162024,"5.1":0.391558,"6":0.054008,"6.1":0.459068,"7":0.229534,"7.1":0.904634,"8":2.788163,"9":0.033755},"android":{"2.1":0,"2.2":0,"2.3":0.0479376477186,"3":0,"4":0.152801252103,"4.1":0.536302433852,"4.2-4.3":1.1662330859,"4.4":0.00749025745603,"4.4.3-4.4.4":1.02766332297,"44":null},"ios_saf":{"3.2":0,"4.0-4.1":0,"4.2-4.3":0,"5.0-5.1":0.0694878146695,"6.0-6.1":0.115813024449,"7.0-7.1":1.90859864292,"8":0.261737435255,"8.1-8.4":20.5151191509,"9":0.150556931784},"op_mob":{"10":0,"11":0,"11.1":0,"11.5":0,"12":0.000399609625668,"12.1":0.000799219251337,"0":0.0123878983957},"ie":{"5.5":0,"6":0.0687258487168,"7":0.0549806789734,"8":1.59443969023,"9":1.6975284633,"10":1.49135091715,"11":10.3294950621},"bb":{"7":0.025992,"10":null},"ie_mob":{"10":0.0987916271186,"11":0.408052372881},"and_uc":{"0":0.308655},"op_mini":{"5.0-8.0":0.139116272727},"and_chr":{"0":14.070754},"and_ff":{"0":0.152703},"edge":{"12":0.729108,"13":null}},"total":98.2296066605}