{"id":"US","name":"United States of America","month":"2015-10","access_date":"2015-11-03","data":{"chrome":{"4":0.028288,"5":0.007072,"6":0.007072,"7":0.007072,"8":0.007072,"9":0.007072,"10":0.028288,"11":0.042432,"12":0.007072,"13":0.007072,"14":0.007072,"15":0.007072,"16":0.007072,"17":0.007072,"18":0.014144,"19":0.007072,"20":0.014144,"21":0.03536,"22":0.021216,"23":0.007072,"24":0.007072,"25":0.014144,"26":0.007072,"27":0.021216,"28":0.028288,"29":0.07072,"30":0.014144,"31":0.10608,"32":0.049504,"33":0.049504,"34":0.07072,"35":0.091936,"36":0.1768,"37":0.113152,"38":0.077792,"39":0.254592,"40":0.806208,"41":0.410176,"42":0.289952,"43":1.089088,"44":0.735488,"45":12.050688,"46":10.04224,"47":0.07072,"48":0.063648,"49":0},"firefox":{"2":0.007072,"3":0.028288,"3.5":0.007072,"3.6":0.03536,"4":0.014144,"5":0.007072,"6":0.042432,"7":0.007072,"8":0,"9":0.007072,"10":0.007072,"11":0.014144,"12":0.014144,"13":0.007072,"14":0.007072,"15":0.007072,"16":0.021216,"17":0.014144,"18":0.007072,"19":0.007072,"20":0.014144,"21":0.056576,"22":0.084864,"23":0.014144,"24":0.021216,"25":0.021216,"26":0.021216,"27":0.014144,"28":0.03536,"29":0.03536,"30":0.028288,"31":0.120224,"32":0.028288,"33":0.091936,"34":0.14144,"35":0.120224,"36":0.091936,"37":0.113152,"38":0.558688,"39":0.367744,"40":0.968864,"41":6.3648,"42":0.063648,"43":0.007072,"44":0},"opera":{"9":0,"9.5-9.6":0.007072,"10.0-10.1":0.14144,"10.5":0,"10.6":0,"11":0,"11.1":0.007072,"11.5":0.007072,"11.6":0.007072,"12":0.007072,"12.1":0.049504,"15":0,"16":0,"17":0,"18":0.007072,"19":0,"20":0,"21":0,"22":0,"23":0,"24":0,"25":0.007072,"26":0.007072,"27":0.014144,"28":0.042432,"29":0.014144,"30":0.021216,"31":0.021216,"32":0.162656,"33":0.007072,"34":0},"safari":{"3.1":0,"3.2":0,"4":0.063648,"5":0.155584,"5.1":0.360672,"6":0.049504,"6.1":0.466752,"7":0.190944,"7.1":0.473824,"8":1.499264,"9":2.05088},"android":{"2.1":0,"2.2":0,"2.3":0.0260140918191,"3":0,"4":0.0758376914049,"4.1":0.272045672075,"4.2-4.3":0.568782685537,"4.4":1.06172767967,"4.4.3-4.4.4":0.550264179496,"44":null},"ios_saf":{"3.2":0,"4.0-4.1":0,"4.2-4.3":0,"5.0-5.1":0.0435569706387,"6.0-6.1":0.0456311120977,"7.0-7.1":1.11173982202,"8":0.149338185047,"8.1-8.4":4.96964293573,"9.0-9.1":14.2369069745},"op_mob":{"10":0,"11":0,"11.1":0,"11.5":0,"12":0.000339970972424,"12.1":0.00101991291727,"0":0.0118989840348},"ie":{"5.5":0,"6":0.0433544347826,"7":0.0578059130435,"8":1.7341773913,"9":1.74140313043,"10":1.55353391304,"11":12.1031130435},"bb":{"7":0.023424,"10":null},"ie_mob":{"10":0.0885804137931,"11":0.403323586207},"op_mini":{"5.0-8.0":0.127285132075},"and_chr":{"0":13.478304},"and_ff":{"0":0.040992},"edge":{"12":1.138592,"13":null},"and_uc":{"0":0.33672}},"total":98.4697878261}