{"id":"UZ","name":"Uzbekistan","month":"2015-08","access_date":"2015-09-03","data":{"chrome":{"4":0.038643,"5":0.042156,"6":0.017565,"7":0.017565,"8":0.066747,"9":0.003513,"10":0.014052,"11":0.073773,"12":0.309144,"13":0.017565,"14":0.007026,"15":0.014052,"16":0.091338,"17":0.066747,"18":0.03513,"19":0.007026,"20":0.021078,"21":0.003513,"22":0.028104,"23":0.038643,"24":0.031617,"25":0.007026,"26":0.014052,"27":0.066747,"28":0.038643,"29":0.028104,"30":0.024591,"31":0.172137,"32":0.042156,"33":0.098364,"34":0.031617,"35":0.073773,"36":0.042156,"37":0.038643,"38":0.073773,"39":0.158085,"40":0.14052,"41":0.158085,"42":0.179163,"43":0.793938,"44":14.294397,"45":0.091338,"46":0.400482,"47":0,"48":0},"firefox":{"2":0.014052,"3":0.014052,"3.5":0.017565,"3.6":0.098364,"4":0.014052,"5":0.031617,"6":0.007026,"7":0.003513,"8":0.007026,"9":0.038643,"10":0.010539,"11":0.007026,"12":0.031617,"13":0.021078,"14":0.010539,"15":0.007026,"16":0.024591,"17":0.021078,"18":0.010539,"19":0.010539,"20":0.010539,"21":0.017565,"22":0.031617,"23":0.014052,"24":0.021078,"25":0.024591,"26":0.028104,"27":0.017565,"28":0.024591,"29":0.059721,"30":0.147546,"31":0.028104,"32":0.049182,"33":0.038643,"34":0.03513,"35":0.073773,"36":0.07026,"37":0.10539,"38":0.196728,"39":1.763526,"40":1.106595,"41":0.038643,"42":0,"43":0},"opera":{"9":0.003513,"9.5-9.6":0.03513,"10.0-10.1":0.052695,"10.5":0.031617,"10.6":0.010539,"11":0.098364,"11.1":0.052695,"11.5":0.03513,"11.6":0.115929,"12":0.137007,"12.1":1.377096,"15":0.010539,"16":0.038643,"17":0.014052,"18":0.042156,"19":0.021078,"20":0.031617,"21":0.024591,"22":0.021078,"23":0.049182,"24":0.017565,"25":0.038643,"26":0.059721,"27":0.031617,"28":0.063234,"29":0.094851,"30":0.688548,"31":1.675701,"32":0.059721,"33":0.010539},"safari":{"3.1":0,"3.2":0,"4":0.007026,"5":0.010539,"5.1":0.014052,"6":0.010539,"6.1":0.017565,"7":0.017565,"7.1":0.080799,"8":0.224832,"9":0.003513},"android":{"2.1":0,"2.2":0,"2.3":0.124541536579,"3":0,"4":0.396976147846,"4.1":1.39330844048,"4.2-4.3":3.02986206959,"4.4":0.0194596150905,"4.4.3-4.4.4":2.66985919042,"44":null},"ios_saf":{"3.2":0,"4.0-4.1":0,"4.2-4.3":0,"5.0-5.1":0.0232038756414,"6.0-6.1":0.038673126069,"7.0-7.1":0.637333117617,"8":0.087401264916,"8.1-8.4":6.85055755187,"9":0.0502750638897},"op_mob":{"10":0,"11":0,"11.1":0,"11.5":0,"12":0.0333915538742,"12.1":0.0667831077483,"0":1.0351381701},"ie":{"5.5":0,"6":0.0981001778656,"7":0.0763001383399,"8":0.948301719368,"9":0.363333992095,"10":0.348800632411,"11":0.890168280632},"bb":{"7":0.0097305,"10":null},"ie_mob":{"10":0.0948311440678,"11":0.391693855932},"and_uc":{"0":24.105692},"op_mini":{"5.0-8.0":11.6246161683},"and_chr":{"0":10.011128},"and_ff":{"0":0.103792},"edge":{"12":0.056208,"13":null}},"total":93.1248934407}