{"id":"VA","name":"Holy See (Vatican City State)","month":"2015-10","access_date":"2015-11-03","data":{"chrome":{"4":0,"5":0,"6":0,"7":0,"8":0,"9":0,"10":0,"11":0,"12":0,"13":0,"14":0,"15":0,"16":0,"17":0,"18":0,"19":0,"20":0,"21":0,"22":0.067375,"23":0,"24":0,"25":0,"26":0.625625,"27":0.009625,"28":0,"29":0,"30":0,"31":0.221375,"32":0,"33":0.009625,"34":0,"35":0.298375,"36":0.433125,"37":0,"38":0,"39":0.0385,"40":0.009625,"41":0,"42":0,"43":0.231,"44":0,"45":15.14975,"46":15.255625,"47":0.21175,"48":0.028875,"49":0},"firefox":{"2":0,"3":0.009625,"3.5":0.009625,"3.6":0.067375,"4":0.009625,"5":0,"6":0.009625,"7":0,"8":0,"9":0.01925,"10":0.05775,"11":0.028875,"12":0,"13":0.01925,"14":0,"15":0.182875,"16":0.028875,"17":0.009625,"18":0,"19":0,"20":0.028875,"21":0,"22":0.009625,"23":0,"24":0,"25":0,"26":0,"27":0,"28":0,"29":0,"30":0.231,"31":0.009625,"32":0,"33":0.1155,"34":0.009625,"35":0.028875,"36":0.25025,"37":0.009625,"38":0.067375,"39":0.17325,"40":1.75175,"41":19.702375,"42":0.077,"43":0,"44":0},"opera":{"9":0,"9.5-9.6":0,"10.0-10.1":0,"10.5":0,"10.6":0,"11":0,"11.1":0,"11.5":0,"11.6":0,"12":0,"12.1":0,"15":0,"16":0,"17":0,"18":0,"19":0,"20":0,"21":0,"22":0,"23":0,"24":0,"25":0,"26":0,"27":0,"28":0,"29":0,"30":0,"31":0,"32":0.17325,"33":0,"34":0},"safari":{"3.1":0,"3.2":0,"4":0.028875,"5":0.298375,"5.1":1.2705,"6":0.01925,"6.1":0.077,"7":0.13475,"7.1":0.5005,"8":0.78925,"9":1.232},"android":{"2.1":0,"2.2":0,"2.3":0.00875988091129,"3":0,"4":0.0255372799448,"4.1":0.091607568174,"4.2-4.3":0.191529599586,"4.4":0.357521919227,"4.4.3-4.4.4":0.185293752157,"44":null},"ios_saf":{"3.2":0,"4.0-4.1":0,"4.2-4.3":0,"5.0-5.1":0.018817311573,"6.0-6.1":0.0197133740289,"7.0-7.1":0.480289476339,"8":0.0645164968217,"8.1-8.4":2.14696564423,"9.0-9.1":6.150572697},"op_mob":{"10":0,"11":0,"11.1":0,"11.5":0,"12":6.34978229318e-6,"12.1":1.90493468795e-5,"0":0.000222242380261},"ie":{"5.5":0,"6":0,"7":0.01925,"8":2.6565,"9":0.8855,"10":0.394625,"11":20.799625},"bb":{"7":0.0039375,"10":null},"ie_mob":{"10":0.0281594827586,"11":0.128215517241},"op_mini":{"5.0-8.0":0.00237735849057},"and_chr":{"0":1.8465},"and_ff":{"0":0},"edge":{"12":2.088625,"13":null},"and_uc":{"0":0}},"total":98.6258125}