{"id":"VA","name":"Holy See (Vatican City State)","month":"2016-02","access_date":"2016-03-03","data":{"firefox":{"2":0,"3":0.019284,"3.5":0,"3.6":0.038568,"4":0,"5":0,"6":0,"7":0,"8":0,"9":0,"10":0,"11":0,"12":0.009642,"13":0.009642,"14":0,"15":0.067494,"16":0.009642,"17":0,"18":0,"19":0,"20":0,"21":0,"22":0,"23":0,"24":0.04821,"25":0,"26":0,"27":0,"28":0,"29":0.009642,"30":0.24105,"31":0.009642,"32":0,"33":0.154272,"34":0,"35":0.04821,"36":0.318186,"37":0,"38":0.019284,"39":0.395322,"40":0.038568,"41":0.019284,"42":0.04821,"43":7.000092,"44":15.369348,"45":0,"46":0,"47":0.038568},"chrome":{"4":0,"5":0.028926,"6":0,"7":0,"8":0,"9":0,"10":0,"11":0.009642,"12":0,"13":0,"14":0,"15":0,"16":0,"17":0,"18":0,"19":0,"20":0,"21":0,"22":0.115704,"23":0,"24":0,"25":0,"26":0.424248,"27":0,"28":0,"29":0,"30":0,"31":0,"32":0,"33":0,"34":0,"35":0.086778,"36":0.231408,"37":0,"38":0.019284,"39":0.009642,"40":0.019284,"41":0.019284,"42":0,"43":0.067494,"44":0,"45":0.038568,"46":0.125346,"47":1.263102,"48":29.880558,"49":0.038568,"50":0.231408,"51":0},"opera":{"9":0,"9.5-9.6":0,"10.0-10.1":0,"10.5":0,"10.6":0,"11":0,"11.1":0,"11.5":0,"11.6":0,"12":0,"12.1":0,"15":0,"16":0,"17":0,"18":0,"19":0,"20":0,"21":0,"22":0,"23":0,"24":0,"25":0,"26":0,"27":0,"28":0,"29":0,"30":0,"31":0,"32":0,"33":0,"34":0.019284,"35":0.28926,"36":0},"safari":{"3.1":0,"3.2":0,"4":0.057852,"5":0.14463,"5.1":0.809928,"6":0.009642,"6.1":0.009642,"7":0.057852,"7.1":0.298902,"8":0.125346,"9":3.731454,"9.1":0},"android":{"2.1":0,"2.2":0,"2.3":0.00464348029392,"3":0,"4":0.0401761990648,"4.1":0.0845920975284,"4.2-4.3":0.189777020708,"4.4":0.382178617234,"4.4.3-4.4.4":0.20532258517,"47":null},"ios_saf":{"3.2":0,"4.0-4.1":0,"4.2-4.3":0,"5.0-5.1":0,"6.0-6.1":0,"7.0-7.1":0.252965233587,"8":0.0171725746038,"8.1-8.4":0.698791689648,"9.0-9.2":5.44965050216,"9.3":null},"op_mob":{"10":0,"11":0,"11.1":0,"11.5":0,"12":6.54441588118e-7,"12.1":6.54441588118e-7,"0":2.81409882891e-5},"ie":{"5.5":0,"6":0,"7":0,"8":3.32649,"9":0.781002,"10":1.137756,"11":20.807436},"bb":{"7":0.0367845,"10":null},"ie_mob":{"10":0.0229815145631,"11":0.101602485437},"edge":{"12":0.067494,"13":2.159808,"14":0},"and_uc":{"0":0.005728},"op_mini":{"5.0-8.0":0.0114265501285},"and_chr":{"0":1.760784},"and_ff":{"0":0.005728}},"total":99.6255165}