{"id":"VC","name":"Saint Vincent and the Grenadines","month":"2015-10","access_date":"2015-11-03","data":{"chrome":{"4":0,"5":0,"6":0.007365,"7":0,"8":0,"9":0,"10":0,"11":0.01473,"12":0,"13":0,"14":0,"15":0,"16":0,"17":0,"18":0.007365,"19":0,"20":0.02946,"21":0,"22":0.11784,"23":0,"24":0.007365,"25":0.007365,"26":0.007365,"27":0,"28":0,"29":0,"30":0.02946,"31":0.04419,"32":0.022095,"33":0.05892,"34":0.036825,"35":0.066285,"36":0.331425,"37":0.022095,"38":0.051555,"39":0.17676,"40":0.081015,"41":0.022095,"42":0.7365,"43":0.97218,"44":0.861705,"45":19.60563,"46":18.007425,"47":0.228315,"48":0.154665,"49":0},"firefox":{"2":0,"3":0.02946,"3.5":0,"3.6":0.05892,"4":0,"5":0,"6":0.007365,"7":0,"8":0,"9":0,"10":0.007365,"11":0.02946,"12":0.007365,"13":0,"14":0.01473,"15":0.007365,"16":0.25041,"17":0,"18":0,"19":0,"20":0.01473,"21":0,"22":0,"23":0,"24":0.007365,"25":0.01473,"26":0,"27":0,"28":0,"29":0.04419,"30":0.01473,"31":0.01473,"32":0.007365,"33":0.022095,"34":0.022095,"35":0.066285,"36":0.01473,"37":0.04419,"38":0.228315,"39":0.35352,"40":0.950085,"41":4.986105,"42":0.48609,"43":0.022095,"44":0},"opera":{"9":0,"9.5-9.6":0,"10.0-10.1":0,"10.5":0,"10.6":0,"11":0,"11.1":0,"11.5":0,"11.6":0,"12":0,"12.1":0.066285,"15":0,"16":0,"17":0.007365,"18":0,"19":0,"20":0,"21":0,"22":0,"23":0,"24":0,"25":0,"26":0,"27":0.01473,"28":0,"29":0.022095,"30":0.02946,"31":0.007365,"32":0.979545,"33":0.022095,"34":0},"safari":{"3.1":0.007365,"3.2":0,"4":0.036825,"5":0.022095,"5.1":0.50082,"6":0.007365,"6.1":0.08838,"7":0.02946,"7.1":0.20622,"8":0.360885,"9":0.95745},"android":{"2.1":0,"2.2":0,"2.3":0.107401587849,"3":0,"4":0.31310293407,"4.1":1.12316575768,"4.2-4.3":2.34827200552,"4.4":4.38344107698,"4.4.3-4.4.4":2.2718166379,"44":null},"ios_saf":{"3.2":0,"4.0-4.1":0,"4.2-4.3":0,"5.0-5.1":0.0100911240036,"6.0-6.1":0.0105716537181,"7.0-7.1":0.25756392695,"8":0.034598139441,"8.1-8.4":1.15134919584,"9.0-9.1":3.29835596004},"op_mob":{"10":0,"11":0,"11.1":0,"11.5":0,"12":0.00159986695694,"12.1":0.00479960087083,"0":0.055995343493},"ie":{"5.5":0,"6":0,"7":0,"8":0.317327125749,"9":0.280428622754,"10":0.774868562874,"11":5.98493718563},"bb":{"7":0.424235,"10":null},"ie_mob":{"10":0.125268505747,"11":0.570371494253},"op_mini":{"5.0-8.0":0.598990188679},"and_chr":{"0":16.80877},"and_ff":{"0":0.05797},"edge":{"12":2.12112,"13":null},"and_uc":{"0":0.72726}},"total":96.963356497}