{"id":"VE","name":"Venezuela","month":"2015-10","access_date":"2015-11-03","data":{"chrome":{"4":0.007983,"5":0.007983,"6":0.191592,"7":0.007983,"8":0.015966,"9":0.015966,"10":0.007983,"11":0.07983,"12":0.047898,"13":0.031932,"14":0.007983,"15":0.007983,"16":0.007983,"17":0,"18":0.031932,"19":0,"20":0.095796,"21":0.023949,"22":0.015966,"23":0.015966,"24":0.039915,"25":0.015966,"26":0.031932,"27":0.039915,"28":0.015966,"29":0.031932,"30":0.039915,"31":0.087813,"32":0.047898,"33":0.055881,"34":0.095796,"35":0.119745,"36":0.143694,"37":0.167643,"38":0.167643,"39":0.271422,"40":0.15966,"41":0.111762,"42":0.295371,"43":0.790317,"44":1.03779,"45":22.663737,"46":24.092694,"47":0.151677,"48":0.063864,"49":0},"firefox":{"2":0.071847,"3":0.055881,"3.5":0.023949,"3.6":0.542844,"4":0.023949,"5":0.023949,"6":0.023949,"7":0.007983,"8":1.261314,"9":0.015966,"10":0.023949,"11":0.023949,"12":0.055881,"13":0.031932,"14":0.055881,"15":0.015966,"16":0.031932,"17":0.015966,"18":0.023949,"19":0.023949,"20":0.039915,"21":0.023949,"22":0.023949,"23":0.143694,"24":0.023949,"25":0.031932,"26":0.095796,"27":0.183609,"28":0.039915,"29":0.063864,"30":0.071847,"31":0.071847,"32":0.063864,"33":0.07983,"34":0.07983,"35":0.119745,"36":0.095796,"37":0.199575,"38":0.375201,"39":0.518895,"40":1.468872,"41":9.244314,"42":0.087813,"43":0.015966,"44":0},"opera":{"9":0,"9.5-9.6":0,"10.0-10.1":0,"10.5":0,"10.6":0,"11":0,"11.1":0,"11.5":0,"11.6":0,"12":0.007983,"12.1":0.031932,"15":0,"16":0,"17":0,"18":0,"19":0,"20":0.007983,"21":0,"22":0,"23":0,"24":0,"25":0,"26":0,"27":0,"28":0.015966,"29":0.015966,"30":0.023949,"31":0.023949,"32":0.87813,"33":0.047898,"34":0},"safari":{"3.1":0,"3.2":0,"4":0.023949,"5":0.047898,"5.1":0.071847,"6":0.007983,"6.1":0.047898,"7":0.023949,"7.1":0.087813,"8":0.215541,"9":0.263439},"android":{"2.1":0,"2.2":0,"2.3":0.0767684395927,"3":0,"4":0.223799518813,"4.1":0.80281571574,"4.2-4.3":1.67849639109,"4.4":3.13319326338,"4.4.3-4.4.4":1.62384767138,"44":null},"ios_saf":{"3.2":0,"4.0-4.1":0,"4.2-4.3":0,"5.0-5.1":0.00477707305015,"6.0-6.1":0.0050045527192,"7.0-7.1":0.121929102613,"8":0.0163785361719,"8.1-8.4":0.545041287055,"9.0-9.1":1.56142044839},"op_mob":{"10":0,"11":0,"11.1":0,"11.5":0,"12":0.00566457910015,"12.1":0.0169937373004,"0":0.198260268505},"ie":{"5.5":0,"6":0.0412236885246,"7":0.0329789508197,"8":1.32740277049,"9":0.379257934426,"10":0.371013196721,"11":2.91039240984},"bb":{"7":0.35146225,"10":null},"ie_mob":{"10":0.10097364751,"11":0.45975235249},"op_mini":{"5.0-8.0":2.12081841509},"and_chr":{"0":9.759964},"and_ff":{"0":0.145224},"edge":{"12":0.375201,"13":null},"and_uc":{"0":0.359026}},"total":97.4747282008}