{"id":"VG","name":"British Virgin Islands","month":"2016-02","access_date":"2016-03-03","data":{"firefox":{"2":0,"3":0,"3.5":0,"3.6":0.01319,"4":0,"5":0.06595,"6":0,"7":0,"8":0,"9":0.006595,"10":0,"11":0,"12":0,"13":0.006595,"14":0,"15":0.01319,"16":0.006595,"17":0,"18":0,"19":0,"20":0.006595,"21":0.006595,"22":0,"23":0,"24":0,"25":0,"26":0.006595,"27":0.01319,"28":0.006595,"29":0.05276,"30":0,"31":0.006595,"32":0,"33":0.07914,"34":0.56717,"35":0.03957,"36":0.098925,"37":0.11871,"38":0.25061,"39":0.019785,"40":0.019785,"41":0.072545,"42":0.03957,"43":1.43771,"44":3.871265,"45":0.072545,"46":0,"47":0},"chrome":{"4":0,"5":0,"6":0,"7":0,"8":0,"9":0,"10":0,"11":0.046165,"12":0,"13":0,"14":0,"15":0,"16":0,"17":0,"18":0,"19":0,"20":0,"21":0,"22":0.059355,"23":0,"24":0.032975,"25":0,"26":0.006595,"27":0.006595,"28":0,"29":0.19785,"30":0,"31":0.02638,"32":0.02638,"33":0.03957,"34":0.072545,"35":0.05276,"36":0.02638,"37":0.006595,"38":0.006595,"39":0.046165,"40":0.01319,"41":0.019785,"42":0.01319,"43":0.586955,"44":0.230825,"45":0.58036,"46":0.06595,"47":0.956275,"48":22.693395,"49":0.02638,"50":0.098925,"51":0},"opera":{"9":0,"9.5-9.6":0,"10.0-10.1":0,"10.5":0,"10.6":0,"11":0,"11.1":0,"11.5":0,"11.6":0,"12":0.006595,"12.1":0.006595,"15":0,"16":0,"17":0,"18":0,"19":0,"20":0,"21":0,"22":0,"23":0,"24":0,"25":0.006595,"26":0,"27":0.01319,"28":0.006595,"29":0.943085,"30":0,"31":0,"32":0.02638,"33":0.006595,"34":0.21104,"35":0.309965,"36":0},"safari":{"3.1":0,"3.2":0,"4":0,"5":0.05276,"5.1":0.309965,"6":0.019785,"6.1":0.19785,"7":0.03957,"7.1":0.10552,"8":0.50122,"9":4.37908,"9.1":0},"android":{"2.1":0,"2.2":0,"2.3":0.030868678468,"3":0,"4":0.267081174571,"4.1":0.562346794701,"4.2-4.3":1.26158946782,"4.4":2.54062644957,"4.4.3-4.4.4":1.36493243487,"47":null},"ios_saf":{"3.2":0,"4.0-4.1":0,"4.2-4.3":0,"5.0-5.1":0,"6.0-6.1":0,"7.0-7.1":0.837375624614,"8":0.0568453426631,"8.1-8.4":2.31316817452,"9.0-9.2":18.0396508582,"9.3":null},"op_mob":{"10":0,"11":0,"11.1":0,"11.5":0,"12":2.45089974293e-5,"12.1":2.45089974293e-5,"0":0.00105388688946},"ie":{"5.5":0,"6":0,"7":0.0792421820529,"8":0.832042911556,"9":0.884871032924,"10":0.739593699161,"11":7.69309517431},"bb":{"7":0.05192625,"10":null},"ie_mob":{"10":0.133786747573,"11":0.591478252427},"edge":{"12":0.68588,"13":1.53004,"14":0},"and_uc":{"0":0.527775},"op_mini":{"5.0-8.0":0.427927095116},"and_chr":{"0":16.78223},"and_ff":{"0":0.003405}},"total":98.21777125}