{"id":"VG","name":"British Virgin Islands","month":"2015-08","access_date":"2015-09-03","data":{"chrome":{"4":0,"5":0,"6":0,"7":0,"8":0,"9":0,"10":0,"11":0.060219,"12":0,"13":0,"14":0,"15":0,"16":0,"17":0,"18":0,"19":0,"20":0,"21":0.789538,"22":0.006691,"23":0,"24":0.006691,"25":0.013382,"26":0.006691,"27":0.033455,"28":0.006691,"29":0.013382,"30":0,"31":0.341241,"32":0.026764,"33":0.006691,"34":0.020073,"35":0.187348,"36":0.020073,"37":0.194039,"38":0.06691,"39":0.214112,"40":0.033455,"41":0.060219,"42":0.234185,"43":1.190998,"44":20.300494,"45":0.026764,"46":0.073601,"47":0,"48":0},"firefox":{"2":0,"3":0.013382,"3.5":0,"3.6":0.026764,"4":0.006691,"5":0.020073,"6":0.006691,"7":0,"8":0,"9":0,"10":0.040146,"11":0.040146,"12":0,"13":0.013382,"14":0,"15":0,"16":0.013382,"17":0.086983,"18":0,"19":0,"20":0.013382,"21":0,"22":0.013382,"23":0.013382,"24":0.13382,"25":0.006691,"26":0,"27":0,"28":0,"29":0.006691,"30":0.020073,"31":1.358273,"32":0.006691,"33":0.013382,"34":0.461679,"35":0.113747,"36":0.086983,"37":0.060219,"38":0.408151,"39":2.602799,"40":2.388687,"41":0.033455,"42":0.026764,"43":0},"opera":{"9":0,"9.5-9.6":0,"10.0-10.1":0,"10.5":0,"10.6":0,"11":0,"11.1":0,"11.5":0.006691,"11.6":0,"12":0,"12.1":0.006691,"15":0,"16":0,"17":0,"18":0,"19":0,"20":0.006691,"21":0,"22":0,"23":0,"24":0,"25":0.006691,"26":0,"27":0.107056,"28":0.006691,"29":0.006691,"30":0.113747,"31":0.160584,"32":0,"33":0},"safari":{"3.1":0,"3.2":0,"4":0.006691,"5":0.060219,"5.1":0.240876,"6":0.214112,"6.1":0.194039,"7":0.053528,"7.1":0.675791,"8":2.254867,"9":0.006691},"android":{"2.1":0,"2.2":0,"2.3":0.145019073158,"3":0,"4":0.462248295692,"4.1":1.62240088096,"4.2-4.3":3.52804213918,"4.4":0.022659230181,"4.4.3-4.4.4":3.10884638083,"44":null},"ios_saf":{"3.2":0,"4.0-4.1":0,"4.2-4.3":0,"5.0-5.1":0.0431422819197,"6.0-6.1":0.0719038031995,"7.0-7.1":1.18497467673,"8":0.162502595231,"8.1-8.4":12.7370396988,"9":0.0934749441594},"op_mob":{"10":0,"11":0,"11.1":0,"11.5":0,"12":0.0014287922403,"12.1":0.0028575844806,"0":0.0442925594493},"ie":{"5.5":0,"6":0.0203333899275,"7":1.42333729493,"8":1.86389407669,"9":1.38267051507,"10":1.04378068295,"11":12.0102556505},"bb":{"7":0.05708025,"10":null},"ie_mob":{"10":0.101905983051,"11":0.420916016949},"and_uc":{"0":0.539367},"op_mini":{"5.0-8.0":0.49740606383},"and_chr":{"0":17.856559},"and_ff":{"0":0.079416},"edge":{"12":0.448297,"13":null}},"total":97.0739968601}