{"id":"VG","name":"British Virgin Islands","month":"2015-10","access_date":"2015-11-03","data":{"chrome":{"4":0,"5":0,"6":0,"7":0,"8":0,"9":0,"10":0,"11":0.03259,"12":0,"13":0,"14":0,"15":0,"16":0,"17":0,"18":0,"19":0,"20":0,"21":0.351972,"22":0,"23":0,"24":0,"25":0.006518,"26":0.006518,"27":0,"28":0.013036,"29":1.023326,"30":0.006518,"31":0.599656,"32":0.03259,"33":0.013036,"34":0.06518,"35":0.006518,"36":0.052144,"37":0.013036,"38":0.06518,"39":0.123842,"40":0.045626,"41":0.013036,"42":0.13036,"43":0.906002,"44":0.534476,"45":10.696038,"46":11.093636,"47":0.013036,"48":0.03259,"49":0},"firefox":{"2":0,"3":0,"3.5":0,"3.6":0.006518,"4":0.006518,"5":0.026072,"6":0.006518,"7":0,"8":0,"9":0,"10":0,"11":0,"12":0,"13":0.019554,"14":0,"15":0,"16":0.006518,"17":0,"18":0,"19":0,"20":0,"21":0,"22":0,"23":0,"24":0,"25":0.013036,"26":0,"27":0,"28":0,"29":0,"30":0,"31":0.026072,"32":0,"33":0.13036,"34":0.462778,"35":0.16295,"36":0.039108,"37":0.169468,"38":0.580102,"39":0.267238,"40":0.756088,"41":4.145448,"42":0.084734,"43":0,"44":0},"opera":{"9":0,"9.5-9.6":0,"10.0-10.1":0,"10.5":0,"10.6":0,"11":0,"11.1":0,"11.5":0,"11.6":0,"12":0,"12.1":0.006518,"15":0,"16":0.006518,"17":0,"18":0,"19":0,"20":0,"21":0,"22":0,"23":0,"24":0,"25":0,"26":0,"27":0.475814,"28":0,"29":0.026072,"30":0.006518,"31":0.013036,"32":0.35849,"33":0.06518,"34":0},"safari":{"3.1":0,"3.2":0,"4":0,"5":0.136878,"5.1":0.273756,"6":0.149914,"6.1":0.241166,"7":0.045626,"7.1":0.273756,"8":0.808232,"9":1.570838},"android":{"2.1":0,"2.2":0,"2.3":0.111530223334,"3":0,"4":0.325138956162,"4.1":1.16634148809,"4.2-4.3":2.43854217121,"4.4":4.55194538626,"4.4.3-4.4.4":2.35914777494,"44":null},"ios_saf":{"3.2":0,"4.0-4.1":0,"4.2-4.3":0,"5.0-5.1":0.0277061469075,"6.0-6.1":0.0290254872364,"7.0-7.1":0.707166416305,"8":0.0949925036828,"8.1-8.4":3.16113942811,"9.0-9.1":9.05595201776},"op_mob":{"10":0,"11":0,"11.1":0,"11.5":0,"12":0.00241735365264,"12.1":0.00725206095791,"0":0.0846073778423},"ie":{"5.5":0,"6":0.00659220309654,"7":0.0197766092896,"8":1.20637316667,"9":1.79967144536,"10":0.929500636612,"11":10.4288652987},"bb":{"7":0.106201,"10":null},"ie_mob":{"10":0.104713478927,"11":0.476780521073},"op_mini":{"5.0-8.0":0.905057207547},"and_chr":{"0":18.902428},"and_ff":{"0":0.045266},"edge":{"12":1.36878,"13":null},"and_uc":{"0":0.372574}},"total":98.0393363597}