{"id":"VI","name":"Virgin Islands (US)","month":"2015-10","access_date":"2015-11-03","data":{"chrome":{"4":0.007536,"5":0,"6":0,"7":0,"8":0,"9":0,"10":0,"11":0.052752,"12":0.007536,"13":0,"14":0,"15":0,"16":0.007536,"17":0,"18":0.015072,"19":0,"20":0.007536,"21":0,"22":0.007536,"23":0.007536,"24":0.007536,"25":0,"26":0,"27":0.007536,"28":0.007536,"29":0.07536,"30":0,"31":0.07536,"32":0.022608,"33":0.045216,"34":0.030144,"35":0.022608,"36":0.082896,"37":0.07536,"38":0.015072,"39":0.07536,"40":0.022608,"41":0.082896,"42":0.3768,"43":1.250976,"44":0.33912,"45":12.457008,"46":11.183424,"47":0.045216,"48":0.022608,"49":0},"firefox":{"2":0,"3":0.030144,"3.5":0.022608,"3.6":0.015072,"4":0.007536,"5":0.007536,"6":0.007536,"7":0,"8":0,"9":0,"10":0.007536,"11":0.007536,"12":0.022608,"13":0,"14":0.007536,"15":0,"16":0.022608,"17":0,"18":0,"19":0.007536,"20":0.007536,"21":0.030144,"22":0,"23":0.015072,"24":0,"25":0,"26":0.007536,"27":0,"28":0,"29":0.007536,"30":0.022608,"31":0.007536,"32":0.015072,"33":0.022608,"34":0.128112,"35":0.03768,"36":0.030144,"37":0.052752,"38":0.30144,"39":0.211008,"40":1.122864,"41":7.219488,"42":0.082896,"43":0.007536,"44":0.007536},"opera":{"9":0,"9.5-9.6":0,"10.0-10.1":0,"10.5":0,"10.6":0,"11":0,"11.1":0.007536,"11.5":0.007536,"11.6":0,"12":0.007536,"12.1":0.007536,"15":0,"16":0,"17":0,"18":0.007536,"19":0,"20":0.007536,"21":0,"22":0,"23":0,"24":0,"25":0,"26":0,"27":0.030144,"28":0,"29":0,"30":0,"31":0.007536,"32":0.211008,"33":0,"34":0},"safari":{"3.1":0,"3.2":0,"4":0.052752,"5":0.060288,"5.1":0.572736,"6":0.022608,"6.1":0.580272,"7":0.105504,"7.1":0.422016,"8":1.28112,"9":2.019648},"android":{"2.1":0,"2.2":0,"2.3":0.0520645163963,"3":0,"4":0.151781302037,"4.1":0.544471298585,"4.2-4.3":1.13835976527,"4.4":2.12493822851,"4.4.3-4.4.4":1.1012968892,"44":null},"ios_saf":{"3.2":0,"4.0-4.1":0,"4.2-4.3":0,"5.0-5.1":0.0377277384724,"6.0-6.1":0.0395242974473,"7.0-7.1":0.962955610534,"8":0.129352246191,"8.1-8.4":4.3045553038,"9.0-9.1":12.3315808036},"op_mob":{"10":0,"11":0,"11.1":0,"11.5":0,"12":7.74842767296e-5,"12.1":0.000232452830189,"0":0.00271194968553},"ie":{"5.5":0,"6":0,"7":0.131113008078,"8":1.04119153473,"9":1.05661659451,"10":1.88185729241,"11":14.9623079806},"bb":{"7":0.008008,"10":null},"ie_mob":{"10":0.210761685824,"11":0.959638314176},"op_mini":{"5.0-8.0":0.0290101132075},"and_chr":{"0":11.179168},"and_ff":{"0":0.032032},"edge":{"12":2.306016,"13":null},"and_uc":{"0":0.088704}},"total":98.1580864103}