{"id":"VI","name":"Virgin Islands (US)","month":"2016-02","access_date":"2016-03-03","data":{"firefox":{"2":0,"3":0.007278,"3.5":0.007278,"3.6":0.021834,"4":0,"5":0,"6":0.007278,"7":0,"8":0,"9":0,"10":0,"11":0,"12":0.007278,"13":0.007278,"14":0.03639,"15":0,"16":0.014556,"17":0,"18":0,"19":0,"20":0,"21":0.443958,"22":0.080058,"23":0.07278,"24":0.065502,"25":0.087336,"26":0.007278,"27":0.050946,"28":0.07278,"29":0.050946,"30":0.007278,"31":0.065502,"32":0.007278,"33":0.03639,"34":0.029112,"35":0.014556,"36":0.029112,"37":0.422124,"38":0.080058,"39":0.043668,"40":0.03639,"41":0.101892,"42":0.196506,"43":1.899558,"44":4.374078,"45":0.131004,"46":0,"47":0.021834},"chrome":{"4":0,"5":0,"6":0,"7":0,"8":0,"9":0,"10":0,"11":0.029112,"12":0,"13":0,"14":0,"15":0,"16":0,"17":0,"18":0,"19":0,"20":0,"21":0.007278,"22":0.007278,"23":0,"24":0,"25":0,"26":0,"27":0.14556,"28":0.080058,"29":0.101892,"30":0.029112,"31":0.050946,"32":0.080058,"33":0.03639,"34":0.07278,"35":0.094614,"36":0.101892,"37":0.087336,"38":0.007278,"39":0.043668,"40":0.021834,"41":0.793302,"42":0.021834,"43":0.152838,"44":0.058224,"45":0.203784,"46":0.116448,"47":1.098978,"48":21.550158,"49":0.03639,"50":0.043668,"51":0},"opera":{"9":0,"9.5-9.6":0,"10.0-10.1":0,"10.5":0,"10.6":0,"11":0,"11.1":0,"11.5":0.007278,"11.6":0.080058,"12":0.14556,"12.1":0.152838,"15":0,"16":0,"17":0,"18":0,"19":0,"20":0.007278,"21":0,"22":0.007278,"23":0,"24":0,"25":0,"26":0,"27":0,"28":0.720522,"29":0.014556,"30":0,"31":0,"32":0.007278,"33":0,"34":0.043668,"35":0.196506,"36":0},"safari":{"3.1":0,"3.2":0,"4":0.043668,"5":0.080058,"5.1":0.560406,"6":0.058224,"6.1":2.394462,"7":0.080058,"7.1":0.07278,"8":0.574962,"9":3.289656,"9.1":0.007278},"android":{"2.1":0,"2.2":0,"2.3":0.0197396334892,"3":0,"4":0.170790741928,"4.1":0.359604627477,"4.2-4.3":0.806750238254,"4.4":1.62465766065,"4.4.3-4.4.4":0.872835098196,"47":null},"ios_saf":{"3.2":0,"4.0-4.1":0,"4.2-4.3":0,"5.0-5.1":0,"6.0-6.1":0,"7.0-7.1":0.837819160527,"8":0.0568754521506,"8.1-8.4":2.31439339905,"9.0-9.2":18.0492059883,"9.3":null},"op_mob":{"10":0,"11":0,"11.1":0,"11.5":0,"12":2.3324764353e-6,"12.1":2.3324764353e-6,"0":0.000100296486718},"ie":{"5.5":0,"6":0,"7":0.125202123644,"8":0.788036895879,"9":0.714388587852,"10":1.119454282,"11":10.8263012798},"bb":{"7":0.0768965,"10":null},"ie_mob":{"10":0.195323320388,"11":0.863534679612},"edge":{"12":0.793302,"13":2.831142,"14":0},"and_uc":{"0":0.141544},"op_mini":{"5.0-8.0":0.0407250385604},"and_chr":{"0":11.6909},"and_ff":{"0":0.051718}},"total":97.5254216692}