{"id":"VU","name":"Vanuatu","month":"2015-10","access_date":"2015-11-03","data":{"chrome":{"4":0,"5":0,"6":0,"7":0,"8":0,"9":0,"10":0.014444,"11":0.007222,"12":0.07222,"13":0,"14":0.03611,"15":0,"16":0,"17":0,"18":0.007222,"19":0,"20":0,"21":0.007222,"22":0.007222,"23":0.007222,"24":0.007222,"25":0.007222,"26":0.014444,"27":0.007222,"28":0,"29":0.014444,"30":0,"31":0.194994,"32":0.10833,"33":0.03611,"34":0.007222,"35":0.007222,"36":0.057776,"37":0,"38":0.043332,"39":0.057776,"40":0.310546,"41":0.028888,"42":0.642758,"43":0.946082,"44":0.43332,"45":14.220118,"46":12.429062,"47":0.151662,"48":0.10833,"49":0},"firefox":{"2":0,"3":0.057776,"3.5":0.014444,"3.6":0.043332,"4":0.007222,"5":0.007222,"6":0.007222,"7":0.014444,"8":0.03611,"9":0,"10":0.014444,"11":0.007222,"12":0.03611,"13":0,"14":0.03611,"15":0.043332,"16":0.050554,"17":0.007222,"18":0.021666,"19":0.014444,"20":0.021666,"21":0.050554,"22":0,"23":0.007222,"24":0.007222,"25":0.007222,"26":0.007222,"27":0.007222,"28":0.007222,"29":0.101108,"30":0.151662,"31":0.007222,"32":0.924416,"33":0.028888,"34":0.209438,"35":0.18055,"36":0.086664,"37":0.14444,"38":0.765532,"39":0.570538,"40":1.726058,"41":8.290856,"42":2.607142,"43":0,"44":0},"opera":{"9":0,"9.5-9.6":0,"10.0-10.1":0,"10.5":0,"10.6":0,"11":0,"11.1":0,"11.5":0,"11.6":0,"12":0,"12.1":0.158884,"15":0,"16":0,"17":0,"18":0,"19":0,"20":0.007222,"21":0,"22":0,"23":0,"24":0.028888,"25":0,"26":0,"27":0,"28":0,"29":0,"30":0,"31":0.007222,"32":0.454986,"33":0.007222,"34":0},"safari":{"3.1":0,"3.2":0,"4":0.007222,"5":0.021666,"5.1":0.245548,"6":0.021666,"6.1":0.303324,"7":0.050554,"7.1":0.332212,"8":0.700534,"9":0.54165},"android":{"2.1":0,"2.2":0,"2.3":0.110707828098,"3":0,"4":0.322741464964,"4.1":1.15774118536,"4.2-4.3":2.42056098723,"4.4":4.51838050949,"4.4.3-4.4.4":2.34175202485,"44":null},"ios_saf":{"3.2":0,"4.0-4.1":0,"4.2-4.3":0,"5.0-5.1":0.01920878539,"6.0-6.1":0.0201234894562,"7.0-7.1":0.490281379477,"8":0.0658586927656,"8.1-8.4":2.19163094259,"9.0-9.1":6.27852871032},"op_mob":{"10":0,"11":0,"11.1":0,"11.5":0,"12":0.0022847605225,"12.1":0.00685428156749,"0":0.0799666182874},"ie":{"5.5":0,"6":0.0366738924234,"7":0.0586782278774,"8":1.70900338693,"9":1.13689066512,"10":1.07821243725,"11":8.65503861191},"bb":{"7":0.001389,"10":null},"ie_mob":{"10":0.236619609195,"11":1.0773743908},"op_mini":{"5.0-8.0":0.855414339623},"and_chr":{"0":7.582066},"and_ff":{"0":4.100328},"edge":{"12":0.476652,"13":null},"and_uc":{"0":1.83348}},"total":98.0751502215}