{"id":"WF","name":"Wallis and Futuna","month":"2015-10","access_date":"2015-11-03","data":{"chrome":{"4":0,"5":0,"6":0,"7":0,"8":0,"9":0,"10":0,"11":0,"12":0,"13":0,"14":0,"15":0,"16":0,"17":0,"18":0.027678,"19":0,"20":0,"21":0,"22":0.295232,"23":0,"24":0,"25":0.175294,"26":0,"27":0,"28":1.134798,"29":0,"30":0.04613,"31":0.04613,"32":0.027678,"33":0,"34":0.027678,"35":0,"36":0,"37":0,"38":0,"39":0,"40":1.236284,"41":0.04613,"42":0.027678,"43":0.027678,"44":0.073808,"45":13.737514,"46":12.528908,"47":0.147616,"48":0,"49":0},"firefox":{"2":0,"3":0,"3.5":0,"3.6":0.295232,"4":0.027678,"5":0.073808,"6":0,"7":0,"8":0,"9":0,"10":0,"11":0,"12":0.04613,"13":0,"14":0.36904,"15":0,"16":0,"17":0,"18":0,"19":0,"20":0,"21":0.027678,"22":0.101486,"23":1.162476,"24":0,"25":0,"26":0,"27":0,"28":0.175294,"29":0,"30":0,"31":0,"32":0,"33":0,"34":0,"35":0.027678,"36":0.027678,"37":0.147616,"38":1.254736,"39":0.295232,"40":4.262412,"41":23.083452,"42":0,"43":0,"44":0},"opera":{"9":0,"9.5-9.6":0,"10.0-10.1":0,"10.5":0,"10.6":0,"11":0,"11.1":0,"11.5":0,"11.6":0,"12":0,"12.1":0,"15":0,"16":0,"17":0,"18":0,"19":0,"20":0,"21":0,"22":0,"23":0,"24":0,"25":0.073808,"26":0,"27":0,"28":0,"29":0,"30":0,"31":0,"32":0.147616,"33":0,"34":0},"safari":{"3.1":0,"3.2":0,"4":0.04613,"5":0.027678,"5.1":0.664272,"6":0.027678,"6.1":0.193746,"7":0.193746,"7.1":0.175294,"8":2.887738,"9":0.295232},"android":{"2.1":0,"2.2":0,"2.3":0.0336763527787,"3":0,"4":0.0981751301346,"4.1":0.352174740076,"4.2-4.3":0.73631347601,"4.4":1.37445182188,"4.4.3-4.4.4":0.712340479116,"44":null},"ios_saf":{"3.2":0,"4.0-4.1":0,"4.2-4.3":0,"5.0-5.1":0.0189033732217,"6.0-6.1":0.0198035338513,"7.0-7.1":0.482486097467,"8":0.0648115653314,"8.1-8.4":2.15678486853,"9.0-9.1":6.1787025616},"op_mob":{"10":0,"11":0,"11.1":0,"11.5":0,"12":0.00108404934688,"12.1":0.00325214804064,"0":0.0379417271408},"ie":{"5.5":0,"6":0,"7":0,"8":0.295232,"9":0.267554,"10":1.3839,"11":6.190646},"bb":{"7":0,"10":null},"ie_mob":{"10":0.00543579310345,"11":0.0247502068966},"op_mini":{"5.0-8.0":0.405868075472},"and_chr":{"0":12.257672},"and_ff":{"0":0},"edge":{"12":0.32291,"13":null},"and_uc":{"0":0}},"total":99.141668}