{"id":"WS","name":"Samoa","month":"2016-02","access_date":"2016-03-03","data":{"firefox":{"2":0,"3":0.103869,"3.5":0,"3.6":0.007694,"4":0.234667,"5":0,"6":1.977358,"7":0.007694,"8":0,"9":0,"10":0.288525,"11":0.026929,"12":0.034623,"13":0,"14":0.007694,"15":0,"16":0.646296,"17":0.003847,"18":0.026929,"19":0.111563,"20":0.011541,"21":0,"22":0,"23":0,"24":5.112663,"25":0.003847,"26":1.9235,"27":0,"28":0.007694,"29":0.003847,"30":0.034623,"31":0.007694,"32":0.030776,"33":2.900638,"34":1.238734,"35":1.104089,"36":0.03847,"37":0.015388,"38":0.07694,"39":0.03847,"40":1.988899,"41":0.084634,"42":0.69246,"43":1.061772,"44":1.150253,"45":0.073093,"46":0,"47":0.011541},"chrome":{"4":0,"5":0,"6":0,"7":0,"8":0,"9":0,"10":0,"11":0.007694,"12":0,"13":0,"14":0.03847,"15":0,"16":0,"17":0,"18":0,"19":0,"20":0,"21":0,"22":0,"23":0,"24":0,"25":0,"26":0.003847,"27":0.927127,"28":0.007694,"29":0,"30":0,"31":0.019235,"32":0.003847,"33":0.003847,"34":0.019235,"35":0.003847,"36":0.023082,"37":0.003847,"38":0.007694,"39":0.053858,"40":0.007694,"41":0.011541,"42":0.003847,"43":0.238514,"44":0.061552,"45":0.111563,"46":0.088481,"47":0.203891,"48":7.024622,"49":0.03847,"50":0.003847,"51":0},"opera":{"9":0,"9.5-9.6":0,"10.0-10.1":0,"10.5":0,"10.6":0,"11":0,"11.1":0,"11.5":0,"11.6":0,"12":0,"12.1":0,"15":0,"16":0,"17":0,"18":0,"19":0,"20":0,"21":0,"22":0,"23":0,"24":0,"25":0,"26":0,"27":0,"28":0,"29":0,"30":0.011541,"31":0,"32":0,"33":0.003847,"34":0.119257,"35":0.084634,"36":0},"safari":{"3.1":0,"3.2":0,"4":0,"5":0.011541,"5.1":0.030776,"6":0.003847,"6.1":0.011541,"7":0,"7.1":0.103869,"8":0.088481,"9":0.477028,"9.1":0},"android":{"2.1":0,"2.2":0,"2.3":0.0268246219105,"3":0,"4":0.232091293921,"4.1":0.488674633935,"4.2-4.3":1.0963106346,"4.4":2.20778301202,"4.4.3-4.4.4":1.18611480361,"47":null},"ios_saf":{"3.2":0,"4.0-4.1":0,"4.2-4.3":0,"5.0-5.1":0,"6.0-6.1":0,"7.0-7.1":0.0894883953488,"8":0.00607493023256,"8.1-8.4":0.247202930233,"9.0-9.2":1.92785574419,"9.3":null},"op_mob":{"10":0,"11":0,"11.1":0,"11.5":0,"12":0.00172164490146,"12.1":0.00172164490146,"0":0.0740307307626},"ie":{"5.5":0,"6":0.007694,"7":0,"8":1.057925,"9":0.223126,"10":0.257749,"11":1.631128},"bb":{"7":0.012306,"10":null},"ie_mob":{"10":0.0919365728155,"11":0.406456427184},"edge":{"12":0.07694,"13":0.069246,"14":0},"and_uc":{"0":14.822577},"op_mini":{"5.0-8.0":30.0599199794},"and_chr":{"0":11.582697},"and_ff":{"0":0.006153}},"total":98.844711}