{"id":"WS","name":"Samoa","month":"2015-10","access_date":"2015-11-03","data":{"chrome":{"4":0,"5":0,"6":0,"7":0,"8":0.00537,"9":0,"10":0,"11":0.00537,"12":0.01074,"13":0.00537,"14":0.09666,"15":0,"16":0,"17":0,"18":0,"19":0,"20":0,"21":0,"22":0,"23":0,"24":0,"25":0,"26":0.00537,"27":0.22554,"28":0,"29":0,"30":0,"31":0.15036,"32":0.01074,"33":0.02685,"34":0.00537,"35":0.01074,"36":0.23628,"37":0.00537,"38":0.03222,"39":0,"40":0.00537,"41":0.02148,"42":0.14499,"43":0.19332,"44":0.52089,"45":7.70058,"46":9.95598,"47":0.01074,"48":0.00537,"49":0},"firefox":{"2":0,"3":0.06444,"3.5":0,"3.6":0.08592,"4":1.05789,"5":0.01611,"6":1.03104,"7":0,"8":0.01074,"9":0,"10":0.59607,"11":0.08055,"12":0.16647,"13":0.00537,"14":0.12888,"15":0.0537,"16":0.79476,"17":0.04833,"18":0.17184,"19":0.44034,"20":0.00537,"21":0.01074,"22":0.03222,"23":0,"24":1.20825,"25":0.20943,"26":0.13962,"27":0.06444,"28":0.15573,"29":0.09129,"30":0.09129,"31":0.02685,"32":0.11814,"33":3.50124,"34":0.24702,"35":2.8461,"36":0.13962,"37":0.2685,"38":0.31683,"39":0.52089,"40":3.73215,"41":5.80497,"42":0.41349,"43":0,"44":0},"opera":{"9":0,"9.5-9.6":0,"10.0-10.1":0,"10.5":0,"10.6":0,"11":0,"11.1":0,"11.5":0,"11.6":0,"12":0,"12.1":0,"15":0,"16":0,"17":0,"18":0,"19":0,"20":0,"21":0,"22":0,"23":0,"24":0,"25":0,"26":0,"27":0,"28":0,"29":0,"30":0.00537,"31":0,"32":0.03222,"33":0,"34":0},"safari":{"3.1":0,"3.2":0.00537,"4":0,"5":0,"5.1":0.04296,"6":0.00537,"6.1":0.02685,"7":0.00537,"7.1":0.09666,"8":0.10203,"9":0.05907},"android":{"2.1":0,"2.2":0,"2.3":0.0568496668968,"3":0,"4":0.165731232309,"4.1":0.594512618226,"4.2-4.3":1.24298424232,"4.4":2.32023725233,"4.4.3-4.4.4":1.20251498792,"44":null},"ios_saf":{"3.2":0,"4.0-4.1":0,"4.2-4.3":0,"5.0-5.1":0.00384547270709,"6.0-6.1":0.00402859045505,"7.0-7.1":0.0981511129049,"8":0.0131844778529,"8.1-8.4":0.438750124105,"9.0-9.1":1.25692022198},"op_mob":{"10":0,"11":0,"11.1":0,"11.5":0,"12":0.066874044509,"12.1":0.200622133527,"0":2.34059155781},"ie":{"5.5":0,"6":0.0107555652174,"7":0.0107555652174,"8":2.17262417391,"9":0.693733956522,"10":1.31217895652,"11":3.215914},"bb":{"7":0.00463,"10":null},"ie_mob":{"10":0.0958818007663,"11":0.436568199234},"op_mini":{"5.0-8.0":25.0376422642},"and_chr":{"0":5.77848},"and_ff":{"0":0.00463},"edge":{"12":0.13962,"13":null},"and_uc":{"0":5.67175}},"total":99.0599322174}