{"id":"YE","name":"Yemen","month":"2015-10","access_date":"2015-11-03","data":{"chrome":{"4":0.013516,"5":0.023653,"6":0.030411,"7":0,"8":0.03379,"9":0.003379,"10":0.013516,"11":0.121644,"12":0.023653,"13":0.023653,"14":0.047306,"15":0.064201,"16":0.010137,"17":0.06758,"18":0.077717,"19":0.023653,"20":0.030411,"21":0.006758,"22":0.077717,"23":0.087854,"24":0.121644,"25":0.050685,"26":0.074338,"27":0.128402,"28":0.077717,"29":0.043927,"30":0.087854,"31":0.250046,"32":0.206119,"33":0.348037,"34":0.182466,"35":0.16895,"36":0.16895,"37":0.412238,"38":0.23653,"39":0.584567,"40":0.449407,"41":0.361553,"42":0.246667,"43":0.547398,"44":0.807581,"45":4.973888,"46":4.423111,"47":0.030411,"48":0.016895,"49":0},"firefox":{"2":0.006758,"3":0.030411,"3.5":0.050685,"3.6":0.057443,"4":0.023653,"5":0.010137,"6":0.13516,"7":0.013516,"8":0.040548,"9":0.084475,"10":0.054064,"11":0.084475,"12":0.081096,"13":0.043927,"14":0.03379,"15":0.084475,"16":0.070959,"17":0.121644,"18":0.266941,"19":0.141918,"20":0.037169,"21":0.114886,"22":0.081096,"23":0.185845,"24":0.121644,"25":0.084475,"26":0.23653,"27":0.229772,"28":0.155434,"29":0.138539,"30":0.250046,"31":0.246667,"32":0.317626,"33":0.30411,"34":0.412238,"35":0.557535,"36":0.43927,"37":0.30411,"38":0.719727,"39":0.571051,"40":1.229956,"41":3.328315,"42":0.155434,"43":0.006758,"44":0.003379},"opera":{"9":0,"9.5-9.6":0.003379,"10.0-10.1":0.016895,"10.5":0,"10.6":0,"11":0.006758,"11.1":0,"11.5":0.006758,"11.6":0.020274,"12":0.013516,"12.1":0.060822,"15":0.003379,"16":0,"17":0,"18":0.023653,"19":0.010137,"20":0.003379,"21":0.006758,"22":0.003379,"23":0,"24":0.010137,"25":0.010137,"26":0.010137,"27":0.010137,"28":0.037169,"29":0.114886,"30":0.155434,"31":0.104749,"32":0.496713,"33":0.037169,"34":0.003379},"safari":{"3.1":0,"3.2":0,"4":0.003379,"5":0.016895,"5.1":0.013516,"6":0,"6.1":0.003379,"7":0.016895,"7.1":0.016895,"8":0.027032,"9":0.013516},"android":{"2.1":0,"2.2":0,"2.3":0.162610883673,"3":0,"4":0.474052067656,"4.1":1.70052398688,"4.2-4.3":3.55539050742,"4.4":6.63672894719,"4.4.3-4.4.4":3.43963360718,"44":null},"ios_saf":{"3.2":0,"4.0-4.1":0,"4.2-4.3":0,"5.0-5.1":0.0141583182323,"6.0-6.1":0.0148325238624,"7.0-7.1":0.361374217738,"8":0.0485428053678,"8.1-8.4":1.61539668974,"9.0-9.1":4.62774744506},"op_mob":{"10":0,"11":0,"11.1":0,"11.5":0,"12":0.0278837953556,"12.1":0.0836513860668,"0":0.975932837446},"ie":{"5.5":0,"6":0.0347485815603,"7":0.0138994326241,"8":0.632424184397,"9":0.107720602837,"10":0.211966347518,"11":0.910412836879},"bb":{"7":0.0364155,"10":null},"ie_mob":{"10":0.029807183908,"11":0.135717816092},"op_mini":{"5.0-8.0":10.4396929811},"and_chr":{"0":13.240815},"and_ff":{"0":0.238356},"edge":{"12":0.054064,"13":null},"and_uc":{"0":19.810032}},"total":98.3627904858}