{"id":"YE","name":"Yemen","month":"2015-08","access_date":"2015-09-03","data":{"chrome":{"4":0.01769,"5":0.056608,"6":0.042456,"7":0.007076,"8":0.038918,"9":0.003538,"10":0.031842,"11":0.116754,"12":0.060146,"13":0.031842,"14":0.063684,"15":0.060146,"16":0.007076,"17":0.063684,"18":0.091988,"19":0.024766,"20":0.021228,"21":0.021228,"22":0.127368,"23":0.12383,"24":0.10614,"25":0.074298,"26":0.130906,"27":0.183976,"28":0.081374,"29":0.049532,"30":0.12383,"31":0.251198,"32":0.293654,"33":0.307806,"34":0.222894,"35":0.162748,"36":0.26535,"37":0.559004,"38":0.286578,"39":0.77836,"40":0.72529,"41":0.488244,"42":0.357338,"43":1.227686,"44":8.947602,"45":0.042456,"46":0.024766,"47":0,"48":0},"firefox":{"2":0.007076,"3":0.024766,"3.5":0.021228,"3.6":0.056608,"4":0.028304,"5":0.021228,"6":0.201666,"7":0.01769,"8":0.045994,"9":0.095526,"10":0.056608,"11":0.137982,"12":0.254736,"13":0.081374,"14":0.045994,"15":0.113216,"16":0.120292,"17":0.12383,"18":0.208742,"19":0.24766,"20":0.063684,"21":0.130906,"22":0.095526,"23":0.187514,"24":0.134444,"25":0.102602,"26":0.240584,"27":0.180438,"28":0.183976,"29":0.1769,"30":0.307806,"31":0.612074,"32":0.37149,"33":0.42456,"34":0.509472,"35":0.746518,"36":0.509472,"37":0.42456,"38":0.934032,"39":2.738412,"40":1.37982,"41":0.056608,"42":0.010614,"43":0},"opera":{"9":0,"9.5-9.6":0,"10.0-10.1":0.007076,"10.5":0,"10.6":0,"11":0.007076,"11.1":0.003538,"11.5":0.007076,"11.6":0.024766,"12":0.01769,"12.1":0.074298,"15":0.003538,"16":0,"17":0,"18":0.021228,"19":0.010614,"20":0.007076,"21":0.007076,"22":0.003538,"23":0,"24":0.028304,"25":0.007076,"26":0.01769,"27":0.021228,"28":0.049532,"29":0.155672,"30":0.484706,"31":0.311344,"32":0.01769,"33":0},"safari":{"3.1":0,"3.2":0,"4":0.007076,"5":0.01769,"5.1":0.021228,"6":0,"6.1":0.003538,"7":0.01769,"7.1":0.014152,"8":0.03538,"9":0},"android":{"2.1":0,"2.2":0,"2.3":0.26520575478,"3":0,"4":0.84534334336,"4.1":2.9669893816,"4.2-4.3":6.451958753,"4.4":0.0414383991843,"4.4.3-4.4.4":5.68534836809,"44":null},"ios_saf":{"3.2":0,"4.0-4.1":0,"4.2-4.3":0,"5.0-5.1":0.0212330576517,"6.0-6.1":0.0353884294195,"7.0-7.1":0.583201316833,"8":0.079977850488,"8.1-8.4":6.26870638736,"9":0.0460049582453},"op_mob":{"10":0,"11":0,"11.1":0,"11.5":0,"12":0.035342853567,"12.1":0.0706857071339,"0":1.09562846058},"ie":{"5.5":0,"6":0.0364715789474,"7":0.0145886315789,"8":0.714842947368,"9":0.175063578947,"10":0.258948210526,"11":0.762256},"bb":{"7":0.03231,"10":null},"ie_mob":{"10":0.031488559322,"11":0.130061440678},"and_uc":{"0":17.117838},"op_mini":{"5.0-8.0":12.3039229787},"and_chr":{"0":11.282588},"and_ff":{"0":0.432954},"edge":{"12":0.028304,"13":null}},"total":98.3541069474}