{"id":"YE","name":"Yemen","month":"2016-02","access_date":"2016-03-03","data":{"firefox":{"2":0.003704,"3":0.066672,"3.5":0.003704,"3.6":0.059264,"4":0.144456,"5":0.040744,"6":0.077784,"7":0.011112,"8":0.025928,"9":0.03704,"10":0.0926,"11":0.051856,"12":0.077784,"13":0.11112,"14":0.025928,"15":0.066672,"16":0.070376,"17":0.048152,"18":0.12964,"19":0.081488,"20":0.062968,"21":0.066672,"22":0.062968,"23":0.096304,"24":0.085192,"25":0.103712,"26":0.192608,"27":0.159272,"28":0.066672,"29":0.125936,"30":0.211128,"31":0.211128,"32":0.229648,"33":0.229648,"34":0.281504,"35":0.418552,"36":0.366696,"37":0.255576,"38":0.262984,"39":0.285208,"40":0.3704,"41":0.540784,"42":0.348176,"43":2.733552,"44":3.68548,"45":0.285208,"46":0.011112,"47":0.011112},"chrome":{"4":0.011112,"5":0.01852,"6":0.029632,"7":0.033336,"8":0.025928,"9":0.003704,"10":0.022224,"11":0.100008,"12":0.014816,"13":0.051856,"14":0.025928,"15":0.025928,"16":0.007408,"17":0.025928,"18":0.05556,"19":0.022224,"20":0.011112,"21":0.014816,"22":0.140752,"23":0.051856,"24":0.137048,"25":0.040744,"26":0.066672,"27":0.048152,"28":0.059264,"29":0.03704,"30":0.07408,"31":0.485224,"32":0.14816,"33":0.25928,"34":0.0926,"35":0.062968,"36":0.11112,"37":0.107416,"38":0.170384,"39":0.348176,"40":0.29632,"41":0.192608,"42":0.077784,"43":0.396328,"44":0.403736,"45":0.507448,"46":0.544488,"47":1.05564,"48":10.4638,"49":0.044448,"50":0.070376,"51":0},"opera":{"9":0,"9.5-9.6":0,"10.0-10.1":0,"10.5":0,"10.6":0,"11":0,"11.1":0,"11.5":0,"11.6":0,"12":0,"12.1":0.007408,"15":0.003704,"16":0.003704,"17":0.003704,"18":0.025928,"19":0.007408,"20":0.007408,"21":0.01852,"22":0.003704,"23":0.003704,"24":0.003704,"25":0.003704,"26":0.007408,"27":0.007408,"28":0.014816,"29":0.103712,"30":0.085192,"31":0.01852,"32":0.033336,"33":0.05556,"34":0.270392,"35":0.237056,"36":0},"safari":{"3.1":0,"3.2":0,"4":0.003704,"5":0.01852,"5.1":0.022224,"6":0.003704,"6.1":0,"7":0.022224,"7.1":0,"8":0.03704,"9":0.07408,"9.1":0},"android":{"2.1":0,"2.2":0,"2.3":0.101700171899,"3":0,"4":0.87992757426,"4.1":1.85271182721,"4.2-4.3":4.15644180806,"4.4":8.37036632198,"4.4.3-4.4.4":4.49691629659,"47":null},"ios_saf":{"3.2":0,"4.0-4.1":0,"4.2-4.3":0,"5.0-5.1":0,"6.0-6.1":0,"7.0-7.1":0.215121302326,"8":0.0146035348837,"8.1-8.4":0.594251534884,"9.0-9.2":4.63437562791,"9.3":null},"op_mob":{"10":0,"11":0,"11.1":0,"11.5":0,"12":0.00026255812625,"12.1":0.00026255812625,"0":0.0112899994287},"ie":{"5.5":0,"6":0.0224433157895,"7":0.00748110526316,"8":0.778034947368,"9":0.160843763158,"10":0.198249289474,"11":1.08476026316},"bb":{"7":0.044072,"10":null},"ie_mob":{"10":0.0383261359223,"11":0.169441864078},"edge":{"12":0.051856,"13":0.088896,"14":0},"and_uc":{"0":16.048504},"op_mini":{"5.0-8.0":4.58426488432},"and_chr":{"0":17.712304},"and_ff":{"0":0.214064}},"total":97.6194446842}