{"id":"YT","name":"Mayotte","month":"2015-10","access_date":"2015-11-03","data":{"chrome":{"4":0,"5":0,"6":0,"7":0,"8":0,"9":0,"10":0.0157,"11":0.2041,"12":0.00785,"13":0,"14":0,"15":0,"16":0,"17":0,"18":0.02355,"19":0,"20":0,"21":0,"22":0,"23":0.0314,"24":0.0785,"25":0,"26":0.0157,"27":0.00785,"28":0.0314,"29":0.0471,"30":0.0157,"31":0.08635,"32":0.05495,"33":0.02355,"34":0.1413,"35":0.157,"36":0.314,"37":0.02355,"38":0.05495,"39":0.25905,"40":0.0785,"41":0.07065,"42":0.52595,"43":0.49455,"44":0.60445,"45":17.5212,"46":15.12695,"47":0.0942,"48":0.0157,"49":0},"firefox":{"2":0.00785,"3":0.00785,"3.5":0.00785,"3.6":0.03925,"4":0.00785,"5":0.00785,"6":0,"7":0,"8":0,"9":0,"10":0.03925,"11":0,"12":0.05495,"13":0.02355,"14":0,"15":0.0157,"16":0.0471,"17":0.00785,"18":0.00785,"19":0.00785,"20":0.00785,"21":0.0157,"22":0.0314,"23":0.00785,"24":0.0628,"25":0.13345,"26":0.1256,"27":0.00785,"28":0.0471,"29":0.0785,"30":0.07065,"31":0.2041,"32":0.03925,"33":0.02355,"34":0.0785,"35":0.07065,"36":0.0471,"37":0.22765,"38":0.2826,"39":0.2826,"40":2.20585,"41":14.49895,"42":0.21195,"43":0.0157,"44":0},"opera":{"9":0,"9.5-9.6":0,"10.0-10.1":0,"10.5":0,"10.6":0,"11":0,"11.1":0,"11.5":0,"11.6":0,"12":0,"12.1":0.0314,"15":0,"16":0,"17":0,"18":0,"19":0,"20":0,"21":0,"22":0.00785,"23":0,"24":0.00785,"25":0,"26":0,"27":0,"28":0.0157,"29":0.02355,"30":0.1727,"31":0.10205,"32":1.35805,"33":0.07065,"34":0},"safari":{"3.1":0,"3.2":0,"4":0.0157,"5":0.07065,"5.1":0.4396,"6":0.00785,"6.1":0.35325,"7":0.3454,"7.1":0.14915,"8":0.785,"9":2.1666},"android":{"2.1":0,"2.2":0,"2.3":0.0538851052813,"3":0,"4":0.157088781498,"4.1":0.563510338281,"4.2-4.3":1.17816586124,"4.4":2.19924294097,"4.4.3-4.4.4":1.13980697273,"44":null},"ios_saf":{"3.2":0,"4.0-4.1":0,"4.2-4.3":0,"5.0-5.1":0.00810420744627,"6.0-6.1":0.00849012208657,"7.0-7.1":0.2068502472,"8":0.0277858541015,"8.1-8.4":0.924651478156,"9.0-9.1":2.64891809101},"op_mob":{"10":0,"11":0,"11.1":0,"11.5":0,"12":0.00561163522013,"12.1":0.0168349056604,"0":0.196407232704},"ie":{"5.5":0,"6":0.0314,"7":0.03925,"8":0.3768,"9":0.3454,"10":0.65155,"11":6.44485},"bb":{"7":0.033325,"10":null},"ie_mob":{"10":0.248172605364,"11":1.12997739464},"op_mini":{"5.0-8.0":2.10099622642},"and_chr":{"0":12.79375},"and_ff":{"0":0.07525},"edge":{"12":1.48365,"13":null},"and_uc":{"0":0.7439}},"total":97.142125}