{"id":"ZA","name":"South Africa","month":"2015-10","access_date":"2015-11-03","data":{"chrome":{"4":0,"5":0,"6":0,"7":0,"8":0,"9":0,"10":0,"11":0.021186,"12":0.004708,"13":0.002354,"14":0,"15":0.002354,"16":0,"17":0,"18":0.01177,"19":0,"20":0.002354,"21":0.01177,"22":0.007062,"23":0.002354,"24":0.002354,"25":0.002354,"26":0.054142,"27":0.004708,"28":0.009416,"29":0.007062,"30":0.007062,"31":0.03531,"32":0.007062,"33":0.025894,"34":0.021186,"35":0.030602,"36":0.087098,"37":0.021186,"38":0.032956,"39":0.065912,"40":0.065912,"41":0.042372,"42":0.091806,"43":0.134178,"44":0.178904,"45":4.17835,"46":3.716966,"47":0.032956,"48":0.018832,"49":0},"firefox":{"2":0.002354,"3":0.007062,"3.5":0.002354,"3.6":0.009416,"4":0.002354,"5":0.002354,"6":0.002354,"7":0.002354,"8":0.002354,"9":0.002354,"10":0.004708,"11":0.009416,"12":0.014124,"13":0.002354,"14":0.016478,"15":0.004708,"16":0.009416,"17":0.002354,"18":0.007062,"19":0.03531,"20":0.01177,"21":0.004708,"22":0.007062,"23":0.004708,"24":0.004708,"25":0.007062,"26":0.004708,"27":0.01177,"28":0.007062,"29":0.01177,"30":0.021186,"31":0.028248,"32":0.009416,"33":0.018832,"34":0.028248,"35":0.028248,"36":0.025894,"37":0.03531,"38":0.084744,"39":0.084744,"40":0.367224,"41":1.93028,"42":0.09416,"43":0.004708,"44":0.002354},"opera":{"9":0,"9.5-9.6":0,"10.0-10.1":0,"10.5":0,"10.6":0,"11":0,"11.1":0,"11.5":0,"11.6":0.009416,"12":0.002354,"12.1":0.063558,"15":0,"16":0.002354,"17":0,"18":0.002354,"19":0.002354,"20":0.002354,"21":0,"22":0,"23":0,"24":0,"25":0,"26":0.002354,"27":0.004708,"28":0.01177,"29":0.014124,"30":0.056496,"31":0.009416,"32":0.273064,"33":0.009416,"34":0},"safari":{"3.1":0,"3.2":0,"4":0.004708,"5":0.014124,"5.1":0.037664,"6":0.014124,"6.1":0.030602,"7":0.030602,"7.1":0.080036,"8":0.221276,"9":0.263648},"android":{"2.1":0,"2.2":0,"2.3":0.0507746627546,"3":0,"4":0.148021050742,"4.1":0.530982490162,"4.2-4.3":1.11015788057,"4.4":2.07229471039,"4.4.3-4.4.4":1.07401320538,"44":null},"ios_saf":{"3.2":0,"4.0-4.1":0,"4.2-4.3":0,"5.0-5.1":0.00844097447281,"6.0-6.1":0.00884292563818,"7.0-7.1":0.215445824639,"8":0.0289404839068,"8.1-8.4":0.963074992231,"9.0-9.1":2.75899279911},"op_mob":{"10":0,"11":0,"11.1":0,"11.5":0,"12":0.109474296081,"12.1":0.328422888244,"0":3.83160036284},"ie":{"5.5":0,"6":0.0141301865966,"7":0.0282603731932,"8":0.586402743758,"9":0.584047712659,"10":0.751254920718,"11":3.40066490758},"bb":{"7":1.6649165,"10":null},"ie_mob":{"10":0.298779900383,"11":1.36040209962},"op_mini":{"5.0-8.0":40.9871764528},"and_chr":{"0":13.700618},"and_ff":{"0":0.03823},"edge":{"12":0.301312,"13":null},"and_uc":{"0":2.721976}},"total":92.7611833445}