{"id":"ZA","name":"South Africa","month":"2015-08","access_date":"2015-09-03","data":{"chrome":{"4":0,"5":0,"6":0,"7":0,"8":0,"9":0,"10":0.002704,"11":0.029744,"12":0.005408,"13":0.002704,"14":0.002704,"15":0.002704,"16":0,"17":0,"18":0.016224,"19":0,"20":0.002704,"21":0.01352,"22":0.010816,"23":0.002704,"24":0.002704,"25":0.005408,"26":0.064896,"27":0.005408,"28":0.010816,"29":0.008112,"30":0.005408,"31":0.045968,"32":0.008112,"33":0.029744,"34":0.02704,"35":0.048672,"36":0.091936,"37":0.04056,"38":0.045968,"39":0.083824,"40":0.070304,"41":0.064896,"42":0.12168,"43":0.435344,"44":8.86912,"45":0.037856,"46":0.04056,"47":0,"48":0},"firefox":{"2":0,"3":0.008112,"3.5":0.002704,"3.6":0.01352,"4":0.002704,"5":0.002704,"6":0.005408,"7":0.002704,"8":0.002704,"9":0.002704,"10":0.005408,"11":0.01352,"12":0.021632,"13":0.002704,"14":0.018928,"15":0.005408,"16":0.01352,"17":0.005408,"18":0.005408,"19":0.035152,"20":0.016224,"21":0.008112,"22":0.008112,"23":0.005408,"24":0.008112,"25":0.008112,"26":0.010816,"27":0.01352,"28":0.008112,"29":0.016224,"30":0.035152,"31":0.035152,"32":0.01352,"33":0.02704,"34":0.037856,"35":0.037856,"36":0.035152,"37":0.05408,"38":0.159536,"39":1.457456,"40":1.168128,"41":0.073008,"42":0.002704,"43":0},"opera":{"9":0,"9.5-9.6":0,"10.0-10.1":0,"10.5":0,"10.6":0,"11":0.002704,"11.1":0,"11.5":0,"11.6":0.010816,"12":0.002704,"12.1":0.051376,"15":0,"16":0.002704,"17":0,"18":0.002704,"19":0.002704,"20":0.002704,"21":0,"22":0,"23":0,"24":0,"25":0.002704,"26":0.005408,"27":0.005408,"28":0.01352,"29":0.029744,"30":0.156832,"31":0.181168,"32":0.002704,"33":0},"safari":{"3.1":0,"3.2":0,"4":0.008112,"5":0.018928,"5.1":0.05408,"6":0.016224,"6.1":0.037856,"7":0.045968,"7.1":0.143312,"8":0.4732,"9":0.008112},"android":{"2.1":0,"2.2":0,"2.3":0.0949939454499,"3":0,"4":0.302793201122,"4.1":1.06274476472,"4.2-4.3":2.31102457915,"4.4":0.0148428039765,"4.4.3-4.4.4":2.03643270558,"44":null},"ios_saf":{"3.2":0,"4.0-4.1":0,"4.2-4.3":0,"5.0-5.1":0.0147419740417,"6.0-6.1":0.0245699567361,"7.0-7.1":0.404912887011,"8":0.0555281022236,"8.1-8.4":4.35232213623,"9":0.0319409437569},"op_mob":{"10":0,"11":0,"11.1":0,"11.5":0,"12":0.104495754238,"12.1":0.208991508477,"0":3.23936838139},"ie":{"5.5":0,"6":0.0189431363455,"7":0.0432985973611,"8":0.925507518593,"9":0.80643637585,"10":0.985043089964,"11":3.97535247021},"bb":{"7":1.844064,"10":null},"ie_mob":{"10":0.356947525424,"11":1.47434847458},"and_uc":{"0":2.283648},"op_mini":{"5.0-8.0":36.3781523559},"and_chr":{"0":13.587904},"and_ff":{"0":0.10944},"edge":{"12":0.219024,"13":null}},"total":92.2155251883}