{"id":"ZM","name":"Zambia","month":"2015-10","access_date":"2015-11-03","data":{"chrome":{"4":0.00087,"5":0,"6":0,"7":0.00087,"8":0.00348,"9":0.00174,"10":0.00087,"11":0.01827,"12":0.00261,"13":0.00174,"14":0.00087,"15":0.00087,"16":0.00174,"17":0,"18":0.00087,"19":0.00087,"20":0.00087,"21":0.00348,"22":0.00435,"23":0.00087,"24":0.00087,"25":0.00348,"26":0.02001,"27":0.00087,"28":0.00261,"29":0.00783,"30":0.00087,"31":0.03567,"32":0.00435,"33":0.01131,"34":0.00348,"35":0.0087,"36":0.01566,"37":0.00522,"38":0.00783,"39":0.01566,"40":0.01305,"41":0.01131,"42":0.06786,"43":0.05307,"44":0.10962,"45":1.18668,"46":1.04313,"47":0.01392,"48":0.00957,"49":0},"firefox":{"2":0.00087,"3":0.00435,"3.5":0.00174,"3.6":0.00783,"4":0.00957,"5":0.00348,"6":0.00348,"7":0.00261,"8":0.00696,"9":0.00696,"10":0.0087,"11":0.00609,"12":0.01305,"13":0.01044,"14":0.0087,"15":0.01566,"16":0.01479,"17":0.00783,"18":0.01131,"19":0.0087,"20":0.01305,"21":0.01392,"22":0.00957,"23":0.00522,"24":0.00609,"25":0.00348,"26":0.00609,"27":0.01218,"28":0.00435,"29":0.02088,"30":0.02001,"31":0.01479,"32":0.00957,"33":0.01392,"34":0.01653,"35":0.02175,"36":0.02088,"37":0.03132,"38":0.05829,"39":0.10614,"40":0.26448,"41":1.18059,"42":0.14181,"43":0.00348,"44":0.00174},"opera":{"9":0,"9.5-9.6":0,"10.0-10.1":0.00087,"10.5":0.00087,"10.6":0.00087,"11":0.00261,"11.1":0.00174,"11.5":0.00609,"11.6":0.00696,"12":0.00957,"12.1":0.12354,"15":0.00261,"16":0.00087,"17":0.00174,"18":0.00087,"19":0.00087,"20":0.00261,"21":0.00087,"22":0.00174,"23":0.00087,"24":0.00087,"25":0.00087,"26":0.00174,"27":0.00261,"28":0.00174,"29":0.00783,"30":0.01827,"31":0.0174,"32":0.25056,"33":0.00957,"34":0},"safari":{"3.1":0,"3.2":0,"4":0.00261,"5":0.01131,"5.1":0.02871,"6":0.00261,"6.1":0.00783,"7":0.00783,"7.1":0.0261,"8":0.06264,"9":0.06351},"android":{"2.1":0,"2.2":0,"2.3":0.0287422868485,"3":0,"4":0.0837910735243,"4.1":0.300576118398,"4.2-4.3":0.628433051433,"4.4":1.17307502934,"4.4.3-4.4.4":0.607972440456,"44":null},"ios_saf":{"3.2":0,"4.0-4.1":0,"4.2-4.3":0,"5.0-5.1":0.00180037231359,"6.0-6.1":0.00188610432852,"7.0-7.1":0.045952360004,"8":0.00617270507517,"8.1-8.4":0.205413907779,"9.0-9.1":0.588464550499},"op_mob":{"10":0,"11":0,"11.1":0,"11.5":0,"12":0.177299564586,"12.1":0.531898693759,"0":6.20548476052},"ie":{"5.5":0,"6":0.00610948176583,"7":0.00436391554702,"8":0.184157236084,"9":0.11695293666,"10":0.218195777351,"11":0.827398387716},"bb":{"7":0.2214025,"10":null},"ie_mob":{"10":0.20386835249,"11":0.92825164751},"op_mini":{"5.0-8.0":66.3809569811},"and_chr":{"0":3.23212},"and_ff":{"0":0.04565},"edge":{"12":0.1131,"13":null},"and_uc":{"0":8.47264}},"total":97.0840302351}