{"id":"ZW","name":"Zimbabwe","month":"2015-10","access_date":"2015-11-03","data":{"chrome":{"4":0.002454,"5":0.002454,"6":0,"7":0.002454,"8":0.002454,"9":0,"10":0.002454,"11":0.019632,"12":0.004908,"13":0.002454,"14":0,"15":0,"16":0.007362,"17":0,"18":0.004908,"19":0,"20":0,"21":0,"22":0.004908,"23":0.002454,"24":0.002454,"25":0.014724,"26":0.004908,"27":0.004908,"28":0.002454,"29":0.007362,"30":0.007362,"31":0.034356,"32":0.01227,"33":0.029448,"34":0.01227,"35":0.01227,"36":0.046626,"37":0.01227,"38":0.014724,"39":0.039264,"40":0.051534,"41":0.026994,"42":0.149694,"43":0.169326,"44":0.218406,"45":2.99388,"46":3.003696,"47":0.046626,"48":0.026994,"49":0},"firefox":{"2":0.002454,"3":0.01227,"3.5":0.009816,"3.6":0.051534,"4":0.014724,"5":0.007362,"6":0.01227,"7":0.01227,"8":0.009816,"9":0.01227,"10":0.031902,"11":0.02454,"12":0.053988,"13":0.026994,"14":0.083436,"15":0.034356,"16":0.026994,"17":0.017178,"18":0.017178,"19":0.019632,"20":0.046626,"21":0.029448,"22":0.017178,"23":0.019632,"24":0.039264,"25":0.014724,"26":0.014724,"27":0.022086,"28":0.026994,"29":0.076074,"30":0.093252,"31":0.30675,"32":0.058896,"33":0.088344,"34":0.063804,"35":0.093252,"36":0.09816,"37":0.14724,"38":0.252762,"39":0.215952,"40":0.853992,"41":3.720264,"42":0.78528,"43":0.017178,"44":0.004908},"opera":{"9":0,"9.5-9.6":0.002454,"10.0-10.1":0,"10.5":0,"10.6":0.002454,"11":0.004908,"11.1":0.007362,"11.5":0.009816,"11.6":0.014724,"12":0.014724,"12.1":0.284664,"15":0.002454,"16":0.007362,"17":0.004908,"18":0.007362,"19":0.002454,"20":0.014724,"21":0.004908,"22":0.007362,"23":0.002454,"24":0.002454,"25":0.004908,"26":0.007362,"27":0.007362,"28":0.019632,"29":0.029448,"30":0.039264,"31":0.041718,"32":0.971784,"33":0.046626,"34":0},"safari":{"3.1":0,"3.2":0,"4":0.002454,"5":0.014724,"5.1":0.051534,"6":0.004908,"6.1":0.009816,"7":0.022086,"7.1":0.017178,"8":0.093252,"9":0.100614},"android":{"2.1":0,"2.2":0,"2.3":0.0274302140145,"3":0,"4":0.0799660476355,"4.1":0.286854949948,"4.2-4.3":0.599745357266,"4.4":1.1195246669,"4.4.3-4.4.4":0.580218764239,"44":null},"ios_saf":{"3.2":0,"4.0-4.1":0,"4.2-4.3":0,"5.0-5.1":0.00208402381193,"6.0-6.1":0.00218326304107,"7.0-7.1":0.0531922268187,"8":0.00714522449803,"8.1-8.4":0.237777193018,"9.0-9.1":0.681178068812},"op_mob":{"10":0,"11":0,"11.1":0,"11.5":0,"12":0.156304784712,"12.1":0.468914354136,"0":5.47066746493},"ie":{"5.5":0,"6":0.0147496218097,"7":0.00737481090487,"8":0.77189687471,"9":0.341699571926,"10":0.68094087355,"11":2.40910489559},"bb":{"7":0.0848925,"10":null},"ie_mob":{"10":0.179369287356,"11":0.816702712644},"op_mini":{"5.0-8.0":58.5205113962},"and_chr":{"0":2.21098},"and_ff":{"0":0.022638},"edge":{"12":0.2454,"13":null},"and_uc":{"0":4.271036}},"total":96.8241851485}