{"id":"ZW","name":"Zimbabwe","month":"2016-02","access_date":"2016-03-03","data":{"firefox":{"2":0.002694,"3":0.115842,"3.5":0.01347,"3.6":0.018858,"4":0.01347,"5":0.010776,"6":0.010776,"7":0.01347,"8":0.018858,"9":0.016164,"10":0.029634,"11":0.043104,"12":0.048492,"13":0.02694,"14":0.018858,"15":0.029634,"16":0.018858,"17":0.010776,"18":0.018858,"19":0.016164,"20":0.021552,"21":0.051186,"22":0.018858,"23":0.016164,"24":0.04041,"25":0.018858,"26":0.016164,"27":0.021552,"28":0.021552,"29":0.061962,"30":0.043104,"31":0.118536,"32":0.035022,"33":0.064656,"34":0.051186,"35":0.05388,"36":0.056574,"37":0.09429,"38":0.129312,"39":0.09429,"40":0.126618,"41":0.164334,"42":0.153558,"43":2.16867,"44":2.966094,"45":0.622314,"46":0.01347,"47":0.002694},"chrome":{"4":0.002694,"5":0.002694,"6":0,"7":0.002694,"8":0,"9":0,"10":0.002694,"11":0.016164,"12":0.002694,"13":0.002694,"14":0,"15":0.002694,"16":0.002694,"17":0,"18":0.002694,"19":0.002694,"20":0.002694,"21":0.002694,"22":0,"23":0.002694,"24":0.002694,"25":0.010776,"26":0.005388,"27":0.016164,"28":0.008082,"29":0.01347,"30":0.008082,"31":0.029634,"32":0.024246,"33":0.024246,"34":0.018858,"35":0.01347,"36":0.021552,"37":0.010776,"38":0.016164,"39":0.021552,"40":0.045798,"41":0.059268,"42":0.032328,"43":0.140088,"44":0.16164,"45":0.167028,"46":0.10776,"47":0.264012,"48":6.931662,"49":0.045798,"50":0.043104,"51":0},"opera":{"9":0,"9.5-9.6":0.002694,"10.0-10.1":0,"10.5":0,"10.6":0.005388,"11":0.005388,"11.1":0.002694,"11.5":0.005388,"11.6":0.032328,"12":0.024246,"12.1":0.239766,"15":0.008082,"16":0.005388,"17":0.002694,"18":0.002694,"19":0.005388,"20":0.005388,"21":0.005388,"22":0.005388,"23":0.002694,"24":0.002694,"25":0.002694,"26":0.005388,"27":0.002694,"28":0.048492,"29":0.024246,"30":0.021552,"31":0.016164,"32":0.029634,"33":0.048492,"34":0.315198,"35":0.829752,"36":0.008082},"safari":{"3.1":0,"3.2":0,"4":0,"5":0.024246,"5.1":0.056574,"6":0.021552,"6.1":0.008082,"7":0.035022,"7.1":0.018858,"8":0.051186,"9":0.185886,"9.1":0},"android":{"2.1":0,"2.2":0,"2.3":0.0154312433756,"3":0,"4":0.133513801381,"4.1":0.281116998887,"4.2-4.3":0.630668207526,"4.4":1.27005842218,"4.4.3-4.4.4":0.682329326653,"47":null},"ios_saf":{"3.2":0,"4.0-4.1":0,"4.2-4.3":0,"5.0-5.1":0,"6.0-6.1":0,"7.0-7.1":0.0420097952254,"8":0.00285183988475,"8.1-8.4":0.116047946079,"9.0-9.2":0.90502041881,"9.3":null},"op_mob":{"10":0,"11":0,"11.1":0,"11.5":0,"12":0.00333767963439,"12.1":0.00333767963439,"0":0.143520224279},"ie":{"5.5":0,"6":0.008082,"7":0.005388,"8":0.692358,"9":0.325974,"10":0.635784,"11":2.729022},"bb":{"7":0.0858455,"10":null},"ie_mob":{"10":0.276280291262,"11":1.22144970874},"edge":{"12":0.226296,"13":0.180498,"14":0},"and_uc":{"0":5.866718},"op_mini":{"5.0-8.0":58.2758864165},"and_chr":{"0":3.643484},"and_ff":{"0":0.029224}},"total":96.5863995}