{"id":"ZW","name":"Zimbabwe","month":"2015-08","access_date":"2015-09-03","data":{"chrome":{"4":0.002241,"5":0.002241,"6":0,"7":0.002241,"8":0.002241,"9":0.002241,"10":0.004482,"11":0.024651,"12":0.011205,"13":0.002241,"14":0,"15":0.002241,"16":0.004482,"17":0.002241,"18":0.006723,"19":0.002241,"20":0.004482,"21":0,"22":0.006723,"23":0.002241,"24":0.002241,"25":0.013446,"26":0.011205,"27":0.006723,"28":0.004482,"29":0.008964,"30":0.004482,"31":0.042579,"32":0.006723,"33":0.031374,"34":0.020169,"35":0.017928,"36":0.035856,"37":0.013446,"38":0.020169,"39":0.04482,"40":0.069471,"41":0.04482,"42":0.181521,"43":0.309258,"44":5.10948,"45":0.038097,"46":0.042579,"47":0,"48":0},"firefox":{"2":0.004482,"3":0.008964,"3.5":0.008964,"3.6":0.029133,"4":0.017928,"5":0.008964,"6":0.006723,"7":0.011205,"8":0.008964,"9":0.011205,"10":0.031374,"11":0.024651,"12":0.038097,"13":0.026892,"14":0.033615,"15":0.035856,"16":0.017928,"17":0.013446,"18":0.017928,"19":0.017928,"20":0.035856,"21":0.035856,"22":0.020169,"23":0.123255,"24":0.026892,"25":0.017928,"26":0.017928,"27":0.031374,"28":0.026892,"29":0.064989,"30":0.060507,"31":0.096363,"32":0.062748,"33":0.08964,"34":0.06723,"35":0.076194,"36":0.080676,"37":0.183762,"38":0.365283,"39":2.42028,"40":2.012418,"41":0.327186,"42":0.006723,"43":0.002241},"opera":{"9":0,"9.5-9.6":0.002241,"10.0-10.1":0,"10.5":0,"10.6":0.006723,"11":0.008964,"11.1":0.004482,"11.5":0.011205,"11.6":0.029133,"12":0.024651,"12.1":0.242028,"15":0.008964,"16":0.008964,"17":0.004482,"18":0.006723,"19":0.004482,"20":0.006723,"21":0.008964,"22":0.011205,"23":0,"24":0.002241,"25":0.002241,"26":0.011205,"27":0.006723,"28":0.026892,"29":0.040338,"30":0.29133,"31":0.679023,"32":0.011205,"33":0},"safari":{"3.1":0,"3.2":0,"4":0.002241,"5":0.029133,"5.1":0.047061,"6":0.008964,"6.1":0.008964,"7":0.02241,"7.1":0.038097,"8":0.138942,"9":0.004482},"android":{"2.1":0,"2.2":0,"2.3":0.0451092327301,"3":0,"4":0.143785679327,"4.1":0.504659541167,"4.2-4.3":1.09742305251,"4.4":0.00704831761407,"4.4.3-4.4.4":0.967029176651,"44":null},"ios_saf":{"3.2":0,"4.0-4.1":0,"4.2-4.3":0,"5.0-5.1":0.00436820404467,"6.0-6.1":0.00728034007445,"7.0-7.1":0.119980004427,"8":0.0164535685683,"8.1-8.4":1.28963944079,"9":0.00946444209679},"op_mob":{"10":0,"11":0,"11.1":0,"11.5":0,"12":0.176304713961,"12.1":0.352609427921,"0":5.46544613278},"ie":{"5.5":0,"6":0.0134532057878,"7":0.0112110048232,"8":0.8811849791,"9":0.343056747588,"10":0.708535504823,"11":2.21529455305},"bb":{"7":0.07759,"10":null},"ie_mob":{"10":0.186018737288,"11":0.768338262712},"and_uc":{"0":3.406201},"op_mini":{"5.0-8.0":61.3770367253},"and_chr":{"0":2.057105},"and_ff":{"0":0.069831},"edge":{"12":0.118773,"13":null}},"total":96.9932849952}