{"id":"AL","name":"Albania","month":"2016-02","access_date":"2016-03-03","data":{"firefox":{"2":0.005223,"3":0.073122,"3.5":0.010446,"3.6":0.036561,"4":0.010446,"5":0.005223,"6":0.015669,"7":0.010446,"8":0,"9":0.005223,"10":0.015669,"11":0.020892,"12":0.015669,"13":0.005223,"14":0.020892,"15":0.005223,"16":0.010446,"17":0.010446,"18":0.010446,"19":0.005223,"20":0.010446,"21":0.020892,"22":0.015669,"23":0.010446,"24":0.057453,"25":0.005223,"26":0.010446,"27":0.015669,"28":0.015669,"29":0.036561,"30":0.036561,"31":0.031338,"32":0.05223,"33":0.036561,"34":0.031338,"35":0.062676,"36":0.088791,"37":0.047007,"38":0.088791,"39":0.067899,"40":0.094014,"41":0.109683,"42":0.135798,"43":1.634799,"44":3.259152,"45":0.130575,"46":0,"47":0},"chrome":{"4":0.005223,"5":0.015669,"6":0.010446,"7":0,"8":0.015669,"9":0.010446,"10":0.015669,"11":0.047007,"12":0.015669,"13":0.005223,"14":0.010446,"15":0.005223,"16":0.015669,"17":0,"18":0.010446,"19":0,"20":0,"21":0.005223,"22":0.073122,"23":0.005223,"24":0.005223,"25":0.005223,"26":0.026115,"27":0.015669,"28":0.015669,"29":0.141021,"30":0.026115,"31":0.031338,"32":0.015669,"33":0.073122,"34":0.05223,"35":0.036561,"36":0.041784,"37":0.036561,"38":0.041784,"39":0.245481,"40":0.094014,"41":0.062676,"42":0.073122,"43":0.240258,"44":0.240258,"45":0.287265,"46":0.318603,"47":1.154283,"48":33.74058,"49":0.167136,"50":0.120129,"51":0},"opera":{"9":0,"9.5-9.6":0,"10.0-10.1":0,"10.5":0,"10.6":0,"11":0,"11.1":0,"11.5":0,"11.6":0,"12":0.005223,"12.1":0.036561,"15":0.015669,"16":0,"17":0,"18":0,"19":0,"20":0,"21":0,"22":0,"23":0,"24":0,"25":0,"26":0,"27":0,"28":0.026115,"29":0.005223,"30":0.010446,"31":0.010446,"32":0.005223,"33":0.010446,"34":0.188028,"35":0.496185,"36":0},"safari":{"3.1":0,"3.2":0,"4":0.010446,"5":0.015669,"5.1":0.026115,"6":0.005223,"6.1":0.020892,"7":0.010446,"7.1":0.010446,"8":0.05223,"9":0.282042,"9.1":0},"android":{"2.1":0,"2.2":0,"2.3":0.0459197074148,"3":0,"4":0.397305294589,"4.1":0.836537278557,"4.2-4.3":1.87671847695,"4.4":3.77939157114,"4.4.3-4.4.4":2.03044967134,"47":null},"ios_saf":{"3.2":0,"4.0-4.1":0,"4.2-4.3":0,"5.0-5.1":0,"6.0-6.1":0,"7.0-7.1":0.547106553612,"8":0.0371403926734,"8.1-8.4":1.51132828648,"9.0-9.2":11.7863607672,"9.3":null},"op_mob":{"10":0,"11":0,"11.1":0,"11.5":0,"12":0.000151182976292,"12.1":0.000151182976292,"0":0.00650086798058},"ie":{"5.5":0,"6":0.0160874599407,"7":0.0107249732938,"8":0.359286605341,"9":0.139424652819,"10":0.107249732938,"11":1.16902208902},"bb":{"7":0.08001475,"10":null},"ie_mob":{"10":0.262595864078,"11":1.16095013592},"edge":{"12":0.088791,"13":0.266373,"14":0},"and_uc":{"0":0.659226},"op_mini":{"5.0-8.0":2.63965476607},"and_chr":{"0":22.546098},"and_ff":{"0":0.033439}},"total":97.6095102634}