{"id":"sa","name":"South America","month":"2016-02","access_date":"2016-03-03","data":{"firefox":{"2":0.007049,"3":0.021147,"3.5":0.007049,"3.6":0.042294,"4":null,"5":null,"6":0.021147,"7":null,"8":0.049343,"9":null,"10":0.007049,"11":0.007049,"12":0.021147,"13":0.007049,"14":0.014098,"15":0.014098,"16":0.014098,"17":0.014098,"18":0.007049,"19":0.007049,"20":0.021147,"21":0.028196,"22":0.014098,"23":0.021147,"24":0.021147,"25":0.021147,"26":0.014098,"27":0.028196,"28":0.014098,"29":0.028196,"30":0.021147,"31":0.077539,"32":0.021147,"33":0.042294,"34":0.028196,"35":0.035245,"36":0.042294,"37":0.077539,"38":0.14098,"39":0.112784,"40":0.091637,"41":0.105735,"42":0.148029,"43":2.001916,"44":4.313988,"45":0.056392,"46":0.007049,"47":null},"chrome":{"4":null,"5":null,"6":0.014098,"7":null,"8":null,"9":null,"10":null,"11":0.028196,"12":0.014098,"13":null,"14":null,"15":null,"16":null,"17":null,"18":0.021147,"19":null,"20":0.007049,"21":0.014098,"22":0.056392,"23":0.007049,"24":0.007049,"25":0.014098,"26":0.042294,"27":0.028196,"28":0.014098,"29":0.056392,"30":0.014098,"31":0.056392,"32":0.042294,"33":0.07049,"34":0.077539,"35":0.084588,"36":0.126882,"37":0.084588,"38":0.098686,"39":0.126882,"40":0.098686,"41":0.133931,"42":0.098686,"43":0.472283,"44":0.380646,"45":0.408842,"46":0.570969,"47":1.600123,"48":47.009781,"49":0.204421,"50":0.112784,"51":null},"opera":{"9":null,"9.5-9.6":null,"10.0-10.1":0,"10.5":null,"10.6":null,"11":null,"11.1":null,"11.5":null,"11.6":null,"12":0.007049,"12.1":0.028196,"15":null,"16":null,"17":null,"18":null,"19":null,"20":null,"21":null,"22":null,"23":null,"24":null,"25":null,"26":null,"27":null,"28":0.042294,"29":0.007049,"30":0.007049,"31":0.007049,"32":0.007049,"33":0.007049,"34":0.169176,"35":0.514577,"36":null},"safari":{"3.1":null,"3.2":null,"4":0.014098,"5":0.028196,"5.1":0.049343,"6":0.014098,"6.1":0.049343,"7":0.035245,"7.1":0.028196,"8":0.204421,"9":0.979811,"9.1":null},"android":{"2.1":0,"2.2":0,"2.3":0.0219972389223,"3":0,"4":0.190323936762,"4.1":0.400732309063,"4.2-4.3":0.899017590737,"4.4":1.81046840347,"4.4.3-4.4.4":0.972660521042,"47":null},"ios_saf":{"3.2":0,"4.0-4.1":0,"4.2-4.3":0,"5.0-5.1":0,"6.0-6.1":0,"7.0-7.1":0.107078807368,"8":0.00726905741922,"8.1-8.4":0.295794721136,"9.0-9.2":2.30680741408,"9.3":null},"op_mob":{"10":0,"11":0,"11.1":0,"11.5":0,"12":8.66209654384e-5,"12.1":8.66209654384e-5,"0":0.00372470151385},"ie":{"5.5":null,"6":0.0361305527638,"7":0.0289044422111,"8":0.686480502513,"9":0.448018854271,"10":0.41911441206,"11":2.68088701508},"bb":{"7":0.063425,"10":null},"ie_mob":{"10":0.311812135922,"11":1.37853786408},"edge":{"12":0.218519,"13":0.472283,"14":null},"and_uc":{"0":0.75815},"op_mini":{"5.0-8.0":1.51240205656},"and_chr":{"0":20.245341},"and_ff":{"0":0.03835}},"total":98.5077307789}