{"id":"AM","name":"Armenia","month":"2016-02","access_date":"2016-03-03","data":{"firefox":{"2":0,"3":0.008656,"3.5":0.017312,"3.6":0.069248,"4":0.008656,"5":0,"6":0.017312,"7":0,"8":0,"9":0.008656,"10":0,"11":0.008656,"12":0.025968,"13":0.008656,"14":0.017312,"15":0,"16":0.008656,"17":0,"18":0.008656,"19":0,"20":0.017312,"21":0.155808,"22":0.025968,"23":0.025968,"24":0.025968,"25":0.034624,"26":0.017312,"27":0.025968,"28":0.017312,"29":0.034624,"30":0.008656,"31":0.04328,"32":0.025968,"33":0.025968,"34":0.017312,"35":0.025968,"36":0.025968,"37":0.164464,"38":0.095216,"39":0.034624,"40":0.04328,"41":0.060592,"42":0.147152,"43":4.033696,"44":7.859648,"45":0.04328,"46":0,"47":0},"chrome":{"4":0.017312,"5":0.017312,"6":0.008656,"7":0.017312,"8":0.008656,"9":0.008656,"10":0.008656,"11":0.034624,"12":0.08656,"13":0.017312,"14":0.008656,"15":0.017312,"16":0.025968,"17":0.04328,"18":0.095216,"19":0.008656,"20":0.017312,"21":0.008656,"22":0.069248,"23":0.017312,"24":0.08656,"25":0.025968,"26":0.060592,"27":0.121184,"28":0.077904,"29":0.077904,"30":0.025968,"31":0.034624,"32":0.025968,"33":0.04328,"34":0.060592,"35":0.060592,"36":0.051936,"37":0.060592,"38":0.095216,"39":0.12984,"40":0.095216,"41":0.337584,"42":0.069248,"43":0.337584,"44":0.34624,"45":0.493392,"46":0.285648,"47":1.281088,"48":52.377456,"49":0.268336,"50":0.510704,"51":0},"opera":{"9":0,"9.5-9.6":0.008656,"10.0-10.1":0,"10.5":0,"10.6":0,"11":0,"11.1":0,"11.5":0,"11.6":0.034624,"12":0.060592,"12.1":0.225056,"15":0.008656,"16":0,"17":0,"18":0.008656,"19":0.008656,"20":0.017312,"21":0.017312,"22":0,"23":0,"24":0,"25":0,"26":0.008656,"27":0.008656,"28":0.25968,"29":0.008656,"30":0.017312,"31":0.025968,"32":0.04328,"33":0.04328,"34":0.528016,"35":1.9476,"36":0.017312},"safari":{"3.1":0,"3.2":0,"4":0.008656,"5":0.04328,"5.1":0.069248,"6":0.008656,"6.1":0.017312,"7":0.008656,"7.1":0.008656,"8":0.060592,"9":0.467424,"9.1":0},"android":{"2.1":0,"2.2":0,"2.3":0.0108399804053,"3":0,"4":0.0937893956802,"4.1":0.197476164774,"4.2-4.3":0.443025286128,"4.4":0.892177517702,"4.4.3-4.4.4":0.479315655311,"47":null},"ios_saf":{"3.2":0,"4.0-4.1":0,"4.2-4.3":0,"5.0-5.1":0,"6.0-6.1":0,"7.0-7.1":0.218644366331,"8":0.0148426984976,"8.1-8.4":0.60398365425,"9.0-9.2":4.71027328092,"9.3":null},"op_mob":{"10":0,"11":0,"11.1":0,"11.5":0,"12":5.19019708655e-5,"12.1":5.19019708655e-5,"0":0.00223178474722},"ie":{"5.5":0,"6":0.0176726666667,"7":0.0176726666667,"8":0.326944333333,"9":0.150217666667,"10":0.256253666667,"11":0.892469666667},"bb":{"7":0.016464,"10":null},"ie_mob":{"10":0.0706578640777,"11":0.312382135922},"edge":{"12":0.069248,"13":0.311616,"14":0},"and_uc":{"0":0.493248},"op_mini":{"5.0-8.0":0.906208411311},"and_chr":{"0":7.632112},"and_ff":{"0":0.025536}},"total":94.3773906667}