{"id":"AT","name":"Austria","month":"2016-02","access_date":"2016-03-03","data":{"firefox":{"2":0.007614,"3":0.007614,"3.5":0.007614,"3.6":0.030456,"4":0.007614,"5":0,"6":0.007614,"7":0,"8":0.007614,"9":0.007614,"10":0.015228,"11":0.007614,"12":0.022842,"13":0.007614,"14":0.007614,"15":0.015228,"16":0.022842,"17":0.007614,"18":0.007614,"19":0.007614,"20":0.015228,"21":0.083754,"22":0.015228,"23":0.022842,"24":0.030456,"25":0.022842,"26":0.015228,"27":0.022842,"28":0.030456,"29":0.045684,"30":0.030456,"31":0.106596,"32":0.03807,"33":0.053298,"34":0.060912,"35":0.060912,"36":0.068526,"37":0.144666,"38":0.616734,"39":0.205578,"40":0.175122,"41":0.258876,"42":0.41877,"43":5.238432,"44":11.786472,"45":0.129438,"46":0.121824,"47":0.007614},"chrome":{"4":0,"5":0,"6":0,"7":0,"8":0,"9":0,"10":0,"11":0.030456,"12":0,"13":0,"14":0,"15":0,"16":0,"17":0,"18":0.007614,"19":0,"20":0,"21":0.015228,"22":0.07614,"23":0.007614,"24":0,"25":0.007614,"26":0.030456,"27":0.022842,"28":0.015228,"29":0.022842,"30":0.007614,"31":0.068526,"32":0.015228,"33":0.03807,"34":0.053298,"35":0.045684,"36":0.098982,"37":0.03807,"38":0.045684,"39":0.068526,"40":0.03807,"41":0.121824,"42":0.030456,"43":0.098982,"44":0.11421,"45":0.197964,"46":0.213192,"47":0.883224,"48":22.887684,"49":0.083754,"50":0.091368,"51":0},"opera":{"9":0,"9.5-9.6":0,"10.0-10.1":0,"10.5":0,"10.6":0,"11":0,"11.1":0,"11.5":0,"11.6":0.007614,"12":0.015228,"12.1":0.197964,"15":0,"16":0,"17":0,"18":0,"19":0,"20":0,"21":0,"22":0,"23":0,"24":0,"25":0.007614,"26":0,"27":0,"28":0.07614,"29":0.007614,"30":0.007614,"31":0.007614,"32":0.007614,"33":0.007614,"34":0.236034,"35":0.921294,"36":0.015228},"safari":{"3.1":0,"3.2":0,"4":0.022842,"5":0.106596,"5.1":0.34263,"6":0.045684,"6.1":0.22842,"7":0.11421,"7.1":0.091368,"8":0.624348,"9":3.65472,"9.1":0.030456},"android":{"2.1":0,"2.2":0,"2.3":0.0187074860833,"3":0,"4":0.161860423068,"4.1":0.3408015943,"4.2-4.3":0.764566822534,"4.4":1.53970744155,"4.4.3-4.4.4":0.827196232465,"47":null},"ios_saf":{"3.2":0,"4.0-4.1":0,"4.2-4.3":0,"5.0-5.1":0,"6.0-6.1":0,"7.0-7.1":0.484664311381,"8":0.032901493723,"8.1-8.4":1.33883770611,"9.0-9.2":10.4411624888,"9.3":null},"op_mob":{"10":0,"11":0,"11.1":0,"11.5":0,"12":8.17823479006e-6,"12.1":8.17823479006e-6,"0":0.000351664095973},"ie":{"5.5":0,"6":0.00763156401384,"7":0.0381578200692,"8":0.473156968858,"9":0.724998581315,"10":0.801314221453,"11":11.1649781522},"bb":{"7":0.0208775,"10":null},"ie_mob":{"10":0.0911081359223,"11":0.402793864078},"edge":{"12":0.563436,"13":1.75122,"14":0},"and_uc":{"0":0.081124},"op_mini":{"5.0-8.0":0.142791979434},"and_chr":{"0":12.987498},"and_ff":{"0":0.05965}},"total":97.546848808}