{"id":"BD","name":"Bangladesh","month":"2016-02","access_date":"2016-03-03","data":{"firefox":{"2":0.001883,"3":0.346472,"3.5":0.013181,"3.6":0.039543,"4":0.024479,"5":0.007532,"6":0.03766,"7":0.007532,"8":0.015064,"9":0.020713,"10":0.020713,"11":0.064022,"12":0.052724,"13":0.035777,"14":0.03766,"15":0.033894,"16":0.028245,"17":0.024479,"18":0.020713,"19":0.030128,"20":0.033894,"21":0.024479,"22":0.026362,"23":0.013181,"24":0.016947,"25":0.022596,"26":0.020713,"27":0.024479,"28":0.024479,"29":0.096033,"30":0.069671,"31":0.039543,"32":0.045192,"33":0.058373,"34":0.043309,"35":0.069671,"36":0.062139,"37":0.062139,"38":0.114863,"39":0.101682,"40":0.114863,"41":0.114863,"42":0.154406,"43":1.762488,"44":2.896054,"45":1.207003,"46":0.015064,"47":0.009415},"chrome":{"4":0.005649,"5":0.003766,"6":0.003766,"7":0.001883,"8":0.001883,"9":0.001883,"10":0.009415,"11":0.01883,"12":0.015064,"13":0.001883,"14":0.003766,"15":0.001883,"16":0.001883,"17":0.001883,"18":0.003766,"19":0.001883,"20":0.001883,"21":0.001883,"22":0.003766,"23":0.001883,"24":0.001883,"25":0.003766,"26":0.007532,"27":0.009415,"28":0.016947,"29":0.020713,"30":0.007532,"31":0.09415,"32":0.005649,"33":0.033894,"34":0.007532,"35":0.007532,"36":0.007532,"37":0.003766,"38":0.013181,"39":0.015064,"40":0.016947,"41":0.01883,"42":0.020713,"43":0.178885,"44":0.365302,"45":0.099799,"46":0.043309,"47":0.193949,"48":5.327007,"49":0.079086,"50":0.241024,"51":0},"opera":{"9":0,"9.5-9.6":0.007532,"10.0-10.1":0.039543,"10.5":0.001883,"10.6":0.009415,"11":0.005649,"11.1":0.001883,"11.5":0.005649,"11.6":0.015064,"12":0.005649,"12.1":0.047075,"15":0.003766,"16":0.001883,"17":0.003766,"18":0.003766,"19":0.003766,"20":0.003766,"21":0.001883,"22":0.003766,"23":0,"24":0.001883,"25":0.003766,"26":0.005649,"27":0.005649,"28":0.013181,"29":0.015064,"30":0.033894,"31":0.003766,"32":0.022596,"33":0.039543,"34":0.195832,"35":0.536655,"36":0.005649},"safari":{"3.1":0,"3.2":0,"4":0.003766,"5":0.003766,"5.1":0.007532,"6":0.007532,"6.1":0.001883,"7":0.005649,"7.1":0.009415,"8":0.016947,"9":0.054607,"9.1":0},"android":{"2.1":0,"2.2":0,"2.3":0.0261035455355,"3":0,"4":0.22585241572,"4.1":0.475538503451,"4.2-4.3":1.06684055667,"4.4":2.14843529125,"4.4.3-4.4.4":1.15423068737,"47":null},"ios_saf":{"3.2":0,"4.0-4.1":0,"4.2-4.3":0,"5.0-5.1":0,"6.0-6.1":0,"7.0-7.1":0.0324837835974,"8":0.00220516546615,"8.1-8.4":0.0897332716608,"9.0-9.2":0.699800779276,"9.3":null},"op_mob":{"10":0,"11":0,"11.1":0,"11.5":0,"12":0.00222435012853,"12.1":0.00222435012853,"0":0.095647055527},"ie":{"5.5":0,"6":0.0142121666667,"7":0.00203030952381,"8":0.225364357143,"9":0.0284243333333,"10":0.052788047619,"11":0.265970547619},"bb":{"7":0.00608775,"10":null},"ie_mob":{"10":0.151228378641,"11":0.668588621359},"edge":{"12":0.060256,"13":0.050841,"14":0},"and_uc":{"0":24.570159},"op_mini":{"5.0-8.0":38.8371532442},"and_chr":{"0":10.526635},"and_ff":{"0":0.097404}},"total":97.7741455119}