{"id":"BF","name":"Burkina Faso","month":"2016-02","access_date":"2016-03-03","data":{"firefox":{"2":0.002249,"3":0.503776,"3.5":0.024739,"3.6":0.033735,"4":0.015743,"5":0.015743,"6":0.011245,"7":0.011245,"8":0.004498,"9":0.004498,"10":0.040482,"11":0.056225,"12":0.04498,"13":0.033735,"14":0.038233,"15":0.049478,"16":0.040482,"17":0.013494,"18":0.013494,"19":0.020241,"20":0.065221,"21":0.042731,"22":0.017992,"23":0.020241,"24":0.04498,"25":0.047229,"26":0.033735,"27":0.098956,"28":0.053976,"29":0.083213,"30":0.116948,"31":0.11245,"32":0.047229,"33":0.11245,"34":0.053976,"35":0.182169,"36":0.071968,"37":0.083213,"38":0.116948,"39":0.161928,"40":0.186667,"41":0.159679,"42":0.215904,"43":3.407235,"44":3.429725,"45":0.170924,"46":0.011245,"47":0.006747},"chrome":{"4":0.008996,"5":0.011245,"6":0.002249,"7":0,"8":0.002249,"9":0,"10":0.002249,"11":0.069719,"12":0.011245,"13":0.017992,"14":0.002249,"15":0.013494,"16":0.004498,"17":0.006747,"18":0.002249,"19":0,"20":0.002249,"21":0,"22":0,"23":0,"24":0,"25":0.013494,"26":0.011245,"27":0.029237,"28":0.008996,"29":0.013494,"30":0.020241,"31":0.033735,"32":0.008996,"33":0.026988,"34":0.017992,"35":0.02249,"36":0.015743,"37":0.008996,"38":0.004498,"39":0.017992,"40":0.026988,"41":0.033735,"42":0.031486,"43":0.047229,"44":0.065221,"45":0.150683,"46":0.04498,"47":0.278876,"48":4.372056,"49":0.015743,"50":0.024739,"51":0},"opera":{"9":0,"9.5-9.6":0,"10.0-10.1":0.002249,"10.5":0,"10.6":0,"11":0,"11.1":0,"11.5":0.002249,"11.6":0.011245,"12":0.008996,"12.1":0.13494,"15":0.008996,"16":0,"17":0.002249,"18":0.042731,"19":0.002249,"20":0.013494,"21":0.004498,"22":0.002249,"23":0.002249,"24":0,"25":0.002249,"26":0,"27":0.002249,"28":0.033735,"29":0.013494,"30":0.013494,"31":0.004498,"32":0.004498,"33":0.017992,"34":0.164177,"35":0.364338,"36":0.002249},"safari":{"3.1":0,"3.2":0,"4":0.002249,"5":0.013494,"5.1":0.053976,"6":0.004498,"6.1":0.011245,"7":0.013494,"7.1":0.002249,"8":0.035984,"9":0.161928,"9.1":0},"android":{"2.1":0,"2.2":0,"2.3":0.0368266361612,"3":0,"4":0.318630460699,"4.1":0.670885241372,"4.2-4.3":1.50508860833,"4.4":3.03099227188,"4.4.3-4.4.4":1.62837778156,"47":null},"ios_saf":{"3.2":0,"4.0-4.1":0,"4.2-4.3":0,"5.0-5.1":0,"6.0-6.1":0,"7.0-7.1":0.0455462985182,"8":0.0030919158263,"8.1-8.4":0.125817190163,"9.0-9.2":0.981207595493,"9.3":null},"op_mob":{"10":0,"11":0,"11.1":0,"11.5":0,"12":0.00266646798058,"12.1":0.00266646798058,"0":0.114658123165},"ie":{"5.5":0,"6":0.013504261597,"7":0.00900284106464,"8":0.400626427376,"9":0.148546877567,"10":0.569429697338,"11":1.80056821293},"bb":{"7":0.03294175,"10":null},"ie_mob":{"10":0.11438368932,"11":0.50569631068},"edge":{"12":0.107952,"13":0.076466,"14":0},"and_uc":{"0":12.641881},"op_mini":{"5.0-8.0":46.5565309409},"and_chr":{"0":8.807105},"and_ff":{"0":0.085261}},"total":97.1341320679}