{"id":"BJ","name":"Benin","month":"2016-02","access_date":"2016-03-03","data":{"firefox":{"2":0.002371,"3":0.144631,"3.5":0.009484,"3.6":0.030823,"4":0.014226,"5":0.002371,"6":0.004742,"7":0.009484,"8":0.007113,"9":0.009484,"10":0.011855,"11":0.042678,"12":0.035565,"13":0.011855,"14":0.045049,"15":0.042678,"16":0.030823,"17":0.052162,"18":0.009484,"19":0.016597,"20":0.018968,"21":0.016597,"22":0.011855,"23":0.075872,"24":0.026081,"25":0.016597,"26":0.014226,"27":0.014226,"28":0.014226,"29":0.052162,"30":0.066388,"31":0.11855,"32":0.040307,"33":0.068759,"34":0.033194,"35":0.16597,"36":0.059275,"37":0.035565,"38":0.085356,"39":0.101953,"40":0.090098,"41":0.09484,"42":0.173083,"43":1.953704,"44":2.183691,"45":0.194422,"46":0.026081,"47":0},"chrome":{"4":0.009484,"5":0.014226,"6":0.007113,"7":0.014226,"8":0.009484,"9":0.007113,"10":0.035565,"11":0.037936,"12":0.056904,"13":0.026081,"14":0.028452,"15":0.014226,"16":0.014226,"17":0.002371,"18":0.009484,"19":0.004742,"20":0.002371,"21":0.004742,"22":0.014226,"23":0.030823,"24":0.002371,"25":0.007113,"26":0.030823,"27":0.033194,"28":0.018968,"29":0.052162,"30":0.007113,"31":0.064017,"32":0.004742,"33":0.109066,"34":0.030823,"35":0.014226,"36":0.097211,"37":0.018968,"38":0.021339,"39":0.049791,"40":0.064017,"41":0.028452,"42":0.128034,"43":0.267923,"44":0.277407,"45":0.272665,"46":0.232358,"47":0.486055,"48":9.891812,"49":0.040307,"50":0.028452,"51":0},"opera":{"9":0,"9.5-9.6":0,"10.0-10.1":0,"10.5":0,"10.6":0,"11":0,"11.1":0.002371,"11.5":0.009484,"11.6":0.004742,"12":0.004742,"12.1":0.09484,"15":0.007113,"16":0.004742,"17":0.002371,"18":0.009484,"19":0.009484,"20":0.004742,"21":0,"22":0.002371,"23":0.002371,"24":0.002371,"25":0.002371,"26":0,"27":0,"28":0.004742,"29":0.016597,"30":0.004742,"31":0.007113,"32":0.014226,"33":0.045049,"34":0.258439,"35":0.500281,"36":0},"safari":{"3.1":0,"3.2":0.002371,"4":0,"5":0.004742,"5.1":0.016597,"6":0,"6.1":0,"7":0.061646,"7.1":0.021339,"8":0.009484,"9":0.139889,"9.1":0},"android":{"2.1":0,"2.2":0,"2.3":0.0244027644177,"3":0,"4":0.211136961701,"4.1":0.444554708305,"4.2-4.3":0.997330371855,"4.4":2.00845361055,"4.4.3-4.4.4":1.07902658317,"47":null},"ios_saf":{"3.2":0,"4.0-4.1":0,"4.2-4.3":0,"5.0-5.1":0,"6.0-6.1":0,"7.0-7.1":0.0420036470467,"8":0.00285142251492,"8.1-8.4":0.116030962338,"9.0-9.2":0.9048879681,"9.3":null},"op_mob":{"10":0,"11":0,"11.1":0,"11.5":0,"12":0.00313745621251,"12.1":0.00313745621251,"0":0.134910617138},"ie":{"5.5":0,"6":0.00954242299795,"7":0.00238560574949,"8":0.181306036961,"9":0.0954242299795,"10":0.14075073922,"11":0.665584004107},"bb":{"7":0.07819725,"10":null},"ie_mob":{"10":0.222352019417,"11":0.983029980583},"edge":{"12":0.080614,"13":0.073501,"14":0},"and_uc":{"0":8.491077},"op_mini":{"5.0-8.0":54.7799854704},"and_chr":{"0":5.875937},"and_ff":{"0":0.045774}},"total":97.876906289}