{"id":"BN","name":"Brunei Darussalam","month":"2016-02","access_date":"2016-03-03","data":{"firefox":{"2":0.012268,"3":0.027603,"3.5":0,"3.6":0.015335,"4":0.003067,"5":0.009201,"6":0.009201,"7":0.006134,"8":0,"9":0.012268,"10":0.009201,"11":0.012268,"12":0.012268,"13":0.009201,"14":0.006134,"15":0.003067,"16":0.015335,"17":0.006134,"18":0,"19":0.003067,"20":0.006134,"21":0.018402,"22":0.003067,"23":0.003067,"24":0.006134,"25":0.012268,"26":0.003067,"27":0.067474,"28":0.006134,"29":0.024536,"30":0.015335,"31":0.027603,"32":0.073608,"33":0.015335,"34":0.027603,"35":0.024536,"36":0.021469,"37":0.042938,"38":0.058273,"39":0.085876,"40":0.046005,"41":0.076675,"42":0.150283,"43":1.186929,"44":2.1469,"45":0.309767,"46":0.003067,"47":0},"chrome":{"4":0,"5":0.006134,"6":0.003067,"7":0,"8":0,"9":0,"10":0.009201,"11":0.024536,"12":0.006134,"13":0,"14":0.009201,"15":0,"16":0,"17":0,"18":0.003067,"19":0,"20":0.003067,"21":0.024536,"22":0.021469,"23":0,"24":0,"25":0.003067,"26":0.003067,"27":0.006134,"28":0.003067,"29":0.012268,"30":0.003067,"31":0.058273,"32":0.015335,"33":0.082809,"34":0.009201,"35":0.052139,"36":0.052139,"37":0.012268,"38":0.024536,"39":0.027603,"40":0.033737,"41":0.036804,"42":0.015335,"43":0.088943,"44":0.101211,"45":0.180953,"46":0.159484,"47":0.591931,"48":11.338699,"49":0.055206,"50":0.101211,"51":0},"opera":{"9":0,"9.5-9.6":0,"10.0-10.1":0,"10.5":0,"10.6":0,"11":0,"11.1":0,"11.5":0,"11.6":0.003067,"12":0.006134,"12.1":0.205489,"15":0,"16":0,"17":0,"18":0,"19":0,"20":0,"21":0,"22":0,"23":0,"24":0,"25":0,"26":0.003067,"27":0,"28":0.021469,"29":0.009201,"30":0.015335,"31":0,"32":0.018402,"33":0.03067,"34":0.107345,"35":0.251494,"36":0},"safari":{"3.1":0,"3.2":0,"4":0.021469,"5":0.036804,"5.1":0.101211,"6":0.018402,"6.1":0.039871,"7":0.049072,"7.1":0.03067,"8":0.285231,"9":0.926234,"9.1":0.003067},"android":{"2.1":0,"2.2":0,"2.3":0.0448425125807,"3":0,"4":0.387985217546,"4.1":0.816913598753,"4.2-4.3":1.83269399243,"4.4":3.69073375284,"4.4.3-4.4.4":1.98281892585,"47":null},"ios_saf":{"3.2":0,"4.0-4.1":0,"4.2-4.3":0,"5.0-5.1":0,"6.0-6.1":0,"7.0-7.1":0.404338672772,"8":0.0274485783083,"8.1-8.4":1.11694599424,"9.0-9.2":8.71070075468,"9.3":null},"op_mob":{"10":0,"11":0,"11.1":0,"11.5":0,"12":0.00186741473865,"12.1":0.00186741473865,"0":0.0802988337618},"ie":{"5.5":0,"6":0.00313295698925,"7":0.00939887096774,"8":0.16604672043,"9":0.219306989247,"10":0.231838817204,"11":1.40043177419},"bb":{"7":0.01213275,"10":null},"ie_mob":{"10":0.0153468349515,"11":0.0678491650485},"edge":{"12":0.107345,"13":0.199355,"14":0},"and_uc":{"0":6.926067},"op_mini":{"5.0-8.0":32.6050613368},"and_chr":{"0":14.519704},"and_ff":{"0":0.048531}},"total":95.627843879}