{"id":"BO","name":"Bolivia","month":"2016-02","access_date":"2016-03-03","data":{"firefox":{"2":0.011548,"3":0.05774,"3.5":0.017322,"3.6":0.063514,"4":0.017322,"5":0.017322,"6":0.023096,"7":0.005774,"8":0.051966,"9":0.011548,"10":0.011548,"11":0.017322,"12":0.069288,"13":0.02887,"14":0.023096,"15":0.023096,"16":0.034644,"17":0.063514,"18":0.040418,"19":0.023096,"20":0.051966,"21":0.02887,"22":0.034644,"23":0.02887,"24":0.02887,"25":0.051966,"26":0.034644,"27":0.046192,"28":0.034644,"29":0.069288,"30":0.103932,"31":0.08661,"32":0.080836,"33":0.121254,"34":0.150124,"35":0.167446,"36":0.109706,"37":0.190542,"38":0.300248,"39":0.300248,"40":0.254056,"41":0.265604,"42":0.43305,"43":3.86858,"44":5.277436,"45":0.092384,"46":0.023096,"47":0.005774},"chrome":{"4":0,"5":0.005774,"6":0,"7":0,"8":0.017322,"9":0.005774,"10":0.005774,"11":0.098158,"12":0.011548,"13":0.023096,"14":0.005774,"15":0.005774,"16":0.005774,"17":0,"18":0.05774,"19":0.005774,"20":0,"21":0.011548,"22":0.02887,"23":0.034644,"24":0.005774,"25":0.040418,"26":0.051966,"27":0.017322,"28":0.017322,"29":0.040418,"30":0.017322,"31":0.109706,"32":0.034644,"33":0.17322,"34":0.051966,"35":0.05774,"36":0.05774,"37":0.063514,"38":0.190542,"39":0.14435,"40":0.109706,"41":0.092384,"42":0.092384,"43":0.473468,"44":0.329118,"45":0.381084,"46":0.421502,"47":1.362664,"48":27.767166,"49":0.109706,"50":0.040418,"51":0},"opera":{"9":0,"9.5-9.6":0,"10.0-10.1":0,"10.5":0,"10.6":0,"11":0,"11.1":0,"11.5":0.005774,"11.6":0.005774,"12":0.005774,"12.1":0.051966,"15":0,"16":0,"17":0,"18":0,"19":0,"20":0,"21":0,"22":0,"23":0,"24":0,"25":0,"26":0.005774,"27":0.011548,"28":0.017322,"29":0.017322,"30":0.011548,"31":0.011548,"32":0.011548,"33":0.023096,"34":0.20209,"35":0.51966,"36":0.005774},"safari":{"3.1":0,"3.2":0,"4":0.005774,"5":0.02887,"5.1":0.075062,"6":0.02887,"6.1":0.046192,"7":0.034644,"7.1":0.023096,"8":0.306022,"9":0.652462,"9.1":0.005774},"android":{"2.1":0,"2.2":0,"2.3":0.0411605664663,"3":0,"4":0.356128379426,"4.1":0.749838145625,"4.2-4.3":1.68221445558,"4.4":3.38769357916,"4.4.3-4.4.4":1.82001287375,"47":null},"ios_saf":{"3.2":0,"4.0-4.1":0,"4.2-4.3":0,"5.0-5.1":0,"6.0-6.1":0,"7.0-7.1":0.116124433423,"8":0.00788312080675,"8.1-8.4":0.320782377444,"9.0-9.2":2.50167806833,"9.3":null},"op_mob":{"10":0,"11":0,"11.1":0,"11.5":0,"12":0.000364056441017,"12.1":0.000364056441017,"0":0.0156544269637},"ie":{"5.5":0,"6":0.0522511358025,"7":0.0116113635117,"8":0.777961355281,"9":0.272867042524,"10":0.574762493827,"11":2.50224883676},"bb":{"7":0.0137345,"10":null},"ie_mob":{"10":0.125508097087,"11":0.554877902913},"edge":{"12":0.17322,"13":0.184768,"14":0},"and_uc":{"0":3.017364},"op_mini":{"5.0-8.0":6.35642546015},"and_chr":{"0":24.849076},"and_ff":{"0":0.080294}},"total":98.0899847277}