{"id":"BR","name":"Brazil","month":"2016-02","access_date":"2016-03-03","data":{"firefox":{"2":0,"3":0.014822,"3.5":0,"3.6":0.014822,"4":0.007411,"5":0,"6":0.022233,"7":0,"8":0,"9":0,"10":0.007411,"11":0.007411,"12":0.014822,"13":0.007411,"14":0.007411,"15":0.007411,"16":0.014822,"17":0.014822,"18":0.007411,"19":0.007411,"20":0.022233,"21":0.044466,"22":0.014822,"23":0.022233,"24":0.029644,"25":0.014822,"26":0.007411,"27":0.007411,"28":0.014822,"29":0.022233,"30":0.022233,"31":0.103754,"32":0.014822,"33":0.029644,"34":0.014822,"35":0.029644,"36":0.029644,"37":0.07411,"38":0.14822,"39":0.088932,"40":0.081521,"41":0.088932,"42":0.133398,"43":2.067669,"44":4.535532,"45":0.07411,"46":0.007411,"47":0.007411},"chrome":{"4":0,"5":0,"6":0,"7":0,"8":0,"9":0,"10":0.007411,"11":0.014822,"12":0.007411,"13":0,"14":0,"15":0,"16":0,"17":0,"18":0.014822,"19":0,"20":0,"21":0.007411,"22":0.037055,"23":0,"24":0.007411,"25":0.014822,"26":0.022233,"27":0.022233,"28":0.014822,"29":0.066699,"30":0.007411,"31":0.044466,"32":0.066699,"33":0.118576,"34":0.051877,"35":0.07411,"36":0.214919,"37":0.081521,"38":0.07411,"39":0.111165,"40":0.111165,"41":0.133398,"42":0.096343,"43":0.748511,"44":0.326084,"45":0.422427,"46":0.533592,"47":1.585954,"48":49.023765,"49":0.251974,"50":0.185275,"51":0},"opera":{"9":0,"9.5-9.6":0,"10.0-10.1":0,"10.5":0,"10.6":0,"11":0,"11.1":0,"11.5":0,"11.6":0.007411,"12":0.007411,"12.1":0.029644,"15":0.007411,"16":0,"17":0,"18":0,"19":0,"20":0,"21":0,"22":0,"23":0,"24":0,"25":0,"26":0,"27":0,"28":0.059288,"29":0.007411,"30":0.007411,"31":0.007411,"32":0.007411,"33":0.007411,"34":0.185275,"35":0.511359,"36":0.007411},"safari":{"3.1":0,"3.2":0,"4":0.007411,"5":0.022233,"5.1":0.044466,"6":0.014822,"6.1":0.044466,"7":0.029644,"7.1":0.022233,"8":0.170453,"9":0.881909,"9.1":0.007411},"android":{"2.1":0,"2.2":0,"2.3":0.0198378917836,"3":0,"4":0.17164088978,"4.1":0.361394637275,"4.2-4.3":0.810766012024,"4.4":1.63274474549,"4.4.3-4.4.4":0.877179823647,"47":null},"ios_saf":{"3.2":0,"4.0-4.1":0,"4.2-4.3":0,"5.0-5.1":0,"6.0-6.1":0,"7.0-7.1":0.15578483618,"8":0.0105754719078,"8.1-8.4":0.430340356864,"9.0-9.2":3.35608533505,"9.3":null},"op_mob":{"10":0,"11":0,"11.1":0,"11.5":0,"12":4.82155955441e-5,"12.1":4.82155955441e-5,"0":0.0020732706084},"ie":{"5.5":0,"6":0.0152430795455,"7":0.0152430795455,"8":0.518264704545,"9":0.411563147727,"10":0.373455448864,"11":2.65991738068},"bb":{"7":0.00970875,"10":null},"ie_mob":{"10":0.256461815534,"11":1.13383118447},"edge":{"12":0.259385,"13":0.652168,"14":0},"and_uc":{"0":1.154694},"op_mini":{"5.0-8.0":0.841844298201},"and_chr":{"0":18.022284},"and_ff":{"0":0.020712}},"total":98.6786395909}