{"id":"BT","name":"Bhutan","month":"2016-02","access_date":"2016-03-03","data":{"firefox":{"2":0,"3":0.055744,"3.5":0.006968,"3.6":0.01742,"4":0.006968,"5":0.010452,"6":0.013936,"7":0.006968,"8":0.006968,"9":0,"10":0.094068,"11":0.010452,"12":0.038324,"13":0.003484,"14":0.013936,"15":0.055744,"16":0.020904,"17":0.010452,"18":0.048776,"19":0.013936,"20":0.003484,"21":0.010452,"22":0.003484,"23":0.01742,"24":0.01742,"25":0.006968,"26":0.010452,"27":0.013936,"28":0.003484,"29":0.01742,"30":0.01742,"31":0.024388,"32":0.05226,"33":0.03484,"34":0.020904,"35":0.041808,"36":0.03484,"37":0.083616,"38":0.289172,"39":0.03484,"40":0.1742,"41":0.097552,"42":0.114972,"43":1.337856,"44":1.971944,"45":0.693316,"46":0.003484,"47":0.006968},"chrome":{"4":0.024388,"5":0.024388,"6":0.003484,"7":0.006968,"8":0,"9":0.003484,"10":0.01742,"11":0.027872,"12":0.020904,"13":0,"14":0.027872,"15":0,"16":0.003484,"17":0,"18":0.041808,"19":0,"20":0,"21":0,"22":0,"23":0.010452,"24":0,"25":0.020904,"26":0,"27":0.006968,"28":0.013936,"29":0.010452,"30":0.045292,"31":0.013936,"32":0.048776,"33":0.097552,"34":0.01742,"35":0.01742,"36":0.013936,"37":0.031356,"38":0.03484,"39":0.024388,"40":0.031356,"41":0.05226,"42":0.031356,"43":0.829192,"44":0.132392,"45":0.62712,"46":0.250848,"47":0.641056,"48":15.650128,"49":0.202072,"50":0.397176,"51":0},"opera":{"9":0,"9.5-9.6":0,"10.0-10.1":0,"10.5":0,"10.6":0,"11":0,"11.1":0,"11.5":0.003484,"11.6":0.003484,"12":0,"12.1":0,"15":0,"16":0,"17":0,"18":0.003484,"19":0.003484,"20":0,"21":0.006968,"22":0.003484,"23":0,"24":0,"25":0,"26":0,"27":0,"28":0.003484,"29":0.013936,"30":0.003484,"31":0,"32":0.003484,"33":0.010452,"34":0.083616,"35":0.257816,"36":0.003484},"safari":{"3.1":0,"3.2":0,"4":0.003484,"5":0.01742,"5.1":0.03484,"6":0.006968,"6.1":0.010452,"7":0.013936,"7.1":0.076648,"8":0.177684,"9":0.31356,"9.1":0},"android":{"2.1":0,"2.2":0,"2.3":0.0288423584948,"3":0,"4":0.249549101759,"4.1":0.525432530839,"4.2-4.3":1.17877465153,"4.4":2.37385150568,"4.4.3-4.4.4":1.2753338517,"47":null},"ios_saf":{"3.2":0,"4.0-4.1":0,"4.2-4.3":0,"5.0-5.1":0,"6.0-6.1":0,"7.0-7.1":0.154740512863,"8":0.0105045778967,"8.1-8.4":0.42745551595,"9.0-9.2":3.33358739329,"9.3":null},"op_mob":{"10":0,"11":0,"11.1":0,"11.5":0,"12":0.00104077326478,"12.1":0.00104077326478,"0":0.0447532503856},"ie":{"5.5":0,"6":0.010452,"7":0.006968,"8":0.334464,"9":0.108004,"10":0.080132,"11":1.181076},"bb":{"7":0.003258,"10":null},"ie_mob":{"10":0.417087262136,"11":1.84396473786},"edge":{"12":0.118456,"13":0.094068,"14":0},"and_uc":{"0":15.579756},"op_mini":{"5.0-8.0":18.1719012031},"and_chr":{"0":24.071232},"and_ff":{"0":0.039096}},"total":97.753014}