{"id":"BW","name":"Botswana","month":"2016-02","access_date":"2016-03-03","data":{"firefox":{"2":0,"3":0.033258,"3.5":0.005543,"3.6":0.033258,"4":0.033258,"5":0.011086,"6":0.005543,"7":0.016629,"8":0.011086,"9":0.005543,"10":0.038801,"11":0.033258,"12":0.049887,"13":0.027715,"14":0.033258,"15":0.022172,"16":0.11086,"17":0.016629,"18":1.252718,"19":0.144118,"20":0.05543,"21":0.011086,"22":0.005543,"23":0.066516,"24":0.011086,"25":0.016629,"26":0.033258,"27":0.454526,"28":0.027715,"29":0.432354,"30":0.072059,"31":0.033258,"32":0.016629,"33":0.05543,"34":2.416748,"35":0.327037,"36":0.038801,"37":0.099774,"38":0.160747,"39":0.282693,"40":0.260521,"41":0.321494,"42":0.321494,"43":3.314714,"44":4.190508,"45":0.83145,"46":0.011086,"47":0.016629},"chrome":{"4":0,"5":0,"6":0,"7":0.005543,"8":0,"9":0,"10":0,"11":0.083145,"12":0.011086,"13":0,"14":0,"15":0,"16":0.005543,"17":0,"18":0.033258,"19":0,"20":0.005543,"21":0.016629,"22":0.011086,"23":0.005543,"24":0,"25":0.005543,"26":0.016629,"27":0.005543,"28":0.011086,"29":0.160747,"30":0.016629,"31":0.083145,"32":0.022172,"33":0.033258,"34":0.038801,"35":0.066516,"36":0.05543,"37":0.033258,"38":0.038801,"39":0.060973,"40":0.127489,"41":0.033258,"42":0.11086,"43":0.537671,"44":0.238349,"45":0.604187,"46":0.343666,"47":0.925681,"48":16.113501,"49":0.088688,"50":0.149661,"51":0},"opera":{"9":0,"9.5-9.6":0,"10.0-10.1":0,"10.5":0,"10.6":0,"11":0.005543,"11.1":0,"11.5":0,"11.6":0.016629,"12":0,"12.1":0.016629,"15":0.005543,"16":0,"17":0.011086,"18":0.005543,"19":0.005543,"20":0.005543,"21":0,"22":0,"23":0.005543,"24":0,"25":0,"26":0,"27":0,"28":0.005543,"29":0.005543,"30":0.005543,"31":0.005543,"32":0.022172,"33":0.011086,"34":0.155204,"35":0.465612,"36":0},"safari":{"3.1":0,"3.2":0,"4":0.027715,"5":0.022172,"5.1":0.155204,"6":0.027715,"6.1":0.022172,"7":0.033258,"7.1":0.027715,"8":0.171833,"9":0.515499,"9.1":0},"android":{"2.1":0,"2.2":0,"2.3":0.0394604050323,"3":0,"4":0.341418287018,"4.1":0.718865639501,"4.2-4.3":1.61272959697,"4.4":3.24776290114,"4.4.3-4.4.4":1.74483617034,"47":null},"ios_saf":{"3.2":0,"4.0-4.1":0,"4.2-4.3":0,"5.0-5.1":0,"6.0-6.1":0,"7.0-7.1":0.0935574254991,"8":0.00635115682239,"8.1-8.4":0.258443227619,"9.0-9.2":2.01551519006,"9.3":null},"op_mob":{"10":0,"11":0,"11.1":0,"11.5":0,"12":0.000710370179949,"12.1":0.000710370179949,"0":0.0305459177378},"ie":{"5.5":0,"6":0.0222722350814,"7":1.20270069439,"8":2.45551391772,"9":1.34747022242,"10":1.7093940425,"11":5.57362682911},"bb":{"7":0.47578475,"10":null},"ie_mob":{"10":0.422592834951,"11":1.86830516505},"edge":{"12":0.410182,"13":0.33258,"14":0},"and_uc":{"0":5.892154},"op_mini":{"5.0-8.0":12.4030633419},"and_chr":{"0":11.801897},"and_ff":{"0":1.943252}},"total":95.5975796912}