{"id":"CG","name":"Congo, Republic of the","month":"2016-02","access_date":"2016-03-03","data":{"firefox":{"2":0.010085,"3":0.50425,"3.5":0.012102,"3.6":0.008068,"4":0.012102,"5":0.010085,"6":0.006051,"7":0.002017,"8":0.004034,"9":0.002017,"10":0.008068,"11":0.024204,"12":0.048408,"13":0.008068,"14":0.030255,"15":0.030255,"16":0.042357,"17":0.018153,"18":0.012102,"19":0.006051,"20":0.016136,"21":0.229938,"22":0.04034,"23":0.04034,"24":0.048408,"25":0.052442,"26":0.010085,"27":0.026221,"28":0.026221,"29":0.050425,"30":0.036306,"31":0.06051,"32":0.018153,"33":0.070595,"34":0.02017,"35":0.022187,"36":0.068578,"37":0.246074,"38":0.086731,"39":0.08068,"40":0.064544,"41":0.048408,"42":0.135139,"43":1.696297,"44":2.119867,"45":0.125054,"46":0.018153,"47":0},"chrome":{"4":0.004034,"5":0.002017,"6":0.010085,"7":0,"8":0,"9":0.008068,"10":0.006051,"11":0.044374,"12":0.002017,"13":0.002017,"14":0.008068,"15":0.004034,"16":0,"17":0.004034,"18":0.004034,"19":0,"20":0.004034,"21":0.010085,"22":0.010085,"23":0,"24":0,"25":0.004034,"26":0.010085,"27":0.082697,"28":0.036306,"29":0.036306,"30":0.018153,"31":0.641406,"32":0.038323,"33":0.030255,"34":0.028238,"35":0.048408,"36":0.054459,"37":0.050425,"38":0.004034,"39":0.02017,"40":0.016136,"41":0.391298,"42":0.024204,"43":0.056476,"44":0.058493,"45":0.211785,"46":0.066561,"47":0.227921,"48":4.078374,"49":0.008068,"50":0.010085,"51":0},"opera":{"9":0,"9.5-9.6":0.002017,"10.0-10.1":0,"10.5":0,"10.6":0.014119,"11":0.006051,"11.1":0.002017,"11.5":0.004034,"11.6":0.04034,"12":0.062527,"12.1":0.125054,"15":0.006051,"16":0.004034,"17":0.002017,"18":0.004034,"19":0,"20":0.006051,"21":0.002017,"22":0.008068,"23":0,"24":0.002017,"25":0,"26":0,"27":0.002017,"28":0.373145,"29":0.006051,"30":0.012102,"31":0.008068,"32":0.014119,"33":0.010085,"34":0.173462,"35":0.447774,"36":0},"safari":{"3.1":0,"3.2":0,"4":0,"5":0.056476,"5.1":0.052442,"6":0.044374,"6.1":0.008068,"7":0.02017,"7.1":0.022187,"8":0.108918,"9":0.223887,"9.1":0},"android":{"2.1":0,"2.2":0,"2.3":0.0279280841683,"3":0,"4":0.241638641283,"4.1":0.508776837675,"4.2-4.3":1.14140865731,"4.4":2.29860275351,"4.4.3-4.4.4":1.23490702605,"47":null},"ios_saf":{"3.2":0,"4.0-4.1":0,"4.2-4.3":0,"5.0-5.1":0,"6.0-6.1":0,"7.0-7.1":0.0751210477464,"8":0.0050996011525,"8.1-8.4":0.207514539206,"9.0-9.2":1.6183388119,"9.3":null},"op_mob":{"10":0,"11":0,"11.1":0,"11.5":0,"12":0.00271618097686,"12.1":0.00271618097686,"0":0.116795782005},"ie":{"5.5":0,"6":0.00206985931034,"7":0.0103492965517,"8":0.223544805517,"9":1.00388176552,"10":0.438810173793,"11":1.31229080276},"bb":{"7":0.295371,"10":null},"ie_mob":{"10":0.128115524272,"11":0.566405475728},"edge":{"12":0.072612,"13":0.088748,"14":0},"and_uc":{"0":16.117677},"op_mini":{"5.0-8.0":47.424519856},"and_chr":{"0":6.856554},"and_ff":{"0":0.071847}},"total":96.6006247034}