{"id":"CH","name":"Switzerland","month":"2016-02","access_date":"2016-03-03","data":{"firefox":{"2":0,"3":0,"3.5":0,"3.6":0.024423,"4":0,"5":0,"6":0,"7":0,"8":0,"9":0,"10":0.008141,"11":0.008141,"12":0.016282,"13":0.008141,"14":0.008141,"15":0.008141,"16":0.032564,"17":0.008141,"18":0,"19":0.008141,"20":0.008141,"21":0.016282,"22":0.008141,"23":0.008141,"24":0.016282,"25":0.008141,"26":0.016282,"27":0.016282,"28":0.024423,"29":0.016282,"30":0.016282,"31":0.08141,"32":0.016282,"33":0.040705,"34":0.040705,"35":0.089551,"36":0.048846,"37":0.065128,"38":0.586152,"39":0.130256,"40":0.113974,"41":0.187243,"42":0.260512,"43":3.915821,"44":8.328243,"45":0.073269,"46":0.008141,"47":0},"chrome":{"4":0,"5":0,"6":0,"7":0,"8":0,"9":0,"10":0,"11":0.024423,"12":0,"13":0,"14":0,"15":0,"16":0,"17":0,"18":0,"19":0,"20":0,"21":0.008141,"22":0.024423,"23":0,"24":0,"25":0.008141,"26":0.008141,"27":0.008141,"28":0.008141,"29":0.016282,"30":0,"31":0.024423,"32":0.016282,"33":0.065128,"34":0.032564,"35":0.040705,"36":0.016282,"37":0.016282,"38":0.032564,"39":0.065128,"40":0.032564,"41":0.073269,"42":0.073269,"43":0.089551,"44":0.065128,"45":0.16282,"46":0.16282,"47":0.643139,"48":14.727069,"49":0.048846,"50":0.032564,"51":0},"opera":{"9":0,"9.5-9.6":0,"10.0-10.1":0,"10.5":0,"10.6":0,"11":0,"11.1":0,"11.5":0,"11.6":0,"12":0.008141,"12.1":0.065128,"15":0,"16":0,"17":0,"18":0,"19":0,"20":0,"21":0,"22":0,"23":0,"24":0,"25":0,"26":0,"27":0,"28":0.016282,"29":0,"30":0,"31":0,"32":0,"33":0.008141,"34":0.097692,"35":0.415191,"36":0},"safari":{"3.1":0,"3.2":0,"4":0.024423,"5":0.130256,"5.1":0.610575,"6":0.073269,"6.1":0.480319,"7":0.138397,"7.1":0.130256,"8":0.822241,"9":5.421906,"9.1":0.024423},"android":{"2.1":0,"2.2":0,"2.3":0.01225782721,"3":0,"4":0.106056852817,"4.1":0.223305634825,"4.2-4.3":0.500972068582,"4.4":1.00887247428,"4.4.3-4.4.4":0.542009142285,"47":null},"ios_saf":{"3.2":0,"4.0-4.1":0,"4.2-4.3":0,"5.0-5.1":0,"6.0-6.1":0,"7.0-7.1":0.800997915723,"8":0.0543758376209,"8.1-8.4":2.2126783155,"9.0-9.2":17.2559629312,"9.3":null},"op_mob":{"10":0,"11":0,"11.1":0,"11.5":0,"12":2.12396458155e-6,"12.1":2.12396458155e-6,"0":9.13304770066e-5},"ie":{"5.5":0,"6":0,"7":0.0244307954038,"8":0.23616435557,"9":0.920226626875,"10":1.26225776253,"11":23.0545272627},"bb":{"7":0.01068925,"10":null},"ie_mob":{"10":0.0648123203883,"11":0.286538679612},"edge":{"12":0.610575,"13":2.548133,"14":0},"and_uc":{"0":0.035321},"op_mini":{"5.0-8.0":0.0370844215938},"and_chr":{"0":6.206031},"and_ff":{"0":0.029744}},"total":97.3081630531}