{"id":"CY","name":"Cyprus","month":"2016-02","access_date":"2016-03-03","data":{"firefox":{"2":0,"3":0.007557,"3.5":0,"3.6":0.030228,"4":0.015114,"5":0,"6":0.030228,"7":0,"8":0,"9":0,"10":0.007557,"11":0,"12":0.007557,"13":0,"14":0.007557,"15":0,"16":0.015114,"17":0,"18":0,"19":0,"20":0.022671,"21":0.022671,"22":0,"23":0.007557,"24":0.015114,"25":0.007557,"26":0.045342,"27":0.007557,"28":0.007557,"29":0.007557,"30":0.007557,"31":0.015114,"32":0.007557,"33":0.007557,"34":0.022671,"35":0.022671,"36":0.030228,"37":0.052899,"38":0.083127,"39":0.083127,"40":0.090684,"41":0.068013,"42":0.113355,"43":2.524038,"44":5.425926,"45":0.07557,"46":0.007557,"47":0.007557},"chrome":{"4":0,"5":0,"6":0,"7":0,"8":0,"9":0,"10":0,"11":0.030228,"12":0.007557,"13":0,"14":0,"15":0,"16":0,"17":0,"18":0,"19":0,"20":0,"21":0.007557,"22":0.052899,"23":0.007557,"24":0,"25":0.007557,"26":0.015114,"27":0.015114,"28":0.007557,"29":0.022671,"30":0.037785,"31":0.037785,"32":0.015114,"33":0.045342,"34":0.037785,"35":0.052899,"36":0.052899,"37":0.052899,"38":0.068013,"39":0.090684,"40":0.037785,"41":0.060456,"42":0.967296,"43":0.188925,"44":0.241824,"45":0.370293,"46":0.211596,"47":1.13355,"48":38.646498,"49":0.120912,"50":0.090684,"51":0},"opera":{"9":0,"9.5-9.6":0,"10.0-10.1":0,"10.5":0,"10.6":0,"11":0,"11.1":0,"11.5":0,"11.6":0,"12":0.007557,"12.1":0.045342,"15":0,"16":0,"17":0,"18":0,"19":0,"20":0,"21":0,"22":0,"23":0,"24":0,"25":0,"26":0,"27":0,"28":0.022671,"29":0,"30":0.007557,"31":0,"32":0,"33":0.007557,"34":0.143583,"35":0.710358,"36":0},"safari":{"3.1":0,"3.2":0.007557,"4":0.030228,"5":0.07557,"5.1":0.22671,"6":0.015114,"6.1":0.105798,"7":0.068013,"7.1":0.068013,"8":0.234267,"9":1.730553,"9.1":0.007557},"android":{"2.1":0,"2.2":0,"2.3":0.0231507060788,"3":0,"4":0.200303935204,"4.1":0.42174547161,"4.2-4.3":0.946159291917,"4.4":1.90540376553,"4.4.3-4.4.4":1.02366382966,"47":null},"ios_saf":{"3.2":0,"4.0-4.1":0,"4.2-4.3":0,"5.0-5.1":0,"6.0-6.1":0,"7.0-7.1":0.460787504939,"8":0.0312806139123,"8.1-8.4":1.27288036612,"9.0-9.2":9.92678251502,"9.3":null},"op_mob":{"10":0,"11":0,"11.1":0,"11.5":0,"12":1.32582119394e-5,"12.1":1.32582119394e-5,"0":0.000570103113396},"ie":{"5.5":0,"6":0.0152722617801,"7":0.0229083926702,"8":1.01560540838,"9":0.488712376963,"10":0.358898151832,"11":6.84960940838},"bb":{"7":0.0109935,"10":null},"ie_mob":{"10":0.063992368932,"11":0.282913631068},"edge":{"12":0.287166,"13":1.05798,"14":0},"and_uc":{"0":0.835506},"op_mini":{"5.0-8.0":0.231488380463},"and_chr":{"0":15.227216},"and_ff":{"0":0.029316}},"total":98.1488755}