{"id":"CZ","name":"Czech Republic","month":"2016-02","access_date":"2016-03-03","data":{"firefox":{"2":0,"3":0.008955,"3.5":0,"3.6":0.026865,"4":0.008955,"5":0,"6":0.01791,"7":0,"8":0.008955,"9":0.008955,"10":0.008955,"11":0.008955,"12":0.03582,"13":0.008955,"14":0.008955,"15":0.008955,"16":0.008955,"17":0.008955,"18":0.03582,"19":0.008955,"20":0.01791,"21":0.05373,"22":0.008955,"23":0.008955,"24":0.03582,"25":0.07164,"26":0.026865,"27":0.01791,"28":0.044775,"29":0.01791,"30":0.026865,"31":0.05373,"32":0.026865,"33":0.044775,"34":0.03582,"35":0.080595,"36":0.03582,"37":0.098505,"38":0.48357,"39":0.134325,"40":0.12537,"41":0.170145,"42":0.30447,"43":5.14017,"44":13.0743,"45":0.098505,"46":0.01791,"47":0.008955},"chrome":{"4":0,"5":0,"6":0,"7":0,"8":0,"9":0,"10":0,"11":0.05373,"12":0.008955,"13":0,"14":0,"15":0.008955,"16":0,"17":0,"18":0.008955,"19":0,"20":0.080595,"21":0,"22":0.07164,"23":0.008955,"24":0,"25":0.008955,"26":0.026865,"27":0.01791,"28":0.01791,"29":0.116415,"30":0.008955,"31":0.098505,"32":0.01791,"33":0.026865,"34":0.080595,"35":0.044775,"36":0.062685,"37":0.062685,"38":0.044775,"39":0.10746,"40":0.062685,"41":0.116415,"42":0.080595,"43":0.205965,"44":0.223875,"45":0.420885,"46":0.402975,"47":1.80891,"48":38.622915,"49":0.12537,"50":0.080595,"51":0},"opera":{"9":0,"9.5-9.6":0,"10.0-10.1":0,"10.5":0,"10.6":0,"11":0.008955,"11.1":0,"11.5":0.008955,"11.6":0.01791,"12":0.03582,"12.1":0.635805,"15":0.03582,"16":0,"17":0,"18":0,"19":0,"20":0.008955,"21":0.01791,"22":0,"23":0.008955,"24":0,"25":0,"26":0.008955,"27":0,"28":0.07164,"29":0.008955,"30":0.01791,"31":0.026865,"32":0.026865,"33":0.07164,"34":0.779085,"35":2.713365,"36":0.026865},"safari":{"3.1":0,"3.2":0,"4":0.008955,"5":0.026865,"5.1":0.07164,"6":0.01791,"6.1":0.05373,"7":0.03582,"7.1":0.026865,"8":0.205965,"9":1.6119,"9.1":0.026865},"android":{"2.1":0,"2.2":0,"2.3":0.0122623903362,"3":0,"4":0.106096333779,"4.1":0.223388763082,"4.2-4.3":0.501158561568,"4.4":1.00924803941,"4.4.3-4.4.4":0.542210911824,"47":null},"ios_saf":{"3.2":0,"4.0-4.1":0,"4.2-4.3":0,"5.0-5.1":0,"6.0-6.1":0,"7.0-7.1":0.132076079955,"8":0.0089660002058,"8.1-8.4":0.364847239144,"9.0-9.2":2.8453256807,"9.3":null},"op_mob":{"10":0,"11":0,"11.1":0,"11.5":0,"12":2.28043416167e-5,"12.1":2.28043416167e-5,"0":0.000980586689517},"ie":{"5.5":0,"6":0.0269453139013,"7":0.00898177130045,"8":0.709559932735,"9":0.520942735426,"10":0.520942735426,"11":10.194310426},"bb":{"7":0.01750375,"10":null},"ie_mob":{"10":0.0963834951456,"11":0.426116504854},"edge":{"12":0.367155,"13":1.6119,"14":0.008955},"and_uc":{"0":0.145255},"op_mini":{"5.0-8.0":0.398163804627},"and_chr":{"0":6.940125},"and_ff":{"0":0.02508}},"total":98.0079466648}