{"id":"DO","name":"Dominican Republic","month":"2016-02","access_date":"2016-03-03","data":{"firefox":{"2":0.006883,"3":0.048181,"3.5":0.006883,"3.6":0.034415,"4":0.013766,"5":0.006883,"6":0.061947,"7":0,"8":0,"9":0,"10":0,"11":0.006883,"12":0.006883,"13":0,"14":0.006883,"15":0,"16":0.006883,"17":0,"18":0.006883,"19":0.006883,"20":0.027532,"21":0.041298,"22":0.006883,"23":0.006883,"24":0.013766,"25":0.006883,"26":0.013766,"27":0.006883,"28":0.013766,"29":0.013766,"30":0.013766,"31":0.034415,"32":0.020649,"33":0.027532,"34":0.013766,"35":0.061947,"36":0.061947,"37":0.075713,"38":0.117011,"39":0.151426,"40":0.172075,"41":0.075713,"42":0.192724,"43":1.775814,"44":3.393319,"45":0.034415,"46":0.006883,"47":0},"chrome":{"4":0,"5":0.006883,"6":0,"7":0,"8":0,"9":0,"10":0.006883,"11":0.061947,"12":0.006883,"13":0.006883,"14":0.006883,"15":0,"16":0,"17":0,"18":0.020649,"19":0,"20":0,"21":0.013766,"22":0.061947,"23":0.006883,"24":0.006883,"25":0.013766,"26":0.013766,"27":0.020649,"28":0.027532,"29":0.502459,"30":0.013766,"31":0.075713,"32":0.034415,"33":0.027532,"34":0.048181,"35":0.055064,"36":0.089479,"37":0.075713,"38":0.082596,"39":0.165192,"40":0.089479,"41":0.165192,"42":0.110128,"43":0.502459,"44":0.860375,"45":0.578172,"46":0.536874,"47":2.567359,"48":37.471052,"49":0.261554,"50":0.061947,"51":0},"opera":{"9":0,"9.5-9.6":0.006883,"10.0-10.1":0,"10.5":0,"10.6":0,"11":0,"11.1":0,"11.5":0,"11.6":0.006883,"12":0.013766,"12.1":0.061947,"15":0.041298,"16":0,"17":0,"18":0,"19":0,"20":0.006883,"21":0,"22":0,"23":0.006883,"24":0,"25":0,"26":0,"27":0,"28":0.055064,"29":0.013766,"30":0.013766,"31":0.055064,"32":0.020649,"33":0.027532,"34":0.440512,"35":0.743364,"36":0.006883},"safari":{"3.1":0,"3.2":0,"4":0.075713,"5":0.06883,"5.1":0.06883,"6":0.013766,"6.1":0.075713,"7":0.048181,"7.1":0.034415,"8":0.392331,"9":1.830878,"9.1":0.013766},"android":{"2.1":0,"2.2":0,"2.3":0.037323745491,"3":0,"4":0.322931537074,"4.1":0.679941276553,"4.2-4.3":1.5254052505,"4.4":3.07190653106,"4.4.3-4.4.4":1.65035865932,"47":null},"ios_saf":{"3.2":0,"4.0-4.1":0,"4.2-4.3":0,"5.0-5.1":0,"6.0-6.1":0,"7.0-7.1":0.293682926014,"8":0.0199366999383,"8.1-8.4":0.811270328257,"9.0-9.2":6.32683504579,"9.3":null},"op_mob":{"10":0,"11":0,"11.1":0,"11.5":0,"12":4.18449014567e-5,"12.1":4.18449014567e-5,"0":0.00179933076264},"ie":{"5.5":0,"6":0.0892041029186,"7":0.0324378556068,"8":1.37860886329,"9":0.421692122888,"10":0.608209792627,"11":2.70856094316},"bb":{"7":0.16442175,"10":null},"ie_mob":{"10":0.133970475728,"11":0.592290524272},"edge":{"12":0.295969,"13":0.543757,"14":0},"and_uc":{"0":0.361572},"op_mini":{"5.0-8.0":0.730611979434},"and_chr":{"0":19.660448},"and_ff":{"0":0.015585}},"total":97.8800814305}