{"id":"DZ","name":"Algeria","month":"2016-02","access_date":"2016-03-03","data":{"firefox":{"2":0.015678,"3":0.117585,"3.5":0.039195,"3.6":0.227331,"4":0.039195,"5":0.015678,"6":0.039195,"7":0.015678,"8":0.039195,"9":0.023517,"10":0.039195,"11":0.054873,"12":0.109746,"13":0.039195,"14":0.047034,"15":0.07839,"16":0.062712,"17":0.039195,"18":0.054873,"19":0.054873,"20":0.047034,"21":0.054873,"22":0.047034,"23":0.054873,"24":0.047034,"25":0.062712,"26":0.07839,"27":0.07839,"28":0.062712,"29":0.148941,"30":0.180297,"31":0.148941,"32":0.148941,"33":0.203814,"34":0.172458,"35":0.188136,"36":0.15678,"37":0.180297,"38":0.297882,"39":0.258687,"40":0.243009,"41":0.282204,"42":0.337077,"43":4.052763,"44":6.874803,"45":0.533052,"46":0.031356,"47":0.007839},"chrome":{"4":0.054873,"5":0.054873,"6":0.039195,"7":0.015678,"8":0.039195,"9":0.007839,"10":0.039195,"11":0.094068,"12":0.039195,"13":0.023517,"14":0.070551,"15":0.07839,"16":0.039195,"17":0.007839,"18":0.117585,"19":0.007839,"20":0.023517,"21":0.007839,"22":0.047034,"23":0.023517,"24":0.015678,"25":0.070551,"26":0.101907,"27":0.031356,"28":0.039195,"29":0.094068,"30":0.07839,"31":0.148941,"32":0.047034,"33":0.31356,"34":0.117585,"35":0.062712,"36":0.086229,"37":0.07839,"38":0.164619,"39":0.148941,"40":0.376272,"41":0.125424,"42":0.141102,"43":4.813146,"44":0.7839,"45":0.964197,"46":0.658476,"47":1.559961,"48":37.290123,"49":0.305721,"50":0.250848,"51":0},"opera":{"9":0,"9.5-9.6":0,"10.0-10.1":0,"10.5":0,"10.6":0,"11":0,"11.1":0,"11.5":0,"11.6":0.023517,"12":0.007839,"12.1":0.094068,"15":0.007839,"16":0.007839,"17":0.007839,"18":0.007839,"19":0.007839,"20":0.023517,"21":0.007839,"22":0,"23":0,"24":0,"25":0,"26":0.007839,"27":0.007839,"28":0.015678,"29":0.015678,"30":0.031356,"31":0.015678,"32":0.094068,"33":0.039195,"34":0.611442,"35":2.022462,"36":0.023517},"safari":{"3.1":0,"3.2":0,"4":0.007839,"5":0.015678,"5.1":0.023517,"6":0.015678,"6.1":0.007839,"7":0.007839,"7.1":0.007839,"8":0.047034,"9":0.125424,"9.1":0},"android":{"2.1":0,"2.2":0,"2.3":0.0378685141394,"3":0,"4":0.327644970163,"4.1":0.689865540191,"4.2-4.3":1.54766970831,"4.4":3.11674335939,"4.4.3-4.4.4":1.67444690782,"47":null},"ios_saf":{"3.2":0,"4.0-4.1":0,"4.2-4.3":0,"5.0-5.1":0,"6.0-6.1":0,"7.0-7.1":0.0673865601976,"8":0.00457454455649,"8.1-8.4":0.186148774645,"9.0-9.2":1.4517141206,"9.3":null},"op_mob":{"10":0,"11":0,"11.1":0,"11.5":0,"12":8.01193373322e-5,"12.1":8.01193373322e-5,"0":0.00344513150528},"ie":{"5.5":0,"6":0.0505287863777,"7":0.0842146439628,"8":0.698981544892,"9":0.193693681115,"10":0.210536609907,"11":1.47375626935},"bb":{"7":0.01134525,"10":null},"ie_mob":{"10":0.0701590679612,"11":0.310176932039},"edge":{"12":0.101907,"13":0.148941,"14":0},"and_uc":{"0":1.869265},"op_mini":{"5.0-8.0":1.39888362982},"and_chr":{"0":12.520135},"and_ff":{"0":0.036737}},"total":97.4582657856}