{"id":"ES","name":"Spain","month":"2016-02","access_date":"2016-03-03","data":{"firefox":{"2":0.006603,"3":0.013206,"3.5":0.006603,"3.6":0.039618,"4":0.006603,"5":0.006603,"6":0.019809,"7":0.006603,"8":0,"9":0.006603,"10":0.013206,"11":0.006603,"12":0.019809,"13":0.006603,"14":0.006603,"15":0.006603,"16":0.033015,"17":0.006603,"18":0.006603,"19":0.013206,"20":0.039618,"21":0.033015,"22":0.006603,"23":0.006603,"24":0.026412,"25":0.019809,"26":0.039618,"27":0.013206,"28":0.019809,"29":0.026412,"30":0.019809,"31":0.099045,"32":0.039618,"33":0.046221,"34":0.06603,"35":0.052824,"36":0.046221,"37":0.085839,"38":0.204693,"39":0.13206,"40":0.105648,"41":0.151869,"42":0.158472,"43":2.661009,"44":6.213423,"45":0.039618,"46":0.013206,"47":0},"chrome":{"4":0,"5":0,"6":0,"7":0,"8":0,"9":0,"10":0,"11":0.099045,"12":0,"13":0,"14":0,"15":0,"16":0,"17":0,"18":0.006603,"19":0,"20":0,"21":0.013206,"22":0.039618,"23":0.006603,"24":0.006603,"25":0.006603,"26":0.019809,"27":0.019809,"28":0.006603,"29":0.039618,"30":0.006603,"31":0.059427,"32":0.026412,"33":0.099045,"34":0.059427,"35":0.072633,"36":0.178281,"37":0.059427,"38":0.092442,"39":0.138663,"40":0.092442,"41":0.105648,"42":0.079236,"43":0.178281,"44":0.237708,"45":0.257517,"46":0.336753,"47":1.082892,"48":31.615164,"49":0.085839,"50":0.039618,"51":0},"opera":{"9":0,"9.5-9.6":0,"10.0-10.1":0,"10.5":0,"10.6":0,"11":0,"11.1":0,"11.5":0,"11.6":0.006603,"12":0.006603,"12.1":0.052824,"15":0.006603,"16":0,"17":0,"18":0,"19":0,"20":0,"21":0,"22":0,"23":0,"24":0,"25":0,"26":0,"27":0,"28":0.039618,"29":0,"30":0.006603,"31":0.006603,"32":0.006603,"33":0.006603,"34":0.118854,"35":0.415989,"36":0.006603},"safari":{"3.1":0,"3.2":0,"4":0.026412,"5":0.079236,"5.1":0.191487,"6":0.026412,"6.1":0.118854,"7":0.13206,"7.1":0.052824,"8":0.33015,"9":2.053533,"9.1":0.013206},"android":{"2.1":0,"2.2":0,"2.3":0.024866590069,"3":0,"4":0.215150061902,"4.1":0.453004401692,"4.2-4.3":1.01628672456,"4.4":2.04662847829,"4.4.3-4.4.4":1.09953574349,"47":null},"ios_saf":{"3.2":0,"4.0-4.1":0,"4.2-4.3":0,"5.0-5.1":0,"6.0-6.1":0,"7.0-7.1":0.436229984771,"8":0.0296135237703,"8.1-8.4":1.20504262112,"9.0-9.2":9.39773787034,"9.3":null},"op_mob":{"10":0,"11":0,"11.1":0,"11.5":0,"12":6.2098828906e-6,"12.1":6.2098828906e-6,"0":0.000267024964296},"ie":{"5.5":0,"6":0.0200925644172,"7":0.033487607362,"8":0.730029840491,"9":0.44873393865,"10":0.375061202454,"11":4.93607332515},"bb":{"7":0.01613575,"10":null},"ie_mob":{"10":0.102140864078,"11":0.451570135922},"edge":{"12":0.250914,"13":0.838581,"14":0},"and_uc":{"0":0.071337},"op_mini":{"5.0-8.0":0.10842455527},"and_chr":{"0":24.688562},"and_ff":{"0":0.044161}},"total":98.5093562285}