{"id":"FK","name":"Falkland Islands (Malvinas)","month":"2016-02","access_date":"2016-03-03","data":{"firefox":{"2":0,"3":0.029616,"3.5":0,"3.6":0,"4":0,"5":0,"6":0,"7":0,"8":0,"9":0,"10":0,"11":0,"12":0.014808,"13":0,"14":0,"15":0,"16":0,"17":0,"18":0,"19":0.273948,"20":0,"21":0,"22":0.1851,"23":0,"24":0.029616,"25":0.014808,"26":0.066636,"27":0,"28":0,"29":0,"30":0,"31":0,"32":0,"33":0.014808,"34":0.059232,"35":0.096252,"36":0.059232,"37":0,"38":0.14808,"39":0.118464,"40":0.088848,"41":0.096252,"42":0.347988,"43":1.984272,"44":4.753368,"45":0,"46":0,"47":0},"chrome":{"4":0,"5":0,"6":0,"7":0,"8":0,"9":0,"10":0,"11":0,"12":0,"13":0,"14":0,"15":0,"16":0,"17":0,"18":0,"19":0.014808,"20":0,"21":0,"22":0,"23":0,"24":0,"25":0,"26":0,"27":0,"28":0,"29":0.918096,"30":0,"31":0.029616,"32":0.03702,"33":0,"34":0,"35":0,"36":0,"37":0,"38":0,"39":0.03702,"40":0,"41":0.066636,"42":0.14808,"43":0.162888,"44":0.03702,"45":0.022212,"46":2.236008,"47":1.006944,"48":17.391996,"49":0.029616,"50":0.014808,"51":0},"opera":{"9":0,"9.5-9.6":0,"10.0-10.1":0,"10.5":0,"10.6":0,"11":0,"11.1":0,"11.5":0,"11.6":0,"12":0,"12.1":0.007404,"15":0,"16":0,"17":0,"18":0,"19":0,"20":0,"21":0,"22":0,"23":0,"24":0,"25":0,"26":0,"27":0,"28":0,"29":0,"30":0.251736,"31":0,"32":0,"33":0,"34":0.088848,"35":0.40722,"36":0},"safari":{"3.1":0,"3.2":0,"4":0.059232,"5":0.029616,"5.1":0.007404,"6":0.014808,"6.1":0.059232,"7":0.11106,"7.1":0.07404,"8":0.496068,"9":2.043504,"9.1":0.533088},"android":{"2.1":0,"2.2":0,"2.3":0.0213037871298,"3":0,"4":0.184324071254,"4.1":0.388099426408,"4.2-4.3":0.870676517479,"4.4":1.75339430595,"4.4.3-4.4.4":0.941997891784,"47":null},"ios_saf":{"3.2":0,"4.0-4.1":0,"4.2-4.3":0,"5.0-5.1":0,"6.0-6.1":0,"7.0-7.1":0.855424785347,"8":0.0580706120601,"8.1-8.4":2.36302721383,"9.0-9.2":18.4284853888,"9.3":null},"op_mob":{"10":0,"11":0,"11.1":0,"11.5":0,"12":0.000131245929734,"12.1":0.000131245929734,"0":0.00564357497858},"ie":{"5.5":0,"6":0.0311237977296,"7":0.38904747162,"8":2.46656097007,"9":2.10863729618,"10":2.34984672859,"11":15.2428799381},"bb":{"7":0.068145,"10":null},"ie_mob":{"10":0.0148450873786,"11":0.0656309126214},"edge":{"12":1.2957,"13":0.362796,"14":0},"and_uc":{"0":0.049324},"op_mini":{"5.0-8.0":2.29155393316},"and_chr":{"0":11.132004},"and_ff":{"0":0.010384}},"total":98.4665452023}