{"id":"GH","name":"Ghana","month":"2016-02","access_date":"2016-03-03","data":{"firefox":{"2":0.003196,"3":0.06392,"3.5":0.006392,"3.6":0.041548,"4":0.03196,"5":0.009588,"6":0.019176,"7":0.012784,"8":0.009588,"9":0.009588,"10":0.025568,"11":0.041548,"12":0.038352,"13":0.038352,"14":0.04794,"15":0.04794,"16":0.054332,"17":0.019176,"18":0.022372,"19":0.044744,"20":0.038352,"21":0.041548,"22":0.038352,"23":0.028764,"24":0.03196,"25":0.035156,"26":0.025568,"27":0.051136,"28":0.041548,"29":0.14382,"30":0.131036,"31":0.09588,"32":0.0799,"33":0.102272,"34":0.134232,"35":0.140624,"36":0.131036,"37":0.1598,"38":0.204544,"39":0.204544,"40":0.25568,"41":0.297228,"42":0.428264,"43":3.00424,"44":4.119644,"45":1.204892,"46":0.012784,"47":0.012784},"chrome":{"4":0,"5":0,"6":0,"7":0,"8":0.003196,"9":0.003196,"10":0.003196,"11":0.041548,"12":0.003196,"13":0.009588,"14":0.003196,"15":0.003196,"16":0.009588,"17":0,"18":0.006392,"19":0.003196,"20":0.003196,"21":0.003196,"22":0.009588,"23":0.006392,"24":0,"25":0.01598,"26":0.009588,"27":0.012784,"28":0.009588,"29":0.022372,"30":0.006392,"31":0.057528,"32":0.006392,"33":0.067116,"34":0.012784,"35":0.028764,"36":0.019176,"37":0.009588,"38":0.01598,"39":0.028764,"40":0.028764,"41":0.028764,"42":0.089488,"43":0.22372,"44":0.281248,"45":0.409088,"46":0.124644,"47":0.49538,"48":8.542908,"49":0.105468,"50":0.236504,"51":0},"opera":{"9":0,"9.5-9.6":0,"10.0-10.1":0,"10.5":0,"10.6":0.003196,"11":0.003196,"11.1":0,"11.5":0.009588,"11.6":0.01598,"12":0.006392,"12.1":0.140624,"15":0.003196,"16":0.003196,"17":0.006392,"18":0.006392,"19":0.003196,"20":0.006392,"21":0.003196,"22":0.003196,"23":0,"24":0.003196,"25":0,"26":0.003196,"27":0.003196,"28":0.009588,"29":0.025568,"30":0.025568,"31":0.022372,"32":0.035156,"33":0.04794,"34":0.294032,"35":0.776628,"36":0.003196},"safari":{"3.1":0.003196,"3.2":0,"4":0.003196,"5":0.009588,"5.1":0.041548,"6":0.009588,"6.1":0.009588,"7":0.01598,"7.1":0.022372,"8":0.121448,"9":0.43146,"9.1":0.003196},"android":{"2.1":0,"2.2":0,"2.3":0.0315408407927,"3":0,"4":0.272896839902,"4.1":0.574591838789,"4.2-4.3":1.28906044979,"4.4":2.59594833133,"4.4.3-4.4.4":1.3946536994,"47":null},"ios_saf":{"3.2":0,"4.0-4.1":0,"4.2-4.3":0,"5.0-5.1":0,"6.0-6.1":0,"7.0-7.1":0.104874685326,"8":0.00711943033546,"8.1-8.4":0.289706049804,"9.0-9.2":2.25932383453,"9.3":null},"op_mob":{"10":0,"11":0,"11.1":0,"11.5":0,"12":0.00247283907455,"12.1":0.00247283907455,"0":0.106332080206},"ie":{"5.5":0,"6":0.012843925,"7":0.00321098125,"8":0.25366751875,"9":0.141283175,"10":0.269722425,"11":1.36145605},"bb":{"7":0.090153,"10":null},"ie_mob":{"10":0.444307805825,"11":1.96430819417},"edge":{"12":0.274856,"13":0.233308,"14":0},"and_uc":{"0":6.1236},"op_mini":{"5.0-8.0":43.1757702416},"and_chr":{"0":8.89476},"and_ff":{"0":0.095256}},"total":97.188709075}