{"id":"GL","name":"Greenland","month":"2016-02","access_date":"2016-03-03","data":{"firefox":{"2":0,"3":0.088704,"3.5":0,"3.6":2.350656,"4":0,"5":0,"6":0.006336,"7":0,"8":0,"9":0,"10":0,"11":0,"12":0,"13":0,"14":0,"15":0,"16":0,"17":0,"18":0,"19":0,"20":0,"21":0.038016,"22":0,"23":0,"24":0.006336,"25":0.006336,"26":0.006336,"27":0.012672,"28":0,"29":0.012672,"30":0.145728,"31":0,"32":0,"33":0.057024,"34":0.012672,"35":0.012672,"36":0.019008,"37":0.025344,"38":0.209088,"39":0.006336,"40":0.019008,"41":0.025344,"42":0.145728,"43":1.723392,"44":4.923072,"45":0.019008,"46":0,"47":0},"chrome":{"4":0,"5":0,"6":0,"7":0,"8":0,"9":0,"10":0,"11":0,"12":0,"13":0,"14":0,"15":0,"16":0,"17":0,"18":0,"19":0,"20":0.006336,"21":0.006336,"22":0.012672,"23":0,"24":0,"25":0,"26":0.006336,"27":0,"28":0,"29":0.057024,"30":0,"31":0.012672,"32":0.006336,"33":0.025344,"34":0.608256,"35":0.019008,"36":0.019008,"37":0.006336,"38":0.076032,"39":0.012672,"40":0.038016,"41":0,"42":0.09504,"43":0.101376,"44":0.069696,"45":0.41184,"46":0.057024,"47":1.584,"48":14.60448,"49":0.101376,"50":0.012672,"51":0},"opera":{"9":0,"9.5-9.6":0,"10.0-10.1":0,"10.5":0,"10.6":0,"11":0,"11.1":0,"11.5":0,"11.6":0,"12":0,"12.1":0.050688,"15":0,"16":0,"17":0,"18":0,"19":0,"20":0,"21":0,"22":0,"23":0,"24":0,"25":0,"26":0,"27":0,"28":0,"29":0,"30":0,"31":0,"32":0,"33":0.038016,"34":0.050688,"35":0.215424,"36":0},"safari":{"3.1":0,"3.2":0,"4":0.03168,"5":0.012672,"5.1":0.202752,"6":0.025344,"6.1":0.209088,"7":0.025344,"7.1":0.44352,"8":0.899712,"9":4.732992,"9.1":0.025344},"android":{"2.1":0,"2.2":0,"2.3":0.0109226595413,"3":0,"4":0.0945047499443,"4.1":0.198982362948,"4.2-4.3":0.446404346471,"4.4":0.898982370073,"4.4.3-4.4.4":0.482971511022,"47":null},"ios_saf":{"3.2":0,"4.0-4.1":0,"4.2-4.3":0,"5.0-5.1":0,"6.0-6.1":0,"7.0-7.1":0.873558444124,"8":0.0593016176168,"8.1-8.4":2.41311967071,"9.0-9.2":18.8191402675,"9.3":null},"op_mob":{"10":0,"11":0,"11.1":0,"11.5":0,"12":0.000545047472151,"12.1":0.000545047472151,"0":0.0234370413025},"ie":{"5.5":0,"6":0,"7":0,"8":0.202752,"9":1.29888,"10":0.60192,"11":11.924352},"bb":{"7":0.000916,"10":null},"ie_mob":{"10":0.0716436504854,"11":0.316740349515},"edge":{"12":0.3168,"13":1.349568,"14":0},"and_uc":{"0":3.403856},"op_mini":{"5.0-8.0":9.51652886375},"and_chr":{"0":9.971152},"and_ff":{"0":0.14656}},"total":98.228724}