{"id":"GW","name":"Guinea-Bissau","month":"2016-02","access_date":"2016-03-03","data":{"firefox":{"2":0.041463,"3":0.059891,"3.5":0.128996,"3.6":0.018428,"4":0.059891,"5":0.013821,"6":0.004607,"7":0.041463,"8":0.027642,"9":0.023035,"10":0.064498,"11":0.027642,"12":0.082926,"13":0.013821,"14":0,"15":0.400809,"16":0.023035,"17":0.027642,"18":0.032249,"19":0.013821,"20":0.101354,"21":0.069105,"22":0,"23":0.041463,"24":0.087533,"25":0.009214,"26":0.023035,"27":0.018428,"28":0,"29":0.064498,"30":0.04607,"31":0.105961,"32":0.004607,"33":0.009214,"34":0.032249,"35":0.087533,"36":0.04607,"37":0.04607,"38":2.860947,"39":0.032249,"40":0.13821,"41":0.13821,"42":1.875049,"43":2.828698,"44":3.404573,"45":0.04607,"46":0,"47":0},"chrome":{"4":0,"5":0,"6":0.013821,"7":0.087533,"8":0,"9":0,"10":0.018428,"11":0.041463,"12":0.013821,"13":0,"14":0.04607,"15":0.009214,"16":0.004607,"17":0,"18":0.004607,"19":0,"20":0,"21":0.023035,"22":0,"23":0,"24":0.073712,"25":0.027642,"26":0.119782,"27":0.004607,"28":0.009214,"29":0.032249,"30":0.267206,"31":0.101354,"32":0.018428,"33":0.257992,"34":0.018428,"35":0.027642,"36":0.078319,"37":0.013821,"38":0,"39":0.027642,"40":0.105961,"41":0.041463,"42":0.09214,"43":1.598629,"44":0.073712,"45":1.322209,"46":0.345525,"47":0.9214,"48":12.646215,"49":0.032249,"50":0.041463,"51":0},"opera":{"9":0,"9.5-9.6":0.004607,"10.0-10.1":0,"10.5":0,"10.6":0,"11":0.004607,"11.1":0,"11.5":0,"11.6":0.004607,"12":0,"12.1":0.023035,"15":0,"16":0,"17":0,"18":0,"19":0,"20":0.018428,"21":0,"22":0,"23":0,"24":0,"25":0,"26":0,"27":0,"28":0,"29":0.009214,"30":0,"31":0,"32":0.009214,"33":0,"34":0.451486,"35":1.174785,"36":0},"safari":{"3.1":0,"3.2":0,"4":0.009214,"5":0.013821,"5.1":0.023035,"6":0.009214,"6.1":0.004607,"7":0.073712,"7.1":0.013821,"8":0.027642,"9":0.787797,"9.1":0},"android":{"2.1":0,"2.2":0,"2.3":0.0400660256068,"3":0,"4":0.346658221554,"4.1":0.729898466489,"4.2-4.3":1.63748104654,"4.4":3.29760810755,"4.4.3-4.4.4":1.77161513226,"47":null},"ios_saf":{"3.2":0,"4.0-4.1":0,"4.2-4.3":0,"5.0-5.1":0,"6.0-6.1":0,"7.0-7.1":0.133071927248,"8":0.00903360341634,"8.1-8.4":0.367598169788,"9.0-9.2":2.86677929955,"9.3":null},"op_mob":{"10":0,"11":0,"11.1":0,"11.5":0,"12":0.00122216686661,"12.1":0.00122216686661,"0":0.0525531752642},"ie":{"5.5":0,"6":0,"7":0.00932636585366,"8":1.2870384878,"9":0.326422804878,"10":0.825383378049,"11":4.01966368293},"bb":{"7":0.03909925,"10":null},"ie_mob":{"10":0.258654563107,"11":1.14352543689},"edge":{"12":0.262599,"13":0.165852,"14":0},"and_uc":{"0":5.193459},"op_mini":{"5.0-8.0":21.339033491},"and_chr":{"0":13.710544},"and_ff":{"0":1.154102}},"total":95.4360499695}