{"id":"HK","name":"Hong Kong","month":"2016-02","access_date":"2016-03-03","data":{"firefox":{"2":0,"3":0.006865,"3.5":0,"3.6":0.01373,"4":0.006865,"5":0.006865,"6":0.006865,"7":0,"8":0,"9":0,"10":0,"11":0.006865,"12":0.01373,"13":0.006865,"14":0.01373,"15":0.006865,"16":0.01373,"17":0.006865,"18":0,"19":0.006865,"20":0.006865,"21":0.09611,"22":0.020595,"23":0.04119,"24":0.020595,"25":0.020595,"26":0.006865,"27":0.01373,"28":0.020595,"29":0.020595,"30":0.034325,"31":0.12357,"32":0.01373,"33":0.034325,"34":0.048055,"35":0.061785,"36":0.04119,"37":0.1373,"38":0.17849,"39":0.10984,"40":0.09611,"41":0.102975,"42":0.23341,"43":1.819225,"44":3.961105,"45":0.06865,"46":0.006865,"47":0.006865},"chrome":{"4":0,"5":0,"6":0,"7":0,"8":0,"9":0,"10":0,"11":0.04119,"12":0.006865,"13":0,"14":0,"15":0,"16":0.006865,"17":0,"18":0.01373,"19":0,"20":0,"21":0.006865,"22":0.020595,"23":0.006865,"24":0.006865,"25":0.04119,"26":0.01373,"27":0.048055,"28":0.020595,"29":0.034325,"30":0.020595,"31":0.432495,"32":0.02746,"33":0.089245,"34":0.061785,"35":0.061785,"36":0.061785,"37":0.05492,"38":0.061785,"39":0.12357,"40":0.061785,"41":0.226545,"42":0.21968,"43":0.377575,"44":0.39817,"45":0.926775,"46":0.556065,"47":2.08696,"48":30.70028,"49":0.144165,"50":0.116705,"51":0},"opera":{"9":0,"9.5-9.6":0,"10.0-10.1":0,"10.5":0,"10.6":0,"11":0,"11.1":0,"11.5":0,"11.6":0.01373,"12":0.02746,"12.1":0.061785,"15":0,"16":0,"17":0,"18":0,"19":0,"20":0,"21":0,"22":0,"23":0,"24":0,"25":0,"26":0,"27":0,"28":0.15103,"29":0,"30":0.006865,"31":0,"32":0.006865,"33":0.006865,"34":0.075515,"35":0.240275,"36":0.006865},"safari":{"3.1":0,"3.2":0,"4":0.020595,"5":0.075515,"5.1":0.199085,"6":0.061785,"6.1":0.130435,"7":0.16476,"7.1":0.075515,"8":0.76888,"9":2.794055,"9.1":0.020595},"android":{"2.1":0,"2.2":0,"2.3":0.0183941616566,"3":0,"4":0.159149485638,"4.1":0.335093640615,"4.2-4.3":0.751761389446,"4.4":1.51391947896,"4.4.3-4.4.4":0.813341843687,"47":null},"ios_saf":{"3.2":0,"4.0-4.1":0,"4.2-4.3":0,"5.0-5.1":0,"6.0-6.1":0,"7.0-7.1":0.579860344721,"8":0.0393638876312,"8.1-8.4":1.60180742745,"9.0-9.2":12.4919783402,"9.3":null},"op_mob":{"10":0,"11":0,"11.1":0,"11.5":0,"12":7.16366752356e-6,"12.1":7.16366752356e-6,"0":0.000308037703513},"ie":{"5.5":0,"6":0.0280397696737,"7":0.049069596929,"8":1.09355101727,"9":0.764083723608,"10":0.630894817658,"11":8.37688119002},"bb":{"7":0.01645875,"10":null},"ie_mob":{"10":0.0277584466019,"11":0.122721553398},"edge":{"12":0.308925,"13":0.885585,"14":0},"and_uc":{"0":0.47025},"op_mini":{"5.0-8.0":0.125077634961},"and_chr":{"0":17.325805},"and_ff":{"0":0.05016}},"total":98.0288488652}