{"id":"IR","name":"Iran","month":"2016-02","access_date":"2016-03-03","data":{"firefox":{"2":0.006313,"3":0.075756,"3.5":0.037878,"3.6":0.119947,"4":0.113634,"5":0.025252,"6":0.037878,"7":0.050504,"8":0.037878,"9":0.031565,"10":0.044191,"11":0.075756,"12":0.151512,"13":0.06313,"14":0.075756,"15":0.069443,"16":0.082069,"17":0.050504,"18":0.050504,"19":0.037878,"20":0.069443,"21":0.06313,"22":0.044191,"23":0.056817,"24":0.094695,"25":0.069443,"26":0.088382,"27":0.06313,"28":0.050504,"29":0.145199,"30":0.195703,"31":0.145199,"32":0.170451,"33":0.25252,"34":0.151512,"35":0.208329,"36":0.12626,"37":0.202016,"38":0.353528,"39":0.347215,"40":0.359841,"41":0.479788,"42":0.612361,"43":6.786475,"44":6.931674,"45":0.978515,"46":0.018939,"47":0.006313},"chrome":{"4":0.031565,"5":0.025252,"6":0.025252,"7":0.012626,"8":0.012626,"9":0.006313,"10":0.018939,"11":0.138886,"12":0.031565,"13":0.025252,"14":0.056817,"15":0.050504,"16":0.006313,"17":0.012626,"18":0.025252,"19":0.006313,"20":0.012626,"21":0.025252,"22":0.044191,"23":0.018939,"24":0.018939,"25":0.012626,"26":0.025252,"27":0.018939,"28":0.018939,"29":0.044191,"30":0.025252,"31":0.056817,"32":0.018939,"33":0.069443,"34":0.037878,"35":0.037878,"36":0.069443,"37":0.050504,"38":0.164138,"39":0.107321,"40":0.094695,"41":0.101008,"42":0.056817,"43":0.220955,"44":0.448223,"45":0.517666,"46":0.574483,"47":0.978515,"48":17.6764,"49":0.101008,"50":0.094695,"51":0},"opera":{"9":0,"9.5-9.6":0.006313,"10.0-10.1":0,"10.5":0,"10.6":0,"11":0.006313,"11.1":0.006313,"11.5":0.018939,"11.6":0.031565,"12":0.012626,"12.1":0.075756,"15":0.006313,"16":0.012626,"17":0.012626,"18":0.018939,"19":0.006313,"20":0.012626,"21":0.006313,"22":0.006313,"23":0.006313,"24":0.006313,"25":0.012626,"26":0.012626,"27":0.006313,"28":0.012626,"29":0.037878,"30":0.025252,"31":0.037878,"32":0.138886,"33":0.094695,"34":0.214642,"35":0.183077,"36":0},"safari":{"3.1":0,"3.2":0,"4":0.006313,"5":0.012626,"5.1":0.025252,"6":0.006313,"6.1":0.006313,"7":0.018939,"7.1":0.006313,"8":0.075756,"9":0.214642,"9.1":0.006313},"android":{"2.1":0,"2.2":0,"2.3":0.0465351456246,"3":0,"4":0.402630173013,"4.1":0.847748957248,"4.2-4.3":1.901871169,"4.4":3.83004481162,"4.4.3-4.4.4":2.05766274349,"47":null},"ios_saf":{"3.2":0,"4.0-4.1":0,"4.2-4.3":0,"5.0-5.1":0,"6.0-6.1":0,"7.0-7.1":0.12447724645,"8":0.00845015250051,"8.1-8.4":0.343856205598,"9.0-9.2":2.68162339545,"9.3":null},"op_mob":{"10":0,"11":0,"11.1":0,"11.5":0,"12":0.00028329134533,"12.1":0.00028329134533,"0":0.0121815278492},"ie":{"5.5":0,"6":0.787743616968,"7":1.06726554557,"8":4.89798652163,"9":1.60089831835,"10":1.34678747417,"11":5.40620821},"bb":{"7":0.01382625,"10":null},"ie_mob":{"10":0.0251646699029,"11":0.111254330097},"edge":{"12":0.227268,"13":0.138886,"14":0},"and_uc":{"0":2.234322},"op_mini":{"5.0-8.0":4.94626688946},"and_chr":{"0":19.023304},"and_ff":{"0":0.427692}},"total":98.4573149367}