{"id":"IS","name":"Iceland","month":"2016-02","access_date":"2016-03-03","data":{"firefox":{"2":0,"3":0.016722,"3.5":0,"3.6":0.033444,"4":0.008361,"5":0,"6":0.041805,"7":0,"8":0,"9":0.008361,"10":0.008361,"11":0.008361,"12":0.033444,"13":0.008361,"14":0,"15":0.016722,"16":0.058527,"17":0.008361,"18":0,"19":0.008361,"20":0.025083,"21":0.008361,"22":0,"23":0,"24":0.016722,"25":0.008361,"26":0.016722,"27":0.175581,"28":0.175581,"29":0.200664,"30":0.008361,"31":0.217386,"32":0.050166,"33":0.175581,"34":0.025083,"35":0.133776,"36":0.209025,"37":0.200664,"38":0.677241,"39":0.292635,"40":0.317718,"41":0.292635,"42":0.292635,"43":2.917989,"44":6.111891,"45":0.08361,"46":0.108693,"47":0},"chrome":{"4":0,"5":0,"6":0,"7":0,"8":0,"9":0,"10":0,"11":0.008361,"12":0.008361,"13":0,"14":0,"15":0.008361,"16":0,"17":0,"18":0.008361,"19":0,"20":0,"21":0.016722,"22":0.008361,"23":0,"24":0.008361,"25":0.008361,"26":0.008361,"27":0,"28":0.008361,"29":0.066888,"30":0.008361,"31":0.050166,"32":0.200664,"33":0.150498,"34":0.217386,"35":0.200664,"36":0.183942,"37":0.225747,"38":0.183942,"39":0.209025,"40":0.225747,"41":0.292635,"42":0.225747,"43":0.351162,"44":0.702324,"45":0.551826,"46":0.275913,"47":2.34108,"48":39.597696,"49":0.183942,"50":0.16722,"51":0},"opera":{"9":0,"9.5-9.6":0,"10.0-10.1":0,"10.5":0,"10.6":0,"11":0,"11.1":0,"11.5":0,"11.6":0.008361,"12":0.008361,"12.1":0.117054,"15":0,"16":0,"17":0,"18":0,"19":0,"20":0,"21":0,"22":0,"23":0,"24":0,"25":0.008361,"26":0,"27":0,"28":0.008361,"29":0.008361,"30":0,"31":0.041805,"32":0.033444,"33":0,"34":0.142137,"35":0.518382,"36":0.008361},"safari":{"3.1":0,"3.2":0,"4":0.041805,"5":0.075249,"5.1":0.284274,"6":0.041805,"6.1":0.300996,"7":0.150498,"7.1":0.117054,"8":0.936432,"9":3.92967,"9.1":0.050166},"android":{"2.1":0,"2.2":0,"2.3":0.00634048185259,"3":0,"4":0.0548589516811,"4.1":0.115507038967,"4.2-4.3":0.259132736584,"4.4":0.521849223781,"4.4.3-4.4.4":0.280359567134,"47":null},"ios_saf":{"3.2":0,"4.0-4.1":0,"4.2-4.3":0,"5.0-5.1":0,"6.0-6.1":0,"7.0-7.1":0.513372995061,"8":0.0348503860877,"8.1-8.4":1.41814263388,"9.0-9.2":11.059635985,"9.3":null},"op_mob":{"10":0,"11":0,"11.1":0,"11.5":0,"12":2.71528134819e-6,"12.1":2.71528134819e-6,"0":0.000116757097972},"ie":{"5.5":0,"6":0.034242397878,"7":0.017121198939,"8":0.359545177719,"9":0.273939183024,"10":0.350984578249,"11":5.41885946419},"bb":{"7":0.00614625,"10":null},"ie_mob":{"10":0.0701428349515,"11":0.310105165049},"edge":{"12":0.309357,"13":1.530063,"14":0},"and_uc":{"0":0.057365},"op_mini":{"5.0-8.0":0.0474088123393},"and_chr":{"0":8.687948},"and_ff":{"0":0.029502}},"total":98.30374025}