{"id":"JE","name":"Jersey","month":"2016-02","access_date":"2016-03-03","data":{"firefox":{"2":0,"3":0,"3.5":0,"3.6":0.006983,"4":0.006983,"5":0,"6":0.006983,"7":0,"8":0,"9":0,"10":0,"11":0,"12":0.006983,"13":0,"14":0,"15":0,"16":0.041898,"17":0,"18":0,"19":0,"20":0,"21":0.048881,"22":0.006983,"23":0.006983,"24":0.006983,"25":0.006983,"26":0.006983,"27":0.006983,"28":0.006983,"29":0.006983,"30":0.041898,"31":0.013966,"32":0,"33":0.083796,"34":0.006983,"35":0.006983,"36":0.006983,"37":0.062847,"38":0.041898,"39":0.020949,"40":0.027932,"41":0.048881,"42":0.06983,"43":1.354702,"44":2.737336,"45":0.034915,"46":0.006983,"47":0},"chrome":{"4":0,"5":0,"6":0,"7":0,"8":0,"9":0,"10":0,"11":0.020949,"12":0,"13":0,"14":0,"15":0,"16":0,"17":0,"18":0,"19":0,"20":0,"21":0,"22":0.027932,"23":0,"24":0.006983,"25":0,"26":0.006983,"27":0.027932,"28":0.013966,"29":0.027932,"30":0,"31":0.013966,"32":0.013966,"33":0.041898,"34":0.048881,"35":0.020949,"36":0.991586,"37":0.020949,"38":0.013966,"39":0.06983,"40":0.034915,"41":0.090779,"42":0.013966,"43":0.076813,"44":0.06983,"45":0.384065,"46":0.188541,"47":0.893824,"48":19.175318,"49":0.041898,"50":0.034915,"51":0},"opera":{"9":0.006983,"9.5-9.6":0,"10.0-10.1":0,"10.5":0,"10.6":0,"11":0,"11.1":0,"11.5":0,"11.6":0.006983,"12":0.013966,"12.1":0.048881,"15":0,"16":0,"17":0,"18":0,"19":0,"20":0,"21":0,"22":0,"23":0,"24":0,"25":0,"26":0,"27":0,"28":0.076813,"29":0,"30":0,"31":0,"32":0,"33":0,"34":0.041898,"35":0.223456,"36":0},"safari":{"3.1":0,"3.2":0,"4":0.076813,"5":0.083796,"5.1":0.586572,"6":0.06983,"6.1":0.370099,"7":0.153626,"7.1":0.125694,"8":1.103314,"9":5.467689,"9.1":0.006983},"android":{"2.1":0,"2.2":0,"2.3":0.0127310659096,"3":0,"4":0.110151396348,"4.1":0.231926809397,"4.2-4.3":0.520313128479,"4.4":1.04782207682,"4.4.3-4.4.4":0.562934523046,"47":null},"ios_saf":{"3.2":0,"4.0-4.1":0,"4.2-4.3":0,"5.0-5.1":0,"6.0-6.1":0,"7.0-7.1":1.32329794793,"8":0.0898322366742,"8.1-8.4":3.65548101544,"9.0-9.2":28.5079148,"9.3":null},"op_mob":{"10":0,"11":0,"11.1":0,"11.5":0,"12":1.51668666095e-5,"12.1":1.51668666095e-5,"0":0.00065217526421},"ie":{"5.5":0,"6":0.006983,"7":0.013966,"8":0.733215,"9":0.544674,"10":1.096331,"11":10.690973},"bb":{"7":0.0407295,"10":null},"ie_mob":{"10":0.194786893204,"11":0.861163106796},"edge":{"12":0.530708,"13":1.717818,"14":0},"and_uc":{"0":0.609434},"op_mini":{"5.0-8.0":0.264813491003},"and_chr":{"0":9.095928},"and_ff":{"0":0.021119}},"total":98.0641145}