{"id":"KN","name":"Saint Kitts and Nevis","month":"2016-02","access_date":"2016-03-03","data":{"firefox":{"2":0,"3":0,"3.5":0,"3.6":0.007406,"4":0,"5":0,"6":0.007406,"7":0,"8":0,"9":0,"10":0,"11":0,"12":0,"13":0,"14":0.007406,"15":0,"16":0.007406,"17":0,"18":0,"19":0,"20":0,"21":0.11109,"22":0.014812,"23":0.029624,"24":0.014812,"25":0.022218,"26":0,"27":0.014812,"28":0.014812,"29":0.014812,"30":0,"31":0.022218,"32":0,"33":0.007406,"34":0.014812,"35":0.007406,"36":0.03703,"37":0.207368,"38":0.07406,"39":0.029624,"40":0.007406,"41":0.03703,"42":0.096278,"43":1.910748,"44":3.939992,"45":0.18515,"46":0,"47":0},"chrome":{"4":0,"5":0,"6":0,"7":0,"8":0,"9":0,"10":0,"11":0.014812,"12":0,"13":0,"14":0,"15":0,"16":0,"17":0,"18":0.007406,"19":0.007406,"20":0,"21":0,"22":0.133308,"23":0,"24":0,"25":0,"26":0.014812,"27":0.059248,"28":0.014812,"29":0.014812,"30":0.014812,"31":0.014812,"32":0.022218,"33":0.051842,"34":0.051842,"35":0.029624,"36":0.970186,"37":0.029624,"38":0.044436,"39":0.03703,"40":0.007406,"41":0.192556,"42":0.029624,"43":0.385112,"44":0.118496,"45":1.096088,"46":0.118496,"47":1.22199,"48":32.149446,"49":0.177744,"50":0.096278,"51":0},"opera":{"9":0,"9.5-9.6":0,"10.0-10.1":0,"10.5":0,"10.6":0,"11":0,"11.1":0,"11.5":0,"11.6":0.014812,"12":0.022218,"12.1":0.059248,"15":0,"16":0,"17":0,"18":0,"19":0,"20":0,"21":0,"22":0,"23":0,"24":0,"25":0,"26":0,"27":0.014812,"28":0.177744,"29":0.029624,"30":0,"31":0,"32":0,"33":0.007406,"34":0.192556,"35":0.607292,"36":0},"safari":{"3.1":0,"3.2":0,"4":0,"5":0.022218,"5.1":0.059248,"6":0.007406,"6.1":0.177744,"7":0.066654,"7.1":0.192556,"8":0.62951,"9":3.977022,"9.1":0.014812},"android":{"2.1":0,"2.2":0,"2.3":0.0334452469383,"3":0,"4":0.289374093075,"4.1":0.609285150746,"4.2-4.3":1.36689270096,"4.4":2.75268923714,"4.4.3-4.4.4":1.47886157114,"47":null},"ios_saf":{"3.2":0,"4.0-4.1":0,"4.2-4.3":0,"5.0-5.1":0,"6.0-6.1":0,"7.0-7.1":0.453464511834,"8":0.030783491665,"8.1-8.4":1.25265131467,"9.0-9.2":9.76902268183,"9.3":null},"op_mob":{"10":0,"11":0,"11.1":0,"11.5":0,"12":4.44558697515e-6,"12.1":4.44558697515e-6,"0":0.000191160239931},"ie":{"5.5":0,"6":0,"7":0.007406,"8":0.125902,"9":0.244398,"10":0.244398,"11":6.806114},"bb":{"7":0.2548605,"10":null},"ie_mob":{"10":0.226332796117,"11":1.00062920388},"edge":{"12":0.696164,"13":2.414356,"14":0},"and_uc":{"0":0.53177},"op_mini":{"5.0-8.0":0.0776199485861},"and_chr":{"0":15.24758},"and_ff":{"0":0.028534}},"total":96.1850385}