{"id":"KZ","name":"Kazakhstan","month":"2016-02","access_date":"2016-03-03","data":{"firefox":{"2":0.006956,"3":0.013912,"3.5":0.013912,"3.6":0.076516,"4":0.006956,"5":0.006956,"6":0.013912,"7":0.006956,"8":0.006956,"9":0.006956,"10":0.020868,"11":0.006956,"12":0.020868,"13":0.006956,"14":0.013912,"15":0.006956,"16":0.013912,"17":0.006956,"18":0.006956,"19":0.020868,"20":0.020868,"21":0.048692,"22":0.013912,"23":0.013912,"24":0.041736,"25":0.013912,"26":0.013912,"27":0.020868,"28":0.03478,"29":0.020868,"30":0.020868,"31":0.06956,"32":0.027824,"33":0.027824,"34":0.020868,"35":0.048692,"36":0.03478,"37":0.083472,"38":0.222592,"39":0.055648,"40":0.055648,"41":0.111296,"42":0.187812,"43":2.288524,"44":4.194468,"45":0.048692,"46":0.006956,"47":0},"chrome":{"4":0.013912,"5":0.013912,"6":0.006956,"7":0.006956,"8":0.013912,"9":0.013912,"10":0.013912,"11":0.048692,"12":0.048692,"13":0.020868,"14":0.020868,"15":0.03478,"16":0.020868,"17":0.048692,"18":0.03478,"19":0.006956,"20":0.013912,"21":0.013912,"22":0.083472,"23":0.013912,"24":0.027824,"25":0.03478,"26":0.062604,"27":0.055648,"28":0.125208,"29":0.090428,"30":0.041736,"31":0.097384,"32":0.013912,"33":0.097384,"34":0.03478,"35":0.03478,"36":0.03478,"37":0.062604,"38":0.055648,"39":0.076516,"40":0.083472,"41":0.132164,"42":0.097384,"43":0.354756,"44":0.222592,"45":0.264328,"46":0.257372,"47":1.203388,"48":31.969776,"49":0.13912,"50":0.466052,"51":0},"opera":{"9":0,"9.5-9.6":0.006956,"10.0-10.1":0.013912,"10.5":0.006956,"10.6":0.006956,"11":0.006956,"11.1":0.006956,"11.5":0.013912,"11.6":0.111296,"12":0.187812,"12.1":1.036444,"15":0.013912,"16":0.006956,"17":0,"18":0.013912,"19":0.013912,"20":0.020868,"21":0.006956,"22":0.006956,"23":0.006956,"24":0.006956,"25":0.006956,"26":0.020868,"27":0.013912,"28":0.097384,"29":0.013912,"30":0.076516,"31":0.020868,"32":0.048692,"33":0.055648,"34":1.022532,"35":3.923184,"36":0.013912},"safari":{"3.1":0,"3.2":0,"4":0.013912,"5":0.041736,"5.1":0.055648,"6":0.020868,"6.1":0.020868,"7":0.020868,"7.1":0.013912,"8":0.146076,"9":0.62604,"9.1":0},"android":{"2.1":0,"2.2":0,"2.3":0.0230913034959,"3":0,"4":0.199789973725,"4.1":0.420663311512,"4.2-4.3":0.943731534179,"4.4":1.90051467468,"4.4.3-4.4.4":1.0210372024,"47":null},"ios_saf":{"3.2":0,"4.0-4.1":0,"4.2-4.3":0,"5.0-5.1":0,"6.0-6.1":0,"7.0-7.1":0.304224017699,"8":0.0206522831858,"8.1-8.4":0.840389061947,"9.0-9.2":6.55392263717,"9.3":null},"op_mob":{"10":0,"11":0,"11.1":0,"11.5":0,"12":0.000108161553842,"12.1":0.000108161553842,"0":0.0046509468152},"ie":{"5.5":0,"6":0.0212747836257,"7":0.0283663781676,"8":0.652426697856,"9":0.33330494347,"10":0.354579727096,"11":2.2338522807},"bb":{"7":0.009893,"10":null},"ie_mob":{"10":0.0623281165049,"11":0.275555883495},"edge":{"12":0.1739,"13":0.27824,"14":0},"and_uc":{"0":2.72438},"op_mini":{"5.0-8.0":1.88850073008},"and_chr":{"0":16.804896},"and_ff":{"0":0.018264}},"total":90.5269738109}