{"id":"LR","name":"Liberia","month":"2016-02","access_date":"2016-03-03","data":{"firefox":{"2":0,"3":0.07422,"3.5":0.002474,"3.6":0.019792,"4":0.066798,"5":0.002474,"6":0.002474,"7":0.014844,"8":0.004948,"9":0.009896,"10":0.019792,"11":0.009896,"12":0.165758,"13":0.022266,"14":0.014844,"15":0.027214,"16":0.032162,"17":0.027214,"18":0.007422,"19":0.022266,"20":0.009896,"21":0.133596,"22":0.091538,"23":0.022266,"24":0.059376,"25":0.029688,"26":0.004948,"27":0.01237,"28":0.02474,"29":0.039584,"30":0.051954,"31":0.039584,"32":0.029688,"33":0.044532,"34":0.044532,"35":0.056902,"36":0.071746,"37":0.121226,"38":0.079168,"39":0.06185,"40":0.044532,"41":0.096486,"42":0.138544,"43":1.420076,"44":1.635314,"45":0.239978,"46":0,"47":0.004948},"chrome":{"4":0,"5":0,"6":0,"7":0,"8":0.002474,"9":0.002474,"10":0,"11":0.022266,"12":0.002474,"13":0.007422,"14":0,"15":0,"16":0,"17":0,"18":0,"19":0.004948,"20":0,"21":0,"22":0.002474,"23":0.002474,"24":0,"25":0.004948,"26":0.019792,"27":0.027214,"28":0.017318,"29":0.029688,"30":0.004948,"31":0.091538,"32":0.014844,"33":0.009896,"34":0.01237,"35":0.029688,"36":0.029688,"37":0.022266,"38":0.009896,"39":0.004948,"40":0.01237,"41":0.168232,"42":0.034636,"43":0.131122,"44":0.21029,"45":0.361204,"46":0.042058,"47":0.353782,"48":6.343336,"49":0.02474,"50":0.071746,"51":0},"opera":{"9":0,"9.5-9.6":0,"10.0-10.1":0,"10.5":0,"10.6":0.002474,"11":0.002474,"11.1":0.009896,"11.5":0.022266,"11.6":0.01237,"12":0.022266,"12.1":0.07422,"15":0.002474,"16":0,"17":0.004948,"18":0.022266,"19":0.009896,"20":0.002474,"21":0.004948,"22":0.002474,"23":0,"24":0.007422,"25":0,"26":0,"27":0.014844,"28":0.153388,"29":0.081642,"30":0.022266,"31":0.002474,"32":0.042058,"33":0.03711,"34":0.202868,"35":0.529436,"36":0.014844},"safari":{"3.1":0,"3.2":0,"4":0,"5":0.01237,"5.1":0.047006,"6":0.007422,"6.1":0.009896,"7":0.014844,"7.1":0.002474,"8":0.081642,"9":0.254822,"9.1":0},"android":{"2.1":0,"2.2":0,"2.3":0.0951505032287,"3":0,"4":0.823258701848,"4.1":1.73339395012,"4.2-4.3":3.88875969717,"4.4":7.83130011356,"4.4.3-4.4.4":4.20730703407,"47":null},"ios_saf":{"3.2":0,"4.0-4.1":0,"4.2-4.3":0,"5.0-5.1":0,"6.0-6.1":0,"7.0-7.1":0.123973765795,"8":0.00841597365713,"8.1-8.4":0.342465389586,"9.0-9.2":2.67077687096,"9.3":null},"op_mob":{"10":0,"11":0,"11.1":0,"11.5":0,"12":0.00168835201371,"12.1":0.00168835201371,"0":0.0725991365895},"ie":{"5.5":0,"6":0.00743717791411,"7":0.00495811860941,"8":0.304924294479,"9":0.190887566462,"10":0.592495173824,"11":3.73346331288},"bb":{"7":0.052682,"10":null},"ie_mob":{"10":0.245727553398,"11":1.0863744466},"edge":{"12":0.138544,"13":0.353782,"14":0},"and_uc":{"0":11.484676},"op_mini":{"5.0-8.0":29.4786261594},"and_chr":{"0":13.18305},"and_ff":{"0":0.052682}},"total":97.7307416442}