{"id":"LU","name":"Luxembourg","month":"2016-02","access_date":"2016-03-03","data":{"firefox":{"2":0,"3":0.007897,"3.5":0,"3.6":0.031588,"4":0.015794,"5":0.007897,"6":0.007897,"7":0.007897,"8":0,"9":0,"10":0.063176,"11":0.007897,"12":0.039485,"13":0.007897,"14":0.007897,"15":0,"16":0.023691,"17":0.086867,"18":0.007897,"19":0.007897,"20":0.007897,"21":0.031588,"22":0.007897,"23":0.015794,"24":0.15794,"25":0.023691,"26":0.055279,"27":0.031588,"28":0.047382,"29":0.055279,"30":0.047382,"31":0.465923,"32":0.031588,"33":0.055279,"34":0.047382,"35":0.063176,"36":0.055279,"37":0.134249,"38":1.89528,"39":0.165837,"40":0.189528,"41":0.205322,"42":0.702833,"43":4.122234,"44":9.365842,"45":0.142146,"46":0.031588,"47":0.007897},"chrome":{"4":0,"5":0,"6":0,"7":0,"8":0,"9":0,"10":0.007897,"11":0.015794,"12":0.007897,"13":0.007897,"14":0.007897,"15":0,"16":0,"17":0.007897,"18":0,"19":0,"20":0,"21":0.015794,"22":0.031588,"23":0.007897,"24":0,"25":0,"26":0.007897,"27":0.015794,"28":0.055279,"29":0.015794,"30":0.015794,"31":0.110558,"32":0.039485,"33":0.031588,"34":0.047382,"35":0.055279,"36":0.047382,"37":0.039485,"38":0.055279,"39":0.063176,"40":0.055279,"41":0.063176,"42":0.055279,"43":0.15794,"44":0.126352,"45":0.229013,"46":0.221116,"47":0.94764,"48":20.547994,"49":0.07897,"50":0.07897,"51":0},"opera":{"9":0.007897,"9.5-9.6":0.007897,"10.0-10.1":0.007897,"10.5":0.007897,"10.6":0,"11":0,"11.1":0,"11.5":0,"11.6":0.007897,"12":0.007897,"12.1":0.086867,"15":0,"16":0,"17":0,"18":0,"19":0,"20":0,"21":0,"22":0,"23":0,"24":0,"25":0,"26":0,"27":0,"28":0.023691,"29":0,"30":0,"31":0,"32":0.007897,"33":0.007897,"34":0.126352,"35":0.521202,"36":0},"safari":{"3.1":0,"3.2":0,"4":0.063176,"5":0.126352,"5.1":0.560687,"6":0.063176,"6.1":0.410644,"7":0.126352,"7.1":0.086867,"8":0.813391,"9":5.480518,"9.1":0.031588},"android":{"2.1":0,"2.2":0,"2.3":0.0097927659764,"3":0,"4":0.0847287143175,"4.1":0.178398649744,"4.2-4.3":0.400226087731,"4.4":0.805987217101,"4.4.3-4.4.4":0.43301056513,"47":null},"ios_saf":{"3.2":0,"4.0-4.1":0,"4.2-4.3":0,"5.0-5.1":0,"6.0-6.1":0,"7.0-7.1":0.638871587981,"8":0.0433698728133,"8.1-8.4":1.7648202091,"9.0-9.2":13.7632623301,"9.3":null},"op_mob":{"10":0,"11":0,"11.1":0,"11.5":0,"12":7.32836332476e-6,"12.1":7.32836332476e-6,"0":0.000315119622965},"ie":{"5.5":0,"6":0.647554,"7":0.039485,"8":2.503349,"9":0.71073,"10":0.758112,"11":9.192108},"bb":{"7":0.014721,"10":null},"ie_mob":{"10":0.0519828932039,"11":0.229819106796},"edge":{"12":0.39485,"13":1.34249,"14":0},"and_uc":{"0":0.27339},"op_mini":{"5.0-8.0":0.12795322365},"and_chr":{"0":8.335007},"and_ff":{"0":0.155622}},"total":93.251243}