{"id":"LV","name":"Latvia","month":"2016-02","access_date":"2016-03-03","data":{"firefox":{"2":0,"3":0.008707,"3.5":0.017414,"3.6":0.034828,"4":0.008707,"5":0.008707,"6":0.008707,"7":0,"8":0,"9":0.008707,"10":0.008707,"11":0.17414,"12":0.017414,"13":0.026121,"14":0.008707,"15":0.008707,"16":0.034828,"17":0.017414,"18":0,"19":0.008707,"20":0.017414,"21":0.017414,"22":0.008707,"23":0.017414,"24":0.026121,"25":0.008707,"26":0.017414,"27":0.017414,"28":0.017414,"29":0.034828,"30":0.026121,"31":0.034828,"32":0.017414,"33":0.052242,"34":0.069656,"35":0.052242,"36":0.034828,"37":0.095777,"38":0.383108,"39":0.200261,"40":0.165433,"41":0.217675,"42":0.287331,"43":4.780143,"44":11.589017,"45":0.130605,"46":0.017414,"47":0.008707},"chrome":{"4":0,"5":0,"6":0,"7":0,"8":0,"9":0,"10":0,"11":0.026121,"12":0.008707,"13":0.008707,"14":0,"15":0,"16":0,"17":0,"18":0.008707,"19":0,"20":0,"21":0.008707,"22":0.069656,"23":0,"24":0.017414,"25":0.017414,"26":0.034828,"27":0.017414,"28":0.017414,"29":0.052242,"30":0.008707,"31":0.069656,"32":0.008707,"33":0.034828,"34":0.060949,"35":0.026121,"36":0.043535,"37":0.026121,"38":0.052242,"39":0.121898,"40":0.069656,"41":0.069656,"42":0.052242,"43":0.17414,"44":0.235089,"45":0.322159,"46":0.304745,"47":1.515018,"48":44.649496,"49":0.165433,"50":0.252503,"51":0},"opera":{"9":0,"9.5-9.6":0,"10.0-10.1":0,"10.5":0,"10.6":0,"11":0,"11.1":0.034828,"11.5":0,"11.6":0.017414,"12":0.017414,"12.1":0.322159,"15":0.008707,"16":0,"17":0,"18":0,"19":0,"20":0,"21":0,"22":0,"23":0.008707,"24":0,"25":0,"26":0.008707,"27":0,"28":0.017414,"29":0.008707,"30":0.017414,"31":0.008707,"32":0.026121,"33":0.017414,"34":0.565955,"35":2.124508,"36":0.017414},"safari":{"3.1":0,"3.2":0,"4":0.008707,"5":0.026121,"5.1":0.121898,"6":0.017414,"6.1":0.08707,"7":0.043535,"7.1":0.078363,"8":0.313452,"9":2.368304,"9.1":0.034828},"android":{"2.1":0,"2.2":0,"2.3":0.0100148227566,"3":0,"4":0.0866499881986,"4.1":0.182443945001,"4.2-4.3":0.409301451792,"4.4":0.824263455578,"4.4.3-4.4.4":0.442829336673,"47":null},"ios_saf":{"3.2":0,"4.0-4.1":0,"4.2-4.3":0,"5.0-5.1":0,"6.0-6.1":0,"7.0-7.1":0.197122824655,"8":0.0133817061124,"8.1-8.4":0.544532502573,"9.0-9.2":4.24663296666,"9.3":null},"op_mob":{"10":0,"11":0,"11.1":0,"11.5":0,"12":1.57331619537e-5,"12.1":1.57331619537e-5,"0":0.00067652596401},"ie":{"5.5":0,"6":0.00880650857143,"7":0.0176130171429,"8":0.519584005714,"9":0.264195257143,"10":0.343453834286,"11":5.00209686857},"bb":{"7":0.01066725,"10":null},"ie_mob":{"10":0.0992220582524,"11":0.438665941748},"edge":{"12":0.304745,"13":1.062254,"14":0},"and_uc":{"0":0.139644},"op_mini":{"5.0-8.0":0.274701007712},"and_chr":{"0":8.73723},"and_ff":{"0":0.036204}},"total":97.8346487414}