{"id":"MC","name":"Monaco","month":"2016-02","access_date":"2016-03-03","data":{"firefox":{"2":0,"3":0.00886,"3.5":0.00886,"3.6":0.01772,"4":0,"5":0,"6":0.01772,"7":0.00886,"8":0,"9":0,"10":0.01772,"11":0,"12":0.00886,"13":0,"14":0,"15":0,"16":0,"17":0,"18":0,"19":0.00886,"20":0,"21":0,"22":0,"23":0,"24":0,"25":0.00886,"26":0.00886,"27":0,"28":0.05316,"29":0,"30":0,"31":0.00886,"32":0.00886,"33":0.0886,"34":0.00886,"35":0.07088,"36":0.05316,"37":0.0443,"38":0.12404,"39":0.03544,"40":0.02658,"41":0.29238,"42":0.15948,"43":4.61606,"44":6.7336,"45":0.11518,"46":0,"47":0},"chrome":{"4":0,"5":0,"6":0,"7":0,"8":0,"9":0,"10":0,"11":0,"12":0.00886,"13":0,"14":0,"15":0,"16":0,"17":0,"18":0,"19":0,"20":0,"21":0.0443,"22":0,"23":0,"24":0,"25":0.01772,"26":0.00886,"27":0,"28":0,"29":0.00886,"30":0.00886,"31":0.42528,"32":0,"33":0.00886,"34":0.01772,"35":0.01772,"36":0.01772,"37":0.00886,"38":0.00886,"39":0.00886,"40":0.01772,"41":0.00886,"42":0,"43":0.03544,"44":0.00886,"45":0.10632,"46":0.1329,"47":1.92262,"48":29.88478,"49":0.34554,"50":0.0443,"51":0},"opera":{"9":0,"9.5-9.6":0,"10.0-10.1":0,"10.5":0,"10.6":0,"11":0,"11.1":0,"11.5":0,"11.6":0,"12":0,"12.1":0.00886,"15":0,"16":0,"17":0,"18":0,"19":0,"20":0,"21":0,"22":0,"23":0,"24":0,"25":0,"26":0,"27":0,"28":0,"29":0,"30":0,"31":0,"32":0,"33":0,"34":0.0443,"35":0.15062,"36":0},"safari":{"3.1":0,"3.2":0,"4":0.03544,"5":0.19492,"5.1":1.29356,"6":0.14176,"6.1":0.65564,"7":0.2215,"7.1":0.2215,"8":1.61252,"9":11.1193,"9.1":0.05316},"android":{"2.1":0,"2.2":0,"2.3":0.00356149187263,"3":0,"4":0.0308146470719,"4.1":0.064881091071,"4.2-4.3":0.14555662436,"4.4":0.293126265865,"4.4.3-4.4.4":0.15747987976,"47":null},"ios_saf":{"3.2":0,"4.0-4.1":0,"4.2-4.3":0,"5.0-5.1":0,"6.0-6.1":0,"7.0-7.1":0.641276314056,"8":0.0435331179255,"8.1-8.4":1.77146302943,"9.0-9.2":13.8150675386,"9.3":null},"op_mob":{"10":0,"11":0,"11.1":0,"11.5":0,"12":3.90745501285e-7,"12.1":3.90745501285e-7,"0":1.68020565553e-5},"ie":{"5.5":0,"6":0,"7":0.0443524881517,"8":0.479006872038,"9":0.762862796209,"10":0.727380805687,"11":12.9597970379},"bb":{"7":0.011685,"10":null},"ie_mob":{"10":0.0159821359223,"11":0.0706578640777},"edge":{"12":0.51388,"13":1.38216,"14":0},"and_uc":{"0":0.0171},"op_mini":{"5.0-8.0":0.00682241645244},"and_chr":{"0":3.27696},"and_ff":{"0":0.05586}},"total":98.717665}