{"id":"MG","name":"Madagascar","month":"2016-02","access_date":"2016-03-03","data":{"firefox":{"2":0.017269,"3":0.2467,"3.5":0.009868,"3.6":0.039472,"4":0.009868,"5":0.034538,"6":0.022203,"7":0.012335,"8":0.014802,"9":0.022203,"10":0.019736,"11":0.009868,"12":0.054274,"13":0.037005,"14":0.051807,"15":0.051807,"16":0.046873,"17":0.019736,"18":0.019736,"19":0.039472,"20":0.041939,"21":0.032071,"22":0.051807,"23":0.017269,"24":0.027137,"25":0.04934,"26":0.041939,"27":0.083878,"28":0.07401,"29":0.076477,"30":0.185025,"31":0.118416,"32":0.32071,"33":0.113482,"34":0.103614,"35":0.199827,"36":0.083878,"37":0.145553,"38":0.749968,"39":0.180091,"40":0.226964,"41":0.7401,"42":0.318243,"43":2.654492,"44":3.587018,"45":0.165289,"46":0.037005,"47":0.007401},"chrome":{"4":0.004934,"5":0,"6":0.002467,"7":0,"8":0.002467,"9":0,"10":0.007401,"11":0.022203,"12":0,"13":0.002467,"14":0.002467,"15":0,"16":0,"17":0,"18":0.007401,"19":0.002467,"20":0,"21":0.004934,"22":0.002467,"23":0.002467,"24":0.002467,"25":0.012335,"26":0.004934,"27":0.004934,"28":0.004934,"29":0.009868,"30":0.009868,"31":0.04934,"32":0.004934,"33":0.007401,"34":0.002467,"35":0.014802,"36":0.014802,"37":0.009868,"38":0.029604,"39":0.012335,"40":0.014802,"41":0.022203,"42":0.017269,"43":0.103614,"44":0.143086,"45":0.150487,"46":0.059208,"47":0.288639,"48":7.023549,"49":0.039472,"50":0.019736,"51":0},"opera":{"9":0,"9.5-9.6":0.002467,"10.0-10.1":0.12335,"10.5":0,"10.6":0.004934,"11":0.004934,"11.1":0,"11.5":0.044406,"11.6":0.012335,"12":0.012335,"12.1":0.056741,"15":0.004934,"16":0,"17":0.004934,"18":0.002467,"19":0.007401,"20":0.004934,"21":0.004934,"22":0.002467,"23":0,"24":0,"25":0.004934,"26":0.002467,"27":0,"28":0.009868,"29":0.009868,"30":0.022203,"31":0.017269,"32":0.012335,"33":0.022203,"34":0.244233,"35":0.619217,"36":0},"safari":{"3.1":0,"3.2":0.002467,"4":0.009868,"5":0.019736,"5.1":0.083878,"6":0.022203,"6.1":0.022203,"7":0.012335,"7.1":0.004934,"8":0.081411,"9":0.239299,"9.1":0},"android":{"2.1":0,"2.2":0,"2.3":0.0222110349588,"3":0,"4":0.192173737252,"4.1":0.404627115119,"4.2-4.3":0.907755341795,"4.4":1.82806474683,"4.4.3-4.4.4":0.982114024048,"47":null},"ios_saf":{"3.2":0,"4.0-4.1":0,"4.2-4.3":0,"5.0-5.1":0,"6.0-6.1":0,"7.0-7.1":0.0314510866433,"8":0.00213506071208,"8.1-8.4":0.0868805474377,"9.0-9.2":0.677553305207,"9.3":null},"op_mob":{"10":0,"11":0,"11.1":0,"11.5":0,"12":0.00277307352185,"12.1":0.00277307352185,"0":0.11924216144},"ie":{"5.5":0,"6":0.0126738736264,"7":0.0354868461538,"8":0.157156032967,"9":0.129273510989,"10":0.073508467033,"11":0.50442017033},"bb":{"7":0.0941625,"10":null},"ie_mob":{"10":0.100049941748,"11":0.442326058252},"edge":{"12":0.061675,"13":0.09868,"14":0},"and_uc":{"0":15.118731},"op_mini":{"5.0-8.0":48.4178636915},"and_chr":{"0":3.162112},"and_ff":{"0":0.97929}},"total":95.7572824011}