{"id":"MM","name":"Myanmar","month":"2016-02","access_date":"2016-03-03","data":{"firefox":{"2":0.032058,"3":0.021372,"3.5":0.005343,"3.6":0.055211,"4":0.026715,"5":0.01781,"6":0.023153,"7":0.014248,"8":0.012467,"9":0.023153,"10":0.014248,"11":0.03562,"12":0.080145,"13":0.046306,"14":0.033839,"15":0.030277,"16":0.024934,"17":0.021372,"18":0.037401,"19":0.076583,"20":0.030277,"21":0.048087,"22":0.026715,"23":0.058773,"24":0.046306,"25":0.056992,"26":0.103298,"27":0.060554,"28":0.033839,"29":0.220844,"30":0.1781,"31":0.097955,"32":0.080145,"33":0.10686,"34":0.103298,"35":0.236873,"36":0.16029,"37":0.126451,"38":0.21372,"39":0.215501,"40":0.154947,"41":0.281398,"42":0.352638,"43":1.875393,"44":2.390102,"45":0.920777,"46":0.021372,"47":0.005343},"chrome":{"4":0,"5":0.001781,"6":0.001781,"7":0,"8":0,"9":0.001781,"10":0,"11":0.049868,"12":0.007124,"13":0.001781,"14":0.001781,"15":0.001781,"16":0.001781,"17":0,"18":0.001781,"19":0,"20":0.001781,"21":0.001781,"22":0.008905,"23":0.001781,"24":0.003562,"25":0.005343,"26":0.001781,"27":0.003562,"28":0.007124,"29":0.008905,"30":0.016029,"31":0.083707,"32":0.012467,"33":0.026715,"34":0.016029,"35":0.007124,"36":0.01781,"37":0.005343,"38":0.023153,"39":0.019591,"40":0.030277,"41":0.058773,"42":0.008905,"43":0.073021,"44":0.074802,"45":0.039182,"46":0.030277,"47":0.208377,"48":3.008109,"49":0.032058,"50":0.056992,"51":0},"opera":{"9":0,"9.5-9.6":0,"10.0-10.1":0.001781,"10.5":0,"10.6":0,"11":0,"11.1":0,"11.5":0,"11.6":0.001781,"12":0.005343,"12.1":0.007124,"15":0.001781,"16":0,"17":0,"18":0.001781,"19":0,"20":0,"21":0,"22":0,"23":0,"24":0,"25":0,"26":0.001781,"27":0,"28":0.005343,"29":0.001781,"30":0.003562,"31":0,"32":0.003562,"33":0.003562,"34":0.044525,"35":0.081926,"36":0},"safari":{"3.1":0,"3.2":0,"4":0.001781,"5":0.014248,"5.1":0.007124,"6":0.003562,"6.1":0.007124,"7":0.014248,"7.1":0.005343,"8":0.108641,"9":0.293865,"9.1":0},"android":{"2.1":0,"2.2":0,"2.3":0.176237927633,"3":0,"4":1.52484119996,"4.1":3.21059529036,"4.2-4.3":7.20276747718,"4.4":14.5051476961,"4.4.3-4.4.4":7.79278140882,"47":null},"ios_saf":{"3.2":0,"4.0-4.1":0,"4.2-4.3":0,"5.0-5.1":0,"6.0-6.1":0,"7.0-7.1":0.174554555567,"8":0.0118496565137,"8.1-8.4":0.482189868903,"9.0-9.2":3.76044291902,"9.3":null},"op_mob":{"10":0,"11":0,"11.1":0,"11.5":0,"12":0.000111276949443,"12.1":0.000111276949443,"0":0.00478490882605},"ie":{"5.5":0,"6":0.00179754179567,"7":0.00179754179567,"8":0.109650049536,"9":0.0611164210526,"10":0.0557237956656,"11":0.345128024768},"bb":{"7":0.00205475,"10":null},"ie_mob":{"10":0.0121290097087,"11":0.0536229902913},"edge":{"12":0.032058,"13":0.03562,"14":0},"and_uc":{"0":6.879303},"op_mini":{"5.0-8.0":1.94289553728},"and_chr":{"0":36.205312},"and_ff":{"0":0.501359}},"total":98.5111611246}