{"id":"MQ","name":"Martinique","month":"2016-02","access_date":"2016-03-03","data":{"firefox":{"2":0.007801,"3":0,"3.5":0,"3.6":0.015602,"4":0,"5":0,"6":0.007801,"7":0,"8":0,"9":0,"10":0,"11":0,"12":0,"13":0.039005,"14":0,"15":0,"16":0.015602,"17":0,"18":0,"19":0,"20":0.007801,"21":0.085811,"22":0,"23":0.007801,"24":0,"25":0.023403,"26":0,"27":0.015602,"28":0.007801,"29":0.007801,"30":0,"31":0.054607,"32":0.015602,"33":0.015602,"34":0.023403,"35":0,"36":0.046806,"37":0.031204,"38":0.132617,"39":0.257433,"40":0.031204,"41":0.109214,"42":0.163821,"43":2.800559,"44":6.55284,"45":0.631881,"46":0.202826,"47":0.007801},"chrome":{"4":0,"5":0,"6":0,"7":0,"8":0,"9":0,"10":0,"11":0.039005,"12":0.007801,"13":0.007801,"14":0,"15":0,"16":0,"17":0,"18":0,"19":0.007801,"20":0,"21":0.015602,"22":0.023403,"23":0.031204,"24":0.015602,"25":0,"26":0.023403,"27":0.007801,"28":0.007801,"29":0.039005,"30":0.015602,"31":0.046806,"32":0.023403,"33":0.07801,"34":0.046806,"35":0.070209,"36":0.039005,"37":0.015602,"38":0.124816,"39":0.070209,"40":0.046806,"41":0.039005,"42":0.109214,"43":0.195025,"44":0.148219,"45":0.23403,"46":0.265234,"47":1.107742,"48":32.147921,"49":0.093612,"50":0.062408,"51":0},"opera":{"9":0,"9.5-9.6":0,"10.0-10.1":0,"10.5":0,"10.6":0,"11":0,"11.1":0,"11.5":0,"11.6":0,"12":0.015602,"12.1":0.039005,"15":0,"16":0,"17":0,"18":0,"19":0,"20":0,"21":0,"22":0,"23":0,"24":0,"25":0,"26":0,"27":0,"28":0,"29":0,"30":0.007801,"31":0,"32":0,"33":0,"34":0.148219,"35":0.608478,"36":0},"safari":{"3.1":0.015602,"3.2":0,"4":0.015602,"5":0.561672,"5.1":0.358846,"6":0.054607,"6.1":0.187224,"7":0.171622,"7.1":0.054607,"8":0.413453,"9":3.97851,"9.1":0.007801},"android":{"2.1":0,"2.2":0,"2.3":0.0245012429303,"3":0,"4":0.211989014919,"4.1":0.446348729904,"4.2-4.3":1.00135514585,"4.4":2.01655882031,"4.4.3-4.4.4":1.08338104609,"47":null},"ios_saf":{"3.2":0,"4.0-4.1":0,"4.2-4.3":0,"5.0-5.1":0,"6.0-6.1":0,"7.0-7.1":0.306600446388,"8":0.0208136073266,"8.1-8.4":0.846953713521,"9.0-9.2":6.60511823276,"9.3":null},"op_mob":{"10":0,"11":0,"11.1":0,"11.5":0,"12":1.33158526135e-5,"12.1":1.33158526135e-5,"0":0.000572581662382},"ie":{"5.5":0,"6":0.00783008650261,"7":0.0626406920209,"8":0.313203460104,"9":0.595086574198,"10":0.516785709172,"11":8.98110921849},"bb":{"7":0.01814175,"10":null},"ie_mob":{"10":0.0547615048544,"11":0.242103495146},"edge":{"12":0.741095,"13":2.363703,"14":0},"and_uc":{"0":0.059373},"op_mini":{"5.0-8.0":0.232494786632},"and_chr":{"0":17.909375},"and_ff":{"0":0.024189}},"total":97.8499264905}