{"id":"MT","name":"Malta","month":"2016-02","access_date":"2016-03-03","data":{"firefox":{"2":0,"3":0,"3.5":0,"3.6":0.016238,"4":0,"5":0,"6":0.008119,"7":0,"8":0,"9":0,"10":0,"11":0,"12":0.008119,"13":0.008119,"14":0.008119,"15":0.008119,"16":0.016238,"17":0.008119,"18":0.008119,"19":0,"20":0.008119,"21":0,"22":0,"23":0.008119,"24":0.008119,"25":0.008119,"26":0.016238,"27":0.008119,"28":0.008119,"29":0.032476,"30":0.024357,"31":0.016238,"32":0.024357,"33":0.016238,"34":0.040595,"35":0.056833,"36":0.048714,"37":0.056833,"38":0.259808,"39":0.138023,"40":0.089309,"41":0.129904,"42":0.194856,"43":2.549366,"44":5.391016,"45":0.227332,"46":0.008119,"47":0.016238},"chrome":{"4":0,"5":0,"6":0,"7":0,"8":0,"9":0,"10":0,"11":0.024357,"12":0,"13":0,"14":0,"15":0,"16":0,"17":0,"18":0.016238,"19":0,"20":0,"21":0.008119,"22":0.048714,"23":0.008119,"24":0.008119,"25":0.008119,"26":0.048714,"27":0,"28":0.008119,"29":0.024357,"30":0.008119,"31":0.056833,"32":0.032476,"33":0.024357,"34":0.056833,"35":0.097428,"36":0.064952,"37":0.024357,"38":1.445182,"39":0.121785,"40":0.089309,"41":0.073071,"42":0.048714,"43":0.259808,"44":0.194856,"45":0.259808,"46":0.32476,"47":1.640038,"48":42.502965,"49":0.154261,"50":0.113666,"51":0},"opera":{"9":0,"9.5-9.6":0,"10.0-10.1":0,"10.5":0,"10.6":0,"11":0,"11.1":0,"11.5":0,"11.6":0,"12":0,"12.1":0.032476,"15":0.008119,"16":0,"17":0,"18":0,"19":0,"20":0,"21":0,"22":0,"23":0,"24":0,"25":0,"26":0,"27":0,"28":0,"29":0,"30":0,"31":0,"32":0,"33":0.008119,"34":0.146142,"35":0.462783,"36":0},"safari":{"3.1":0,"3.2":0,"4":0.008119,"5":0.032476,"5.1":0.138023,"6":0.032476,"6.1":0.073071,"7":0.048714,"7.1":0.073071,"8":0.365355,"9":2.484414,"9.1":0.016238},"android":{"2.1":0,"2.2":0,"2.3":0.0201954442218,"3":0,"4":0.174734495658,"4.1":0.367908309953,"4.2-4.3":0.825379024716,"4.4":1.66217286573,"4.4.3-4.4.4":0.892989859719,"47":null},"ios_saf":{"3.2":0,"4.0-4.1":0,"4.2-4.3":0,"5.0-5.1":0,"6.0-6.1":0,"7.0-7.1":0.399402552377,"8":0.0271134891953,"8.1-8.4":1.10331044495,"9.0-9.2":8.60436151348,"9.3":null},"op_mob":{"10":0,"11":0,"11.1":0,"11.5":0,"12":6.55475578406e-6,"12.1":6.55475578406e-6,"0":0.000281854498715},"ie":{"5.5":0,"6":0,"7":0.016254654359,"8":0.390111704615,"9":0.398239031795,"10":0.284456451282,"11":6.83508215795},"bb":{"7":0.009405,"10":null},"ie_mob":{"10":0.106176058252,"11":0.469409941748},"edge":{"12":0.397831,"13":1.640038,"14":0},"and_uc":{"0":0.063954},"op_mini":{"5.0-8.0":0.11444603599},"and_chr":{"0":12.449818},"and_ff":{"0":0.009405}},"total":98.463512}