{"id":"NI","name":"Nicaragua","month":"2016-02","access_date":"2016-03-03","data":{"firefox":{"2":0.006419,"3":0.025676,"3.5":0.006419,"3.6":0.025676,"4":0.006419,"5":0.006419,"6":0.006419,"7":0.006419,"8":0.012838,"9":0.006419,"10":0.012838,"11":0.006419,"12":0.012838,"13":0.006419,"14":0.057771,"15":0.006419,"16":0.012838,"17":0.006419,"18":0.012838,"19":0.019257,"20":0.019257,"21":0.442911,"22":0.077028,"23":0.077028,"24":0.083447,"25":0.109123,"26":0.019257,"27":0.077028,"28":0.051352,"29":0.077028,"30":0.038514,"31":0.109123,"32":0.019257,"33":0.06419,"34":0.038514,"35":0.057771,"36":0.089866,"37":0.462168,"38":0.147637,"39":0.917917,"40":0.179732,"41":0.154056,"42":0.224665,"43":2.740913,"44":4.891278,"45":0.044933,"46":0.012838,"47":0},"chrome":{"4":0,"5":0,"6":0,"7":0,"8":0,"9":0,"10":0.006419,"11":0.038514,"12":0.006419,"13":0,"14":0,"15":0,"16":0.006419,"17":0,"18":0.044933,"19":0,"20":0.006419,"21":0.012838,"22":0.019257,"23":0.006419,"24":0.006419,"25":0.006419,"26":0.019257,"27":0.160475,"28":0.070609,"29":0.12838,"30":0.032095,"31":0.096285,"32":0.089866,"33":0.044933,"34":0.06419,"35":0.141218,"36":0.179732,"37":0.134799,"38":0.115542,"39":0.147637,"40":0.096285,"41":0.776699,"42":0.077028,"43":0.301693,"44":0.417235,"45":0.327369,"46":0.481425,"47":1.803739,"48":32.86528,"49":0.218246,"50":0.044933,"51":0},"opera":{"9":0,"9.5-9.6":0,"10.0-10.1":0,"10.5":0,"10.6":0,"11":0,"11.1":0,"11.5":0.006419,"11.6":0.06419,"12":0.121961,"12.1":0.134799,"15":0.006419,"16":0,"17":0,"18":0,"19":0,"20":0.006419,"21":0.006419,"22":0,"23":0,"24":0,"25":0,"26":0,"27":0.012838,"28":0.686833,"29":0.12838,"30":0.006419,"31":0.019257,"32":0.032095,"33":0.012838,"34":0.25676,"35":0.609805,"36":0.019257},"safari":{"3.1":0,"3.2":0,"4":0.019257,"5":0.077028,"5.1":0.083447,"6":0.019257,"6.1":0.025676,"7":0.051352,"7.1":0.032095,"8":0.224665,"9":0.673995,"9.1":0.006419},"android":{"2.1":0,"2.2":0,"2.3":0.0409516920508,"3":0,"4":0.354321161657,"4.1":0.746032998664,"4.2-4.3":1.67367784903,"4.4":3.37050230661,"4.4.3-4.4.4":1.81077699198,"47":null},"ios_saf":{"3.2":0,"4.0-4.1":0,"4.2-4.3":0,"5.0-5.1":0,"6.0-6.1":0,"7.0-7.1":0.180225343898,"8":0.0122346186458,"8.1-8.4":0.497854866433,"9.0-9.2":3.88260917102,"9.3":null},"op_mob":{"10":0,"11":0,"11.1":0,"11.5":0,"12":0.000264100028563,"12.1":0.000264100028563,"0":0.0113563012282},"ie":{"5.5":0,"6":0.0195621285211,"7":0.0130414190141,"8":0.52817747007,"9":0.436887536972,"10":0.567301727113,"11":2.10618917077},"bb":{"7":0.14055425,"10":null},"ie_mob":{"10":0.34614015534,"11":1.53030384466},"edge":{"12":0.276017,"13":0.276017,"14":0},"and_uc":{"0":2.180829},"op_mini":{"5.0-8.0":4.61118649871},"and_chr":{"0":18.161795},"and_ff":{"0":0.085944}},"total":97.6907517025}