{"id":"NL","name":"Netherlands","month":"2016-02","access_date":"2016-03-03","data":{"firefox":{"2":0,"3":0.006986,"3.5":0,"3.6":0.020958,"4":0.013972,"5":0.006986,"6":0.013972,"7":0,"8":0,"9":0,"10":0.013972,"11":0,"12":0.006986,"13":0,"14":0,"15":0.006986,"16":0.027944,"17":0.013972,"18":0,"19":0.013972,"20":0.006986,"21":0.013972,"22":0.006986,"23":0.013972,"24":0.027944,"25":0.006986,"26":0.006986,"27":0.013972,"28":0.013972,"29":0.020958,"30":0.013972,"31":0.048902,"32":0.03493,"33":0.03493,"34":0.097804,"35":0.062874,"36":0.062874,"37":0.055888,"38":0.31437,"39":0.083832,"40":0.076846,"41":0.10479,"42":0.17465,"43":2.20059,"44":5.246486,"45":0.076846,"46":0.006986,"47":0},"chrome":{"4":0,"5":0,"6":0,"7":0,"8":0,"9":0,"10":0,"11":0.03493,"12":0,"13":0,"14":0,"15":0,"16":0,"17":0,"18":0,"19":0,"20":0,"21":0.006986,"22":0.013972,"23":0.006986,"24":0.006986,"25":0,"26":0.006986,"27":0.006986,"28":0.013972,"29":0.041916,"30":0.020958,"31":0.055888,"32":0.03493,"33":0.041916,"34":0.062874,"35":0.048902,"36":0.03493,"37":0.041916,"38":0.062874,"39":0.097804,"40":0.062874,"41":0.153692,"42":0.090818,"43":0.146706,"44":0.160678,"45":0.188622,"46":0.230538,"47":1.075844,"48":25.63862,"49":0.111776,"50":0.062874,"51":0},"opera":{"9":0,"9.5-9.6":0,"10.0-10.1":0,"10.5":0,"10.6":0,"11":0,"11.1":0,"11.5":0.006986,"11.6":0,"12":0.006986,"12.1":0.048902,"15":0,"16":0,"17":0,"18":0,"19":0,"20":0,"21":0,"22":0,"23":0,"24":0,"25":0,"26":0,"27":0,"28":0.020958,"29":0,"30":0.006986,"31":0.006986,"32":0.006986,"33":0.006986,"34":0.10479,"35":0.377244,"36":0.006986},"safari":{"3.1":0,"3.2":0,"4":0.020958,"5":0.076846,"5.1":0.202594,"6":0.020958,"6.1":0.146706,"7":0.076846,"7.1":0.055888,"8":0.496006,"9":3.38821,"9.1":0.027944},"android":{"2.1":0,"2.2":0,"2.3":0.0191674451124,"3":0,"4":0.165840068582,"4.1":0.349180847918,"4.2-4.3":0.783365148074,"4.4":1.57756406947,"4.4.3-4.4.4":0.847534420842,"47":null},"ios_saf":{"3.2":0,"4.0-4.1":0,"4.2-4.3":0,"5.0-5.1":0,"6.0-6.1":0,"7.0-7.1":0.740402137065,"8":0.0502622860671,"8.1-8.4":2.04528840996,"9.0-9.2":15.9505431669,"9.3":null},"op_mob":{"10":0,"11":0,"11.1":0,"11.5":0,"12":1.79066552414e-5,"12.1":1.79066552414e-5,"0":0.000769986175378},"ie":{"5.5":0,"6":0.0140991626849,"7":0.0211487440273,"8":0.401826136519,"9":0.719057296928,"10":0.697908552901,"11":10.5320745256},"bb":{"7":0.0158235,"10":null},"ie_mob":{"10":0.091180815534,"11":0.403115184466},"edge":{"12":0.719558,"13":2.242506,"14":0},"and_uc":{"0":0.868032},"op_mini":{"5.0-8.0":0.312650200514},"and_chr":{"0":15.583656},"and_ff":{"0":0.054252}},"total":97.8633579187}