{"id":"NO","name":"Norway","month":"2016-02","access_date":"2016-03-03","data":{"firefox":{"2":0,"3":0,"3.5":0,"3.6":0.031508,"4":0.007877,"5":0,"6":0.007877,"7":0,"8":0,"9":0,"10":0,"11":0.007877,"12":0.007877,"13":0,"14":0.007877,"15":0,"16":0.007877,"17":0,"18":0,"19":0,"20":0,"21":0.055139,"22":0.007877,"23":0.007877,"24":0.015754,"25":0.007877,"26":0,"27":0.007877,"28":0.015754,"29":0.015754,"30":0.047262,"31":0.031508,"32":0.007877,"33":0.031508,"34":0.015754,"35":0.031508,"36":0.015754,"37":0.118155,"38":0.204802,"39":0.055139,"40":0.063016,"41":0.086647,"42":0.149663,"43":2.166175,"44":4.938879,"45":0.070893,"46":0.007877,"47":0.007877},"chrome":{"4":0,"5":0,"6":0,"7":0,"8":0.007877,"9":0,"10":0,"11":0.007877,"12":0,"13":0.007877,"14":0,"15":0,"16":0,"17":0,"18":0,"19":0,"20":0,"21":0.007877,"22":0.015754,"23":0,"24":0,"25":0,"26":0.007877,"27":0.015754,"28":0.015754,"29":0.023631,"30":0.007877,"31":0.047262,"32":0.023631,"33":0.039385,"34":0.039385,"35":0.047262,"36":0.031508,"37":0.047262,"38":0.055139,"39":0.094524,"40":0.039385,"41":0.118155,"42":0.031508,"43":0.133909,"44":0.189048,"45":0.173294,"46":0.527759,"47":1.81171,"48":28.451724,"49":0.126032,"50":0.07877,"51":0},"opera":{"9":0,"9.5-9.6":0,"10.0-10.1":0,"10.5":0.007877,"10.6":0,"11":0,"11.1":0,"11.5":0,"11.6":0.007877,"12":0.015754,"12.1":2.504886,"15":0,"16":0,"17":0,"18":0,"19":0,"20":0,"21":0.007877,"22":0,"23":0,"24":0,"25":0,"26":0,"27":0,"28":0.070893,"29":0.007877,"30":0.007877,"31":0.007877,"32":0.007877,"33":0.015754,"34":0.370219,"35":1.331213,"36":0.007877},"safari":{"3.1":0,"3.2":0,"4":0.031508,"5":0.047262,"5.1":0.133909,"6":0.031508,"6.1":0.15754,"7":0.141786,"7.1":0.126032,"8":0.905855,"9":4.741954,"9.1":0.031508},"android":{"2.1":0,"2.2":0,"2.3":0.00837835560009,"3":0,"4":0.0724909897573,"4.1":0.152631782454,"4.2-4.3":0.342419750612,"4.4":0.68957509352,"4.4.3-4.4.4":0.370469028056,"47":null},"ios_saf":{"3.2":0,"4.0-4.1":0,"4.2-4.3":0,"5.0-5.1":0,"6.0-6.1":0,"7.0-7.1":0.731935267442,"8":0.0496875116279,"8.1-8.4":2.02189951163,"9.0-9.2":15.7681407093,"9.3":null},"op_mob":{"10":0,"11":0,"11.1":0,"11.5":0,"12":9.70237075121e-6,"12.1":9.70237075121e-6,"0":0.000417201942302},"ie":{"5.5":0,"6":0.0157709580194,"7":0.0236564370291,"8":0.26022080732,"9":0.551983530678,"10":0.670265715823,"11":13.0898951561},"bb":{"7":0.008492,"10":null},"ie_mob":{"10":0.0673588737864,"11":0.297797126214},"edge":{"12":0.448989,"13":1.985004,"14":0},"and_uc":{"0":0.059444},"op_mini":{"5.0-8.0":0.169403393316},"and_chr":{"0":9.228057},"and_ff":{"0":0.025476}},"total":98.318255605}