{"id":"NU","name":"Niue","month":"2016-02","access_date":"2016-03-03","data":{"firefox":{"2":0,"3":0,"3.5":0,"3.6":0,"4":0.061749,"5":0,"6":0,"7":0,"8":0,"9":0,"10":0,"11":0,"12":0,"13":0,"14":0,"15":0.061749,"16":0,"17":0,"18":0,"19":0,"20":0,"21":0,"22":0,"23":0,"24":0,"25":0,"26":0.061749,"27":0,"28":0,"29":0,"30":0,"31":0,"32":0,"33":0,"34":0,"35":0,"36":0,"37":0,"38":0.061749,"39":0.116637,"40":0,"41":0.116637,"42":0.061749,"43":1.063455,"44":4.713507,"45":0.41166,"46":0,"47":0},"chrome":{"4":0,"5":0,"6":0,"7":0,"8":0,"9":0,"10":0,"11":0,"12":0,"13":0,"14":0,"15":0,"16":0,"17":0,"18":0,"19":0,"20":0,"21":0,"22":0,"23":0,"24":0,"25":0,"26":0,"27":0,"28":0,"29":0,"30":0,"31":0.061749,"32":0.061749,"33":0,"34":0,"35":0,"36":0,"37":0,"38":0,"39":0,"40":0.233274,"41":0,"42":1.118343,"43":0.939957,"44":0.061749,"45":0.116637,"46":0.528297,"47":2.003412,"48":25.639557,"49":0,"50":0.061749,"51":0},"opera":{"9":0,"9.5-9.6":0,"10.0-10.1":0,"10.5":0,"10.6":0,"11":0,"11.1":0,"11.5":0,"11.6":0,"12":0,"12.1":0,"15":0,"16":0,"17":0,"18":0,"19":0,"20":0,"21":0,"22":0,"23":0,"24":0,"25":0,"26":0,"27":0,"28":0,"29":0,"30":0,"31":0,"32":0,"33":0,"34":0,"35":0.233274,"36":0},"safari":{"3.1":0,"3.2":0,"4":0,"5":0,"5.1":0,"6":0,"6.1":0,"7":0.061749,"7.1":0,"8":0,"9":2.298435,"9.1":0},"android":{"2.1":0,"2.2":0,"2.3":0.0986469641505,"3":0,"4":0.853510689824,"4.1":1.79709034692,"4.2-4.3":4.03165853485,"4.4":8.11907404943,"4.4.3-4.4.4":4.36191141483,"47":null},"ios_saf":{"3.2":0,"4.0-4.1":0,"4.2-4.3":0,"5.0-5.1":0,"6.0-6.1":0,"7.0-7.1":0.334196230912,"8":0.0226869504013,"8.1-8.4":0.923184366331,"9.0-9.2":7.19961645236,"9.3":null},"op_mob":{"10":0,"11":0,"11.1":0,"11.5":0,"12":0,"12.1":0,"0":0},"ie":{"5.5":0,"6":0,"7":0,"8":0,"9":0,"10":0.356772,"11":6.545394},"bb":{"7":0,"10":null},"ie_mob":{"10":0.23508976699,"11":1.03934423301},"edge":{"12":4.775256,"13":1.118343,"14":0},"and_uc":{"0":1.274434},"op_mini":{"5.0-8.0":0},"and_chr":{"0":15.519233},"and_ff":{"0":0.075336}},"total":98.83135}