{"id":"NZ","name":"New Zealand","month":"2016-02","access_date":"2016-03-03","data":{"firefox":{"2":0,"3":0,"3.5":0,"3.6":0.013534,"4":0,"5":0,"6":0.006767,"7":0,"8":0,"9":0,"10":0.006767,"11":0.006767,"12":0.006767,"13":0,"14":0.006767,"15":0.006767,"16":0.027068,"17":0.006767,"18":0,"19":0,"20":0.013534,"21":0.020301,"22":0.006767,"23":0.006767,"24":0.006767,"25":0.006767,"26":0.006767,"27":0.006767,"28":0.013534,"29":0.013534,"30":0.006767,"31":0.027068,"32":0.013534,"33":0.020301,"34":0.027068,"35":0.013534,"36":0.020301,"37":0.060903,"38":0.189476,"39":0.06767,"40":0.054136,"41":0.060903,"42":0.115039,"43":1.806789,"44":4.445919,"45":0.074437,"46":0.006767,"47":0.006767},"chrome":{"4":0,"5":0,"6":0,"7":0,"8":0,"9":0,"10":0,"11":0.013534,"12":0,"13":0,"14":0,"15":0,"16":0,"17":0,"18":0,"19":0,"20":0.027068,"21":0.006767,"22":0.027068,"23":0.006767,"24":0,"25":0.006767,"26":0.020301,"27":0.013534,"28":0.006767,"29":0.013534,"30":0.006767,"31":0.243612,"32":0.027068,"33":0.033835,"34":0.054136,"35":0.027068,"36":0.027068,"37":0.033835,"38":0.047369,"39":0.081204,"40":0.060903,"41":0.087971,"42":0.081204,"43":0.148874,"44":0.216544,"45":0.433088,"46":0.331583,"47":1.610546,"48":27.128903,"49":0.101505,"50":0.074437,"51":0},"opera":{"9":0,"9.5-9.6":0,"10.0-10.1":0,"10.5":0,"10.6":0,"11":0,"11.1":0,"11.5":0,"11.6":0,"12":0.006767,"12.1":0.040602,"15":0,"16":0,"17":0,"18":0,"19":0,"20":0,"21":0,"22":0,"23":0,"24":0,"25":0,"26":0,"27":0,"28":0.027068,"29":0,"30":0,"31":0,"32":0,"33":0,"34":0.060903,"35":0.196243,"36":0},"safari":{"3.1":0,"3.2":0,"4":0.020301,"5":0.074437,"5.1":0.230078,"6":0.033835,"6.1":0.182709,"7":0.101505,"7.1":0.074437,"8":0.602263,"9":3.139888,"9.1":0.020301},"android":{"2.1":0,"2.2":0,"2.3":0.0164131144511,"3":0,"4":0.142009120686,"4.1":0.299004128479,"4.2-4.3":0.670796851481,"4.4":1.35087068069,"4.4.3-4.4.4":0.725745104208,"47":null},"ios_saf":{"3.2":0,"4.0-4.1":0,"4.2-4.3":0,"5.0-5.1":0,"6.0-6.1":0,"7.0-7.1":0.964806637374,"8":0.0654960119366,"8.1-8.4":2.66518387034,"9.0-9.2":20.7849074803,"9.3":null},"op_mob":{"10":0,"11":0,"11.1":0,"11.5":0,"12":8.86512425021e-6,"12.1":8.86512425021e-6,"0":0.000381200342759},"ie":{"5.5":0,"6":0.00680819939117,"7":0.0136163987823,"8":0.333601770167,"9":0.503806754947,"10":0.503806754947,"11":7.57071772298},"bb":{"7":0.012932,"10":null},"ie_mob":{"10":0.0948242038835,"11":0.419222796117},"edge":{"12":0.453389,"13":1.630847,"14":0},"and_uc":{"0":0.400892},"op_mini":{"5.0-8.0":0.154785069409},"and_chr":{"0":15.603995},"and_ff":{"0":0.03233}},"total":98.4390256012}