{"id":"PA","name":"Panama","month":"2016-02","access_date":"2016-03-03","data":{"firefox":{"2":0,"3":0.006487,"3.5":0,"3.6":0.019461,"4":0.006487,"5":0,"6":0.006487,"7":0,"8":0.006487,"9":0,"10":0,"11":0.006487,"12":0.006487,"13":0.006487,"14":0.006487,"15":0.006487,"16":0.032435,"17":0,"18":0,"19":0,"20":0.019461,"21":0.006487,"22":0.006487,"23":0.012974,"24":0.006487,"25":0.006487,"26":0.006487,"27":0.006487,"28":0.006487,"29":0.006487,"30":0.012974,"31":0.012974,"32":0.006487,"33":0.012974,"34":0.006487,"35":0.019461,"36":0.025948,"37":0.045409,"38":0.123253,"39":0.077844,"40":0.058383,"41":0.084331,"42":0.136227,"43":1.62175,"44":3.490006,"45":0.038922,"46":0.006487,"47":0},"chrome":{"4":0,"5":0,"6":0,"7":0,"8":0,"9":0,"10":0,"11":0.038922,"12":0.006487,"13":0,"14":0,"15":0,"16":0,"17":0,"18":0.012974,"19":0,"20":0,"21":0.006487,"22":0.032435,"23":0,"24":0.006487,"25":0.019461,"26":0.032435,"27":0.006487,"28":0.006487,"29":0.019461,"30":0.006487,"31":0.077844,"32":0.012974,"33":0.012974,"34":0.032435,"35":0.051896,"36":0.058383,"37":0.045409,"38":0.077844,"39":0.097305,"40":0.051896,"41":0.058383,"42":0.071357,"43":0.343811,"44":0.343811,"45":0.356785,"46":0.350298,"47":1.36227,"48":33.265336,"49":0.116766,"50":0.038922,"51":0},"opera":{"9":0,"9.5-9.6":0,"10.0-10.1":0,"10.5":0,"10.6":0,"11":0,"11.1":0,"11.5":0,"11.6":0,"12":0,"12.1":0.032435,"15":0,"16":0.006487,"17":0,"18":0,"19":0,"20":0,"21":0,"22":0,"23":0,"24":0,"25":0,"26":0,"27":0.006487,"28":0.006487,"29":0.025948,"30":0,"31":0.012974,"32":0.012974,"33":0.006487,"34":0.181636,"35":0.544908,"36":0.006487},"safari":{"3.1":0,"3.2":0,"4":0.012974,"5":0.071357,"5.1":0.142714,"6":0.032435,"6.1":0.149201,"7":0.123253,"7.1":0.155688,"8":1.031433,"9":4.287907,"9.1":0.006487},"android":{"2.1":0,"2.2":0,"2.3":0.0477609672679,"3":0,"4":0.413236195057,"4.1":0.870080229793,"4.2-4.3":1.9519699666,"4.4":3.93093526253,"4.4.3-4.4.4":2.11186537876,"47":null},"ios_saf":{"3.2":0,"4.0-4.1":0,"4.2-4.3":0,"5.0-5.1":0,"6.0-6.1":0,"7.0-7.1":0.263187211155,"8":0.017866494752,"8.1-8.4":0.727028901832,"9.0-9.2":5.66986339226,"9.3":null},"op_mob":{"10":0,"11":0,"11.1":0,"11.5":0,"12":5.05727506427e-5,"12.1":5.05727506427e-5,"0":0.00217462827763},"ie":{"5.5":0,"6":0.0131085089538,"7":0.0131085089538,"8":0.609545666352,"9":0.393255268615,"10":0.517786103676,"11":5.38104292554},"bb":{"7":0.052695,"10":null},"ie_mob":{"10":0.0382337184466,"11":0.169033281553},"edge":{"12":0.376246,"13":0.77844,"14":0},"and_uc":{"0":0.354813},"op_mini":{"5.0-8.0":0.883000226221},"and_chr":{"0":22.122527},"and_ff":{"0":0.03513}},"total":97.5966299821}