{"id":"PL","name":"Poland","month":"2016-02","access_date":"2016-03-03","data":{"firefox":{"2":0,"3":0.01115,"3.5":0.005575,"3.6":0.027875,"4":0.005575,"5":0.005575,"6":0.005575,"7":0.005575,"8":0.005575,"9":0.005575,"10":0.01115,"11":0.01115,"12":0.03345,"13":0.005575,"14":0.01115,"15":0.016725,"16":0.027875,"17":0.01115,"18":0.01115,"19":0.005575,"20":0.016725,"21":0.016725,"22":0.005575,"23":0.005575,"24":0.03345,"25":0.01115,"26":0.016725,"27":0.01115,"28":0.0223,"29":0.016725,"30":0.0223,"31":0.0892,"32":0.0223,"33":0.03345,"34":0.03345,"35":0.050175,"36":0.0446,"37":0.061325,"38":0.2453,"39":0.1115,"40":0.10035,"41":0.1561,"42":0.206275,"43":4.354075,"44":10.676125,"45":0.061325,"46":0.005575,"47":0.005575},"chrome":{"4":0,"5":0,"6":0,"7":0,"8":0,"9":0,"10":0.005575,"11":0.0446,"12":0,"13":0,"14":0,"15":0,"16":0,"17":0,"18":0.01115,"19":0,"20":0,"21":0.027875,"22":0.0223,"23":0,"24":0,"25":0.005575,"26":0.0223,"27":0.005575,"28":0.01115,"29":0.01115,"30":0.005575,"31":0.05575,"32":0.016725,"33":0.050175,"34":0.05575,"35":0.05575,"36":0.027875,"37":0.039025,"38":0.05575,"39":0.083625,"40":0.05575,"41":0.039025,"42":0.0669,"43":0.1115,"44":0.117075,"45":0.128225,"46":0.16725,"47":0.7136,"48":21.915325,"49":0.105925,"50":0.027875,"51":0},"opera":{"9":0,"9.5-9.6":0,"10.0-10.1":0,"10.5":0,"10.6":0,"11":0,"11.1":0,"11.5":0.005575,"11.6":0.005575,"12":0.016725,"12.1":0.340075,"15":0.005575,"16":0.005575,"17":0,"18":0.01115,"19":0.005575,"20":0.01115,"21":0.005575,"22":0,"23":0,"24":0.005575,"25":0.005575,"26":0.01115,"27":0.005575,"28":0.039025,"29":0.016725,"30":0.03345,"31":0.0223,"32":0.0223,"33":0.03345,"34":0.708025,"35":2.703875,"36":0.0446},"safari":{"3.1":0,"3.2":0,"4":0.005575,"5":0.016725,"5.1":0.0446,"6":0.005575,"6.1":0.0223,"7":0.01115,"7.1":0.01115,"8":0.07805,"9":0.5129,"9.1":0.005575},"android":{"2.1":0,"2.2":0,"2.3":0.0484355878424,"3":0,"4":0.419073129593,"4.1":0.88237005678,"4.2-4.3":1.97954141617,"4.4":3.98645946894,"4.4.3-4.4.4":2.14169534068,"47":null},"ios_saf":{"3.2":0,"4.0-4.1":0,"4.2-4.3":0,"5.0-5.1":0,"6.0-6.1":0,"7.0-7.1":0.0543355139946,"8":0.00368857275159,"8.1-8.4":0.150096537353,"9.0-9.2":1.1705543759,"9.3":null},"op_mob":{"10":0,"11":0,"11.1":0,"11.5":0,"12":0.000106675235647,"12.1":0.000106675235647,"0":0.00458703513282},"ie":{"5.5":0,"6":0.00559202290076,"7":0.0111840458015,"8":0.206904847328,"9":0.195720801527,"10":0.195720801527,"11":3.04206045802},"bb":{"7":0.0110625,"10":null},"ie_mob":{"10":0.573832281553,"11":2.53694271845},"edge":{"12":0.1561,"13":0.50175,"14":0},"and_uc":{"0":0.0708},"op_mini":{"5.0-8.0":1.8625496144},"and_chr":{"0":32.0888},"and_ff":{"0":0.048675}},"total":97.8463204771}