{"id":"PY","name":"Paraguay","month":"2016-02","access_date":"2016-03-03","data":{"firefox":{"2":0.004962,"3":0.034734,"3.5":0.014886,"3.6":0.039696,"4":0.014886,"5":0.004962,"6":0.009924,"7":0.004962,"8":0.004962,"9":0.004962,"10":0.014886,"11":0.019848,"12":0.02481,"13":0.004962,"14":0.014886,"15":0.02481,"16":0.009924,"17":0.019848,"18":0.004962,"19":0.004962,"20":0.014886,"21":0.02481,"22":0.014886,"23":0.004962,"24":0.019848,"25":0.009924,"26":0.019848,"27":0.004962,"28":0.02481,"29":0.014886,"30":0.019848,"31":0.02481,"32":0.02481,"33":0.029772,"34":0.02481,"35":0.039696,"36":0.168708,"37":0.054582,"38":0.188556,"39":0.168708,"40":0.079392,"41":0.089316,"42":0.138936,"43":2.28252,"44":4.108536,"45":0.064506,"46":0.014886,"47":0},"chrome":{"4":0,"5":0.004962,"6":0,"7":0,"8":0,"9":0,"10":0.009924,"11":0.044658,"12":0.009924,"13":0,"14":0,"15":0,"16":0,"17":0.004962,"18":0.019848,"19":0,"20":0.004962,"21":0.004962,"22":0.014886,"23":0.004962,"24":0.004962,"25":0.004962,"26":0.009924,"27":0.004962,"28":0.014886,"29":0.019848,"30":0.019848,"31":0.04962,"32":0.014886,"33":0.079392,"34":0.039696,"35":0.04962,"36":0.069468,"37":0.064506,"38":0.084354,"39":0.119088,"40":0.069468,"41":0.064506,"42":0.039696,"43":0.32253,"44":0.233214,"45":0.233214,"46":0.29772,"47":0.932856,"48":29.618178,"49":0.104202,"50":0.039696,"51":0},"opera":{"9":0,"9.5-9.6":0,"10.0-10.1":0,"10.5":0,"10.6":0,"11":0,"11.1":0,"11.5":0,"11.6":0,"12":0,"12.1":0.019848,"15":0,"16":0,"17":0,"18":0,"19":0,"20":0,"21":0,"22":0,"23":0,"24":0,"25":0,"26":0,"27":0.009924,"28":0.009924,"29":0.114126,"30":0.009924,"31":0.004962,"32":0.034734,"33":0.009924,"34":0.183594,"35":0.47139,"36":0.004962},"safari":{"3.1":0,"3.2":0,"4":0.004962,"5":0.029772,"5.1":0.019848,"6":0,"6.1":0.014886,"7":0.009924,"7.1":0.039696,"8":0.143898,"9":0.575592,"9.1":0},"android":{"2.1":0,"2.2":0,"2.3":0.0593209895346,"3":0,"4":0.513255518147,"4.1":1.08067367891,"4.2-4.3":2.42442305055,"4.4":4.88237535605,"4.4.3-4.4.4":2.62301940681,"47":null},"ios_saf":{"3.2":0,"4.0-4.1":0,"4.2-4.3":0,"5.0-5.1":0,"6.0-6.1":0,"7.0-7.1":0.13215439041,"8":0.00897131632023,"8.1-8.4":0.365063564108,"9.0-9.2":2.84701272916,"9.3":null},"op_mob":{"10":0,"11":0,"11.1":0,"11.5":0,"12":0.000443217366467,"12.1":0.000443217366467,"0":0.0190583467581},"ie":{"5.5":0,"6":0.0100509594883,"7":0.00502547974414,"8":0.442242217484,"9":0.216095628998,"10":0.23117206823,"11":1.43226172708},"bb":{"7":0.0591965,"10":null},"ie_mob":{"10":0.370806582524,"11":1.63935541748},"edge":{"12":0.183594,"13":0.168708,"14":0},"and_uc":{"0":1.707882},"op_mini":{"5.0-8.0":7.73857521851},"and_chr":{"0":26.177896},"and_ff":{"0":0.030228}},"total":97.769594581}