{"id":"RO","name":"Romania","month":"2016-02","access_date":"2016-03-03","data":{"firefox":{"2":0.007897,"3":0.055279,"3.5":0.007897,"3.6":0.039485,"4":0.007897,"5":0.007897,"6":0.023691,"7":0,"8":0.007897,"9":0.007897,"10":0.015794,"11":0.007897,"12":0.023691,"13":0.007897,"14":0.007897,"15":0.007897,"16":0.015794,"17":0.007897,"18":0.007897,"19":0.007897,"20":0.023691,"21":0.063176,"22":0.007897,"23":0.007897,"24":0.015794,"25":0.007897,"26":0.015794,"27":0.007897,"28":0.015794,"29":0.015794,"30":0.031588,"31":0.023691,"32":0.023691,"33":0.047382,"34":0.039485,"35":0.07897,"36":0.039485,"37":0.07897,"38":0.252704,"39":0.15794,"40":0.118455,"41":0.134249,"42":0.252704,"43":4.114337,"44":8.118116,"45":0.181631,"46":0.015794,"47":0.007897},"chrome":{"4":0.007897,"5":0,"6":0,"7":0,"8":0,"9":0,"10":0.007897,"11":0.039485,"12":0.007897,"13":0,"14":0.007897,"15":0.007897,"16":0,"17":0,"18":0.023691,"19":0,"20":0,"21":0.007897,"22":0.039485,"23":0.007897,"24":0.007897,"25":0,"26":0.031588,"27":0.007897,"28":0.007897,"29":0.086867,"30":0.023691,"31":0.055279,"32":0.015794,"33":0.063176,"34":0.07897,"35":0.071073,"36":0.063176,"37":0.063176,"38":0.07897,"39":0.142146,"40":0.086867,"41":0.07897,"42":0.07897,"43":0.307983,"44":0.331674,"45":0.418541,"46":0.371159,"47":1.73734,"48":42.841225,"49":0.150043,"50":0.102661,"51":0},"opera":{"9":0,"9.5-9.6":0,"10.0-10.1":0,"10.5":0,"10.6":0,"11":0,"11.1":0,"11.5":0,"11.6":0.007897,"12":0.015794,"12.1":0.197425,"15":0.023691,"16":0.007897,"17":0.007897,"18":0.007897,"19":0,"20":0.007897,"21":0,"22":0,"23":0,"24":0,"25":0,"26":0.015794,"27":0,"28":0.031588,"29":0.007897,"30":0.023691,"31":0.023691,"32":0.023691,"33":0.031588,"34":0.7897,"35":2.716568,"36":0.015794},"safari":{"3.1":0,"3.2":0,"4":0.023691,"5":0.015794,"5.1":0.039485,"6":0.007897,"6.1":0.023691,"7":0.015794,"7.1":0.007897,"8":0.071073,"9":0.521202,"9.1":0.007897},"android":{"2.1":0,"2.2":0,"2.3":0.0265123115119,"3":0,"4":0.229389130038,"4.1":0.482985153195,"4.2-4.3":1.0835466444,"4.4":2.18207850835,"4.4.3-4.4.4":1.17230525251,"47":null},"ios_saf":{"3.2":0,"4.0-4.1":0,"4.2-4.3":0,"5.0-5.1":0,"6.0-6.1":0,"7.0-7.1":0.165045609076,"8":0.0112041405639,"8.1-8.4":0.455922335254,"9.0-9.2":3.55559091511,"9.3":null},"op_mob":{"10":0,"11":0,"11.1":0,"11.5":0,"12":4.44507283633e-5,"12.1":4.44507283633e-5,"0":0.00191138131962},"ie":{"5.5":0,"6":0.0331313876221,"7":0.0331313876221,"8":0.993941628664,"9":0.331313876221,"10":0.323031029316,"11":3.36283584365},"bb":{"7":0.023133,"10":null},"ie_mob":{"10":0.179224601942,"11":0.792361398058},"edge":{"12":0.221116,"13":0.647554,"14":0},"and_uc":{"0":0.286008},"op_mini":{"5.0-8.0":0.776109717224},"and_chr":{"0":14.117446},"and_ff":{"0":0.086223}},"total":97.9000441531}