{"id":"SI","name":"Slovenia","month":"2016-02","access_date":"2016-03-03","data":{"firefox":{"2":0,"3":0.008381,"3.5":0.008381,"3.6":0.016762,"4":0.025143,"5":0.016762,"6":0.025143,"7":0.016762,"8":0.025143,"9":0.025143,"10":0.016762,"11":0.025143,"12":0.025143,"13":0.016762,"14":0.008381,"15":0.008381,"16":0.016762,"17":0.100572,"18":0.041905,"19":0.016762,"20":0.025143,"21":0.033524,"22":0.025143,"23":0.016762,"24":0.025143,"25":0.025143,"26":0.041905,"27":0.025143,"28":0.058667,"29":0.025143,"30":0.025143,"31":0.100572,"32":0.050286,"33":0.050286,"34":0.058667,"35":0.092191,"36":0.050286,"37":0.108953,"38":0.435812,"39":0.142477,"40":0.134096,"41":0.234668,"42":0.184382,"43":5.330316,"44":13.082741,"45":0.092191,"46":0.025143,"47":0.008381},"chrome":{"4":0,"5":0,"6":0,"7":0,"8":0,"9":0.016762,"10":0.016762,"11":0.041905,"12":0.016762,"13":0,"14":0.016762,"15":0.016762,"16":0.016762,"17":0,"18":0.008381,"19":0.016762,"20":0.016762,"21":0.016762,"22":0.033524,"23":0.016762,"24":0.016762,"25":0.016762,"26":0.016762,"27":0.008381,"28":0.008381,"29":0.050286,"30":0.025143,"31":0.075429,"32":0.016762,"33":0.041905,"34":0.075429,"35":0.058667,"36":0.067048,"37":0.058667,"38":0.050286,"39":0.125715,"40":0.050286,"41":0.058667,"42":0.067048,"43":0.150858,"44":0.16762,"45":0.226287,"46":0.318478,"47":1.324198,"48":38.443647,"49":0.150858,"50":0.134096,"51":0},"opera":{"9":0,"9.5-9.6":0,"10.0-10.1":0,"10.5":0,"10.6":0,"11":0,"11.1":0,"11.5":0,"11.6":0.008381,"12":0.008381,"12.1":0.150858,"15":0.008381,"16":0,"17":0,"18":0,"19":0,"20":0,"21":0,"22":0,"23":0,"24":0,"25":0,"26":0,"27":0,"28":0.033524,"29":0,"30":0,"31":0.008381,"32":0.008381,"33":0.008381,"34":0.243049,"35":0.829719,"36":0.008381},"safari":{"3.1":0,"3.2":0,"4":0.016762,"5":0.033524,"5.1":0.108953,"6":0.008381,"6.1":0.092191,"7":0.092191,"7.1":0.033524,"8":0.25143,"9":1.701343,"9.1":0.016762},"android":{"2.1":0,"2.2":0,"2.3":0.0151179650412,"3":0,"4":0.130803262748,"4.1":0.275409884881,"4.2-4.3":0.617864658205,"4.4":1.24427425317,"4.4.3-4.4.4":0.668476975952,"47":null},"ios_saf":{"3.2":0,"4.0-4.1":0,"4.2-4.3":0,"5.0-5.1":0,"6.0-6.1":0,"7.0-7.1":0.198292752109,"8":0.0134611267751,"8.1-8.4":0.547764312616,"9.0-9.2":4.2718368085,"9.3":null},"op_mob":{"10":0,"11":0,"11.1":0,"11.5":0,"12":9.15629820051e-6,"12.1":9.15629820051e-6,"0":0.000393720822622},"ie":{"5.5":0,"6":0.016846090301,"7":0.0252691354515,"8":0.50538270903,"9":0.513805754181,"10":0.623305341137,"11":8.38092992475},"bb":{"7":0.00930925,"10":null},"ie_mob":{"10":0.101541165049,"11":0.448918834951},"edge":{"12":0.352002,"13":1.232007,"14":0},"and_uc":{"0":0.040475},"op_mini":{"5.0-8.0":0.159868966581},"and_chr":{"0":11.357432},"and_ff":{"0":0.024285}},"total":98.4543282048}