{"id":"SK","name":"Slovakia (Slovak Republic)","month":"2016-02","access_date":"2016-03-03","data":{"firefox":{"2":0,"3":0.01654,"3.5":0.01654,"3.6":0.04962,"4":0.00827,"5":0.00827,"6":0.01654,"7":0.00827,"8":0.00827,"9":0.01654,"10":0.01654,"11":0.00827,"12":0.09924,"13":0,"14":0.00827,"15":0.00827,"16":0.01654,"17":0.02481,"18":0.00827,"19":0.00827,"20":0.01654,"21":0.02481,"22":0.00827,"23":0.01654,"24":0.03308,"25":0.01654,"26":0.01654,"27":0.01654,"28":0.02481,"29":0.02481,"30":0.03308,"31":0.04135,"32":0.04135,"33":0.17367,"34":0.05789,"35":0.05789,"36":0.09924,"37":0.42177,"38":0.35561,"39":0.20675,"40":0.14059,"41":0.18194,"42":0.3308,"43":5.42512,"44":12.30576,"45":0.06616,"46":0.01654,"47":0.00827},"chrome":{"4":0.00827,"5":0,"6":0,"7":0.00827,"8":0,"9":0,"10":0,"11":0.04962,"12":0.00827,"13":0,"14":0,"15":0,"16":0,"17":0,"18":0.01654,"19":0,"20":0,"21":0.00827,"22":0.04135,"23":0,"24":0,"25":0.00827,"26":0.01654,"27":0.01654,"28":0.00827,"29":0.02481,"30":0.00827,"31":0.05789,"32":0.01654,"33":0.03308,"34":0.09924,"35":0.04135,"36":0.11578,"37":0.04135,"38":0.06616,"39":0.09924,"40":0.06616,"41":0.06616,"42":0.04135,"43":0.19021,"44":0.18194,"45":0.1654,"46":0.18194,"47":1.09164,"48":38.36453,"49":0.13232,"50":0.06616,"51":0},"opera":{"9":0,"9.5-9.6":0,"10.0-10.1":0,"10.5":0,"10.6":0.00827,"11":0,"11.1":0,"11.5":0.00827,"11.6":0.03308,"12":0.03308,"12.1":0.67814,"15":0,"16":0.00827,"17":0.00827,"18":0.00827,"19":0.00827,"20":0.03308,"21":0,"22":0,"23":0,"24":0,"25":0.00827,"26":0.01654,"27":0.00827,"28":0.04135,"29":0.02481,"30":0.02481,"31":0.01654,"32":0.02481,"33":0.03308,"34":0.84354,"35":3.28319,"36":0.04135},"safari":{"3.1":0,"3.2":0,"4":0.00827,"5":0.04135,"5.1":0.11578,"6":0.00827,"6.1":0.05789,"7":0.07443,"7.1":0.02481,"8":0.19848,"9":1.52995,"9.1":0.03308},"android":{"2.1":0,"2.2":0,"2.3":0.0167656735694,"3":0,"4":0.145059523491,"4.1":0.305426835894,"4.2-4.3":0.685205789356,"4.4":1.37988782899,"4.4.3-4.4.4":0.741334348697,"47":null},"ios_saf":{"3.2":0,"4.0-4.1":0,"4.2-4.3":0,"5.0-5.1":0,"6.0-6.1":0,"7.0-7.1":0.16940636242,"8":0.011500170817,"8.1-8.4":0.467968489401,"9.0-9.2":3.64953497736,"9.3":null},"op_mob":{"10":0,"11":0,"11.1":0,"11.5":0,"12":2.67826335333e-5,"12.1":2.67826335333e-5,"0":0.00115165324193},"ie":{"5.5":0,"6":0.0165997831325,"7":0.0248996746988,"8":0.522893168675,"9":0.331995662651,"10":0.406694686747,"11":5.57752713253},"bb":{"7":0.0185975,"10":null},"ie_mob":{"10":0.100843883495,"11":0.445836116505},"edge":{"12":0.23983,"13":1.09991,"14":0},"and_uc":{"0":0.16435},"op_mini":{"5.0-8.0":0.467624781491},"and_chr":{"0":12.09468},"and_ff":{"0":0.05017}},"total":98.2729476084}