{"id":"TC","name":"Turks and Caicos Islands","month":"2016-02","access_date":"2016-03-03","data":{"firefox":{"2":0,"3":0,"3.5":0,"3.6":0.019995,"4":0,"5":0.006665,"6":0.006665,"7":0.006665,"8":0,"9":0,"10":0,"11":0.006665,"12":0.02666,"13":0,"14":0,"15":0,"16":0.006665,"17":0,"18":0,"19":0.01333,"20":0,"21":0,"22":0,"23":0,"24":0,"25":0,"26":0,"27":0,"28":0,"29":0,"30":0.006665,"31":0,"32":0.006665,"33":0,"34":0.006665,"35":0.006665,"36":0.01333,"37":0.1333,"38":0.01333,"39":0.10664,"40":0.033325,"41":0.033325,"42":0.05332,"43":1.446305,"44":2.739315,"45":0.10664,"46":0,"47":0},"chrome":{"4":0,"5":0,"6":0,"7":0,"8":0,"9":0,"10":0,"11":0.006665,"12":0.01333,"13":0.01333,"14":0,"15":0,"16":0,"17":0,"18":0.01333,"19":0,"20":0,"21":0,"22":0,"23":0.006665,"24":0,"25":0,"26":0,"27":0,"28":0.006665,"29":0,"30":0,"31":0.006665,"32":0.006665,"33":0.033325,"34":0.01333,"35":0.006665,"36":0.046655,"37":0,"38":0.019995,"39":0.139965,"40":0.01333,"41":0.006665,"42":0.03999,"43":0.233275,"44":0.086645,"45":0.313255,"46":0.06665,"47":1.259685,"48":22.774305,"49":0.113305,"50":0.059985,"51":0},"opera":{"9":0,"9.5-9.6":0,"10.0-10.1":0,"10.5":0,"10.6":0,"11":0,"11.1":0,"11.5":0,"11.6":0,"12":0,"12.1":0,"15":0,"16":0,"17":0,"18":0,"19":0,"20":0,"21":0,"22":0,"23":0.05332,"24":0,"25":0,"26":0.006665,"27":0.006665,"28":0,"29":0.033325,"30":0.11997,"31":0,"32":0,"33":0.019995,"34":0.059985,"35":0.406565,"36":0},"safari":{"3.1":0,"3.2":0,"4":0.006665,"5":0.01333,"5.1":0.18662,"6":0.019995,"6.1":0.09331,"7":0.06665,"7.1":0.046655,"8":0.6665,"9":3.11922,"9.1":0.03999},"android":{"2.1":0,"2.2":0,"2.3":0.0314868514807,"3":0,"4":0.272429714986,"4.1":0.573608294367,"4.2-4.3":1.28685393008,"4.4":2.59150477622,"4.4.3-4.4.4":1.39226643287,"47":null},"ios_saf":{"3.2":0,"4.0-4.1":0,"4.2-4.3":0,"5.0-5.1":0,"6.0-6.1":0,"7.0-7.1":1.0056674326,"8":0.0682698518214,"8.1-8.4":2.77805781642,"9.0-9.2":21.6651748992,"9.3":null},"op_mob":{"10":0,"11":0,"11.1":0,"11.5":0,"12":1.42887746358e-5,"12.1":1.42887746358e-5,"0":0.00061441730934},"ie":{"5.5":0,"6":0,"7":0.01333,"8":0.513205,"9":0.37324,"10":0.406565,"11":9.244355},"bb":{"7":0.416875,"10":null},"ie_mob":{"10":0.0910487378641,"11":0.402531262136},"edge":{"12":0.7998,"13":2.072815,"14":0},"and_uc":{"0":0.396865},"op_mini":{"5.0-8.0":0.249482005141},"and_chr":{"0":15.105415},"and_ff":{"0":0.070035}},"total":96.88609}