{"id":"TG","name":"Togo","month":"2016-02","access_date":"2016-03-03","data":{"firefox":{"2":0.032031,"3":0.274043,"3.5":0.003559,"3.6":0.014236,"4":0.028472,"5":0.007118,"6":0.010677,"7":0.014236,"8":0.014236,"9":0.010677,"10":0.010677,"11":0.096093,"12":0.056944,"13":0.074739,"14":0.007118,"15":0.078298,"16":0.049826,"17":0.088975,"18":0.024913,"19":0.359459,"20":0.064062,"21":0.064062,"22":0.081857,"23":0.085416,"24":0.099652,"25":0.117447,"26":0.060503,"27":0.060503,"28":0.099652,"29":0.227776,"30":0.409285,"31":0.281161,"32":0.192186,"33":0.21354,"34":0.209981,"35":0.377254,"36":0.217099,"37":0.694005,"38":0.434198,"39":0.416403,"40":0.807893,"41":0.316751,"42":0.544527,"43":5.331382,"44":4.961246,"45":0.451993,"46":0.138801,"47":0.028472},"chrome":{"4":0,"5":0.024913,"6":0.003559,"7":0.003559,"8":0.007118,"9":0.046267,"10":0.003559,"11":0.03559,"12":0.007118,"13":0.010677,"14":0.017795,"15":0.007118,"16":0.021354,"17":0.003559,"18":0.014236,"19":0.003559,"20":0.003559,"21":0.003559,"22":0.003559,"23":0.007118,"24":0.003559,"25":0.014236,"26":0.017795,"27":0.003559,"28":0.024913,"29":0.014236,"30":0.017795,"31":0.110329,"32":0.017795,"33":0.049826,"34":0.007118,"35":0.010677,"36":0.017795,"37":0.024913,"38":0.003559,"39":0.163714,"40":0.042708,"41":0.039149,"42":0.060503,"43":0.370136,"44":0.163714,"45":0.316751,"46":0.131683,"47":0.359459,"48":7.420515,"49":0.042708,"50":0.046267,"51":0},"opera":{"9":0,"9.5-9.6":0,"10.0-10.1":0,"10.5":0,"10.6":0,"11":0,"11.1":0,"11.5":0.003559,"11.6":0.007118,"12":0.003559,"12.1":0.056944,"15":0.014236,"16":0.03559,"17":0.010677,"18":0.007118,"19":0,"20":0.003559,"21":0.014236,"22":0.017795,"23":0.007118,"24":0,"25":0,"26":0.003559,"27":0.014236,"28":0,"29":0.049826,"30":0.003559,"31":0.024913,"32":0.017795,"33":0.014236,"34":0.316751,"35":0.950253,"36":0.003559},"safari":{"3.1":0,"3.2":0,"4":0,"5":0.003559,"5.1":0.017795,"6":0.010677,"6.1":0.007118,"7":0.056944,"7.1":0.007118,"8":0.124565,"9":0.156596,"9.1":0},"android":{"2.1":0,"2.2":0,"2.3":0.0290026927188,"3":0,"4":0.250936341349,"4.1":0.528353402138,"4.2-4.3":1.18532744155,"4.4":2.38704770942,"4.4.3-4.4.4":1.28242341283,"47":null},"ios_saf":{"3.2":0,"4.0-4.1":0,"4.2-4.3":0,"5.0-5.1":0,"6.0-6.1":0,"7.0-7.1":0.0407340087467,"8":0.00276523296975,"8.1-8.4":0.112523710846,"9.0-9.2":0.877536047438,"9.3":null},"op_mob":{"10":0,"11":0,"11.1":0,"11.5":0,"12":0.00217680411311,"12.1":0.00217680411311,"0":0.0936025768638},"ie":{"5.5":0,"6":0.00719266433566,"7":0.0539449825175,"8":0.302091902098,"9":0.21577993007,"10":0.719266433566,"11":1.77299175874},"bb":{"7":0.05313825,"10":null},"ie_mob":{"10":0.283966805825,"11":1.25543219417},"edge":{"12":0.167273,"13":0.099652,"14":0},"and_uc":{"0":11.407011},"op_mini":{"5.0-8.0":38.0069998149},"and_chr":{"0":7.176204},"and_ff":{"0":0.12882}},"total":98.3755609213}