{"id":"TL","name":"Timor-Leste","month":"2016-02","access_date":"2016-03-03","data":{"firefox":{"2":0,"3":0.078456,"3.5":0.114415,"3.6":0.274596,"4":0.281134,"5":0.09807,"6":0.068649,"7":0.06538,"8":0.104608,"9":0.071918,"10":0.274596,"11":0.169988,"12":0.254982,"13":0.16345,"14":0.045766,"15":0.183064,"16":0.251713,"17":0.016345,"18":0.127491,"19":0.091532,"20":0.134029,"21":0.961086,"22":0.049035,"23":0.042497,"24":0.055573,"25":0.081725,"26":0.134029,"27":0.06538,"28":0.075187,"29":0.094801,"30":0.349783,"31":0.111146,"32":0.160181,"33":0.094801,"34":0.03269,"35":0.078456,"36":0.140567,"37":0.104608,"38":0.192871,"39":0.251713,"40":0.281134,"41":0.483812,"42":0.372666,"43":3.556672,"44":4.011063,"45":0.477274,"46":0,"47":0.003269},"chrome":{"4":0.029421,"5":0,"6":0.006538,"7":0,"8":0.003269,"9":0,"10":0.006538,"11":0.009807,"12":0,"13":0.075187,"14":0,"15":0.003269,"16":0.003269,"17":0.013076,"18":0.003269,"19":0.003269,"20":0,"21":0,"22":0.003269,"23":0.003269,"24":0.003269,"25":0.019614,"26":0.003269,"27":0.006538,"28":0.003269,"29":0.003269,"30":0.003269,"31":0.055573,"32":0,"33":0.009807,"34":0.026152,"35":0.006538,"36":0.013076,"37":0.006538,"38":0.003269,"39":0.006538,"40":0.071918,"41":0.016345,"42":0.042497,"43":0.421701,"44":0.219023,"45":0.467467,"46":0.156912,"47":0.395549,"48":6.66876,"49":0.029421,"50":0.052304,"51":0},"opera":{"9":0,"9.5-9.6":0,"10.0-10.1":0,"10.5":0,"10.6":0.003269,"11":0.055573,"11.1":0.003269,"11.5":0,"11.6":0.003269,"12":0,"12.1":0.029421,"15":0,"16":0,"17":0,"18":0.006538,"19":0.013076,"20":0,"21":0,"22":0,"23":0,"24":0,"25":0,"26":0.003269,"27":0.003269,"28":0,"29":0.006538,"30":0.026152,"31":0,"32":0.003269,"33":0.016345,"34":0.366128,"35":0.42497,"36":0},"safari":{"3.1":0,"3.2":0.003269,"4":0.006538,"5":0.006538,"5.1":0.039228,"6":0.039228,"6.1":0.016345,"7":0.03269,"7.1":0.019614,"8":0.062111,"9":0.447853,"9.1":0},"android":{"2.1":0,"2.2":0,"2.3":0.0269144709419,"3":0,"4":0.232868683367,"4.1":0.490311448898,"4.2-4.3":1.09998272545,"4.4":2.21517797796,"4.4.3-4.4.4":1.19008769339,"47":null},"ios_saf":{"3.2":0,"4.0-4.1":0,"4.2-4.3":0,"5.0-5.1":0,"6.0-6.1":0,"7.0-7.1":0.117682720827,"8":0.00798890533031,"8.1-8.4":0.325086993826,"9.0-9.2":2.53524838002,"9.3":null},"op_mob":{"10":0,"11":0,"11.1":0,"11.5":0,"12":0.00140003261925,"12.1":0.00140003261925,"0":0.0602014026278},"ie":{"5.5":0,"6":0.006538,"7":0.088263,"8":0.993776,"9":0.549192,"10":0.516502,"11":1.641038},"bb":{"7":0.0168275,"10":null},"ie_mob":{"10":0.26322784466,"11":1.16374415534},"edge":{"12":0.06538,"13":0.042497,"14":0},"and_uc":{"0":19.243929},"op_mini":{"5.0-8.0":24.4445695321},"and_chr":{"0":14.461699},"and_ff":{"0":0.161544}},"total":97.6083835}