{"id":"TM","name":"Turkmenistan","month":"2016-02","access_date":"2016-03-03","data":{"firefox":{"2":0.073805,"3":0.002545,"3.5":0.01018,"3.6":0.063625,"4":0.01527,"5":0.00509,"6":0.12725,"7":0.002545,"8":0.00509,"9":0.002545,"10":0.01018,"11":0.002545,"12":0.02545,"13":0.027995,"14":0.01527,"15":0.02036,"16":0.033085,"17":0.03563,"18":0.002545,"19":0.00509,"20":0.002545,"21":0.00509,"22":0.007635,"23":0.002545,"24":0.00509,"25":0.01018,"26":0.0509,"27":0.00509,"28":0.002545,"29":0.002545,"30":0.007635,"31":0.012725,"32":0.01018,"33":0.01018,"34":0.01018,"35":0.012725,"36":0.03563,"37":0.033085,"38":0.04072,"39":0.022905,"40":0.04072,"41":0.09162,"42":0.114525,"43":0.92129,"44":0.67697,"45":0.007635,"46":0,"47":0},"chrome":{"4":0.00509,"5":0.022905,"6":0.002545,"7":0.002545,"8":0.109435,"9":0.03054,"10":0.01527,"11":0.15779,"12":0.15779,"13":0.007635,"14":0.078895,"15":0.03563,"16":0.022905,"17":0.01018,"18":0.012725,"19":0,"20":0.022905,"21":0.002545,"22":0.002545,"23":0.01018,"24":0.007635,"25":0.012725,"26":0.01018,"27":0.01527,"28":0.02036,"29":0.13743,"30":0.012725,"31":0.13234,"32":0.01018,"33":0.027995,"34":0.002545,"35":0.01527,"36":0.043265,"37":0.022905,"38":0.1527,"39":0.048355,"40":0.083985,"41":0.01527,"42":0.027995,"43":0.04072,"44":0.02545,"45":0.1018,"46":0.114525,"47":0.42756,"48":9.3147,"49":0.038175,"50":0.038175,"51":0},"opera":{"9":0.038175,"9.5-9.6":0,"10.0-10.1":0.007635,"10.5":0.02036,"10.6":0.00509,"11":0.017815,"11.1":0.007635,"11.5":0.002545,"11.6":0.033085,"12":0.03054,"12.1":0.124705,"15":0.002545,"16":0.007635,"17":0.00509,"18":0.068715,"19":0.007635,"20":0.002545,"21":0.00509,"22":0.01018,"23":0.002545,"24":0.04072,"25":0.002545,"26":0.017815,"27":0.017815,"28":0.002545,"29":0.00509,"30":0.01018,"31":0.02545,"32":1.086715,"33":0.01527,"34":0.07635,"35":0.03054,"36":0},"safari":{"3.1":0,"3.2":0,"4":0,"5":0.007635,"5.1":0.002545,"6":0.02545,"6.1":0.012725,"7":0.033085,"7.1":0.00509,"8":0.119615,"9":0.124705,"9.1":0},"android":{"2.1":0,"2.2":0,"2.3":0.0975637619684,"3":0,"4":0.844138636161,"4.1":1.7773572289,"4.2-4.3":3.98738853262,"4.4":8.02992180027,"4.4.3-4.4.4":4.31401504008,"47":null},"ios_saf":{"3.2":0,"4.0-4.1":0,"4.2-4.3":0,"5.0-5.1":0,"6.0-6.1":0,"7.0-7.1":0.691753254785,"8":0.0469597509776,"8.1-8.4":1.91090063593,"9.0-9.2":14.9024963583,"9.3":null},"op_mob":{"10":0,"11":0,"11.1":0,"11.5":0,"12":7.11216795201e-5,"12.1":7.11216795201e-5,"0":0.00305823221937},"ie":{"5.5":0,"6":0.00255232023011,"7":0.0204185618408,"8":0.936701524449,"9":0.326696989453,"10":0.224604180249,"11":1.15109642378},"bb":{"7":0.01491,"10":null},"ie_mob":{"10":0.108640339806,"11":0.480304660194},"edge":{"12":0.134885,"13":0.03563,"14":0},"and_uc":{"0":1.453725},"op_mini":{"5.0-8.0":1.24178452442},"and_chr":{"0":34.85006},"and_ff":{"0":0.04473}},"total":93.93316}