{"id":"TT","name":"Trinidad and Tobago","month":"2016-02","access_date":"2016-03-03","data":{"firefox":{"2":0,"3":0.007384,"3.5":0.007384,"3.6":0.014768,"4":0,"5":0,"6":0.007384,"7":0,"8":0.007384,"9":0,"10":0,"11":0.014768,"12":0.014768,"13":0.007384,"14":0.007384,"15":0.007384,"16":0.007384,"17":0.007384,"18":0.007384,"19":0,"20":0,"21":0.014768,"22":0,"23":0,"24":0.007384,"25":0.007384,"26":0.007384,"27":0.007384,"28":0.029536,"29":0.007384,"30":0.029536,"31":0.022152,"32":0.007384,"33":0.007384,"34":0.007384,"35":0.014768,"36":0.014768,"37":0.051688,"38":0.07384,"39":0.081224,"40":0.044304,"41":0.066456,"42":0.11076,"43":1.831232,"44":4.482088,"45":0.1846,"46":0.007384,"47":0},"chrome":{"4":0,"5":0,"6":0,"7":0,"8":0,"9":0,"10":0,"11":0.03692,"12":0.014768,"13":0,"14":0,"15":0,"16":0,"17":0,"18":0.014768,"19":0,"20":0,"21":0.014768,"22":0.206752,"23":0,"24":0,"25":0,"26":0.059072,"27":0.007384,"28":0.014768,"29":0.03692,"30":0.007384,"31":0.029536,"32":0.022152,"33":0.044304,"34":0.095992,"35":0.059072,"36":0.051688,"37":0.029536,"38":0.051688,"39":0.11076,"40":0.07384,"41":0.059072,"42":0.051688,"43":0.14768,"44":0.191984,"45":0.546416,"46":0.191984,"47":1.358656,"48":34.85248,"49":0.14768,"50":0.273208,"51":0},"opera":{"9":0,"9.5-9.6":0,"10.0-10.1":0,"10.5":0,"10.6":0,"11":0,"11.1":0,"11.5":0,"11.6":0.007384,"12":0.007384,"12.1":0.03692,"15":0,"16":0,"17":0,"18":0,"19":0,"20":0,"21":0,"22":0,"23":0,"24":0,"25":0,"26":0,"27":0.014768,"28":0.022152,"29":0.103376,"30":0.007384,"31":0,"32":0.014768,"33":0.022152,"34":0.317512,"35":0.967304,"36":0.007384},"safari":{"3.1":0,"3.2":0,"4":0.014768,"5":0.051688,"5.1":0.118144,"6":0.014768,"6.1":0.088608,"7":0.03692,"7.1":0.022152,"8":0.25844,"9":1.676168,"9.1":0.014768},"android":{"2.1":0,"2.2":0,"2.3":0.0340520044534,"3":0,"4":0.294623864618,"4.1":0.620338689824,"4.2-4.3":1.39169061679,"4.4":2.8026280187,"4.4.3-4.4.4":1.50569080561,"47":null},"ios_saf":{"3.2":0,"4.0-4.1":0,"4.2-4.3":0,"5.0-5.1":0,"6.0-6.1":0,"7.0-7.1":0.347078241614,"8":0.0235614472114,"8.1-8.4":0.958769659601,"9.0-9.2":7.47713465157,"9.3":null},"op_mob":{"10":0,"11":0,"11.1":0,"11.5":0,"12":1.38982005141e-5,"12.1":1.38982005141e-5,"0":0.000597622622108},"ie":{"5.5":0,"6":0.0073912605703,"7":0.0369563028515,"8":0.354780507375,"9":0.502605718781,"10":0.428693113078,"11":6.14213753392},"bb":{"7":0.087636,"10":null},"ie_mob":{"10":0.176135533981,"11":0.778704466019},"edge":{"12":0.539032,"13":1.602328,"14":0},"and_uc":{"0":0.389784},"op_mini":{"5.0-8.0":0.242662580977},"and_chr":{"0":20.462504},"and_ff":{"0":0.036624}},"total":97.1083204366}