{"id":"UG","name":"Uganda","month":"2016-02","access_date":"2016-03-03","data":{"firefox":{"2":0.002472,"3":0.04944,"3.5":0.009888,"3.6":0.04944,"4":0.029664,"5":0.032136,"6":0.019776,"7":0.017304,"8":0.046968,"9":0.04944,"10":0.029664,"11":0.03708,"12":0.08652,"13":0.071688,"14":0.054384,"15":0.064272,"16":0.079104,"17":0.091464,"18":0.03708,"19":0.04944,"20":0.091464,"21":0.16068,"22":0.042024,"23":0.046968,"24":0.0618,"25":0.054384,"26":0.056856,"27":0.039552,"28":0.046968,"29":0.103824,"30":0.126072,"31":0.121128,"32":0.071688,"33":0.121128,"34":0.08652,"35":0.128544,"36":0.088992,"37":0.229896,"38":0.192816,"39":0.180456,"40":0.165624,"41":0.28428,"42":0.313944,"43":3.107304,"44":3.245736,"45":0.847896,"46":0.017304,"47":0.009888},"chrome":{"4":0,"5":0.004944,"6":0.002472,"7":0.004944,"8":0.002472,"9":0.002472,"10":0.007416,"11":0.051912,"12":0.002472,"13":0.002472,"14":0.002472,"15":0,"16":0,"17":0,"18":0.002472,"19":0.004944,"20":0.002472,"21":0.004944,"22":0.002472,"23":0.007416,"24":0.002472,"25":0.009888,"26":0.009888,"27":0.032136,"28":0.02472,"29":0.014832,"30":0.01236,"31":0.04944,"32":0.017304,"33":0.02472,"34":0.014832,"35":0.034608,"36":0.027192,"37":0.019776,"38":0.009888,"39":0.02472,"40":0.019776,"41":0.17304,"42":0.054384,"43":0.11124,"44":0.101352,"45":0.140904,"46":0.091464,"47":0.311472,"48":6.83508,"49":0.03708,"50":0.064272,"51":0},"opera":{"9":0,"9.5-9.6":0.002472,"10.0-10.1":0.004944,"10.5":0,"10.6":0,"11":0.009888,"11.1":0.004944,"11.5":0.004944,"11.6":0.034608,"12":0.02472,"12.1":0.04944,"15":0,"16":0.002472,"17":0.002472,"18":0.002472,"19":0.002472,"20":0.007416,"21":0.002472,"22":0.002472,"23":0,"24":0.002472,"25":0,"26":0.002472,"27":0.002472,"28":0.150792,"29":0.009888,"30":0.02472,"31":0.002472,"32":0.017304,"33":0.032136,"34":0.237312,"35":0.351024,"36":0.002472},"safari":{"3.1":0,"3.2":0,"4":0.002472,"5":0.027192,"5.1":0.03708,"6":0.004944,"6.1":0.009888,"7":0.017304,"7.1":0.009888,"8":0.056856,"9":0.175512,"9.1":0},"android":{"2.1":0,"2.2":0,"2.3":0.0242174482298,"3":0,"4":0.209533573814,"4.1":0.441178730795,"4.2-4.3":0.989756579826,"4.4":1.99320128257,"4.4.3-4.4.4":1.07083238477,"47":null},"ios_saf":{"3.2":0,"4.0-4.1":0,"4.2-4.3":0,"5.0-5.1":0,"6.0-6.1":0,"7.0-7.1":0.0480377690883,"8":0.00326104959868,"8.1-8.4":0.132699633669,"9.0-9.2":1.03488154764,"9.3":null},"op_mob":{"10":0,"11":0,"11.1":0,"11.5":0,"12":0.00301765072836,"12.1":0.00301765072836,"0":0.12975898132},"ie":{"5.5":0.00249212483039,"6":0.012460624152,"7":0.00249212483039,"8":0.256688857531,"9":0.281610105834,"10":0.249212483039,"11":1.02675543012},"bb":{"7":0.067752,"10":null},"ie_mob":{"10":0.268011417476,"11":1.18489258252},"edge":{"12":0.121128,"13":0.08652,"14":0},"and_uc":{"0":8.13024},"op_mini":{"5.0-8.0":52.6881817172},"and_chr":{"0":6.527824},"and_ff":{"0":0.052696}},"total":97.7057997503}