{"id":"UZ","name":"Uzbekistan","month":"2016-02","access_date":"2016-03-03","data":{"firefox":{"2":0.004082,"3":0.008164,"3.5":0.008164,"3.6":0.077558,"4":0.008164,"5":0.02041,"6":0.008164,"7":0.004082,"8":0.008164,"9":0.028574,"10":0.004082,"11":0.012246,"12":0.024492,"13":0.008164,"14":0.004082,"15":0.008164,"16":0.008164,"17":0.016328,"18":0.004082,"19":0.004082,"20":0.008164,"21":0.016328,"22":0.024492,"23":0.012246,"24":0.036738,"25":0.012246,"26":0.016328,"27":0.028574,"28":0.012246,"29":0.028574,"30":0.10205,"31":0.036738,"32":0.02041,"33":0.02041,"34":0.024492,"35":0.04082,"36":0.024492,"37":0.10205,"38":0.10205,"39":0.093886,"40":0.093886,"41":0.114296,"42":0.151034,"43":1.281748,"44":1.706276,"45":0.028574,"46":0,"47":0},"chrome":{"4":0.016328,"5":0.028574,"6":0.004082,"7":0.02041,"8":0.053066,"9":0,"10":0.016328,"11":0.097968,"12":0.16328,"13":0.008164,"14":0.008164,"15":0.016328,"16":0.06123,"17":0.032656,"18":0.048984,"19":0.004082,"20":0.012246,"21":0.008164,"22":0.02041,"23":0.024492,"24":0.012246,"25":0.016328,"26":0.02041,"27":0.06123,"28":0.028574,"29":0.024492,"30":0.02041,"31":0.134706,"32":0.036738,"33":0.048984,"34":0.012246,"35":0.097968,"36":0.110214,"37":0.012246,"38":0.04082,"39":0.24492,"40":0.12246,"41":0.085722,"42":0.14287,"43":0.134706,"44":0.342888,"45":0.171444,"46":0.232674,"47":0.75517,"48":20.495722,"49":0.085722,"50":0.228592,"51":0},"opera":{"9":0,"9.5-9.6":0.016328,"10.0-10.1":0.016328,"10.5":0.016328,"10.6":0.02041,"11":0.053066,"11.1":0.036738,"11.5":0.065312,"11.6":0.077558,"12":0.12246,"12.1":0.934778,"15":0.008164,"16":0.008164,"17":0.008164,"18":0.016328,"19":0.008164,"20":0.028574,"21":0.012246,"22":0.02041,"23":0.048984,"24":0.012246,"25":0.036738,"26":0.028574,"27":0.012246,"28":0.048984,"29":0.036738,"30":0.053066,"31":0.028574,"32":0.073476,"33":0.048984,"34":0.640874,"35":2.318576,"36":0.044902},"safari":{"3.1":0,"3.2":0,"4":0.004082,"5":0.008164,"5.1":0.008164,"6":0.008164,"6.1":0.012246,"7":0.024492,"7.1":0.004082,"8":0.114296,"9":0.342888,"9.1":0.004082},"android":{"2.1":0,"2.2":0,"2.3":0.0288579478958,"3":0,"4":0.249683983968,"4.1":0.525716529058,"4.2-4.3":1.17941178357,"4.4":2.37513458116,"4.4.3-4.4.4":1.27602317435,"47":null},"ios_saf":{"3.2":0,"4.0-4.1":0,"4.2-4.3":0,"5.0-5.1":0,"6.0-6.1":0,"7.0-7.1":0.244677252315,"8":0.0166099440214,"8.1-8.4":0.675896952871,"9.0-9.2":5.27110185079,"9.3":null},"op_mob":{"10":0,"11":0,"11.1":0,"11.5":0,"12":0.000681558868895,"12.1":0.000681558868895,"0":0.0293070313625},"ie":{"5.5":0,"6":0.0164141635884,"7":0.0164141635884,"8":0.545770939314,"9":0.143623931398,"10":0.123106226913,"11":0.685291329815},"bb":{"7":0.008877,"10":null},"ie_mob":{"10":0.075325223301,"11":0.333016776699},"edge":{"12":0.085722,"13":0.065312,"14":0},"and_uc":{"0":24.305226},"op_mini":{"5.0-8.0":11.9000178509},"and_chr":{"0":10.19037},"and_ff":{"0":0.035508}},"total":94.6109397546}