{"id":"VC","name":"Saint Vincent and the Grenadines","month":"2016-02","access_date":"2016-03-03","data":{"firefox":{"2":0,"3":0,"3.5":0,"3.6":0.028612,"4":0,"5":0,"6":0.479251,"7":0,"8":0,"9":0,"10":0.057224,"11":0.007153,"12":0.007153,"13":0,"14":0.007153,"15":0.007153,"16":0.064377,"17":0,"18":0,"19":0,"20":0,"21":0,"22":0,"23":0,"24":0.014306,"25":0.014306,"26":0.007153,"27":0,"28":0.007153,"29":0,"30":0,"31":0.064377,"32":0.007153,"33":0.007153,"34":0.007153,"35":0.050071,"36":0.014306,"37":0.028612,"38":0.07153,"39":0.21459,"40":0.157366,"41":0.021459,"42":0.157366,"43":1.673802,"44":3.977068,"45":0.436333,"46":0.042918,"47":0.007153},"chrome":{"4":0,"5":0.007153,"6":0,"7":0,"8":0,"9":0,"10":0,"11":0.078683,"12":0,"13":0,"14":0,"15":0.028612,"16":0,"17":0,"18":0.007153,"19":0,"20":0,"21":0.007153,"22":0.114448,"23":0,"24":0.007153,"25":0,"26":0,"27":0,"28":0.007153,"29":0.021459,"30":0,"31":0.035765,"32":0.028612,"33":0.035765,"34":0.007153,"35":0.035765,"36":0.07153,"37":0.028612,"38":0.028612,"39":0.178825,"40":0.021459,"41":0.021459,"42":0.021459,"43":0.407721,"44":0.336191,"45":0.636617,"46":0.228896,"47":0.965655,"48":31.644872,"49":0.100142,"50":0.35765,"51":0},"opera":{"9":0,"9.5-9.6":0,"10.0-10.1":0,"10.5":0,"10.6":0,"11":0,"11.1":0,"11.5":0,"11.6":0,"12":0,"12.1":0.014306,"15":0,"16":0,"17":0.035765,"18":0,"19":0,"20":0,"21":0,"22":0.007153,"23":0,"24":0,"25":0,"26":0,"27":0.014306,"28":0,"29":0.050071,"30":0.007153,"31":0,"32":0,"33":0.021459,"34":0.21459,"35":0.765371,"36":0.021459},"safari":{"3.1":0,"3.2":0,"4":0.035765,"5":0.007153,"5.1":0.221743,"6":0.014306,"6.1":0.128754,"7":0.035765,"7.1":0.042918,"8":0.250355,"9":1.044338,"9.1":0},"android":{"2.1":0,"2.2":0,"2.3":0.0513085802717,"3":0,"4":0.443930759742,"4.1":0.934708484079,"4.2-4.3":2.09695936762,"4.4":4.22291923714,"4.4.3-4.4.4":2.26873157114,"47":null},"ios_saf":{"3.2":0,"4.0-4.1":0,"4.2-4.3":0,"5.0-5.1":0,"6.0-6.1":0,"7.0-7.1":0.266738375489,"8":0.0181075659601,"8.1-8.4":0.736838645606,"9.0-9.2":5.74636641295,"9.3":null},"op_mob":{"10":0,"11":0,"11.1":0,"11.5":0,"12":3.6919108826e-5,"12.1":3.6919108826e-5,"0":0.00158752167952},"ie":{"5.5":0,"6":0,"7":0,"8":0.257758738072,"9":0.136039333982,"10":0.508357511198,"11":6.45112841675},"bb":{"7":0.3686865,"10":null},"ie_mob":{"10":0.151250330097,"11":0.668685669903},"edge":{"12":0.557934,"13":2.539315,"14":0},"and_uc":{"0":0.908193},"op_mini":{"5.0-8.0":0.644607640103},"and_chr":{"0":20.390563},"and_ff":{"0":0.008541}},"total":96.4231915}