{"id":"VN","name":"Viet Nam","month":"2016-02","access_date":"2016-03-03","data":{"firefox":{"2":0,"3":0.10171,"3.5":0.007265,"3.6":0.04359,"4":0.02906,"5":0.01453,"6":0.08718,"7":0.007265,"8":0.007265,"9":0.01453,"10":0.021795,"11":0.01453,"12":0.04359,"13":0.021795,"14":0.01453,"15":0.01453,"16":0.007265,"17":0.007265,"18":0.01453,"19":0.01453,"20":0.050855,"21":0.036325,"22":0.021795,"23":0.01453,"24":0.021795,"25":0.01453,"26":0.01453,"27":0.01453,"28":0.01453,"29":0.02906,"30":0.036325,"31":0.167095,"32":0.02906,"33":0.04359,"34":0.02906,"35":0.07265,"36":0.065385,"37":0.08718,"38":0.18889,"39":0.24701,"40":0.17436,"41":0.13077,"42":0.196155,"43":1.51112,"44":3.334635,"45":0.123505,"46":0.007265,"47":0.021795},"chrome":{"4":0,"5":0,"6":0,"7":0,"8":0,"9":0,"10":0.02906,"11":0.04359,"12":0.021795,"13":0.007265,"14":0.007265,"15":0.007265,"16":0.01453,"17":0.007265,"18":0.007265,"19":0.007265,"20":0.007265,"21":0.007265,"22":0.05812,"23":0.021795,"24":0.007265,"25":0.065385,"26":0.036325,"27":0.021795,"28":0.036325,"29":0.370515,"30":0.01453,"31":0.108975,"32":0.05812,"33":0.036325,"34":0.079915,"35":0.050855,"36":0.05812,"37":0.04359,"38":0.07265,"39":0.123505,"40":0.05812,"41":0.21795,"42":0.138035,"43":0.588465,"44":1.184195,"45":0.661115,"46":1.445735,"47":2.00514,"48":26.190325,"49":0.13077,"50":0.079915,"51":0},"opera":{"9":0,"9.5-9.6":0.007265,"10.0-10.1":0,"10.5":0,"10.6":0,"11":0,"11.1":0,"11.5":0,"11.6":0.007265,"12":0.007265,"12.1":0.065385,"15":0.021795,"16":0,"17":0,"18":0,"19":0,"20":0,"21":0,"22":0,"23":0,"24":0,"25":0,"26":0,"27":0,"28":0.050855,"29":0,"30":0.007265,"31":0.036325,"32":0.01453,"33":0.01453,"34":0.210685,"35":0.2906,"36":0.007265},"safari":{"3.1":0,"3.2":0,"4":0.079915,"5":0.02906,"5.1":0.021795,"6":0.007265,"6.1":0.01453,"7":0.04359,"7.1":0.021795,"8":0.196155,"9":0.704705,"9.1":0.007265},"android":{"2.1":0,"2.2":0,"2.3":0.0164432843465,"3":0,"4":0.142270155867,"4.1":0.299553745268,"4.2-4.3":0.672029881986,"4.4":1.35335379426,"4.4.3-4.4.4":0.727079138277,"47":null},"ios_saf":{"3.2":0,"4.0-4.1":0,"4.2-4.3":0,"5.0-5.1":0,"6.0-6.1":0,"7.0-7.1":0.426555510393,"8":0.0289567709405,"8.1-8.4":1.17831783289,"9.0-9.2":9.18931988578,"9.3":null},"op_mob":{"10":0,"11":0,"11.1":0,"11.5":0,"12":7.59331619537e-5,"12.1":7.59331619537e-5,"0":0.00326512596401},"ie":{"5.5":0,"6":0.10756381295,"7":0.0537819064748,"8":2.3215856295,"9":0.475073507194,"10":0.555746366906,"11":1.45211147482},"bb":{"7":0.04444375,"10":null},"ie_mob":{"10":0.663436650485,"11":2.93308834951},"edge":{"12":0.11624,"13":0.2906,"14":0},"and_uc":{"0":2.737735},"op_mini":{"5.0-8.0":1.32579300771},"and_chr":{"0":10.61321},"and_ff":{"0":0.024615}},"total":80.9354814478}