{"id":"YT","name":"Mayotte","month":"2016-02","access_date":"2016-03-03","data":{"firefox":{"2":0.007826,"3":0.007826,"3.5":0,"3.6":0.03913,"4":0,"5":0,"6":0.007826,"7":0.023478,"8":0,"9":0,"10":0.007826,"11":0.007826,"12":0.023478,"13":0.015652,"14":0,"15":0.023478,"16":0.140868,"17":1.079988,"18":0.015652,"19":0,"20":0.046956,"21":0.015652,"22":0.015652,"23":0.015652,"24":0.03913,"25":0.007826,"26":0.054782,"27":0,"28":0.015652,"29":0.062608,"30":0.11739,"31":0.031304,"32":0.054782,"33":0.062608,"34":0.164346,"35":0.046956,"36":0.179998,"37":0.148694,"38":0.422604,"39":0.07826,"40":0.187824,"41":0.219128,"42":0.35217,"43":4.726904,"44":9.829456,"45":0.086086,"46":0,"47":0},"chrome":{"4":0,"5":0,"6":0,"7":0,"8":0,"9":0,"10":0.015652,"11":0.086086,"12":0,"13":0.023478,"14":0,"15":0.007826,"16":0,"17":0,"18":0.007826,"19":0,"20":0,"21":0,"22":0.007826,"23":0.031304,"24":0.023478,"25":0,"26":0.007826,"27":0,"28":0.007826,"29":0.007826,"30":0.015652,"31":0.07826,"32":0,"33":0.03913,"34":0.023478,"35":0.023478,"36":0.101738,"37":0.031304,"38":0.062608,"39":0.03913,"40":0.07826,"41":0.062608,"42":0.148694,"43":0.226954,"44":0.172172,"45":0.500864,"46":0.399126,"47":0.766948,"48":33.84745,"49":0.226954,"50":0.015652,"51":0},"opera":{"9":0,"9.5-9.6":0,"10.0-10.1":0.031304,"10.5":0,"10.6":0,"11":0,"11.1":0,"11.5":0,"11.6":0,"12":0,"12.1":0.031304,"15":0,"16":0,"17":0,"18":0,"19":0,"20":0,"21":0,"22":0.007826,"23":0,"24":0.015652,"25":0,"26":0,"27":0,"28":0.007826,"29":0,"30":0.007826,"31":0,"32":0,"33":0.007826,"34":0.19565,"35":1.103466,"36":0},"safari":{"3.1":0,"3.2":0,"4":0,"5":0.07826,"5.1":0.305214,"6":0.007826,"6.1":0.109564,"7":0.179998,"7.1":0.023478,"8":1.972152,"9":2.410408,"9.1":0.015652},"android":{"2.1":0,"2.2":0,"2.3":0.0249816668893,"3":0,"4":0.216145726564,"4.1":0.455100801158,"4.2-4.3":1.02098986417,"4.4":2.05609980094,"4.4.3-4.4.4":1.10462414028,"47":null},"ios_saf":{"3.2":0,"4.0-4.1":0,"4.2-4.3":0,"5.0-5.1":0,"6.0-6.1":0,"7.0-7.1":0.165290708582,"8":0.0112207791727,"8.1-8.4":0.456599398642,"9.0-9.2":3.5608711136,"9.3":null},"op_mob":{"10":0,"11":0,"11.1":0,"11.5":0,"12":6.40836332476e-5,"12.1":6.40836332476e-5,"0":0.00275559622965},"ie":{"5.5":0,"6":0.062608,"7":0.03913,"8":0.336518,"9":0.140868,"10":0.766948,"11":4.233866},"bb":{"7":0.0396755,"10":null},"ie_mob":{"10":0.11549638835,"11":0.51061561165},"edge":{"12":0.696514,"13":1.150422,"14":0},"and_uc":{"0":1.071782},"op_mini":{"5.0-8.0":1.1189002365},"and_chr":{"0":15.003006},"and_ff":{"0":0.104352}},"total":96.4474295}