{"id":"ZA","name":"South Africa","month":"2016-02","access_date":"2016-03-03","data":{"firefox":{"2":0.002625,"3":0.021,"3.5":0.002625,"3.6":0.0105,"4":0.007875,"5":0.002625,"6":0.002625,"7":0.002625,"8":0.002625,"9":0.002625,"10":0.00525,"11":0.007875,"12":0.0105,"13":0.002625,"14":0.00525,"15":0.00525,"16":0.007875,"17":0.002625,"18":0.00525,"19":0.039375,"20":0.013125,"21":0.0105,"22":0.00525,"23":0.002625,"24":0.00525,"25":0.00525,"26":0.002625,"27":0.00525,"28":0.00525,"29":0.0105,"30":0.0105,"31":0.01575,"32":0.007875,"33":0.013125,"34":0.065625,"35":0.01575,"36":0.021,"37":0.023625,"38":0.0525,"39":0.039375,"40":0.042,"41":0.04725,"42":0.06825,"43":0.7875,"44":1.299375,"45":0.08925,"46":0.00525,"47":0},"chrome":{"4":0,"5":0,"6":0,"7":0,"8":0,"9":0,"10":0,"11":0.0315,"12":0.00525,"13":0.002625,"14":0,"15":0,"16":0.002625,"17":0,"18":0.0105,"19":0,"20":0.002625,"21":0.0105,"22":0.00525,"23":0,"24":0.002625,"25":0.002625,"26":0.060375,"27":0.00525,"28":0.007875,"29":0.018375,"30":0.00525,"31":0.0315,"32":0.00525,"33":0.02625,"34":0.01575,"35":0.018375,"36":0.055125,"37":0.01575,"38":0.023625,"39":0.044625,"40":0.097125,"41":0.039375,"42":0.03675,"43":0.09975,"44":0.091875,"45":0.102375,"46":0.12075,"47":0.483,"48":8.675625,"49":0.028875,"50":0.03675,"51":0},"opera":{"9":0,"9.5-9.6":0,"10.0-10.1":0,"10.5":0,"10.6":0,"11":0,"11.1":0,"11.5":0.002625,"11.6":0.013125,"12":0.002625,"12.1":0.034125,"15":0,"16":0.002625,"17":0,"18":0.002625,"19":0,"20":0.002625,"21":0,"22":0,"23":0,"24":0,"25":0,"26":0.002625,"27":0.00525,"28":0.01575,"29":0.0105,"30":0.03675,"31":0.002625,"32":0.02625,"33":0.044625,"34":0.154875,"35":0.273,"36":0},"safari":{"3.1":0,"3.2":0,"4":0.002625,"5":0.01575,"5.1":0.034125,"6":0.013125,"6.1":0.02625,"7":0.02625,"7.1":0.060375,"8":0.12075,"9":0.49875,"9.1":0.002625},"android":{"2.1":0,"2.2":0,"2.3":0.0279683533734,"3":0,"4":0.241987057448,"4.1":0.509510437542,"4.2-4.3":1.14305444222,"4.4":2.30191708417,"4.4.3-4.4.4":1.23668762525,"47":null},"ios_saf":{"3.2":0,"4.0-4.1":0,"4.2-4.3":0,"5.0-5.1":0,"6.0-6.1":0,"7.0-7.1":0.198933975612,"8":0.0135046563079,"8.1-8.4":0.549535629759,"9.0-9.2":4.28565073832,"9.3":null},"op_mob":{"10":0,"11":0,"11.1":0,"11.5":0,"12":0.00202312196515,"12.1":0.00202312196515,"0":0.0869942445016},"ie":{"5.5":0,"6":0.0131835356789,"7":0.023730364222,"8":0.532614841427,"9":0.495700941526,"10":0.572165448464,"11":3.68084316155},"bb":{"7":1.66859375,"10":null},"ie_mob":{"10":0.391805825243,"11":1.73219417476},"edge":{"12":0.1575,"13":0.317625,"14":0},"and_uc":{"0":3.267125},"op_mini":{"5.0-8.0":35.3237095116},"and_chr":{"0":18.353625},"and_ff":{"0":0.022125}},"total":91.6265820429}