{"id":"ZM","name":"Zambia","month":"2016-02","access_date":"2016-03-03","data":{"firefox":{"2":0.001255,"3":0.02761,"3.5":0.003765,"3.6":0.008785,"4":0.016315,"5":0.006275,"6":0.008785,"7":0.006275,"8":0.01004,"9":0.00502,"10":0.01004,"11":0.01255,"12":0.03514,"13":0.01757,"14":0.01757,"15":0.011295,"16":0.01757,"17":0.008785,"18":0.011295,"19":0.011295,"20":0.01255,"21":0.06777,"22":0.01255,"23":0.01255,"24":0.01506,"25":0.01757,"26":0.011295,"27":0.01757,"28":0.008785,"29":0.033885,"30":0.018825,"31":0.026355,"32":0.008785,"33":0.018825,"34":0.023845,"35":0.018825,"36":0.026355,"37":0.09287,"38":0.038905,"39":0.04267,"40":0.038905,"41":0.04016,"42":0.066515,"43":0.82077,"44":1.09436,"45":0.136795,"46":0.00502,"47":0.00251},"chrome":{"4":0.001255,"5":0.001255,"6":0.001255,"7":0.001255,"8":0,"9":0.001255,"10":0.003765,"11":0.03012,"12":0.006275,"13":0.00251,"14":0,"15":0.001255,"16":0.00251,"17":0,"18":0.001255,"19":0,"20":0.001255,"21":0.01506,"22":0.00251,"23":0.001255,"24":0,"25":0.006275,"26":0.03263,"27":0.018825,"28":0.01004,"29":0.018825,"30":0.003765,"31":0.04518,"32":0.008785,"33":0.013805,"34":0.011295,"35":0.01506,"36":0.023845,"37":0.011295,"38":0.01004,"39":0.018825,"40":0.01506,"41":0.1004,"42":0.0251,"43":0.051455,"44":0.17068,"45":0.106675,"46":0.03514,"47":0.139305,"48":3.09232,"49":0.02008,"50":0.02259,"51":0},"opera":{"9":0,"9.5-9.6":0,"10.0-10.1":0.001255,"10.5":0.001255,"10.6":0.00502,"11":0.00251,"11.1":0.003765,"11.5":0.00502,"11.6":0.026355,"12":0.026355,"12.1":0.084085,"15":0.00502,"16":0.006275,"17":0.00251,"18":0.00502,"19":0.001255,"20":0.006275,"21":0.003765,"22":0.00251,"23":0.001255,"24":0.001255,"25":0,"26":0.001255,"27":0.001255,"28":0.08785,"29":0.00753,"30":0.006275,"31":0.00502,"32":0.01004,"33":0.02259,"34":0.144325,"35":0.38403,"36":0.001255},"safari":{"3.1":0,"3.2":0,"4":0.001255,"5":0.01506,"5.1":0.04518,"6":0.00251,"6.1":0.008785,"7":0.016315,"7.1":0.016315,"8":0.036395,"9":0.20582,"9.1":0},"android":{"2.1":0,"2.2":0,"2.3":0.019092330216,"3":0,"4":0.165190161434,"4.1":0.347812450456,"4.2-4.3":0.780295234914,"4.4":1.57138178691,"4.4.3-4.4.4":0.844213036072,"47":null},"ios_saf":{"3.2":0,"4.0-4.1":0,"4.2-4.3":0,"5.0-5.1":0,"6.0-6.1":0,"7.0-7.1":0.0508385403375,"8":0.00345118028401,"8.1-8.4":0.140436490019,"9.0-9.2":1.09521878936,"9.3":null},"op_mob":{"10":0,"11":0,"11.1":0,"11.5":0,"12":0.00363188517566,"12.1":0.00363188517566,"0":0.156171062554},"ie":{"5.5":0,"6":0.00756756949394,"7":0.00504504632929,"8":0.298918995011,"9":0.0996396650036,"10":0.258558624376,"11":1.09225253029},"bb":{"7":0.27984,"10":null},"ie_mob":{"10":0.308112669903,"11":1.3621823301},"edge":{"12":0.13554,"13":0.13303,"14":0},"and_uc":{"0":10.23165},"op_mini":{"5.0-8.0":63.4127151671},"and_chr":{"0":5.23665},"and_ff":{"0":0.061215}},"total":96.3935574305}