{"id":"AD","name":"Andorra","month":"2015-08","access_date":"2015-09-03","data":{"chrome":{"4":0,"5":0,"6":0,"7":0,"8":0,"9":0,"10":0,"11":0.038755,"12":0,"13":0,"14":0,"15":0,"16":0.007751,"17":0,"18":0,"19":0,"20":0,"21":0.015502,"22":0.046506,"23":0,"24":0.015502,"25":0.007751,"26":0,"27":0.007751,"28":0,"29":0,"30":0,"31":0.108514,"32":0.023253,"33":0.038755,"34":0.062008,"35":0.046506,"36":0.100763,"37":0.038755,"38":0.062008,"39":0.108514,"40":7.588229,"41":0.038755,"42":0.093012,"43":0.635582,"44":19.989829,"45":0.062008,"46":0.038755,"47":0,"48":0},"firefox":{"2":0,"3":0,"3.5":0,"3.6":0.023253,"4":0,"5":0,"6":0.007751,"7":0,"8":0,"9":0.007751,"10":0.007751,"11":0.007751,"12":0.054257,"13":0.015502,"14":0,"15":0.007751,"16":0.023253,"17":0.007751,"18":0.007751,"19":0.007751,"20":0.007751,"21":0.023253,"22":0,"23":0,"24":0,"25":0.007751,"26":0.007751,"27":0.007751,"28":0.007751,"29":0.015502,"30":0.015502,"31":0.015502,"32":0.031004,"33":0.015502,"34":0.015502,"35":2.596585,"36":0.395301,"37":0.124016,"38":0.23253,"39":4.038271,"40":3.472448,"41":0.038755,"42":0,"43":0},"opera":{"9":0,"9.5-9.6":0,"10.0-10.1":0,"10.5":0,"10.6":0,"11":0.007751,"11.1":0,"11.5":0.007751,"11.6":0,"12":0.007751,"12.1":0.015502,"15":0,"16":0,"17":0,"18":0,"19":0,"20":0,"21":0,"22":0,"23":0,"24":0,"25":0,"26":0,"27":0,"28":0.007751,"29":0.015502,"30":0.046506,"31":0.217028,"32":0,"33":0},"safari":{"3.1":0,"3.2":0,"4":0.031004,"5":0.131767,"5.1":0.356546,"6":0.023253,"6.1":0.178273,"7":0.062008,"7.1":1.325421,"8":3.56546,"9":0.007751},"android":{"2.1":0,"2.2":0,"2.3":0.0688250420596,"3":0,"4":0.219379821565,"4.1":0.769980158042,"4.2-4.3":1.67438422636,"4.4":0.0107539128218,"4.4.3-4.4.4":1.47543683915,"44":null},"ios_saf":{"3.2":0,"4.0-4.1":0,"4.2-4.3":0,"5.0-5.1":0.0419788741322,"6.0-6.1":0.0699647902203,"7.0-7.1":1.15301974283,"8":0.158120425898,"8.1-8.4":12.3935629396,"9":0.0909542272864},"op_mob":{"10":0,"11":0,"11.1":0,"11.5":0,"12":0.000100052224371,"12.1":0.000200104448743,"0":0.00310161895551},"ie":{"5.5":0,"6":0.007751,"7":0.031004,"8":0.705341,"9":0.418554,"10":0.472811,"11":19.780552},"bb":{"7":0.00281125,"10":null},"ie_mob":{"10":0.0416446186441,"11":0.172010381356},"and_uc":{"0":0.015743},"op_mini":{"5.0-8.0":0.0348312243714},"and_chr":{"0":12.373674},"and_ff":{"0":0.083213},"edge":{"12":0.441807,"13":null}},"total":99.14000025}