{"id":"AE","name":"United Arab Emirates","month":"2015-08","access_date":"2015-09-03","data":{"chrome":{"4":0.004841,"5":0.004841,"6":0.004841,"7":0.004841,"8":0.004841,"9":0.004841,"10":0.009682,"11":0.029046,"12":0.024205,"13":0.004841,"14":0.009682,"15":0.004841,"16":0.004841,"17":0.004841,"18":0.009682,"19":0.004841,"20":0.004841,"21":0.009682,"22":0.062933,"23":0.004841,"24":0.004841,"25":0.014523,"26":0.033887,"27":0.014523,"28":0.019364,"29":0.014523,"30":0.029046,"31":0.101661,"32":0.024205,"33":0.125866,"34":0.043569,"35":0.09682,"36":0.111343,"37":0.072615,"38":0.130707,"39":0.232368,"40":0.382439,"41":0.106502,"42":0.445372,"43":1.413572,"44":24.016201,"45":0.19364,"46":0.445372,"47":0,"48":0},"firefox":{"2":0,"3":0.009682,"3.5":0,"3.6":0.009682,"4":0,"5":0,"6":0.009682,"7":0,"8":0,"9":0,"10":0.009682,"11":0.009682,"12":0.014523,"13":0.004841,"14":0.004841,"15":0.004841,"16":0.009682,"17":0,"18":0.004841,"19":0.004841,"20":0.004841,"21":0.004841,"22":0.004841,"23":0.004841,"24":0.004841,"25":0.009682,"26":0.014523,"27":0.004841,"28":0.009682,"29":0.009682,"30":0.014523,"31":0.019364,"32":0.019364,"33":0.024205,"34":0.043569,"35":0.033887,"36":0.024205,"37":0.053251,"38":0.169435,"39":1.699191,"40":1.515233,"41":0.125866,"42":0.004841,"43":0},"opera":{"9":0,"9.5-9.6":0,"10.0-10.1":0,"10.5":0,"10.6":0,"11":0,"11.1":0,"11.5":0,"11.6":0.004841,"12":0,"12.1":0.024205,"15":0,"16":0.004841,"17":0,"18":0,"19":0,"20":0,"21":0,"22":0,"23":0,"24":0,"25":0,"26":0.004841,"27":0.004841,"28":0.009682,"29":0.014523,"30":0.217845,"31":0.624489,"32":0.004841,"33":0},"safari":{"3.1":0,"3.2":0,"4":0.009682,"5":0.033887,"5.1":0.106502,"6":0.033887,"6.1":0.062933,"7":0.111343,"7.1":0.256573,"8":1.166681,"9":0.009682},"android":{"2.1":0,"2.2":0,"2.3":0.106569755799,"3":0,"4":0.33969109661,"4.1":1.192249143,"4.2-4.3":2.5926423403,"4.4":0.0166515243436,"4.4.3-4.4.4":2.28458913994,"44":null},"ios_saf":{"3.2":0,"4.0-4.1":0,"4.2-4.3":0,"5.0-5.1":0.0340825445216,"6.0-6.1":0.0568042408693,"7.0-7.1":0.936133889526,"8":0.128377584365,"8.1-8.4":10.0623032276,"9":0.0738455131301},"op_mob":{"10":0,"11":0,"11.1":0,"11.5":0,"12":0.0099499612015,"12.1":0.019899922403,"0":0.308448797247},"ie":{"5.5":0,"6":0.00972293868922,"7":0.024307346723,"8":1.05493884778,"9":0.772973625793,"10":0.782696564482,"11":4.23433979915},"bb":{"7":0.128975,"10":null},"ie_mob":{"10":0.116645864407,"11":0.481798135593},"and_uc":{"0":17.318763},"op_mini":{"5.0-8.0":3.46388431915},"and_chr":{"0":16.351066},"and_ff":{"0":0.067067},"edge":{"12":0.406644,"13":null}},"total":98.2893531226}