{"id":"AF","name":"Afghanistan","month":"2015-08","access_date":"2015-09-03","data":{"chrome":{"4":0.009786,"5":0.003262,"6":0.006524,"7":0,"8":0.026096,"9":0.003262,"10":0.045668,"11":0.061978,"12":0.029358,"13":0,"14":0.006524,"15":0.01631,"16":0.013048,"17":0.013048,"18":0.003262,"19":0.013048,"20":0.029358,"21":0.04893,"22":0.013048,"23":0.013048,"24":0.019572,"25":0.03262,"26":0.013048,"27":0.029358,"28":0.029358,"29":0.03262,"30":0.04893,"31":0.078288,"32":0.026096,"33":0.058716,"34":0.094598,"35":0.052192,"36":0.091336,"37":0.029358,"38":0.052192,"39":0.091336,"40":0.117432,"41":0.075026,"42":0.397964,"43":0.662186,"44":10.816792,"45":0.104384,"46":0.169624,"47":0,"48":0},"firefox":{"2":0.019572,"3":0.042406,"3.5":0.009786,"3.6":0.042406,"4":0.06524,"5":0.009786,"6":0.01631,"7":0.009786,"8":0.022834,"9":0.042406,"10":0.078288,"11":0.026096,"12":0.094598,"13":0.042406,"14":0.084812,"15":0.045668,"16":0.029358,"17":0.042406,"18":0.035882,"19":0.022834,"20":0.039144,"21":0.039144,"22":0.042406,"23":0.022834,"24":0.107646,"25":0.055454,"26":0.045668,"27":0.029358,"28":0.035882,"29":0.127218,"30":0.143528,"31":0.107646,"32":0.110908,"33":0.133742,"34":0.110908,"35":0.153314,"36":0.094598,"37":0.189196,"38":0.557802,"39":2.818368,"40":2.097466,"41":0.247912,"42":0.003262,"43":0},"opera":{"9":0,"9.5-9.6":0,"10.0-10.1":0.003262,"10.5":0,"10.6":0.006524,"11":0.013048,"11.1":0.009786,"11.5":0.003262,"11.6":0.013048,"12":0.022834,"12.1":0.185934,"15":0.009786,"16":0.006524,"17":0.009786,"18":0.006524,"19":0.003262,"20":0.006524,"21":0.003262,"22":0.042406,"23":0.003262,"24":0.003262,"25":0.009786,"26":0.009786,"27":0.026096,"28":0.009786,"29":0.071764,"30":0.19572,"31":0.430584,"32":0,"33":0},"safari":{"3.1":0,"3.2":0,"4":0,"5":0.009786,"5.1":0.039144,"6":0.03262,"6.1":0.019572,"7":0.019572,"7.1":0.091336,"8":0.35882,"9":0.026096},"android":{"2.1":0,"2.2":0,"2.3":0.286372869743,"3":0,"4":0.912813522304,"4.1":3.20379648024,"4.2-4.3":6.96691497171,"4.4":0.0447457608973,"4.4.3-4.4.4":6.13911839511,"44":null},"ios_saf":{"3.2":0,"4.0-4.1":0,"4.2-4.3":0,"5.0-5.1":0.0271465801388,"6.0-6.1":0.0452443002314,"7.0-7.1":0.745626067814,"8":0.102252118523,"8.1-8.4":8.01457534299,"9":0.0588175903008},"op_mob":{"10":0,"11":0,"11.1":0,"11.5":0,"12":0.0308396320401,"12.1":0.0616792640801,"0":0.956028593242},"ie":{"5.5":0,"6":0.071846725072,"7":0.0489864034582,"8":0.871957981556,"9":0.545381958501,"10":0.83276885879,"11":3.28535479193},"bb":{"7":0.0218985,"10":null},"ie_mob":{"10":0.0866803728814,"11":0.358027627119},"and_uc":{"0":8.382072},"op_mini":{"5.0-8.0":10.7362145106},"and_chr":{"0":20.935434},"and_ff":{"0":0.3369},"edge":{"12":0.238126,"13":null}},"total":97.6252532193}