{"id":"AG","name":"Antigua and Barbuda","month":"2015-08","access_date":"2015-09-03","data":{"chrome":{"4":0.04095,"5":0.01365,"6":0.006825,"7":0.01365,"8":0,"9":0.01365,"10":0.020475,"11":0.06825,"12":0.01365,"13":0.0273,"14":0.01365,"15":0.020475,"16":0.020475,"17":0,"18":0.01365,"19":0.020475,"20":0.034125,"21":0.01365,"22":0.047775,"23":0,"24":0.09555,"25":0,"26":0.01365,"27":0.23205,"28":0.075075,"29":0.047775,"30":0.047775,"31":0.20475,"32":0.09555,"33":0.075075,"34":0.1092,"35":0.225225,"36":0.197925,"37":0.2457,"38":0.6825,"39":0.3003,"40":0.102375,"41":0.593775,"42":0.539175,"43":1.092,"44":22.665825,"45":0.225225,"46":0.184275,"47":0.01365,"48":0},"firefox":{"2":0.01365,"3":0.0546,"3.5":0.04095,"3.6":0.06825,"4":0.061425,"5":0.034125,"6":0.020475,"7":0.020475,"8":0.006825,"9":0.006825,"10":0.0273,"11":0.04095,"12":0.034125,"13":0,"14":0.047775,"15":0.01365,"16":0.088725,"17":0.0546,"18":0.034125,"19":0.034125,"20":0.12285,"21":0.716625,"22":0.088725,"23":0.0819,"24":0.088725,"25":0.1092,"26":0.006825,"27":0.034125,"28":0.047775,"29":0.0546,"30":0.0273,"31":0.088725,"32":0.020475,"33":0.156975,"34":0.061425,"35":0.034125,"36":0.06825,"37":0.484575,"38":0.8463,"39":2.8392,"40":2.0475,"41":0.0819,"42":0.020475,"43":0.006825},"opera":{"9":0.006825,"9.5-9.6":0.020475,"10.0-10.1":0.12285,"10.5":0,"10.6":0.01365,"11":0.743925,"11.1":0.061425,"11.5":0.116025,"11.6":0.06825,"12":0.45045,"12.1":0.25935,"15":0.006825,"16":0,"17":0,"18":0.01365,"19":0,"20":0.006825,"21":0.006825,"22":0,"23":0,"24":0,"25":0.047775,"26":0.04095,"27":0.04095,"28":0.457275,"29":0.0273,"30":0.170625,"31":0.31395,"32":0.006825,"33":0},"safari":{"3.1":0,"3.2":0.006825,"4":0.034125,"5":0.12285,"5.1":0.25935,"6":0.04095,"6.1":0.25935,"7":0.088725,"7.1":0.375375,"8":1.767675,"9":0.006825},"android":{"2.1":0,"2.2":0,"2.3":0.18335641091,"3":0,"4":0.584448559776,"4.1":2.05129984706,"4.2-4.3":4.46071768417,"4.4":0.0286494392047,"4.4.3-4.4.4":3.93070305888,"44":null},"ios_saf":{"3.2":0,"4.0-4.1":0,"4.2-4.3":0,"5.0-5.1":0.0339237096287,"6.0-6.1":0.0565395160479,"7.0-7.1":0.931771224469,"8":0.127779306268,"8.1-8.4":10.0154098727,"9":0.0735013708623},"op_mob":{"10":0,"11":0,"11.1":0,"11.5":0,"12":0.00230150472181,"12.1":0.00460300944362,"0":0.0713466463762},"ie":{"5.5":0.0136953488372,"6":0.0136953488372,"7":0.123258139535,"8":0.917588372093,"9":0.842263953488,"10":0.965522093023,"11":7.42287906977},"bb":{"7":0.212725,"10":null},"ie_mob":{"10":0.156570550847,"11":0.646704449153},"and_uc":{"0":0.8255},"op_mini":{"5.0-8.0":0.801223839458},"and_chr":{"0":16.443325},"and_ff":{"0":0.2286},"edge":{"12":1.05105,"13":null}},"total":96.4914523256}