{"id":"AI","name":"Anguilla","month":"2015-08","access_date":"2015-09-03","data":{"chrome":{"4":0,"5":0,"6":0,"7":0,"8":0,"9":0,"10":0,"11":0.007761,"12":0,"13":0,"14":0,"15":0,"16":0,"17":0,"18":0,"19":0,"20":0.062088,"21":0,"22":0.457899,"23":0,"24":0.007761,"25":0.015522,"26":0.007761,"27":0,"28":0,"29":0,"30":0,"31":0.023283,"32":0.015522,"33":0.015522,"34":0.046566,"35":0.015522,"36":0.162981,"37":0,"38":0.100893,"39":0.162981,"40":0.100893,"41":0.023283,"42":0.069849,"43":2.188602,"44":31.695924,"45":0.139698,"46":0.613119,"47":0,"48":0},"firefox":{"2":0.07761,"3":0,"3.5":0.007761,"3.6":0.007761,"4":0,"5":0,"6":0.007761,"7":0,"8":0,"9":0,"10":0,"11":0,"12":0,"13":0,"14":0,"15":0.031044,"16":0,"17":0.636402,"18":0,"19":0,"20":0.007761,"21":0.007761,"22":0.007761,"23":0,"24":0.007761,"25":0.007761,"26":0,"27":0,"28":0,"29":0,"30":0.054327,"31":0.069849,"32":0.038805,"33":0.007761,"34":0.015522,"35":0.015522,"36":0,"37":0.015522,"38":0.256113,"39":3.376035,"40":4.159896,"41":0.038805,"42":0,"43":0},"opera":{"9":0,"9.5-9.6":0,"10.0-10.1":0,"10.5":0,"10.6":0,"11":0,"11.1":0,"11.5":0,"11.6":0,"12":0,"12.1":0.031044,"15":0,"16":0,"17":0,"18":0,"19":0,"20":0.007761,"21":0,"22":0,"23":0,"24":0,"25":0,"26":0,"27":0.007761,"28":0,"29":0.007761,"30":0.07761,"31":0.403572,"32":0,"33":0},"safari":{"3.1":0,"3.2":0.015522,"4":0.015522,"5":0.069849,"5.1":0.116415,"6":0,"6.1":1.327131,"7":0.380289,"7.1":1.528917,"8":2.374866,"9":0.054327},"android":{"2.1":0,"2.2":0,"2.3":0.110911543207,"3":0,"4":0.353530543971,"4.1":1.24082288963,"4.2-4.3":2.69826988708,"4.4":0.0173299286261,"4.4.3-4.4.4":2.37766620749,"44":null},"ios_saf":{"3.2":0,"4.0-4.1":0,"4.2-4.3":0,"5.0-5.1":0.038456661636,"6.0-6.1":0.06409443606,"7.0-7.1":1.05627630627,"8":0.144853425496,"8.1-8.4":11.3536884037,"9":0.083322766878},"op_mob":{"10":0,"11":0,"11.1":0,"11.5":0,"12":0.000251948003186,"12.1":0.000503896006372,"0":0.00781038809876},"ie":{"5.5":0,"6":0,"7":0.186264,"8":0.248352,"9":0.263874,"10":0.519987,"11":11.005098},"bb":{"7":0.21774275,"10":null},"ie_mob":{"10":0.0510605847458,"11":0.210902415254},"and_uc":{"0":0.450039},"op_mini":{"5.0-8.0":0.0877107678917},"and_chr":{"0":11.491556},"and_ff":{"0":0.080604},"edge":{"12":0.985647,"13":null}},"total":96.55370475}