{"id":"AL","name":"Albania","month":"2015-08","access_date":"2015-09-03","data":{"chrome":{"4":0.00625,"5":0.03125,"6":0.025,"7":0.00625,"8":0.01875,"9":0.0125,"10":0.05,"11":0.09375,"12":0.03125,"13":0.00625,"14":0.025,"15":0.0125,"16":0.0375,"17":0.0125,"18":0.0125,"19":0,"20":0.00625,"21":0.01875,"22":0.0875,"23":0.01875,"24":0.0125,"25":0.01875,"26":0.0375,"27":0.2625,"28":0.0375,"29":0.0375,"30":0.0625,"31":0.075,"32":0.03125,"33":0.14375,"34":0.1,"35":0.08125,"36":0.10625,"37":0.0875,"38":0.1,"39":0.26875,"40":0.1875,"41":0.13125,"42":0.25625,"43":1.98125,"44":35.6625,"45":0.16875,"46":0.19375,"47":0,"48":0},"firefox":{"2":0.00625,"3":0.01875,"3.5":0.0125,"3.6":0.05,"4":0.01875,"5":0.00625,"6":0.01875,"7":0.01875,"8":0.01875,"9":0.01875,"10":0.0375,"11":0.0375,"12":0.0375,"13":0.01875,"14":0.04375,"15":0.0125,"16":0.025,"17":0.0125,"18":0.01875,"19":0.01875,"20":0.0375,"21":0.0375,"22":0.0375,"23":0.025,"24":0.08125,"25":0.025,"26":0.03125,"27":0.0375,"28":0.025,"29":0.05625,"30":0.08125,"31":0.0875,"32":0.125,"33":0.10625,"34":0.10625,"35":0.1375,"36":0.15,"37":0.35,"38":0.55625,"39":4.5375,"40":3.725,"41":0.11875,"42":0,"43":0},"opera":{"9":0,"9.5-9.6":0,"10.0-10.1":0,"10.5":0,"10.6":0,"11":0.00625,"11.1":0,"11.5":0,"11.6":0.00625,"12":0.00625,"12.1":0.05625,"15":0,"16":0,"17":0.00625,"18":0,"19":0,"20":0,"21":0,"22":0,"23":0,"24":0,"25":0,"26":0.00625,"27":0.00625,"28":0.025,"29":0.01875,"30":0.15,"31":0.53125,"32":0,"33":0},"safari":{"3.1":0,"3.2":0,"4":0.00625,"5":0.01875,"5.1":0.0625,"6":0.01875,"6.1":0.05,"7":0.025,"7.1":0.14375,"8":0.425,"9":0.00625},"android":{"2.1":0,"2.2":0,"2.3":0.123109864899,"3":0,"4":0.392412694367,"4.1":1.37729161356,"4.2-4.3":2.995032182,"4.4":0.0192359163905,"4.4.3-4.4.4":2.63916772878,"44":null},"ios_saf":{"3.2":0,"4.0-4.1":0,"4.2-4.3":0,"5.0-5.1":0.0380018110474,"6.0-6.1":0.0633363517456,"7.0-7.1":1.04378307677,"8":0.143140154945,"8.1-8.4":11.2194013482,"9":0.0823372572693},"op_mob":{"10":0,"11":0,"11.1":0,"11.5":0,"12":0.00865542154966,"12.1":0.0173108430993,"0":0.26831806804},"ie":{"5.5":0,"6":0.0126535087719,"7":0.0189802631579,"8":0.930032894737,"9":0.385932017544,"10":0.246743421053,"11":2.00558114035},"bb":{"7":0.140625,"10":null},"ie_mob":{"10":0.259480932203,"11":1.0717690678},"and_uc":{"0":0.3975},"op_mini":{"5.0-8.0":3.01321566731},"and_chr":{"0":15.95125},"and_ff":{"0":0.10875},"edge":{"12":0.20625,"13":null}},"total":98.2355482456}