{"id":"af","name":"Africa","month":"2015-08","access_date":"2015-09-03","data":{"chrome":{"4":0.03838,"5":0.042218,"6":0.026866,"7":0.007676,"8":0.007676,"9":0.03838,"10":0.01919,"11":0.088274,"12":0.049894,"13":0.011514,"14":0.015352,"15":0.01919,"16":0.042218,"17":0.049894,"18":0.01919,"19":0.030704,"20":0.061408,"21":0.03838,"22":0.026866,"23":0.042218,"24":0.072922,"25":0.05757,"26":0.126654,"27":0.065246,"28":0.088274,"29":0.080598,"30":0.118978,"31":0.195738,"32":0.234118,"33":0.529644,"34":0.295526,"35":0.28785,"36":0.330068,"37":0.333906,"38":0.241794,"39":0.30704,"40":0.832846,"41":0.418342,"42":0.552672,"43":1.66953,"44":12.696104,"45":0.122816,"46":0.092112,"47":null,"48":null},"firefox":{"2":0.026866,"3":0.061408,"3.5":0.01919,"3.6":0.126654,"4":0.049894,"5":0.042218,"6":0.01919,"7":0.026866,"8":0.042218,"9":0.03838,"10":0.046056,"11":0.07676,"12":0.099788,"13":0.107464,"14":0.049894,"15":0.107464,"16":0.080598,"17":0.042218,"18":0.07676,"19":0.07676,"20":0.07676,"21":0.111302,"22":0.065246,"23":0.092112,"24":0.084436,"25":0.13433,"26":0.13433,"27":0.122816,"28":0.165034,"29":0.214928,"30":0.253308,"31":0.24947,"32":0.17271,"33":0.13433,"34":0.15352,"35":0.207252,"36":0.21109,"37":0.299364,"38":0.55651,"39":3.469552,"40":2.536918,"41":0.234118,"42":0.007676,"43":null},"opera":{"9":null,"9.5-9.6":null,"10.0-10.1":0.023028,"10.5":null,"10.6":null,"11":0.01919,"11.1":null,"11.5":0.007676,"11.6":0.03838,"12":0.011514,"12.1":0.07676,"15":0.015352,"16":null,"17":0.015352,"18":0.01919,"19":0.046056,"20":0.061408,"21":0.053732,"22":0.042218,"23":0.042218,"24":null,"25":null,"26":0.011514,"27":0.007676,"28":0.046056,"29":0.05757,"30":0.226442,"31":0.487426,"32":0.007676,"33":null},"safari":{"3.1":null,"3.2":null,"4":0.007676,"5":0.03838,"5.1":0.042218,"6":0.026866,"6.1":0.023028,"7":0.042218,"7.1":0.080598,"8":0.264822,"9":null},"android":{"2.1":0,"2.2":0,"2.3":0.0863528197808,"3":0,"4":0.275249613051,"4.1":0.966072171297,"4.2-4.3":2.10080219373,"4.4":0.0134926280907,"4.4.3-4.4.4":1.85118857405,"44":null},"ios_saf":{"3.2":0,"4.0-4.1":0,"4.2-4.3":0,"5.0-5.1":0.00544964080893,"6.0-6.1":0.00908273468156,"7.0-7.1":0.149683467552,"8":0.0205269803803,"8.1-8.4":1.60891562149,"9":0.011807555086},"op_mob":{"10":0,"11":0,"11.1":0,"11.5":0,"12":0.100638521561,"12.1":0.201277043122,"0":3.11979416839},"ie":{"5.5":null,"6":0.027265,"7":0.03895,"8":0.891955,"9":0.44403,"10":0.533615,"11":1.97866},"bb":{"7":0.4790955,"10":null},"ie_mob":{"10":0.184964440678,"11":0.763983559322},"and_uc":{"0":3.456882},"op_mini":{"5.0-8.0":35.0353322669},"and_chr":{"0":9.043098},"and_ff":{"0":0.178698},"edge":{"12":0.145844,"13":null}},"total":96.8945405}