{"id":"na","name":"North America","month":"2015-08","access_date":"2015-09-03","data":{"chrome":{"4":0.024664,"5":0.006166,"6":0.006166,"7":null,"8":null,"9":null,"10":0.018498,"11":0.049328,"12":0.006166,"13":null,"14":null,"15":null,"16":0.012332,"17":null,"18":0.018498,"19":null,"20":0.012332,"21":0.06166,"22":0.049328,"23":0.024664,"24":0.03083,"25":0.012332,"26":0.012332,"27":0.018498,"28":0.024664,"29":0.043162,"30":0.024664,"31":0.117154,"32":0.06166,"33":0.06166,"34":0.573438,"35":0.425454,"36":0.265138,"37":0.406956,"38":0.09249,"39":0.234308,"40":0.289802,"41":0.283636,"42":0.351462,"43":2.299918,"44":22.468904,"45":0.135652,"46":0.073992,"47":0.006166,"48":null},"firefox":{"2":null,"3":0.018498,"3.5":0.006166,"3.6":0.03083,"4":0.018498,"5":null,"6":0.036996,"7":null,"8":null,"9":null,"10":0.012332,"11":0.012332,"12":0.018498,"13":null,"14":0.012332,"15":0.012332,"16":0.03083,"17":0.018498,"18":0.006166,"19":0.006166,"20":0.018498,"21":0.036996,"22":0.067826,"23":0.012332,"24":0.043162,"25":0.018498,"26":0.03083,"27":0.018498,"28":0.03083,"29":0.024664,"30":0.166482,"31":0.160316,"32":0.06166,"33":0.073992,"34":0.073992,"35":0.12332,"36":0.098656,"37":0.117154,"38":0.505612,"39":4.273038,"40":3.631774,"41":0.043162,"42":null,"43":null},"opera":{"9":null,"9.5-9.6":null,"10.0-10.1":0.080158,"10.5":null,"10.6":null,"11":0.024664,"11.1":null,"11.5":null,"11.6":null,"12":0.018498,"12.1":0.043162,"15":null,"16":null,"17":null,"18":null,"19":null,"20":null,"21":null,"22":null,"23":null,"24":null,"25":null,"26":null,"27":null,"28":0.018498,"29":0.006166,"30":0.080158,"31":0.191146,"32":null,"33":null},"safari":{"3.1":null,"3.2":null,"4":0.055494,"5":0.160316,"5.1":0.40079,"6":0.055494,"6.1":0.437786,"7":0.228142,"7.1":0.912568,"8":2.7747,"9":0.036996},"android":{"2.1":0,"2.2":0,"2.3":0.0567788162121,"3":0,"4":0.180982476676,"4.1":0.635213006373,"4.2-4.3":1.38132213816,"4.4":0.00887169003314,"4.4.3-4.4.4":1.21719587255,"44":null},"ios_saf":{"3.2":0,"4.0-4.1":0,"4.2-4.3":0,"5.0-5.1":0.0525258677935,"6.0-6.1":0.0875431129892,"7.0-7.1":1.44271050206,"8":0.197847435356,"8.1-8.4":15.5073870349,"9":0.113806046886},"op_mob":{"10":0,"11":0,"11.1":0,"11.5":0,"12":0.00154471339174,"12.1":0.00308942678348,"0":0.0478861151439},"ie":{"5.5":null,"6":0.0627279257732,"7":0.0564551331959,"8":1.61838048495,"9":1.66229003299,"10":1.49919742598,"11":10.2811070342},"bb":{"7":0.06036975,"10":null},"ie_mob":{"10":0.1322385,"11":0.5462025},"and_uc":{"0":0.42163},"op_mini":{"5.0-8.0":0.537761744681},"and_chr":{"0":15.837941},"and_ff":{"0":0.176318},"edge":{"12":0.752252,"13":null}},"total":98.5801517871}