{"id":"sa","name":"South America","month":"2015-08","access_date":"2015-09-03","data":{"chrome":{"4":null,"5":null,"6":0.014068,"7":null,"8":null,"9":null,"10":null,"11":0.03517,"12":0.021102,"13":0.014068,"14":null,"15":null,"16":null,"17":null,"18":0.03517,"19":null,"20":0.007034,"21":0.014068,"22":0.098476,"23":0.014068,"24":0.014068,"25":0.028136,"26":0.056272,"27":0.03517,"28":0.021102,"29":0.028136,"30":0.028136,"31":0.098476,"32":0.063306,"33":0.091442,"34":0.119578,"35":0.330598,"36":0.400938,"37":0.274326,"38":0.203986,"39":0.393904,"40":0.49238,"41":0.168816,"42":0.28136,"43":2.131302,"44":44.03284,"45":0.295428,"46":0.168816,"47":null,"48":null},"firefox":{"2":null,"3":0.021102,"3.5":0.014068,"3.6":0.063306,"4":0.007034,"5":null,"6":0.014068,"7":null,"8":0.084408,"9":null,"10":0.014068,"11":0.014068,"12":0.03517,"13":0.014068,"14":0.014068,"15":0.021102,"16":0.021102,"17":0.021102,"18":0.014068,"19":0.014068,"20":0.03517,"21":0.021102,"22":0.014068,"23":0.021102,"24":0.021102,"25":0.028136,"26":0.021102,"27":0.028136,"28":0.021102,"29":0.03517,"30":0.154748,"31":0.084408,"32":0.03517,"33":0.07034,"34":0.049238,"35":0.07034,"36":0.077374,"37":0.161782,"38":0.379836,"39":3.749122,"40":3.031654,"41":0.042204,"42":null,"43":null},"opera":{"9":null,"9.5-9.6":null,"10.0-10.1":0,"10.5":null,"10.6":null,"11":0.007034,"11.1":null,"11.5":null,"11.6":null,"12":0.007034,"12.1":0.03517,"15":null,"16":null,"17":null,"18":null,"19":null,"20":null,"21":null,"22":null,"23":null,"24":null,"25":null,"26":null,"27":null,"28":0.014068,"29":0.021102,"30":0.161782,"31":0.499414,"32":null,"33":null},"safari":{"3.1":null,"3.2":null,"4":0.007034,"5":0.021102,"5.1":0.063306,"6":0.014068,"6.1":0.042204,"7":0.03517,"7.1":0.14068,"8":0.541618,"9":0.014068},"android":{"2.1":0,"2.2":0,"2.3":0.0980329910783,"3":0,"4":0.312480159062,"4.1":1.09674408769,"4.2-4.3":2.38495886108,"4.4":0.015317654856,"4.4.3-4.4.4":2.10158224624,"44":null},"ios_saf":{"3.2":0,"4.0-4.1":0,"4.2-4.3":0,"5.0-5.1":0.00928385753094,"6.0-6.1":0.0154730958849,"7.0-7.1":0.254996620183,"8":0.0349691966999,"8.1-8.4":2.74090420505,"9":0.0201150246504},"op_mob":{"10":0,"11":0,"11.1":0,"11.5":0,"12":0.00523917965639,"12.1":0.0104783593128,"0":0.162414569348},"ie":{"5.5":null,"6":0.0426861195079,"7":0.0426861195079,"8":1.39441323726,"9":0.903522862917,"10":0.939094629174,"11":4.71681620562},"bb":{"7":0.054871,"10":null},"ie_mob":{"10":0.301199813559,"11":1.24408618644},"and_uc":{"0":0.599132},"op_mini":{"5.0-8.0":1.82391789168},"and_chr":{"0":16.890914},"and_ff":{"0":0.121606},"edge":{"12":0.407972,"13":null}},"total":98.921778174}