{"id":"ww","name":"Worldwide","month":"2015-08","access_date":"2015-09-03","data":{"chrome":{"4":0.016581,"5":0.011054,"6":0.011054,"7":0.005527,"8":0.005527,"9":0.005527,"10":0.016581,"11":0.060797,"12":0.022108,"13":0.011054,"14":0.011054,"15":0.011054,"16":0.016581,"17":0.011054,"18":0.022108,"19":0.005527,"20":0.011054,"21":0.027635,"22":0.071851,"23":0.022108,"24":0.022108,"25":0.022108,"26":0.044216,"27":0.027635,"28":0.027635,"29":0.033162,"30":0.044216,"31":0.82905,"32":0.049743,"33":0.127121,"34":0.187918,"35":0.193445,"36":0.160283,"37":0.187918,"38":0.143702,"39":0.281877,"40":0.287404,"41":0.265296,"42":0.49743,"43":1.6581,"44":24.567515,"45":0.149229,"46":0.16581,"47":null,"48":null},"firefox":{"2":null,"3":0.022108,"3.5":0.011054,"3.6":0.044216,"4":0.016581,"5":0.011054,"6":0.022108,"7":0.005527,"8":0.022108,"9":0.011054,"10":0.016581,"11":0.022108,"12":0.038689,"13":0.016581,"14":0.016581,"15":0.022108,"16":0.033162,"17":0.022108,"18":0.016581,"19":0.016581,"20":0.022108,"21":0.027635,"22":0.027635,"23":0.022108,"24":0.038689,"25":0.033162,"26":0.027635,"27":0.027635,"28":0.033162,"29":0.044216,"30":0.088432,"31":0.127121,"32":0.05527,"33":0.071851,"34":0.077378,"35":0.11054,"36":0.105013,"37":0.16581,"38":0.514011,"39":3.996021,"40":3.305146,"41":0.127121,"42":0.005527,"43":null},"opera":{"9":null,"9.5-9.6":null,"10.0-10.1":0.038689,"10.5":null,"10.6":null,"11":0.016581,"11.1":null,"11.5":null,"11.6":0.005527,"12":0.016581,"12.1":0.132648,"15":null,"16":null,"17":null,"18":0.005527,"19":null,"20":0.005527,"21":null,"22":null,"23":null,"24":null,"25":null,"26":0.005527,"27":null,"28":0.016581,"29":0.016581,"30":0.176864,"31":0.502957,"32":null,"33":null},"safari":{"3.1":null,"3.2":null,"4":0.022108,"5":0.066324,"5.1":0.182391,"6":0.027635,"6.1":0.154756,"7":0.099486,"7.1":0.364782,"8":1.27121,"9":0.022108},"android":{"2.1":0,"2.2":0,"2.3":0.105518560285,"3":0,"4":0.33634041091,"4.1":1.18048889319,"4.2-4.3":2.56706872445,"4.4":0.0164872750446,"4.4.3-4.4.4":2.26205413612,"44":null},"ios_saf":{"3.2":0,"4.0-4.1":0,"4.2-4.3":0,"5.0-5.1":0.0236813824328,"6.0-6.1":0.0394689707214,"7.0-7.1":0.650448637489,"8":0.0891998738304,"8.1-8.4":6.99153347359,"9":0.0513096619378},"op_mob":{"10":0,"11":0,"11.1":0,"11.5":0,"12":0.0154160476732,"12.1":0.0308320953465,"0":0.47789747787},"ie":{"5.5":null,"6":0.0682178892062,"7":0.0511634169046,"8":1.44963014563,"9":1.1426496442,"10":1.03463798629,"11":6.17371897316},"bb":{"7":0.111825,"10":null},"ie_mob":{"10":0.176114898305,"11":0.727431101695},"and_uc":{"0":7.098651},"op_mini":{"5.0-8.0":5.36679537911},"and_chr":{"0":15.761749},"and_ff":{"0":0.147609},"edge":{"12":0.453214,"13":null}},"total":97.5404160554}