{"id":"AM","name":"Armenia","month":"2015-08","access_date":"2015-09-03","data":{"chrome":{"4":0.052986,"5":0.035324,"6":0.008831,"7":0.008831,"8":0.017662,"9":0.017662,"10":0.026493,"11":0.035324,"12":0.123634,"13":0.052986,"14":0.017662,"15":0.061817,"16":0.044155,"17":0.052986,"18":0.097141,"19":0.008831,"20":0.017662,"21":0.008831,"22":0.061817,"23":0.026493,"24":0.141296,"25":0.026493,"26":0.079479,"27":0.097141,"28":0.105972,"29":0.017662,"30":0.044155,"31":0.061817,"32":0.008831,"33":0.079479,"34":0.079479,"35":0.052986,"36":0.158958,"37":0.070648,"38":0.158958,"39":0.17662,"40":0.167789,"41":0.150127,"42":0.17662,"43":1.465946,"44":44.905635,"45":0.282592,"46":1.156861,"47":0.008831,"48":0},"firefox":{"2":0,"3":0.017662,"3.5":0.017662,"3.6":0.070648,"4":0.008831,"5":0,"6":0.008831,"7":0,"8":0,"9":0.017662,"10":0.017662,"11":0.008831,"12":0.044155,"13":0.017662,"14":0.008831,"15":0.017662,"16":0.026493,"17":0.008831,"18":0.008831,"19":0,"20":0.017662,"21":0.035324,"22":0.008831,"23":0.017662,"24":0.017662,"25":0.008831,"26":0.017662,"27":0.017662,"28":0.017662,"29":0.035324,"30":0.017662,"31":0.035324,"32":0.017662,"33":0.035324,"34":0.026493,"35":0.044155,"36":0.052986,"37":0.17662,"38":0.17662,"39":8.574901,"40":12.531189,"41":0.035324,"42":0,"43":0},"opera":{"9":0,"9.5-9.6":0,"10.0-10.1":0,"10.5":0,"10.6":0.008831,"11":0.008831,"11.1":0,"11.5":0.017662,"11.6":0.017662,"12":0.026493,"12.1":0.379733,"15":0.008831,"16":0.017662,"17":0,"18":0.008831,"19":0.017662,"20":0.017662,"21":0.008831,"22":0.008831,"23":0,"24":0,"25":0.008831,"26":0.017662,"27":0.008831,"28":0.105972,"29":0.052986,"30":0.547522,"31":1.995806,"32":0.035324,"33":0.008831},"safari":{"3.1":0,"3.2":0,"4":0.008831,"5":0.035324,"5.1":0.052986,"6":0.017662,"6.1":0.017662,"7":0.017662,"7.1":0.052986,"8":0.388564,"9":0.017662},"android":{"2.1":0,"2.2":0,"2.3":0.0390180249809,"3":0,"4":0.124369954627,"4.1":0.436514154474,"4.2-4.3":0.949235388988,"4.4":0.00609656640326,"4.4.3-4.4.4":0.836448910528,"44":null},"ios_saf":{"3.2":0,"4.0-4.1":0,"4.2-4.3":0,"5.0-5.1":0.0151794174464,"6.0-6.1":0.0252990290774,"7.0-7.1":0.416927999195,"8":0.0571758057149,"8.1-8.4":4.48147001077,"9":0.0328887378006},"op_mob":{"10":0,"11":0,"11.1":0,"11.5":0,"12":0.00489772294914,"12.1":0.00979544589828,"0":0.151829411423},"ie":{"5.5":0,"6":0.0362022209945,"7":0.0543033314917,"8":1.12226885083,"9":0.253415546961,"10":0.407274986188,"11":1.39378550829},"bb":{"7":0.009352,"10":null},"ie_mob":{"10":0.0628882372881,"11":0.259755762712},"and_uc":{"0":0.347193},"op_mini":{"5.0-8.0":1.70504641973},"and_chr":{"0":5.362783},"and_ff":{"0":0.043253},"edge":{"12":0.256099,"13":null}},"total":95.5096924448}