{"id":"AO","name":"Angola","month":"2015-08","access_date":"2015-09-03","data":{"chrome":{"4":0,"5":0.002096,"6":0,"7":0,"8":0,"9":0,"10":0.002096,"11":0.044016,"12":0.006288,"13":0.008384,"14":0.004192,"15":0.002096,"16":0.002096,"17":0,"18":0.006288,"19":0.002096,"20":0.002096,"21":0.016768,"22":0.004192,"23":0.008384,"24":0.004192,"25":0.016768,"26":0.014672,"27":0.016768,"28":0.004192,"29":0.006288,"30":0.008384,"31":0.144624,"32":0.025152,"33":0.044016,"34":0.016768,"35":0.027248,"36":0.385664,"37":0.029344,"38":0.025152,"39":0.09432,"40":0.213792,"41":0.033536,"42":0.222176,"43":0.479984,"44":6.42424,"45":0.056592,"46":0.03144,"47":0,"48":0},"firefox":{"2":0.006288,"3":0.004192,"3.5":0.004192,"3.6":0.016768,"4":0.014672,"5":0.008384,"6":0.023056,"7":0.004192,"8":0.006288,"9":0.008384,"10":0.018864,"11":0.04192,"12":0.023056,"13":0.012576,"14":0.02096,"15":0.016768,"16":0.016768,"17":0.012576,"18":0.01048,"19":0.008384,"20":0.012576,"21":0.027248,"22":0.012576,"23":0.016768,"24":0.008384,"25":0.012576,"26":0.02096,"27":0.01048,"28":0.006288,"29":0.014672,"30":0.03144,"31":0.025152,"32":0.014672,"33":0.027248,"34":0.02096,"35":0.033536,"36":0.035632,"37":0.035632,"38":0.12576,"39":1.045904,"40":0.80696,"41":0.033536,"42":0.006288,"43":0.002096},"opera":{"9":0,"9.5-9.6":0.002096,"10.0-10.1":0,"10.5":0,"10.6":0.006288,"11":0.008384,"11.1":0.012576,"11.5":0.006288,"11.6":0.014672,"12":0.016768,"12.1":0.058688,"15":0.006288,"16":0.008384,"17":0.002096,"18":0.008384,"19":0.002096,"20":0.006288,"21":0.004192,"22":0.004192,"23":0.002096,"24":0.002096,"25":0.004192,"26":0.004192,"27":0.004192,"28":0.014672,"29":0.023056,"30":0.18864,"31":0.375184,"32":0.006288,"33":0},"safari":{"3.1":0,"3.2":0,"4":0.002096,"5":0.018864,"5.1":0.067072,"6":0.016768,"6.1":0.033536,"7":0.029344,"7.1":0.113184,"8":0.4192,"9":0.008384},"android":{"2.1":0,"2.2":0,"2.3":0.0955574978333,"3":0,"4":0.304589524344,"4.1":1.06904950701,"4.2-4.3":2.32473475198,"4.4":0.0149308590365,"4.4.3-4.4.4":2.0485138598,"44":null},"ios_saf":{"3.2":0,"4.0-4.1":0,"4.2-4.3":0,"5.0-5.1":0.0122341322065,"6.0-6.1":0.0203902203441,"7.0-7.1":0.336030831271,"8":0.0460818979777,"8.1-8.4":3.61192363175,"9":0.0265072864473},"op_mob":{"10":0,"11":0,"11.1":0,"11.5":0,"12":0.163486627375,"12.1":0.32697325475,"0":5.06808544863},"ie":{"5.5":0,"6":0.00633885321472,"7":0.0211295107157,"8":0.553593180752,"9":0.384557095026,"10":0.767001238981,"11":3.44833614881},"bb":{"7":0.033592,"10":null},"ie_mob":{"10":0.100139661017,"11":0.413620338983},"and_uc":{"0":1.272544},"op_mini":{"5.0-8.0":56.9146706692},"and_chr":{"0":6.520288},"and_ff":{"0":0.134368},"edge":{"12":0.150912,"13":null}},"total":98.7934280275}