{"id":"AR","name":"Argentina","month":"2015-08","access_date":"2015-09-03","data":{"chrome":{"4":0.007307,"5":0,"6":0.007307,"7":0.007307,"8":0.007307,"9":0.007307,"10":0.007307,"11":0.043842,"12":0.029228,"13":0.021921,"14":0.007307,"15":0.007307,"16":0.007307,"17":0,"18":0.058456,"19":0,"20":0,"21":0.014614,"22":0.058456,"23":0.014614,"24":0.007307,"25":0.021921,"26":0.065763,"27":0.07307,"28":0.021921,"29":0.021921,"30":0.036535,"31":0.094991,"32":0.043842,"33":0.07307,"34":0.197289,"35":0.197289,"36":0.14614,"37":0.14614,"38":0.255745,"39":0.321508,"40":0.211903,"41":0.160754,"42":0.248438,"43":1.717145,"44":46.443292,"45":0.321508,"46":0.094991,"47":0,"48":0},"firefox":{"2":0.007307,"3":0.014614,"3.5":0.029228,"3.6":0.051149,"4":0.014614,"5":0.014614,"6":0.021921,"7":0.007307,"8":0,"9":0.007307,"10":0.014614,"11":0.014614,"12":0.080377,"13":0.007307,"14":0.007307,"15":0.043842,"16":0.021921,"17":0.014614,"18":0.014614,"19":0.014614,"20":0.029228,"21":0.014614,"22":0.014614,"23":0.007307,"24":0.014614,"25":0.014614,"26":0.021921,"27":0.029228,"28":0.014614,"29":0.058456,"30":0.036535,"31":0.051149,"32":0.029228,"33":0.043842,"34":0.051149,"35":0.058456,"36":0.051149,"37":0.175368,"38":0.343429,"39":4.216139,"40":3.266229,"41":0.029228,"42":0.007307,"43":0},"opera":{"9":0,"9.5-9.6":0,"10.0-10.1":0,"10.5":0,"10.6":0,"11":0.014614,"11.1":0,"11.5":0,"11.6":0,"12":0.014614,"12.1":0.051149,"15":0,"16":0,"17":0,"18":0,"19":0,"20":0,"21":0,"22":0,"23":0,"24":0,"25":0,"26":0.007307,"27":0,"28":0.014614,"29":0.014614,"30":0.138833,"31":0.453034,"32":0.007307,"33":0},"safari":{"3.1":0,"3.2":0,"4":0.014614,"5":0.029228,"5.1":0.058456,"6":0.007307,"6.1":0.036535,"7":0.014614,"7.1":0.087684,"8":0.358043,"9":0.007307},"android":{"2.1":0,"2.2":0,"2.3":0.103076119296,"3":0,"4":0.328555130257,"4.1":1.15316408463,"4.2-4.3":2.50764871476,"4.4":0.0161056436401,"4.4.3-4.4.4":2.20969430742,"44":null},"ios_saf":{"3.2":0,"4.0-4.1":0,"4.2-4.3":0,"5.0-5.1":0.00827121038334,"6.0-6.1":0.0137853506389,"7.0-7.1":0.227182578529,"8":0.0311548924439,"8.1-8.4":2.44193701217,"9":0.0179209558306},"op_mob":{"10":0,"11":0,"11.1":0,"11.5":0,"12":0.00704733189214,"12.1":0.0140946637843,"0":0.218467288656},"ie":{"5.5":0,"6":0.0880333386454,"7":0.0953694501992,"8":1.48189453386,"9":1.01238339442,"10":0.740947266932,"11":3.91014745817},"bb":{"7":0.0632855,"10":null},"ie_mob":{"10":0.454044364407,"11":1.87540063559},"and_uc":{"0":0.298923},"op_mini":{"5.0-8.0":2.45339071567},"and_chr":{"0":15.388106},"and_ff":{"0":0.094255},"edge":{"12":0.270359,"13":null}},"total":99.0641989422}