{"id":"AX","name":"Aland Islands","month":"2015-08","access_date":"2015-09-03","data":{"chrome":{"4":0,"5":0,"6":0,"7":0,"8":0,"9":0,"10":0,"11":0.008115,"12":0,"13":0,"14":0,"15":0,"16":0,"17":0,"18":0,"19":0,"20":0,"21":0.01623,"22":0.01623,"23":0.03246,"24":0,"25":0,"26":0,"27":0.008115,"28":0,"29":0.008115,"30":0,"31":0.137955,"32":0.08115,"33":0.04869,"34":0.040575,"35":0.03246,"36":0.01623,"37":0.19476,"38":0.01623,"39":0.024345,"40":0.089265,"41":0.137955,"42":0.08115,"43":0.92511,"44":29.027355,"45":0.06492,"46":0.12984,"47":0.073035,"48":0},"firefox":{"2":0,"3":0.008115,"3.5":0,"3.6":0.008115,"4":0,"5":0,"6":0.040575,"7":0,"8":0,"9":0.008115,"10":0,"11":0,"12":0.008115,"13":0,"14":0,"15":0,"16":0.008115,"17":0,"18":0,"19":0,"20":0.008115,"21":0,"22":0.01623,"23":0,"24":0,"25":0.008115,"26":0,"27":0.01623,"28":0.056805,"29":0.008115,"30":0.29214,"31":0.137955,"32":0.008115,"33":0.008115,"34":0.024345,"35":0.235335,"36":0.06492,"37":0.056805,"38":0.38952,"39":5.94018,"40":5.006955,"41":0.202875,"42":0.14607,"43":0},"opera":{"9":0,"9.5-9.6":0,"10.0-10.1":0,"10.5":0,"10.6":0,"11":0,"11.1":0,"11.5":0,"11.6":0,"12":0,"12.1":0.430095,"15":0,"16":0,"17":0,"18":0,"19":0,"20":0.040575,"21":0,"22":0,"23":0,"24":0,"25":0,"26":0,"27":0,"28":0,"29":0,"30":0.137955,"31":0.37329,"32":0,"33":0},"safari":{"3.1":0,"3.2":0,"4":0.024345,"5":0.24345,"5.1":0.14607,"6":0.09738,"6.1":0.24345,"7":0.27591,"7.1":1.566195,"8":2.036865,"9":0.056805},"android":{"2.1":0,"2.2":0,"2.3":0.0346823553403,"3":0,"4":0.110550007647,"4.1":0.38800885037,"4.2-4.3":0.843756676013,"4.4":0.00541911802192,"4.4.3-4.4.4":0.743502992608,"44":null},"ios_saf":{"3.2":0,"4.0-4.1":0,"4.2-4.3":0,"5.0-5.1":0.0739265318442,"6.0-6.1":0.123210886407,"7.0-7.1":2.03051540799,"8":0.27845660328,"8.1-8.4":21.8255764182,"9":0.160174152329},"op_mob":{"10":0,"11":0,"11.1":0,"11.5":0,"12":0.000182516213449,"12.1":0.000365032426897,"0":0.00565800261691},"ie":{"5.5":0,"6":0,"7":0.0163481222707,"8":0.735665502183,"9":0.833754235808,"10":1.27515353712,"11":8.37023860262},"bb":{"7":0.00141375,"10":null},"ie_mob":{"10":0.328469237288,"11":1.35672076271},"and_uc":{"0":0.02639},"op_mini":{"5.0-8.0":0.0635394487427},"and_chr":{"0":8.05929},"and_ff":{"0":0.412815},"edge":{"12":1.65546,"13":null}},"total":99.35000875}