{"id":"BD","name":"Bangladesh","month":"2015-08","access_date":"2015-09-03","data":{"chrome":{"4":0.010422,"5":0.005211,"6":0.008685,"7":0.001737,"8":0.005211,"9":0.001737,"10":0.012159,"11":0.026055,"12":0.022581,"13":0.003474,"14":0.008685,"15":0.003474,"16":0.005211,"17":0.003474,"18":0.008685,"19":0.005211,"20":0.003474,"21":0.005211,"22":0.005211,"23":0.003474,"24":0.005211,"25":0.006948,"26":0.012159,"27":0.008685,"28":0.022581,"29":0.008685,"30":0.010422,"31":0.090324,"32":0.005211,"33":0.043425,"34":0.013896,"35":0.013896,"36":0.026055,"37":0.010422,"38":0.01737,"39":0.036477,"40":0.064269,"41":0.057321,"42":0.10422,"43":0.324819,"44":4.658634,"45":0.083376,"46":0.218862,"47":0.001737,"48":0},"firefox":{"2":0.005211,"3":0.045162,"3.5":0.013896,"3.6":0.057321,"4":0.026055,"5":0.012159,"6":0.01737,"7":0.008685,"8":0.01737,"9":0.027792,"10":0.031266,"11":0.078165,"12":0.06948,"13":0.038214,"14":0.036477,"15":0.043425,"16":0.038214,"17":0.031266,"18":0.033003,"19":0.039951,"20":0.03474,"21":0.03474,"22":0.027792,"23":0.01737,"24":0.020844,"25":0.027792,"26":0.026055,"27":0.027792,"28":0.026055,"29":0.112905,"30":0.074691,"31":0.055584,"32":0.060795,"33":0.123327,"34":0.078165,"35":0.100746,"36":0.099009,"37":0.194544,"38":0.550629,"39":2.509965,"40":2.450907,"41":0.576684,"42":0.013896,"43":0.005211},"opera":{"9":0,"9.5-9.6":0.005211,"10.0-10.1":0.060795,"10.5":0.003474,"10.6":0.005211,"11":0.005211,"11.1":0.003474,"11.5":0.005211,"11.6":0.010422,"12":0.005211,"12.1":0.05211,"15":0.005211,"16":0.003474,"17":0.003474,"18":0.005211,"19":0.005211,"20":0.006948,"21":0.005211,"22":0.005211,"23":0,"24":0.003474,"25":0.005211,"26":0.008685,"27":0.008685,"28":0.020844,"29":0.041688,"30":0.305712,"31":0.413406,"32":0.005211,"33":0},"safari":{"3.1":0,"3.2":0,"4":0.003474,"5":0.001737,"5.1":0.008685,"6":0.005211,"6.1":0.003474,"7":0.005211,"7.1":0.010422,"8":0.050373,"9":0},"android":{"2.1":0,"2.2":0,"2.3":0.0957826316594,"3":0,"4":0.305307138414,"4.1":1.07156819169,"4.2-4.3":2.33021183584,"4.4":0.0149660361968,"4.4.3-4.4.4":2.0533401662,"44":null},"ios_saf":{"3.2":0,"4.0-4.1":0,"4.2-4.3":0,"5.0-5.1":0.00264302143073,"6.0-6.1":0.00440503571788,"7.0-7.1":0.0725949886306,"8":0.00995538072241,"8.1-8.4":0.780308027065,"9":0.00572654643324},"op_mob":{"10":0,"11":0,"11.1":0,"11.5":0,"12":0.132292613722,"12.1":0.264585227443,"0":4.10107102537},"ie":{"5.5":0,"6":0.0165836554054,"7":0.00184262837838,"8":0.189790722973,"9":0.0442230810811,"10":0.0626493648649,"11":0.224800662162},"bb":{"7":0.008263,"10":null},"ie_mob":{"10":0.169111398305,"11":0.698503601695},"and_uc":{"0":16.930887},"op_mini":{"5.0-8.0":46.0550851335},"and_chr":{"0":6.239273},"and_ff":{"0":0.24789},"edge":{"12":0.060795,"13":null}},"total":97.2073471149}