{"id":"BH","name":"Bahrain","month":"2015-08","access_date":"2015-09-03","data":{"chrome":{"4":0.011991,"5":0.003997,"6":0,"7":0,"8":0,"9":0,"10":0.003997,"11":0.027979,"12":0.007994,"13":0.003997,"14":0.007994,"15":0.003997,"16":0.007994,"17":0,"18":0.007994,"19":0,"20":0.003997,"21":0.007994,"22":0.027979,"23":0.007994,"24":0.007994,"25":0.003997,"26":0.051961,"27":0.183862,"28":0.023982,"29":0.027979,"30":0.023982,"31":0.131901,"32":0.019985,"33":0.111916,"34":0.035973,"35":0.095928,"36":0.163877,"37":0.055958,"38":0.043967,"39":0.095928,"40":0.139895,"41":0.215838,"42":0.147889,"43":0.731451,"44":14.477134,"45":0.075943,"46":0.191856,"47":0,"48":0},"firefox":{"2":0,"3":0.011991,"3.5":0.003997,"3.6":0.011991,"4":0.007994,"5":0.007994,"6":0.011991,"7":0,"8":0.003997,"9":0.003997,"10":0.007994,"11":0.007994,"12":0.007994,"13":0.015988,"14":0.031976,"15":0.015988,"16":0.007994,"17":0,"18":0.003997,"19":0.007994,"20":0.099925,"21":0.127904,"22":0.015988,"23":0.015988,"24":0.015988,"25":0.015988,"26":0,"27":0.011991,"28":0.007994,"29":0.011991,"30":0.007994,"31":0.035973,"32":0.011991,"33":0.011991,"34":0.047964,"35":0.019985,"36":0.043967,"37":0.099925,"38":0.923307,"39":1.574818,"40":1.271046,"41":0.063952,"42":0.003997,"43":0},"opera":{"9":0,"9.5-9.6":0,"10.0-10.1":0.139895,"10.5":0,"10.6":0,"11":0.895328,"11.1":0.003997,"11.5":0.003997,"11.6":0.007994,"12":0.403697,"12.1":0.087934,"15":0,"16":0,"17":0,"18":0,"19":0,"20":0.003997,"21":0,"22":0,"23":0,"24":0,"25":0,"26":0.003997,"27":0.003997,"28":0.111916,"29":0.015988,"30":0.131901,"31":0.307769,"32":0.003997,"33":0},"safari":{"3.1":0,"3.2":0,"4":0.003997,"5":0.03997,"5.1":0.099925,"6":0.035973,"6.1":0.063952,"7":0.087934,"7.1":0.171871,"8":0.843367,"9":0.011991},"android":{"2.1":0,"2.2":0,"2.3":0.21549723375,"3":0,"4":0.686897432577,"4.1":2.41087530257,"4.2-4.3":5.24264363982,"4.4":0.0336714427734,"4.4.3-4.4.4":4.61972194851,"44":null},"ios_saf":{"3.2":0,"4.0-4.1":0,"4.2-4.3":0,"5.0-5.1":0.0279132297012,"6.0-6.1":0.046522049502,"7.0-7.1":0.766683375792,"8":0.105139831874,"8.1-8.4":8.24091584878,"9":0.0604786643526},"op_mob":{"10":0,"11":0,"11.1":0,"11.5":0,"12":0.0120647391057,"12.1":0.0241294782114,"0":0.374006912277},"ie":{"5.5":0.00400870179841,"6":0.00801740359682,"7":0.0360783161857,"8":1.7598200895,"9":1.61149812296,"10":1.46718485822,"11":4.68617240234},"bb":{"7":0.0570285,"10":null},"ie_mob":{"10":0.106476940678,"11":0.439796059322},"and_uc":{"0":12.450222},"op_mini":{"5.0-8.0":4.20010287041},"and_chr":{"0":23.206608},"and_ff":{"0":0.138069},"edge":{"12":0.287784,"13":null}},"total":98.6190443946}