{"id":"BI","name":"Burundi","month":"2015-08","access_date":"2015-09-03","data":{"chrome":{"4":0,"5":0,"6":0,"7":0,"8":0.01161,"9":0,"10":0.001548,"11":0.001548,"12":0.006966,"13":0.002322,"14":0,"15":0.001548,"16":0,"17":0,"18":0,"19":0.000774,"20":0,"21":0,"22":0.000774,"23":0,"24":0.000774,"25":0.000774,"26":0.00387,"27":0.000774,"28":0.000774,"29":0,"30":0.000774,"31":0.031734,"32":0.000774,"33":0.010836,"34":0.001548,"35":0.00387,"36":0.012384,"37":0.004644,"38":0.00387,"39":0.004644,"40":0.00774,"41":0.017802,"42":0.05031,"43":0.10449,"44":1.739178,"45":0.010836,"46":0.01935,"47":0,"48":0},"firefox":{"2":0.004644,"3":0.03096,"3.5":0.00387,"3.6":0.023994,"4":0.025542,"5":0.00387,"6":0.002322,"7":0.010062,"8":0.001548,"9":0.001548,"10":0.016254,"11":0.022446,"12":0.047214,"13":0.00387,"14":0.004644,"15":0.010836,"16":0.009288,"17":0.006192,"18":0.005418,"19":0.013158,"20":0.01161,"21":0.01161,"22":0.009288,"23":0.00387,"24":0.013932,"25":0.00387,"26":0.010836,"27":0.01161,"28":0.009288,"29":0.034056,"30":0.01548,"31":0.049536,"32":0.017802,"33":0.020124,"34":0.027864,"35":0.10836,"36":0.023994,"37":0.071982,"38":0.065016,"39":1.57509,"40":0.839016,"41":0.068886,"42":0.000774,"43":0},"opera":{"9":0,"9.5-9.6":0,"10.0-10.1":0.000774,"10.5":0,"10.6":0,"11":0.006192,"11.1":0,"11.5":0.000774,"11.6":0.003096,"12":0.000774,"12.1":0.020124,"15":0,"16":0.001548,"17":0.000774,"18":0,"19":0,"20":0.002322,"21":0.005418,"22":0.002322,"23":0,"24":0,"25":0.001548,"26":0.000774,"27":0.002322,"28":0.006966,"29":0.020124,"30":0.08127,"31":0.163314,"32":0.000774,"33":0},"safari":{"3.1":0,"3.2":0,"4":0,"5":0.000774,"5.1":0.020898,"6":0.002322,"6.1":0.008514,"7":0.002322,"7.1":0.014706,"8":0.045666,"9":0.001548},"android":{"2.1":0,"2.2":0,"2.3":0.0259711445322,"3":0,"4":0.0827830231965,"4.1":0.290552179454,"4.2-4.3":0.631829250574,"4.4":0.00405799133316,"4.4.3-4.4.4":0.55675641091,"44":null},"ios_saf":{"3.2":0,"4.0-4.1":0,"4.2-4.3":0,"5.0-5.1":0.00156752188349,"6.0-6.1":0.00261253647248,"7.0-7.1":0.0430546010665,"8":0.00590433242781,"8.1-8.4":0.462784710735,"9":0.00339629741423},"op_mob":{"10":0,"11":0,"11.1":0,"11.5":0,"12":0.221131127773,"12.1":0.442262255547,"0":6.85506496097},"ie":{"5.5":0,"6":0.00777284880637,"7":0.0101047034483,"8":0.408851847215,"9":0.113483592573,"10":0.130583859947,"11":0.786612299204},"bb":{"7":0.0345975,"10":null},"ie_mob":{"10":0.048553779661,"11":0.200548220339},"and_uc":{"0":3.04458},"op_mini":{"5.0-8.0":76.9824756557},"and_chr":{"0":1.882198},"and_ff":{"0":0.083034},"edge":{"12":0.025542,"13":null}},"total":99.1170406512}