{"id":"BM","name":"Bermuda","month":"2015-08","access_date":"2015-09-03","data":{"chrome":{"4":0,"5":0,"6":0,"7":0,"8":0,"9":0,"10":0,"11":0.19131,"12":0.02733,"13":0,"14":0,"15":0,"16":0.02733,"17":0,"18":0.00911,"19":0,"20":0,"21":0.00911,"22":0,"23":0.00911,"24":0,"25":0.00911,"26":0.02733,"27":0.04555,"28":0.02733,"29":0.00911,"30":0,"31":0.03644,"32":0.04555,"33":0.03644,"34":0.07288,"35":0.03644,"36":0.01822,"37":0.00911,"38":0.06377,"39":0.15487,"40":0.04555,"41":0.05466,"42":0.14576,"43":0.71969,"44":21.1352,"45":0.05466,"46":0.05466,"47":0,"48":0},"firefox":{"2":0,"3":0,"3.5":0,"3.6":0,"4":0,"5":0,"6":0.01822,"7":0,"8":0,"9":0,"10":0,"11":0,"12":0.00911,"13":0,"14":0,"15":0,"16":0.02733,"17":0.00911,"18":0.00911,"19":0.00911,"20":0,"21":0,"22":0.02733,"23":0.06377,"24":0,"25":0,"26":0.02733,"27":0.00911,"28":0.00911,"29":0,"30":0,"31":0.02733,"32":0,"33":0.01822,"34":0.00911,"35":0.03644,"36":0.02733,"37":0.01822,"38":0.23686,"39":2.85143,"40":2.2775,"41":0.01822,"42":0,"43":0},"opera":{"9":0,"9.5-9.6":0,"10.0-10.1":0,"10.5":0,"10.6":0,"11":0,"11.1":0,"11.5":0,"11.6":0,"12":0,"12.1":0,"15":0,"16":0,"17":0,"18":0,"19":0,"20":0,"21":0,"22":0,"23":0,"24":0,"25":0,"26":0,"27":0.00911,"28":0,"29":0,"30":0.03644,"31":0.08199,"32":0,"33":0},"safari":{"3.1":0,"3.2":0,"4":0.11843,"5":0.30063,"5.1":0.85634,"6":0.13665,"6.1":0.70147,"7":0.23686,"7.1":1.57603,"8":3.40714,"9":0.01822},"android":{"2.1":0,"2.2":0,"2.3":0.0284570787663,"3":0,"4":0.0907069385674,"4.1":0.318363568697,"4.2-4.3":0.69230736936,"4.4":0.00444641855723,"4.4.3-4.4.4":0.610048626051,"44":null},"ios_saf":{"3.2":0,"4.0-4.1":0,"4.2-4.3":0,"5.0-5.1":0.0609287654694,"6.0-6.1":0.101547942449,"7.0-7.1":1.67351009156,"8":0.229498349935,"8.1-8.4":17.9882025254,"9":0.132012325184},"op_mob":{"10":0,"11":0,"11.1":0,"11.5":0,"12":0.000139742860394,"12.1":0.000279485720787,"0":0.0043320286722},"ie":{"5.5":0,"6":0.02733,"7":0.12754,"8":3.31604,"9":6.04904,"10":3.88086,"11":21.25363},"bb":{"7":0.2209425,"10":null},"ie_mob":{"10":0.0182148305085,"11":0.0752351694915},"and_uc":{"0":0.01869},"op_mini":{"5.0-8.0":0.0486487427466},"and_chr":{"0":3.49506},"and_ff":{"0":0.02492},"edge":{"12":1.11142,"13":null}},"total":97.8965925}