{"id":"BZ","name":"Belize","month":"2015-08","access_date":"2015-09-03","data":{"chrome":{"4":0,"5":0.006332,"6":0,"7":0,"8":0.006332,"9":0,"10":0,"11":0.06332,"12":0.012664,"13":0,"14":0.012664,"15":0,"16":0.012664,"17":0,"18":0.044324,"19":0.006332,"20":0.006332,"21":0.018996,"22":0.037992,"23":0.006332,"24":0.006332,"25":0.012664,"26":0.025328,"27":0.006332,"28":0.050656,"29":0.006332,"30":0.012664,"31":0.132972,"32":0.025328,"33":0.151968,"34":0.06332,"35":0.069652,"36":0.164632,"37":0.025328,"38":0.09498,"39":0.196292,"40":0.107644,"41":0.056988,"42":0.576212,"43":1.23474,"44":22.497596,"45":0.101312,"46":0.291272,"47":0,"48":0},"firefox":{"2":0,"3":0.006332,"3.5":0,"3.6":0.018996,"4":0.006332,"5":0.025328,"6":0.018996,"7":0.012664,"8":0,"9":0,"10":0.037992,"11":0.012664,"12":0.018996,"13":0.012664,"14":0.012664,"15":0.037992,"16":0.006332,"17":0.012664,"18":0.006332,"19":0.012664,"20":0.006332,"21":0.012664,"22":0.012664,"23":0.006332,"24":0.018996,"25":0.012664,"26":0.012664,"27":0.044324,"28":0.025328,"29":0.018996,"30":0.09498,"31":0.056988,"32":0.044324,"33":0.145636,"34":0.06332,"35":0.12664,"36":0.164632,"37":0.25328,"38":0.436908,"39":8.45322,"40":4.356416,"41":0.240616,"42":0.025328,"43":0.006332},"opera":{"9":0,"9.5-9.6":0,"10.0-10.1":0,"10.5":0,"10.6":0,"11":0,"11.1":0,"11.5":0,"11.6":0.006332,"12":0.006332,"12.1":0.025328,"15":0,"16":0,"17":0,"18":0,"19":0,"20":0.025328,"21":0,"22":0,"23":0,"24":0,"25":0,"26":0,"27":0.018996,"28":0.012664,"29":0.006332,"30":0.145636,"31":0.468568,"32":0.012664,"33":0},"safari":{"3.1":0,"3.2":0,"4":0.044324,"5":0.03166,"5.1":0.101312,"6":0.018996,"6.1":0.06332,"7":0.056988,"7.1":0.151968,"8":1.2664,"9":0.006332},"android":{"2.1":0,"2.2":0,"2.3":0.234770663268,"3":0,"4":0.748331489166,"4.1":2.62649679531,"4.2-4.3":5.71153004231,"4.4":0.0366829161356,"4.4.3-4.4.4":5.03289609381,"44":null},"ios_saf":{"3.2":0,"4.0-4.1":0,"4.2-4.3":0,"5.0-5.1":0.0310873287051,"6.0-6.1":0.0518122145085,"7.0-7.1":0.8538652951,"8":0.117095604789,"8.1-8.4":9.17801567804,"9":0.0673558788611},"op_mob":{"10":0,"11":0,"11.1":0,"11.5":0,"12":0.00348437046308,"12.1":0.00696874092616,"0":0.108015484355},"ie":{"5.5":0,"6":0.0127105930831,"7":0.0254211861663,"8":0.616463764533,"9":0.527489612951,"10":0.991426260486,"11":6.46333658278},"bb":{"7":0.202657,"10":null},"ie_mob":{"10":0.202330610169,"11":0.835713389831},"and_uc":{"0":1.078392},"op_mini":{"5.0-8.0":1.21301540426},"and_chr":{"0":16.474412},"and_ff":{"0":0.099036},"edge":{"12":0.544552,"13":null}},"total":97.608869}