{"id":"CA","name":"Canada","month":"2015-08","access_date":"2015-09-03","data":{"chrome":{"4":0,"5":0,"6":0,"7":0,"8":0,"9":0,"10":0,"11":0.045522,"12":0,"13":0,"14":0,"15":0,"16":0.007587,"17":0,"18":0.007587,"19":0,"20":0,"21":0.022761,"22":0.030348,"23":0.015174,"24":0.007587,"25":0.007587,"26":0.015174,"27":0.007587,"28":0.015174,"29":0.030348,"30":0.022761,"31":0.220023,"32":0.030348,"33":0.068283,"34":0.15174,"35":0.128979,"36":0.166914,"37":0.242784,"38":0.098631,"39":0.204849,"40":0.159327,"41":0.159327,"42":0.250371,"43":2.018142,"44":24.642576,"45":0.128979,"46":0.068283,"47":0.007587,"48":0},"firefox":{"2":0.007587,"3":0.015174,"3.5":0.007587,"3.6":0.022761,"4":0.045522,"5":0.007587,"6":0.022761,"7":0,"8":0,"9":0,"10":0.007587,"11":0.007587,"12":0.015174,"13":0.007587,"14":0.007587,"15":0.015174,"16":0.037935,"17":0.015174,"18":0.007587,"19":0.015174,"20":0.015174,"21":0.045522,"22":0.037935,"23":0.007587,"24":0.030348,"25":0.045522,"26":0.015174,"27":0.022761,"28":0.053109,"29":0.030348,"30":0.022761,"31":0.212436,"32":0.083457,"33":0.060696,"34":0.068283,"35":0.083457,"36":0.07587,"37":0.098631,"38":0.432459,"39":4.901202,"40":4.40046,"41":0.053109,"42":0.007587,"43":0},"opera":{"9":0,"9.5-9.6":0,"10.0-10.1":0,"10.5":0,"10.6":0,"11":0.007587,"11.1":0,"11.5":0,"11.6":0,"12":0.007587,"12.1":0.060696,"15":0,"16":0,"17":0,"18":0,"19":0,"20":0,"21":0,"22":0,"23":0,"24":0,"25":0.007587,"26":0,"27":0,"28":0.007587,"29":0.007587,"30":0.068283,"31":0.204849,"32":0,"33":0},"safari":{"3.1":0,"3.2":0,"4":0.053109,"5":0.159327,"5.1":0.53109,"6":0.060696,"6.1":0.402111,"7":0.250371,"7.1":1.183572,"8":3.019626,"9":0.045522},"android":{"2.1":0,"2.2":0,"2.3":0.0417560764721,"3":0,"4":0.133097493755,"4.1":0.467146105531,"4.2-4.3":1.01584704792,"4.4":0.00652438694876,"4.4.3-4.4.4":0.89514588937,"44":null},"ios_saf":{"3.2":0,"4.0-4.1":0,"4.2-4.3":0,"5.0-5.1":0.0681160549351,"6.0-6.1":0.113526758225,"7.0-7.1":1.87092097555,"8":0.256570473589,"8.1-8.4":20.110129952,"9":0.147584785693},"op_mob":{"10":0,"11":0,"11.1":0,"11.5":0,"12":0.000271527705086,"12.1":0.000543055410172,"0":0.00841735885766},"ie":{"5.5":0,"6":0.0307124092219,"7":0.0691029207493,"8":1.65079199568,"9":1.48955184726,"10":1.16707155043,"11":11.5325096628},"bb":{"7":0.19726275,"10":null},"ie_mob":{"10":0.0324528050847,"11":0.134044194915},"and_uc":{"0":0.106172},"op_mini":{"5.0-8.0":0.0945270580271},"and_chr":{"0":9.449466},"and_ff":{"0":0.12065},"edge":{"12":0.872505,"13":null}},"total":98.2113781362}