{"id":"CF","name":"Central African Republic","month":"2015-08","access_date":"2015-09-03","data":{"chrome":{"4":0,"5":0.027528,"6":0.004588,"7":0,"8":0.018352,"9":0.013764,"10":0,"11":0.055056,"12":0.004588,"13":0,"14":0,"15":0,"16":0.009176,"17":0,"18":0,"19":0.013764,"20":0,"21":0,"22":0,"23":0.004588,"24":0,"25":0.013764,"26":0.032116,"27":0.004588,"28":0,"29":0.004588,"30":0.027528,"31":0.032116,"32":0.004588,"33":0.041292,"34":0,"35":0,"36":0.027528,"37":0.32116,"38":0.013764,"39":0.009176,"40":0.059644,"41":0.582676,"42":0.018352,"43":0.59644,"44":11.580112,"45":0.004588,"46":0.02294,"47":0,"48":0},"firefox":{"2":0.04588,"3":0.059644,"3.5":0.013764,"3.6":0.105524,"4":0.174344,"5":0.004588,"6":0.073408,"7":0.004588,"8":0.004588,"9":0.004588,"10":0.064232,"11":0.018352,"12":0.155992,"13":0.119288,"14":0.018352,"15":0.100936,"16":0.192696,"17":0.004588,"18":0.1147,"19":0,"20":0.050468,"21":0.077996,"22":0.018352,"23":0.02294,"24":0.110112,"25":0.174344,"26":0.009176,"27":0.036704,"28":0.087172,"29":0.720316,"30":0.591852,"31":0.247752,"32":0.119288,"33":0.192696,"34":0.073408,"35":0.201872,"36":0.284456,"37":0.334924,"38":0.958892,"39":7.354564,"40":4.63388,"41":0.316572,"42":0,"43":0},"opera":{"9":0,"9.5-9.6":0,"10.0-10.1":0,"10.5":0.004588,"10.6":0,"11":0.032116,"11.1":0,"11.5":0,"11.6":0.004588,"12":0,"12.1":0.13764,"15":0,"16":0,"17":0.004588,"18":0.050468,"19":0,"20":0,"21":0.004588,"22":0,"23":0,"24":0,"25":0,"26":0.032116,"27":0.013764,"28":0.041292,"29":0.013764,"30":0.302808,"31":0.330336,"32":0.009176,"33":0},"safari":{"3.1":0,"3.2":0,"4":0,"5":0,"5.1":0.064232,"6":0,"6.1":0.013764,"7":0.02294,"7.1":0.16058,"8":0.403744,"9":0},"android":{"2.1":0,"2.2":0,"2.3":0.325667303594,"3":0,"4":1.03806453021,"4.1":3.64340295896,"4.2-4.3":7.92287487025,"4.4":0.0508855161866,"4.4.3-4.4.4":6.9814928208,"44":null},"ios_saf":{"3.2":0,"4.0-4.1":0,"4.2-4.3":0,"5.0-5.1":0.0112229037126,"6.0-6.1":0.0187048395211,"7.0-7.1":0.308255755307,"8":0.0422729373176,"8.1-8.4":3.31337527276,"9":0.0243162913774},"op_mob":{"10":0,"11":0,"11.1":0,"11.5":0,"12":0.0554894718398,"12.1":0.11097894368,"0":1.72017362703},"ie":{"5.5":0,"6":0.0459049755035,"7":0.00459049755035,"8":1.41387324551,"9":0.624307666848,"10":1.14762438759,"11":5.1413572564},"bb":{"7":0.116358,"10":null},"ie_mob":{"10":0.125530881356,"11":0.518497118644},"and_uc":{"0":3.13896},"op_mini":{"5.0-8.0":19.3175739574},"and_chr":{"0":7.4314},"and_ff":{"0":0.914628},"edge":{"12":0.036704,"13":null}},"total":98.6377320294}