{"id":"CG","name":"Congo, Republic of the","month":"2015-08","access_date":"2015-09-03","data":{"chrome":{"4":0.009492,"5":0.003164,"6":0.03164,"7":0.001582,"8":0,"9":0.003164,"10":0.004746,"11":0.036386,"12":0.001582,"13":0.001582,"14":0.003164,"15":0.003164,"16":0,"17":0.003164,"18":0.001582,"19":0.001582,"20":0,"21":0.004746,"22":0.006328,"23":0.003164,"24":0,"25":0.01582,"26":0.004746,"27":0.00791,"28":0.001582,"29":0.001582,"30":0.009492,"31":0.128142,"32":0.004746,"33":0.045878,"34":0.006328,"35":0.052206,"36":0.030058,"37":0.014238,"38":0.017402,"39":0.017402,"40":0.041132,"41":0.041132,"42":0.26103,"43":0.161364,"44":3.407628,"45":0.018984,"46":0.009492,"47":0,"48":0},"firefox":{"2":0.004746,"3":0.036386,"3.5":0.003164,"3.6":0.03164,"4":0.014238,"5":0.006328,"6":0.004746,"7":0.003164,"8":0.006328,"9":0.006328,"10":0.004746,"11":0.03164,"12":0.036386,"13":0.018984,"14":0.041132,"15":0.003164,"16":0.025312,"17":0.03164,"18":0.020566,"19":0.012656,"20":0.017402,"21":0.018984,"22":0.025312,"23":0.02373,"24":0.08701,"25":0.009492,"26":0.02373,"27":0.009492,"28":0.003164,"29":0.045878,"30":0.06328,"31":0.041132,"32":0.037968,"33":0.042714,"34":0.053788,"35":0.034804,"36":0.072772,"37":0.080682,"38":0.22148,"39":2.067674,"40":1.311478,"41":0.082264,"42":0.00791,"43":0},"opera":{"9":0,"9.5-9.6":0.001582,"10.0-10.1":0.003164,"10.5":0.072772,"10.6":0.017402,"11":0.017402,"11.1":0,"11.5":0.004746,"11.6":0.028476,"12":0.011074,"12.1":0.17402,"15":0.001582,"16":0.017402,"17":0.003164,"18":0.004746,"19":0.004746,"20":0.011074,"21":0.003164,"22":0.003164,"23":0.003164,"24":0.004746,"25":0,"26":0.001582,"27":0.003164,"28":0.012656,"29":0.020566,"30":0.24521,"31":0.36386,"32":0.001582,"33":0},"safari":{"3.1":0,"3.2":0,"4":0,"5":0.01582,"5.1":0.030058,"6":0.014238,"6.1":0.056952,"7":0.009492,"7.1":0.066444,"8":0.156618,"9":0},"android":{"2.1":0,"2.2":0,"2.3":0.076711545246,"3":0,"4":0.244518050472,"4.1":0.858210412439,"4.2-4.3":1.86624806169,"4.4":0.0119861789447,"4.4.3-4.4.4":1.64450375121,"44":null},"ios_saf":{"3.2":0,"4.0-4.1":0,"4.2-4.3":0,"5.0-5.1":0.00500513130094,"6.0-6.1":0.00834188550156,"7.0-7.1":0.137474273066,"8":0.0188526612335,"8.1-8.4":1.47768159775,"9":0.010844451152},"op_mob":{"10":0,"11":0,"11.1":0,"11.5":0,"12":0.169029493913,"12.1":0.338058987826,"0":5.2399143113},"ie":{"5.5":0,"6":0.0128394202899,"7":0.0224689855072,"8":0.518391594203,"9":0.688513913043,"10":0.532835942029,"11":1.2004857971},"bb":{"7":0.1957185,"10":null},"ie_mob":{"10":0.0935254067797,"11":0.38630059322},"and_uc":{"0":7.82874},"op_mini":{"5.0-8.0":58.844311207},"and_chr":{"0":3.782294},"and_ff":{"0":0.092598},"edge":{"12":0.050624,"13":null}},"total":96.8868201522}