{"id":"CH","name":"Switzerland","month":"2015-08","access_date":"2015-09-03","data":{"chrome":{"4":0,"5":0,"6":0,"7":0,"8":0,"9":0,"10":0,"11":0.02806,"12":0,"13":0,"14":0,"15":0,"16":0.01403,"17":0,"18":0,"19":0,"20":0,"21":0.007015,"22":0.063135,"23":0.007015,"24":0.007015,"25":0.01403,"26":0.01403,"27":0.007015,"28":0.007015,"29":0.01403,"30":0.01403,"31":0.08418,"32":0.02806,"33":0.063135,"34":0.1403,"35":0.063135,"36":0.063135,"37":0.04209,"38":0.063135,"39":0.287615,"40":0.07015,"41":0.12627,"42":0.161345,"43":0.764635,"44":14.89986,"45":0.077165,"46":0.05612,"47":0,"48":0},"firefox":{"2":0,"3":0.007015,"3.5":0,"3.6":0.035075,"4":0.007015,"5":0.007015,"6":0.007015,"7":0.007015,"8":0.007015,"9":0.007015,"10":0.021045,"11":0.007015,"12":0.02806,"13":0.007015,"14":0.007015,"15":0.007015,"16":0.05612,"17":0.021045,"18":0.007015,"19":0.01403,"20":0.01403,"21":0.035075,"22":0.007015,"23":0.01403,"24":0.035075,"25":0.01403,"26":0.021045,"27":0.021045,"28":0.02806,"29":0.02806,"30":0.02806,"31":0.21045,"32":0.063135,"33":0.063135,"34":0.07015,"35":0.12627,"36":0.11224,"37":0.133285,"38":0.624335,"39":7.036045,"40":5.96275,"41":0.063135,"42":0.007015,"43":0.007015},"opera":{"9":0,"9.5-9.6":0,"10.0-10.1":0,"10.5":0,"10.6":0,"11":0.007015,"11.1":0,"11.5":0,"11.6":0.007015,"12":0.007015,"12.1":0.119255,"15":0,"16":0,"17":0,"18":0,"19":0,"20":0,"21":0,"22":0.007015,"23":0,"24":0,"25":0.007015,"26":0,"27":0,"28":0.02806,"29":0.007015,"30":0.12627,"31":0.4209,"32":0.007015,"33":0},"safari":{"3.1":0,"3.2":0,"4":0.063135,"5":0.245525,"5.1":1.017175,"6":0.1403,"6.1":0.708515,"7":0.35075,"7.1":1.424045,"8":5.127965,"9":0.063135},"android":{"2.1":0,"2.2":0,"2.3":0.0544981289829,"3":0,"4":0.173712786133,"4.1":0.609697817996,"4.2-4.3":1.32583729416,"4.4":0.00851533265358,"4.4.3-4.4.4":1.16830364007,"44":null},"ios_saf":{"3.2":0,"4.0-4.1":0,"4.2-4.3":0,"5.0-5.1":0.0697373830365,"6.0-6.1":0.116228971728,"7.0-7.1":1.91545345407,"8":0.262677476104,"8.1-8.4":20.5888000518,"9":0.151097663246},"op_mob":{"10":0,"11":0,"11.1":0,"11.5":0,"12":0.000257778473091,"12.1":0.000515556946183,"0":0.00799113266583},"ie":{"5.5":0,"6":0.0140589039967,"7":0.0351472599918,"8":0.68185684384,"9":1.65192121961,"10":1.34262533169,"11":13.3208115369},"bb":{"7":0.020895,"10":null},"ie_mob":{"10":0.131491779661,"11":0.543118220339},"and_uc":{"0":0.092535},"op_mini":{"5.0-8.0":0.0897405319149},"and_chr":{"0":9.576205},"and_ff":{"0":0.182085},"edge":{"12":0.77165,"13":null}},"total":96.962391096}