{"id":"CK","name":"Cook Islands","month":"2015-08","access_date":"2015-09-03","data":{"chrome":{"4":0,"5":0,"6":0,"7":0,"8":0,"9":0,"10":0,"11":0.017668,"12":0.026502,"13":0,"14":0,"15":0,"16":0,"17":0,"18":0,"19":0,"20":0,"21":0,"22":0,"23":0.008834,"24":0,"25":0.017668,"26":0,"27":0,"28":0.04417,"29":0,"30":0.017668,"31":0.026502,"32":0.017668,"33":0.017668,"34":0.008834,"35":0.017668,"36":0.026502,"37":0.017668,"38":0.008834,"39":0.097174,"40":0.026502,"41":0.026502,"42":0.150178,"43":0.547708,"44":8.30396,"45":0.008834,"46":0.017668,"47":0,"48":0},"firefox":{"2":0,"3":0,"3.5":0,"3.6":0.017668,"4":0,"5":0.017668,"6":0,"7":0,"8":0.008834,"9":0,"10":0.008834,"11":0,"12":0.008834,"13":0,"14":0,"15":0,"16":0.035336,"17":0,"18":0,"19":0,"20":0.008834,"21":0,"22":0,"23":0,"24":0,"25":0,"26":0.008834,"27":0,"28":0.141344,"29":0.13251,"30":0.008834,"31":0.017668,"32":0.061838,"33":0.053004,"34":0.008834,"35":0.061838,"36":0.026502,"37":0.026502,"38":3.736782,"39":2.500022,"40":1.740298,"41":0.070672,"42":0,"43":0},"opera":{"9":0,"9.5-9.6":0,"10.0-10.1":0,"10.5":0,"10.6":0,"11":0,"11.1":0,"11.5":0,"11.6":0,"12":0,"12.1":0,"15":0,"16":0,"17":0,"18":0,"19":0,"20":0,"21":0,"22":0,"23":0,"24":0,"25":0,"26":0,"27":0,"28":0,"29":0,"30":0.035336,"31":0.04417,"32":0,"33":0},"safari":{"3.1":0,"3.2":0,"4":0.008834,"5":0.017668,"5.1":0.035336,"6":0.053004,"6.1":0.106008,"7":0.17668,"7.1":0.17668,"8":0.53004,"9":0},"android":{"2.1":0,"2.2":0,"2.3":0.0397638215651,"3":0,"4":0.126747181239,"4.1":0.44485775376,"4.2-4.3":0.967379221514,"4.4":0.00621309711955,"4.4.3-4.4.4":0.852436924802,"44":null},"ios_saf":{"3.2":0,"4.0-4.1":0,"4.2-4.3":0,"5.0-5.1":0.0186438273468,"6.0-6.1":0.031073045578,"7.0-7.1":0.512083791126,"8":0.0702250830063,"8.1-8.4":5.50427929369,"9":0.0403949592514},"op_mob":{"10":0,"11":0,"11.1":0,"11.5":0,"12":0.000314285356696,"12.1":0.000628570713392,"0":0.00974284605757},"ie":{"5.5":0,"6":0.008834,"7":0,"8":7.182042,"9":0.300356,"10":0.494704,"11":4.037138},"bb":{"7":0.0067045,"10":null},"ie_mob":{"10":0.069090440678,"11":0.285373559322},"and_uc":{"0":0.036146},"op_mini":{"5.0-8.0":0.109412297872},"and_chr":{"0":6.621878},"and_ff":{"0":0.020988},"edge":{"12":0.13251,"13":null}},"total":47.2675865}