{"id":"CM","name":"Cameroon","month":"2015-08","access_date":"2015-09-03","data":{"chrome":{"4":0.014985,"5":0.008991,"6":0.005994,"7":0.008991,"8":0.002997,"9":0.005994,"10":0.023976,"11":0.08991,"12":0.023976,"13":0.014985,"14":0.008991,"15":0.014985,"16":0.035964,"17":0.011988,"18":0.002997,"19":0.005994,"20":0.002997,"21":0.014985,"22":0.005994,"23":0.014985,"24":0.005994,"25":0.02997,"26":0.020979,"27":0.014985,"28":0.02997,"29":0.023976,"30":0.020979,"31":0.128871,"32":0.008991,"33":0.041958,"34":0.032967,"35":0.056943,"36":0.080919,"37":0.011988,"38":0.047952,"39":0.071928,"40":0.104895,"41":0.05994,"42":0.17982,"43":0.416583,"44":5.421573,"45":0.044955,"46":0.083916,"47":0,"48":0},"firefox":{"2":0.047952,"3":0.122877,"3.5":0.026973,"3.6":0.116883,"4":0.035964,"5":0.017982,"6":0.020979,"7":0.014985,"8":0.02997,"9":0.014985,"10":0.065934,"11":0.083916,"12":0.086913,"13":0.068931,"14":0.056943,"15":0.110889,"16":0.101898,"17":0.110889,"18":0.083916,"19":0.128871,"20":0.11988,"21":0.113886,"22":0.098901,"23":0.230769,"24":0.125874,"25":0.167832,"26":0.134865,"27":0.098901,"28":0.107892,"29":0.380619,"30":0.452547,"31":0.281718,"32":0.275724,"33":0.395604,"34":0.350649,"35":0.500499,"36":0.293706,"37":0.53946,"38":0.893106,"39":5.145849,"40":3.83616,"41":0.44955,"42":0.038961,"43":0.005994},"opera":{"9":0,"9.5-9.6":0,"10.0-10.1":0.008991,"10.5":0,"10.6":0.002997,"11":0.026973,"11.1":0.017982,"11.5":0.014985,"11.6":0.035964,"12":0.014985,"12.1":0.071928,"15":0.005994,"16":0.005994,"17":0.002997,"18":0.005994,"19":0.008991,"20":0.008991,"21":0.002997,"22":0.008991,"23":0.002997,"24":0.005994,"25":0.005994,"26":0.023976,"27":0.008991,"28":0.053946,"29":0.038961,"30":0.263736,"31":0.422577,"32":0.002997,"33":0},"safari":{"3.1":0,"3.2":0,"4":0.014985,"5":0.014985,"5.1":0.032967,"6":0.020979,"6.1":0.02997,"7":0.020979,"7.1":0.053946,"8":0.104895,"9":0},"android":{"2.1":0,"2.2":0,"2.3":0.151071045628,"3":0,"4":0.48153895794,"4.1":1.69010732297,"4.2-4.3":3.67527528193,"4.4":0.0236048508794,"4.4.3-4.4.4":3.23858554066,"44":null},"ios_saf":{"3.2":0,"4.0-4.1":0,"4.2-4.3":0,"5.0-5.1":0.00399926048898,"6.0-6.1":0.0066654341483,"7.0-7.1":0.109846354764,"8":0.0150638811752,"8.1-8.4":1.18071500503,"9":0.0086650643928},"op_mob":{"10":0,"11":0,"11.1":0,"11.5":0,"12":0.107703096257,"12.1":0.215406192513,"0":3.33879598396},"ie":{"5.5":0,"6":0.0454852686763,"7":0.0818734836173,"8":0.503370306684,"9":0.130391103539,"10":0.400270364351,"11":1.12500231193},"bb":{"7":0.12430325,"10":null},"ie_mob":{"10":0.20884370339,"11":0.86261529661},"and_uc":{"0":9.566098},"op_mini":{"5.0-8.0":37.4947257273},"and_chr":{"0":6.045386},"and_ff":{"0":0.756324},"edge":{"12":0.083916,"13":null}},"total":96.6946040888}