{"id":"CO","name":"Colombia","month":"2015-08","access_date":"2015-09-03","data":{"chrome":{"4":0,"5":0,"6":0,"7":0.007406,"8":0.014812,"9":0.007406,"10":0.007406,"11":0.051842,"12":0.014812,"13":0.014812,"14":0.007406,"15":0.007406,"16":0.007406,"17":0.007406,"18":0.044436,"19":0.007406,"20":0.007406,"21":0.03703,"22":0.236992,"23":0.022218,"24":0.014812,"25":0.022218,"26":0.118496,"27":0.029624,"28":0.03703,"29":0.044436,"30":0.051842,"31":0.170338,"32":0.059248,"33":0.081466,"34":0.11109,"35":0.133308,"36":0.14812,"37":0.170338,"38":0.207368,"39":0.348082,"40":0.214774,"41":0.214774,"42":0.29624,"43":2.021838,"44":47.724264,"45":0.22218,"46":0.096278,"47":0.007406,"48":0},"firefox":{"2":0,"3":0.014812,"3.5":0.007406,"3.6":0.029624,"4":0.007406,"5":0.007406,"6":0.014812,"7":0,"8":0.007406,"9":0,"10":0.007406,"11":0.007406,"12":0.014812,"13":0.007406,"14":0.022218,"15":0.007406,"16":0.014812,"17":0.007406,"18":0.007406,"19":0.014812,"20":0.022218,"21":0.014812,"22":0.007406,"23":0.022218,"24":0.007406,"25":0.007406,"26":0.007406,"27":0.014812,"28":0.022218,"29":0.014812,"30":0.029624,"31":0.044436,"32":0.029624,"33":0.03703,"34":0.044436,"35":0.066654,"36":0.059248,"37":0.096278,"38":0.266616,"39":2.540258,"40":2.162552,"41":0.022218,"42":0.007406,"43":0},"opera":{"9":0,"9.5-9.6":0,"10.0-10.1":0,"10.5":0,"10.6":0,"11":0,"11.1":0,"11.5":0,"11.6":0,"12":0,"12.1":0.022218,"15":0,"16":0,"17":0,"18":0,"19":0,"20":0,"21":0,"22":0,"23":0,"24":0,"25":0,"26":0,"27":0,"28":0.014812,"29":0.022218,"30":0.14812,"31":0.496202,"32":0.007406,"33":0},"safari":{"3.1":0,"3.2":0,"4":0.022218,"5":0.022218,"5.1":0.088872,"6":0.03703,"6.1":0.081466,"7":0.096278,"7.1":0.29624,"8":1.22199,"9":0.014812},"android":{"2.1":0,"2.2":0,"2.3":0.113894680602,"3":0,"4":0.363039294418,"4.1":1.27419673923,"4.2-4.3":2.77084402651,"4.4":0.017796043844,"4.4.3-4.4.4":2.4416172154,"44":null},"ios_saf":{"3.2":0,"4.0-4.1":0,"4.2-4.3":0,"5.0-5.1":0.0123404587987,"6.0-6.1":0.0205674313311,"7.0-7.1":0.338951268337,"8":0.0464823948083,"8.1-8.4":3.64331478599,"9":0.0267376607305},"op_mob":{"10":0,"11":0,"11.1":0,"11.5":0,"12":0.00262705586529,"12.1":0.00525411173057,"0":0.0814387318239},"ie":{"5.5":0,"6":0.0304063865546,"7":0.0456095798319,"8":1.44430336134,"9":0.615729327731,"10":0.980605966387,"11":3.15466260504},"bb":{"7":0.145264,"10":null},"ie_mob":{"10":0.201738457627,"11":0.833267542373},"and_uc":{"0":0.949404},"op_mini":{"5.0-8.0":0.91455810058},"and_chr":{"0":16.381876},"and_ff":{"0":0.108948},"edge":{"12":0.311052,"13":null}},"total":98.6648612269}