{"id":"CR","name":"Costa Rica","month":"2015-08","access_date":"2015-09-03","data":{"chrome":{"4":0,"5":0,"6":0.095328,"7":0,"8":0,"9":0,"10":0,"11":0.047664,"12":0.005958,"13":0,"14":0,"15":0,"16":0,"17":0,"18":0.011916,"19":0,"20":0.005958,"21":0.017874,"22":0.02979,"23":0,"24":0.005958,"25":0.011916,"26":0.023832,"27":0.053622,"28":0.017874,"29":0.017874,"30":0.017874,"31":0.065538,"32":0.035748,"33":0.02979,"34":0.053622,"35":0.083412,"36":0.125118,"37":0.125118,"38":0.142992,"39":0.285984,"40":0.14895,"41":0.172782,"42":0.190656,"43":1.328634,"44":28.276668,"45":0.125118,"46":0.053622,"47":0.005958,"48":0},"firefox":{"2":0.005958,"3":0.011916,"3.5":0.005958,"3.6":0.023832,"4":0.011916,"5":0.005958,"6":0.005958,"7":0.005958,"8":0.005958,"9":0.005958,"10":0.065538,"11":0.011916,"12":0.017874,"13":0.005958,"14":0.02979,"15":0.005958,"16":0.023832,"17":0.005958,"18":0.005958,"19":0.005958,"20":0.035748,"21":0.05958,"22":0.011916,"23":0.017874,"24":0.017874,"25":0.017874,"26":0.017874,"27":0.011916,"28":0.017874,"29":0.02979,"30":0.035748,"31":0.05958,"32":0.02979,"33":0.053622,"34":0.053622,"35":0.053622,"36":0.101286,"37":0.202572,"38":0.56601,"39":4.224222,"40":3.66417,"41":0.05958,"42":0.023832,"43":0.071496},"opera":{"9":0,"9.5-9.6":0,"10.0-10.1":0.023832,"10.5":0,"10.6":0,"11":0.160866,"11.1":0,"11.5":0,"11.6":0.005958,"12":0.077454,"12.1":0.077454,"15":0,"16":0,"17":0,"18":0,"19":0,"20":0,"21":0,"22":0,"23":0,"24":0,"25":0.005958,"26":0.005958,"27":0.107244,"28":0.071496,"29":0.02979,"30":0.333648,"31":0.458766,"32":0.005958,"33":0},"safari":{"3.1":0,"3.2":0,"4":0.023832,"5":0.05958,"5.1":0.172782,"6":0.047664,"6.1":0.142992,"7":0.11916,"7.1":0.47664,"8":2.109132,"9":0.02979},"android":{"2.1":0,"2.2":0,"2.3":0.210661669131,"3":0,"4":0.671484070354,"4.1":2.3567774234,"4.2-4.3":5.12500341932,"4.4":0.0329158858017,"4.4.3-4.4.4":4.51605953199,"44":null},"ios_saf":{"3.2":0,"4.0-4.1":0,"4.2-4.3":0,"5.0-5.1":0.0242701116813,"6.0-6.1":0.0404501861354,"7.0-7.1":0.666619067512,"8":0.0914174206661,"8.1-8.4":7.16534597203,"9":0.0525852419761},"op_mob":{"10":0,"11":0,"11.1":0,"11.5":0,"12":0.0143960320856,"12.1":0.0287920641711,"0":0.446276994652},"ie":{"5.5":0,"6":0.00600683606557,"7":0.0180205081967,"8":0.907032245902,"9":0.810922868852,"10":1.30348342623,"11":4.96765342623},"bb":{"7":0.0171785,"10":null},"ie_mob":{"10":0.253686881356,"11":1.04783711864},"and_uc":{"0":0.594174},"op_mini":{"5.0-8.0":5.01169690909},"and_chr":{"0":15.400726},"and_ff":{"0":0.149554},"edge":{"12":0.494514,"13":null}},"total":98.2902258115}