{"id":"CU","name":"Cuba","month":"2015-08","access_date":"2015-09-03","data":{"chrome":{"4":0.028413,"5":0.009471,"6":0.037884,"7":0.009471,"8":0,"9":0.018942,"10":0.142065,"11":0.047355,"12":0.018942,"13":0,"14":0.018942,"15":0.009471,"16":0.009471,"17":0.018942,"18":0.047355,"19":0,"20":0.009471,"21":0.037884,"22":0.161007,"23":0.037884,"24":0.037884,"25":0.104181,"26":0.047355,"27":0.227304,"28":0.056826,"29":0.056826,"30":0.085239,"31":0.558789,"32":0.085239,"33":0.255717,"34":0.388311,"35":0.18942,"36":0.161007,"37":0.113652,"38":1.089165,"39":0.198891,"40":0.265188,"41":0.340956,"42":0.56826,"43":0.85239,"44":4.413486,"45":0.056826,"46":0.056826,"47":0,"48":0},"firefox":{"2":0.075768,"3":0.331485,"3.5":0.170478,"3.6":0.464079,"4":0.255717,"5":0.085239,"6":0.236775,"7":0.28413,"8":0.142065,"9":0.161007,"10":0.700854,"11":0.142065,"12":0.416724,"13":0.18942,"14":0.236775,"15":0.937629,"16":0.18942,"17":0.426195,"18":0.198891,"19":0.492492,"20":0.577731,"21":0.530376,"22":0.369369,"23":1.449063,"24":1.013397,"25":4.650261,"26":2.718177,"27":2.026794,"28":0.56826,"29":1.344882,"30":1.676367,"31":1.449063,"32":0.994455,"33":2.93601,"34":2.822358,"35":2.443518,"36":1.998381,"37":5.862549,"38":4.726029,"39":15.163071,"40":7.330554,"41":0.909216,"42":0.104181,"43":0.028413},"opera":{"9":0,"9.5-9.6":0.009471,"10.0-10.1":0.018942,"10.5":0,"10.6":0,"11":0.009471,"11.1":0,"11.5":0.009471,"11.6":0.056826,"12":0.056826,"12.1":0.085239,"15":0,"16":0,"17":0,"18":0,"19":0.009471,"20":0.047355,"21":0,"22":0.009471,"23":0,"24":0.018942,"25":0.009471,"26":0.018942,"27":0.075768,"28":0.009471,"29":0.018942,"30":0.142065,"31":0.198891,"32":0.028413,"33":0.009471},"safari":{"3.1":0,"3.2":0,"4":0.009471,"5":0.018942,"5.1":0.018942,"6":0.009471,"6.1":0.009471,"7":0.009471,"7.1":0.037884,"8":0.113652,"9":0},"android":{"2.1":0,"2.2":0,"2.3":0.0257894223808,"3":0,"4":0.0822037838389,"4.1":0.288519162886,"4.2-4.3":0.627408291359,"4.4":0.004029597247,"4.4.3-4.4.4":0.552860742289,"44":null},"ios_saf":{"3.2":0,"4.0-4.1":0,"4.2-4.3":0,"5.0-5.1":0.00418678539088,"6.0-6.1":0.00697797565147,"7.0-7.1":0.114997038736,"8":0.0157702249723,"8.1-8.4":1.2360786069,"9":0.00907136834692},"op_mob":{"10":0,"11":0,"11.1":0,"11.5":0,"12":0.000701862441688,"12.1":0.00140372488338,"0":0.0217577356923},"ie":{"5.5":0.019074809816,"6":0.14306107362,"7":0.267047337423,"8":2.41296344172,"9":0.400571006135,"10":0.762992392638,"11":6.87646893865},"bb":{"7":0.02552425,"10":null},"ie_mob":{"10":0.0238184491525,"11":0.0983805508475},"and_uc":{"0":0.181976},"op_mini":{"5.0-8.0":0.244339676983},"and_chr":{"0":2.317077},"and_ff":{"0":0.296769},"edge":{"12":0.113652,"13":null}},"total":98.94808625}