{"id":"CV","name":"Cape Verde","month":"2015-08","access_date":"2015-09-03","data":{"chrome":{"4":0.017406,"5":0.005802,"6":0,"7":0,"8":0,"9":0,"10":0.005802,"11":0.034812,"12":0.063822,"13":0.005802,"14":0,"15":0,"16":0,"17":0,"18":0.011604,"19":0.023208,"20":0.011604,"21":0,"22":0.011604,"23":0.005802,"24":0,"25":0.05802,"26":0.011604,"27":0.017406,"28":0.02901,"29":0.017406,"30":0.005802,"31":0.23208,"32":0.08703,"33":0.185664,"34":0.05802,"35":0.139248,"36":0.539586,"37":0.063822,"38":0.052218,"39":0.272694,"40":1.340262,"41":0.069624,"42":0.78327,"43":2.013294,"44":26.712408,"45":0.168258,"46":0.220476,"47":0,"48":0},"firefox":{"2":0,"3":0.005802,"3.5":0.005802,"3.6":0.011604,"4":0.023208,"5":0.011604,"6":0.02901,"7":0.005802,"8":0.005802,"9":0.005802,"10":0.02901,"11":0.069624,"12":0.034812,"13":0.02901,"14":0.040614,"15":0.023208,"16":0.011604,"17":0.023208,"18":0,"19":0.017406,"20":0.02901,"21":0.023208,"22":0.017406,"23":0.017406,"24":0.023208,"25":0.011604,"26":0.023208,"27":0.017406,"28":0.011604,"29":0.05802,"30":0.08703,"31":0.023208,"32":0.034812,"33":0.081228,"34":0.104436,"35":0.104436,"36":0.127644,"37":0.14505,"38":0.313308,"39":3.527616,"40":1.932066,"41":0.075426,"42":0.034812,"43":0},"opera":{"9":0,"9.5-9.6":0,"10.0-10.1":0,"10.5":0,"10.6":0,"11":0,"11.1":0,"11.5":0,"11.6":0.005802,"12":0,"12.1":0.02901,"15":0,"16":0.005802,"17":0,"18":0,"19":0.005802,"20":0,"21":0.005802,"22":0,"23":0,"24":0,"25":0,"26":0,"27":0.197268,"28":0.011604,"29":0.040614,"30":0.307506,"31":0.713646,"32":0,"33":0},"safari":{"3.1":0,"3.2":0,"4":0.023208,"5":0.040614,"5.1":0.104436,"6":0.046416,"6.1":0.11604,"7":0.046416,"7.1":0.092832,"8":0.60921,"9":0.017406},"android":{"2.1":0,"2.2":0,"2.3":0.170765083864,"3":0,"4":0.544313704818,"4.1":1.91043437573,"4.2-4.3":4.15439430589,"4.4":0.0266820443538,"4.4.3-4.4.4":3.66077648534,"44":null},"ios_saf":{"3.2":0,"4.0-4.1":0,"4.2-4.3":0,"5.0-5.1":0.0158804105041,"6.0-6.1":0.0264673508401,"7.0-7.1":0.436181941845,"8":0.0598162128987,"8.1-8.4":4.68842652782,"9":0.0344075560922},"op_mob":{"10":0,"11":0,"11.1":0,"11.5":0,"12":0.0493590991011,"12.1":0.0987181982023,"0":1.53013207214},"ie":{"5.5":0,"6":0.005802,"7":0.005802,"8":0.510576,"9":0.452556,"10":0.945726,"11":6.15012},"bb":{"7":0.0157425,"10":null},"ie_mob":{"10":0.193926254237,"11":0.800999745763},"and_uc":{"0":1.612032},"op_mini":{"5.0-8.0":17.1834046306},"and_chr":{"0":9.887976},"and_ff":{"0":0.079762},"edge":{"12":0.307506,"13":null}},"total":98.4586745}