{"id":"CX","name":"Christmas Island","month":"2015-08","access_date":"2015-09-03","data":{"chrome":{"4":0,"5":0,"6":0,"7":0,"8":0,"9":0,"10":0,"11":0,"12":0,"13":0,"14":0,"15":0,"16":0,"17":0,"18":0,"19":0,"20":0,"21":0,"22":0,"23":0,"24":0,"25":0,"26":0,"27":0,"28":0.05973,"29":0,"30":0.05973,"31":1.065185,"32":0.447975,"33":0,"34":0.05973,"35":0.228965,"36":0.27874,"37":0,"38":0.109505,"39":0,"40":1.065185,"41":0.33847,"42":0,"43":0.89595,"44":60.10829,"45":0.228965,"46":0.169235,"47":0,"48":0},"firefox":{"2":0,"3":0,"3.5":0.05973,"3.6":0,"4":0,"5":0,"6":0,"7":0,"8":0,"9":0,"10":0.05973,"11":0,"12":0,"13":0,"14":0,"15":0,"16":0.05973,"17":0,"18":0,"19":0,"20":0,"21":0.109505,"22":0.228965,"23":0,"24":0,"25":0.05973,"26":0.05973,"27":0.169235,"28":0.447975,"29":0.109505,"30":0,"31":0,"32":0,"33":0,"34":0.169235,"35":0.33847,"36":0.228965,"37":0.447975,"38":0,"39":3.92227,"40":12.214785,"41":0,"42":0,"43":0},"opera":{"9":0,"9.5-9.6":0,"10.0-10.1":0,"10.5":0,"10.6":0,"11":0,"11.1":0,"11.5":0,"11.6":0,"12":0,"12.1":0,"15":0,"16":0,"17":0,"18":0,"19":0,"20":0,"21":0,"22":0,"23":0,"24":0,"25":0,"26":0,"27":0,"28":0,"29":0,"30":0.95568,"31":0.228965,"32":0,"33":0},"safari":{"3.1":0,"3.2":0,"4":0.61721,"5":0.109505,"5.1":0.228965,"6":0,"6.1":3.30506,"7":0.109505,"7.1":1.005455,"8":2.020865,"9":0},"android":{"2.1":0,"2.2":0,"2.3":0.0110436298751,"3":0,"4":0.0352015702269,"4.1":0.123550609228,"4.2-4.3":0.268670808055,"4.4":0.00172556716798,"4.4.3-4.4.4":0.236747815447,"44":null},"ios_saf":{"3.2":0,"4.0-4.1":0,"4.2-4.3":0,"5.0-5.1":0.000691110775732,"6.0-6.1":0.00115185129289,"7.0-7.1":0.0189825093068,"8":0.00260318392192,"8.1-8.4":0.204038938022,"9":0.00149740668075},"op_mob":{"10":0,"11":0,"11.1":0,"11.5":0,"12":0.000588804187052,"12.1":0.0011776083741,"0":0.0182529297986},"ie":{"5.5":0,"6":0,"7":0,"8":0.05973,"9":0.228965,"10":0.228965,"11":3.414565},"bb":{"7":0,"10":null},"ie_mob":{"10":0.0219279661017,"11":0.0905720338983},"and_uc":{"0":0},"op_mini":{"5.0-8.0":0.20498065764},"and_chr":{"0":0.1125},"and_ff":{"0":0},"edge":{"12":1.51316,"13":null}},"total":99.18369}