{"id":"CY","name":"Cyprus","month":"2015-08","access_date":"2015-09-03","data":{"chrome":{"4":0,"5":0,"6":0,"7":0,"8":0.007746,"9":0,"10":0,"11":0.046476,"12":0.015492,"13":0,"14":0.007746,"15":0,"16":0.023238,"17":0,"18":0.015492,"19":0,"20":0,"21":0.015492,"22":0.061968,"23":0.015492,"24":0.007746,"25":0.023238,"26":0.030984,"27":0.015492,"28":0.023238,"29":0.015492,"30":0.162666,"31":0.069714,"32":0.030984,"33":0.069714,"34":0.046476,"35":0.07746,"36":0.085206,"37":0.07746,"38":0.15492,"39":0.263364,"40":0.108444,"41":0.216888,"42":0.487998,"43":1.711866,"44":37.33572,"45":0.11619,"46":0.11619,"47":0,"48":0},"firefox":{"2":0,"3":0.007746,"3.5":0,"3.6":0.023238,"4":0.007746,"5":0,"6":0.007746,"7":0,"8":0,"9":0.007746,"10":0.007746,"11":0.007746,"12":0.023238,"13":0.007746,"14":0.007746,"15":0.007746,"16":0.015492,"17":0,"18":0,"19":0.007746,"20":0.007746,"21":0.015492,"22":0.007746,"23":0.007746,"24":0,"25":0.007746,"26":0.061968,"27":0.007746,"28":0.007746,"29":0.007746,"30":0.015492,"31":0.023238,"32":0.007746,"33":0.023238,"34":0.023238,"35":0.046476,"36":0.054222,"37":0.100698,"38":0.317586,"39":5.11236,"40":4.244808,"41":0.054222,"42":0.007746,"43":0.007746},"opera":{"9":0,"9.5-9.6":0,"10.0-10.1":0,"10.5":0,"10.6":0,"11":0.007746,"11.1":0,"11.5":0,"11.6":0,"12":0.007746,"12.1":0.07746,"15":0,"16":0.007746,"17":0,"18":0,"19":0,"20":0,"21":0,"22":0,"23":0,"24":0,"25":0,"26":0.007746,"27":0,"28":0.023238,"29":0.023238,"30":0.23238,"31":0.759108,"32":0.007746,"33":0},"safari":{"3.1":0,"3.2":0,"4":0.015492,"5":0.061968,"5.1":0.178158,"6":0.023238,"6.1":0.092952,"7":0.061968,"7.1":0.302094,"8":1.107678,"9":0.007746},"android":{"2.1":0,"2.2":0,"2.3":0.096068323222,"3":0,"4":0.30621778027,"4.1":1.07476436605,"4.2-4.3":2.33716217589,"4.4":0.0150106755034,"4.4.3-4.4.4":2.05946467907,"44":null},"ios_saf":{"3.2":0,"4.0-4.1":0,"4.2-4.3":0,"5.0-5.1":0.0368622215515,"6.0-6.1":0.0614370359191,"7.0-7.1":1.01248235195,"8":0.138847701177,"8.1-8.4":10.8829565427,"9":0.0798681466948},"op_mob":{"10":0,"11":0,"11.1":0,"11.5":0,"12":0.0011914989191,"12.1":0.00238299783821,"0":0.0369364664922},"ie":{"5.5":0,"6":0.00778339448276,"7":0.0934007337931,"8":1.48662834621,"9":0.871740182069,"10":0.793906237241,"11":8.01689631724},"bb":{"7":0.012397,"10":null},"ie_mob":{"10":0.0764449830508,"11":0.315751016949},"and_uc":{"0":0.520674},"op_mini":{"5.0-8.0":0.41479703675},"and_chr":{"0":12.830698},"and_ff":{"0":0.110446},"edge":{"12":0.534474,"13":null}},"total":98.999656211}