{"id":"CZ","name":"Czech Republic","month":"2015-08","access_date":"2015-09-03","data":{"chrome":{"4":0,"5":0,"6":0,"7":0,"8":0,"9":0,"10":0.008934,"11":0.098274,"12":0.017868,"13":0.008934,"14":0,"15":0.017868,"16":0,"17":0,"18":0.017868,"19":0,"20":0.071472,"21":0.008934,"22":0.098274,"23":0.008934,"24":0.008934,"25":0.008934,"26":0.04467,"27":0.026802,"28":0.017868,"29":0.017868,"30":0.017868,"31":0.13401,"32":0.017868,"33":0.04467,"34":0.08934,"35":0.071472,"36":0.053604,"37":0.080406,"38":0.080406,"39":0.169746,"40":0.107208,"41":0.107208,"42":0.125076,"43":1.438374,"44":33.824124,"45":0.125076,"46":0.071472,"47":0.008934,"48":0},"firefox":{"2":0.008934,"3":0.017868,"3.5":0.008934,"3.6":0.04467,"4":0.008934,"5":0.008934,"6":0.008934,"7":0.008934,"8":0.008934,"9":0.017868,"10":0.017868,"11":0.008934,"12":0.04467,"13":0.008934,"14":0.008934,"15":0.008934,"16":0.026802,"17":0.04467,"18":0.026802,"19":0.017868,"20":0.026802,"21":0.035736,"22":0.008934,"23":0.017868,"24":0.053604,"25":0.035736,"26":0.062538,"27":0.035736,"28":0.053604,"29":0.035736,"30":0.04467,"31":0.22335,"32":0.053604,"33":0.071472,"34":0.071472,"35":0.125076,"36":0.107208,"37":0.169746,"38":0.830862,"39":10.67613,"40":10.015014,"41":0.062538,"42":0.008934,"43":0.008934},"opera":{"9":0,"9.5-9.6":0,"10.0-10.1":0,"10.5":0,"10.6":0,"11":0.017868,"11.1":0,"11.5":0.008934,"11.6":0.017868,"12":0.035736,"12.1":0.93807,"15":0.017868,"16":0.008934,"17":0,"18":0.008934,"19":0.008934,"20":0.026802,"21":0.017868,"22":0,"23":0,"24":0.008934,"25":0.008934,"26":0.008934,"27":0.008934,"28":0.053604,"29":0.053604,"30":0.71472,"31":3.028626,"32":0.035736,"33":0.008934},"safari":{"3.1":0,"3.2":0,"4":0.017868,"5":0.035736,"5.1":0.080406,"6":0.026802,"6.1":0.071472,"7":0.053604,"7.1":0.241218,"8":1.143552,"9":0.04467},"android":{"2.1":0,"2.2":0,"2.3":0.0520694733622,"3":0,"4":0.165971446342,"4.1":0.58252723324,"4.2-4.3":1.26675265664,"4.4":0.00813585521285,"4.4.3-4.4.4":1.1162393352,"44":null},"ios_saf":{"3.2":0,"4.0-4.1":0,"4.2-4.3":0,"5.0-5.1":0.0112067793541,"6.0-6.1":0.0186779655901,"7.0-7.1":0.307812872925,"8":0.0422122022336,"8.1-8.4":3.30861482463,"9":0.0242813552671},"op_mob":{"10":0,"11":0,"11.1":0,"11.5":0,"12":0.00158450608715,"12.1":0.00316901217431,"0":0.0491196887018},"ie":{"5.5":0,"6":0.0269363084633,"7":0.035915077951,"8":1.54434835189,"9":1.23009141982,"10":1.11336741648,"11":12.076444961},"bb":{"7":0.0162565,"10":null},"ie_mob":{"10":0.106590966102,"11":0.440267033898},"and_uc":{"0":0.102336},"op_mini":{"5.0-8.0":0.551614793037},"and_chr":{"0":6.230808},"and_ff":{"0":0.1066},"edge":{"12":0.884466,"13":null}},"total":98.4204840356}