{"id":"DE","name":"Germany","month":"2015-08","access_date":"2015-09-03","data":{"chrome":{"4":0,"5":0.007901,"6":0,"7":0,"8":0,"9":0,"10":0,"11":0.063208,"12":0.007901,"13":0,"14":0,"15":0,"16":0,"17":0,"18":0.007901,"19":0,"20":0,"21":0.015802,"22":0.063208,"23":0.007901,"24":0.023703,"25":0.007901,"26":0.031604,"27":0.007901,"28":0.015802,"29":0.015802,"30":0.007901,"31":0.126416,"32":0.031604,"33":0.086911,"34":0.055307,"35":0.094812,"36":0.055307,"37":0.15802,"38":0.071109,"39":0.134317,"40":0.102713,"41":0.126416,"42":0.142218,"43":0.829605,"44":18.433033,"45":0.07901,"46":0.086911,"47":0.007901,"48":0},"firefox":{"2":0.015802,"3":0.015802,"3.5":0.007901,"3.6":0.071109,"4":0.015802,"5":0.007901,"6":0.007901,"7":0.007901,"8":0.007901,"9":0.015802,"10":0.039505,"11":0.015802,"12":0.063208,"13":0.023703,"14":0.015802,"15":0.023703,"16":0.047406,"17":0.031604,"18":0.015802,"19":0.015802,"20":0.031604,"21":0.023703,"22":0.023703,"23":0.023703,"24":0.110614,"25":0.023703,"26":0.055307,"27":0.039505,"28":0.071109,"29":0.055307,"30":0.07901,"31":0.418753,"32":0.094812,"33":0.134317,"34":0.165921,"35":0.221228,"36":0.213327,"37":0.292337,"38":2.006854,"39":14.024275,"40":12.120134,"41":0.165921,"42":0.031604,"43":0.007901},"opera":{"9":0,"9.5-9.6":0,"10.0-10.1":0.007901,"10.5":0,"10.6":0,"11":0.007901,"11.1":0.007901,"11.5":0.007901,"11.6":0.015802,"12":0.015802,"12.1":0.497763,"15":0,"16":0,"17":0,"18":0,"19":0,"20":0.007901,"21":0,"22":0.007901,"23":0.007901,"24":0.007901,"25":0.015802,"26":0.007901,"27":0.007901,"28":0.015802,"29":0.031604,"30":0.410852,"31":1.161447,"32":0.007901,"33":0},"safari":{"3.1":0,"3.2":0,"4":0.047406,"5":0.102713,"5.1":0.355545,"6":0.039505,"6.1":0.197525,"7":0.118515,"7.1":0.545169,"8":2.29129,"9":0.039505},"android":{"2.1":0,"2.2":0,"2.3":0.0777515166964,"3":0,"4":0.24783295947,"4.1":0.869845093041,"4.2-4.3":1.89154861713,"4.4":0.0121486744838,"4.4.3-4.4.4":1.66679813918,"44":null},"ios_saf":{"3.2":0,"4.0-4.1":0,"4.2-4.3":0,"5.0-5.1":0.0306265952309,"6.0-6.1":0.0510443253848,"7.0-7.1":0.841210482342,"8":0.11536017537,"8.1-8.4":9.04199179867,"9":0.0663576230003},"op_mob":{"10":0,"11":0,"11.1":0,"11.5":0,"12":0.000878862214131,"12.1":0.00175772442826,"0":0.0272447286381},"ie":{"5.5":0,"6":0.0397824936143,"7":0.05569549106,"8":0.819519368455,"9":0.978649342912,"10":0.843388864623,"11":9.69101544444},"bb":{"7":0.01311875,"10":null},"ie_mob":{"10":0.10555479661,"11":0.43598720339},"and_uc":{"0":0.409305},"op_mini":{"5.0-8.0":0.30595868472},"and_chr":{"0":10.782154},"and_ff":{"0":0.321147},"edge":{"12":0.766397,"13":null}},"total":98.3058857551}