{"id":"DK","name":"Denmark","month":"2015-08","access_date":"2015-09-03","data":{"chrome":{"4":0,"5":0,"6":0,"7":0,"8":0,"9":0,"10":0,"11":0.023646,"12":0.007882,"13":0,"14":0,"15":0,"16":0,"17":0,"18":0,"19":0,"20":0,"21":0.015764,"22":0.023646,"23":0.007882,"24":0.007882,"25":0.015764,"26":0.015764,"27":0.007882,"28":0.007882,"29":0.015764,"30":0.007882,"31":0.110348,"32":0.047292,"33":0.110348,"34":0.063056,"35":0.189168,"36":0.07882,"37":0.102466,"38":0.149758,"39":0.283752,"40":0.102466,"41":0.27587,"42":0.27587,"43":1.150772,"44":28.80871,"45":0.126112,"46":0.07882,"47":0,"48":0},"firefox":{"2":0,"3":0,"3.5":0.007882,"3.6":0.007882,"4":0,"5":0,"6":0,"7":0,"8":0,"9":0,"10":0,"11":0.007882,"12":0.007882,"13":0,"14":0,"15":0,"16":0.015764,"17":0,"18":0.007882,"19":0.007882,"20":0.007882,"21":0.007882,"22":0,"23":0.007882,"24":0.007882,"25":0.007882,"26":0.007882,"27":0.007882,"28":0.007882,"29":0.015764,"30":0.055174,"31":0.047292,"32":0.015764,"33":0.031528,"34":0.031528,"35":0.110348,"36":0.086702,"37":0.07882,"38":0.260106,"39":4.13805,"40":3.70454,"41":0.031528,"42":0.007882,"43":0},"opera":{"9":0,"9.5-9.6":0,"10.0-10.1":0,"10.5":0,"10.6":0,"11":0.007882,"11.1":0,"11.5":0,"11.6":0,"12":0.007882,"12.1":0.063056,"15":0,"16":0,"17":0,"18":0,"19":0,"20":0,"21":0,"22":0,"23":0,"24":0.007882,"25":0.007882,"26":0,"27":0,"28":0.007882,"29":0.007882,"30":0.094584,"31":0.338926,"32":0.007882,"33":0},"safari":{"3.1":0,"3.2":0,"4":0.023646,"5":0.11823,"5.1":0.267988,"6":0.055174,"6.1":0.331044,"7":0.267988,"7.1":1.087716,"8":4.398156,"9":0.070938},"android":{"2.1":0,"2.2":0,"2.3":0.0323244863625,"3":0,"4":0.10303430028,"4.1":0.36163019118,"4.2-4.3":0.786394144787,"4.4":0.00505070099414,"4.4.3-4.4.4":0.692956176396,"44":null},"ios_saf":{"3.2":0,"4.0-4.1":0,"4.2-4.3":0,"5.0-5.1":0.0712328463628,"6.0-6.1":0.118721410605,"7.0-7.1":1.95652884677,"8":0.268310387967,"8.1-8.4":21.0303106745,"9":0.154337833786},"op_mob":{"10":0,"11":0,"11.1":0,"11.5":0,"12":0.000216161793151,"12.1":0.000432323586301,"0":0.00670101558767},"ie":{"5.5":0,"6":0.0157792900097,"7":0.0236689350145,"8":0.497047635306,"9":1.40435681086,"10":1.31757071581,"11":12.970576388},"bb":{"7":0.003177,"10":null},"ie_mob":{"10":0.108574423729,"11":0.448459576271},"and_uc":{"0":0.067776},"op_mini":{"5.0-8.0":0.0752524990329},"and_chr":{"0":7.204348},"and_ff":{"0":0.082602},"edge":{"12":1.308412,"13":null}},"total":99.140808775}