{"id":"DM","name":"Dominica","month":"2015-08","access_date":"2015-09-03","data":{"chrome":{"4":0,"5":0,"6":0,"7":0,"8":0,"9":0,"10":0,"11":0.163896,"12":0,"13":0,"14":0,"15":0,"16":0,"17":0,"18":0.06829,"19":0,"20":0.006829,"21":0,"22":0.129751,"23":0,"24":0.013658,"25":0.006829,"26":0.020487,"27":0.020487,"28":0.006829,"29":0.006829,"30":0.054632,"31":1.154101,"32":0.505346,"33":0.054632,"34":0.020487,"35":0.102435,"36":0.198041,"37":0.040974,"38":0.040974,"39":0.218528,"40":0.157067,"41":0.054632,"42":1.475064,"43":1.399945,"44":32.553843,"45":0.054632,"46":0.286818,"47":0,"48":0},"firefox":{"2":0,"3":0,"3.5":0,"3.6":0.006829,"4":0,"5":0,"6":0,"7":0.006829,"8":0,"9":0,"10":0,"11":0.006829,"12":0,"13":0.006829,"14":0,"15":0,"16":0.006829,"17":0.013658,"18":0.013658,"19":0,"20":0.020487,"21":0.088777,"22":0.006829,"23":0.013658,"24":0.006829,"25":0.013658,"26":0,"27":0,"28":0.163896,"29":0.006829,"30":0.040974,"31":0.006829,"32":0,"33":0.054632,"34":0.122922,"35":0.020487,"36":0.013658,"37":0.088777,"38":0.20487,"39":3.373526,"40":2.649652,"41":0.075119,"42":0.013658,"43":0},"opera":{"9":0,"9.5-9.6":0,"10.0-10.1":0,"10.5":0,"10.6":0,"11":0,"11.1":0,"11.5":0.006829,"11.6":0,"12":0.006829,"12.1":0.047803,"15":0,"16":0,"17":0,"18":0,"19":0,"20":0.006829,"21":0,"22":0,"23":0,"24":0,"25":0,"26":0,"27":0.027316,"28":0.047803,"29":0.006829,"30":0.320963,"31":0.901428,"32":0.027316,"33":0},"safari":{"3.1":0,"3.2":0,"4":0.013658,"5":0.06829,"5.1":0.075119,"6":0,"6.1":0.095606,"7":0.088777,"7.1":0.368766,"8":1.031179,"9":0.034145},"android":{"2.1":0,"2.2":0,"2.3":0.183592524089,"3":0,"4":0.585201170533,"4.1":2.05394136324,"4.2-4.3":4.4664618751,"4.4":0.0286863318889,"4.4.3-4.4.4":3.93576473515,"44":null},"ios_saf":{"3.2":0,"4.0-4.1":0,"4.2-4.3":0,"5.0-5.1":0.019655490492,"6.0-6.1":0.03275915082,"7.0-7.1":0.539870805514,"8":0.0740356808532,"8.1-8.4":5.80295597626,"9":0.042586896066},"op_mob":{"10":0,"11":0,"11.1":0,"11.5":0,"12":0.00118664455569,"12.1":0.00237328911139,"0":0.0367859812265},"ie":{"5.5":0,"6":0,"7":0,"8":0.314411258605,"9":0.423771696381,"10":0.662997654016,"11":6.28139014475},"bb":{"7":0.23227575,"10":null},"ie_mob":{"10":1.15951108475,"11":4.78928491525},"and_uc":{"0":0.573951},"op_mini":{"5.0-8.0":0.413107085106},"and_chr":{"0":14.428064},"and_ff":{"0":0.218799},"edge":{"12":1.09264,"13":null}},"total":97.4351105038}