{"id":"DO","name":"Dominican Republic","month":"2015-08","access_date":"2015-09-03","data":{"chrome":{"4":0,"5":0.006595,"6":0,"7":0.006595,"8":0.006595,"9":0.006595,"10":0.006595,"11":0.07914,"12":0.006595,"13":0.006595,"14":0.006595,"15":0,"16":0.006595,"17":0.006595,"18":0.03957,"19":0,"20":0.006595,"21":0.06595,"22":0.072545,"23":0.01319,"24":0.01319,"25":0.02638,"26":0.032975,"27":0.02638,"28":0.01319,"29":0.085735,"30":0.05276,"31":0.06595,"32":0.046165,"33":0.072545,"34":0.07914,"35":0.11871,"36":0.138495,"37":0.11871,"38":0.191255,"39":0.415485,"40":0.178065,"41":0.1319,"42":0.257205,"43":2.525885,"44":36.64182,"45":0.22423,"46":0.072545,"47":0.006595,"48":0},"firefox":{"2":0.01319,"3":0.05276,"3.5":0.019785,"3.6":0.032975,"4":0.01319,"5":0.006595,"6":0.01319,"7":0.006595,"8":0,"9":0,"10":0.006595,"11":0.01319,"12":0.019785,"13":0.006595,"14":0.006595,"15":0.006595,"16":0.02638,"17":0.006595,"18":0.006595,"19":0.006595,"20":0.006595,"21":0.01319,"22":0.006595,"23":0.006595,"24":0.006595,"25":0.006595,"26":0.02638,"27":0.006595,"28":0.019785,"29":0.019785,"30":0.019785,"31":0.03957,"32":0.019785,"33":0.03957,"34":0.032975,"35":0.046165,"36":0.085735,"37":0.10552,"38":0.50122,"39":3.897645,"40":2.34782,"41":0.032975,"42":0.006595,"43":0},"opera":{"9":0,"9.5-9.6":0.006595,"10.0-10.1":0,"10.5":0,"10.6":0,"11":0,"11.1":0,"11.5":0,"11.6":0,"12":0.006595,"12.1":0.019785,"15":0.006595,"16":0,"17":0,"18":0,"19":0,"20":0.006595,"21":0,"22":0.006595,"23":0.006595,"24":0,"25":0,"26":0.006595,"27":0.006595,"28":0.019785,"29":0.032975,"30":0.336345,"31":1.06839,"32":0.006595,"33":0},"safari":{"3.1":0,"3.2":0,"4":0.059355,"5":0.05276,"5.1":0.10552,"6":0.019785,"6.1":0.06595,"7":0.05276,"7.1":0.22423,"8":1.048605,"9":0.019785},"android":{"2.1":0,"2.2":0,"2.3":0.162167891919,"3":0,"4":0.516910155493,"4.1":1.81425329085,"4.2-4.3":3.9452407456,"4.4":0.0253387331124,"4.4.3-4.4.4":3.47647418302,"44":null},"ios_saf":{"3.2":0,"4.0-4.1":0,"4.2-4.3":0,"5.0-5.1":0.0208938424389,"6.0-6.1":0.0348230707315,"7.0-7.1":0.573884205654,"8":0.0787001398531,"8.1-8.4":6.16855874937,"9":0.0452699919509},"op_mob":{"10":0,"11":0,"11.1":0,"11.5":0,"12":0.00468695983616,"12.1":0.00937391967232,"0":0.145295754921},"ie":{"5.5":0,"6":0.0656230926724,"7":0.0510401831897,"8":1.68432604526,"9":0.619773653017,"10":0.904140387931,"11":3.41240081897},"bb":{"7":0.2741025,"10":null},"ie_mob":{"10":0.184504830508,"11":0.762085169492},"and_uc":{"0":0.241755},"op_mini":{"5.0-8.0":1.63167336557},"and_chr":{"0":18.128455},"and_ff":{"0":0.1362},"edge":{"12":0.3957,"13":null}},"total":98.135156681}