{"id":"EC","name":"Ecuador","month":"2015-08","access_date":"2015-09-03","data":{"chrome":{"4":0.015272,"5":0.007636,"6":0.007636,"7":0.007636,"8":0.007636,"9":0.022908,"10":0.015272,"11":0.061088,"12":0.015272,"13":0.015272,"14":0.007636,"15":0,"16":0.007636,"17":0.015272,"18":0.03818,"19":0,"20":0.007636,"21":0.015272,"22":0.244352,"23":0.015272,"24":0.007636,"25":0.015272,"26":0.091632,"27":0.030544,"28":0.015272,"29":0.03818,"30":0.053452,"31":0.099268,"32":0.053452,"33":0.068724,"34":0.091632,"35":0.160356,"36":0.22908,"37":0.175628,"38":0.1909,"39":0.358892,"40":0.1909,"41":0.15272,"42":0.335984,"43":1.817368,"44":39.157408,"45":0.274896,"46":0.106904,"47":0.007636,"48":0},"firefox":{"2":0.007636,"3":0.015272,"3.5":0.007636,"3.6":0.045816,"4":0.022908,"5":0.007636,"6":0.015272,"7":0.007636,"8":0.007636,"9":0.007636,"10":0.015272,"11":0.022908,"12":0.03818,"13":0.030544,"14":0.030544,"15":0.022908,"16":0.030544,"17":0.030544,"18":0.015272,"19":0.022908,"20":0.03818,"21":0.03818,"22":0.030544,"23":0.030544,"24":0.03818,"25":0.068724,"26":0.03818,"27":0.030544,"28":0.061088,"29":0.106904,"30":0.099268,"31":0.106904,"32":0.106904,"33":0.1909,"34":0.221444,"35":0.206172,"36":0.221444,"37":0.442888,"38":1.03086,"39":8.09416,"40":6.169888,"41":0.091632,"42":0.007636,"43":0},"opera":{"9":0,"9.5-9.6":0,"10.0-10.1":0,"10.5":0,"10.6":0,"11":0.007636,"11.1":0,"11.5":0,"11.6":0.007636,"12":0.007636,"12.1":0.030544,"15":0,"16":0,"17":0,"18":0,"19":0,"20":0,"21":0,"22":0,"23":0,"24":0,"25":0.007636,"26":0,"27":0,"28":0.022908,"29":0.022908,"30":0.26726,"31":0.885776,"32":0.007636,"33":0},"safari":{"3.1":0,"3.2":0,"4":0.022908,"5":0.053452,"5.1":0.11454,"6":0.061088,"6.1":0.07636,"7":0.11454,"7.1":0.30544,"8":0.99268,"9":0.015272},"android":{"2.1":0,"2.2":0,"2.3":0.106967345399,"3":0,"4":0.340958413459,"4.1":1.19669717665,"4.2-4.3":2.60231494978,"4.4":0.0167136477186,"4.4.3-4.4.4":2.29311246699,"44":null},"ios_saf":{"3.2":0,"4.0-4.1":0,"4.2-4.3":0,"5.0-5.1":0.0115093268941,"6.0-6.1":0.0191822114901,"7.0-7.1":0.316122845357,"8":0.0433517979676,"8.1-8.4":3.39793694335,"9":0.0249368749371},"op_mob":{"10":0,"11":0,"11.1":0,"11.5":0,"12":0.00975590442599,"12.1":0.019511808852,"0":0.302433037206},"ie":{"5.5":0,"6":0.0235942596291,"7":0.0157295064194,"8":0.935905631954,"9":0.456155686163,"10":1.02241791726,"11":2.95714720685},"bb":{"7":0.176709,"10":null},"ie_mob":{"10":0.281997152542,"11":1.16477084746},"and_uc":{"0":0.309684},"op_mini":{"5.0-8.0":3.39632724952},"and_chr":{"0":10.972724},"and_ff":{"0":0.163116},"edge":{"12":0.320712,"13":null}},"total":98.0488472083}