{"id":"EG","name":"Egypt","month":"2015-08","access_date":"2015-09-03","data":{"chrome":{"4":0.11289,"5":0.135468,"6":0.060208,"7":0.007526,"8":0.007526,"9":0.127942,"10":0.03763,"11":0.210728,"12":0.142994,"13":0.015052,"14":0.015052,"15":0.015052,"16":0.142994,"17":0.18815,"18":0.015052,"19":0.11289,"20":0.240832,"21":0.120416,"22":0.045156,"23":0.142994,"24":0.293514,"25":0.195676,"26":0.383826,"27":0.218254,"28":0.316092,"29":0.278462,"30":0.406404,"31":0.571976,"32":0.933224,"33":2.016968,"34":1.143952,"35":0.97838,"36":1.000958,"37":1.211686,"38":0.79023,"39":0.925698,"40":2.731938,"41":1.46757,"42":1.557882,"43":4.47797,"44":16.880818,"45":0.240832,"46":0.127942,"47":0,"48":0},"firefox":{"2":0.090312,"3":0.135468,"3.5":0.03763,"3.6":0.331144,"4":0.142994,"5":0.15052,"6":0.030104,"7":0.067734,"8":0.142994,"9":0.127942,"10":0.120416,"11":0.218254,"12":0.240832,"13":0.270936,"14":0.11289,"15":0.323618,"16":0.22578,"17":0.097838,"18":0.233306,"19":0.203202,"20":0.218254,"21":0.368774,"22":0.210728,"23":0.293514,"24":0.26341,"25":0.48919,"26":0.474138,"27":0.421456,"28":0.617132,"29":0.684866,"30":0.782704,"31":0.797756,"32":0.496716,"33":0.255884,"34":0.323618,"35":0.436508,"36":0.534346,"37":0.647236,"38":1.143952,"39":4.959634,"40":4.079092,"41":0.436508,"42":0.007526,"43":0},"opera":{"9":0,"9.5-9.6":0,"10.0-10.1":0.090312,"10.5":0,"10.6":0,"11":0.067734,"11.1":0,"11.5":0.007526,"11.6":0.127942,"12":0.015052,"12.1":0.142994,"15":0.060208,"16":0.007526,"17":0.060208,"18":0.060208,"19":0.180624,"20":0.248358,"21":0.218254,"22":0.173098,"23":0.173098,"24":0,"25":0,"26":0.022578,"27":0,"28":0.127942,"29":0.135468,"30":0.158046,"31":0.519294,"32":0.007526,"33":0},"safari":{"3.1":0,"3.2":0,"4":0.007526,"5":0.097838,"5.1":0.022578,"6":0.067734,"6.1":0.007526,"7":0.067734,"7.1":0.030104,"8":0.135468,"9":0},"android":{"2.1":0,"2.2":0,"2.3":0.108229856742,"3":0,"4":0.344982668366,"4.1":1.2108215223,"4.2-4.3":2.63302948356,"4.4":0.016910915116,"4.4.3-4.4.4":2.32017755391,"44":null},"ios_saf":{"3.2":0,"4.0-4.1":0,"4.2-4.3":0,"5.0-5.1":0.00862642921823,"6.0-6.1":0.0143773820304,"7.0-7.1":0.236939255861,"8":0.0324928833887,"8.1-8.4":2.54680945286,"9":0.0186905966395},"op_mob":{"10":0,"11":0,"11.1":0,"11.5":0,"12":0.00725113664808,"12.1":0.0145022732962,"0":0.224785236091},"ie":{"5.5":0,"6":0.0309109113402,"7":0.0154554556701,"8":1.49145147216,"9":0.502302309278,"10":0.494574581443,"11":1.20552554227},"bb":{"7":0.014844,"10":null},"ie_mob":{"10":0.0684752881356,"11":0.282832711864},"and_uc":{"0":1.33596},"op_mini":{"5.0-8.0":2.52434135397},"and_chr":{"0":13.70335},"and_ff":{"0":0.19792},"edge":{"12":0.11289,"13":null}},"total":98.0536242722}