{"id":"ER","name":"Eritrea","month":"2015-08","access_date":"2015-09-03","data":{"chrome":{"4":0.075141,"5":0,"6":0,"7":0,"8":0,"9":0.058443,"10":0.158631,"11":0.008349,"12":0,"13":0,"14":0,"15":0,"16":0.016698,"17":0,"18":0,"19":0,"20":0,"21":0.008349,"22":0.100188,"23":0,"24":0.016698,"25":0.008349,"26":0,"27":0,"28":0.025047,"29":0.091839,"30":0,"31":0.016698,"32":0,"33":0.275517,"34":0.016698,"35":0.242121,"36":0,"37":0.008349,"38":0.058443,"39":0.150282,"40":0.16698,"41":0.066792,"42":0.050094,"43":1.110417,"44":8.624517,"45":0,"46":0.041745,"47":0,"48":0},"firefox":{"2":0.066792,"3":0.108537,"3.5":1.628055,"3.6":1.611357,"4":1.761639,"5":0.626175,"6":0.025047,"7":7.939899,"8":0.33396,"9":1.444377,"10":0.350658,"11":0.183678,"12":0.542685,"13":0.125235,"14":0.935088,"15":1.385934,"16":0.066792,"17":0.734712,"18":1.936968,"19":1.811733,"20":0.709665,"21":1.661451,"22":1.127115,"23":0.542685,"24":1.360887,"25":0.676269,"26":0.818202,"27":1.75329,"28":0.743061,"29":2.771868,"30":2.028807,"31":0.634524,"32":0.692967,"33":1.744941,"34":1.08537,"35":1.118766,"36":1.277397,"37":1.83678,"38":2.204136,"39":8.374047,"40":3.865587,"41":0.200376,"42":0,"43":0},"opera":{"9":0,"9.5-9.6":0,"10.0-10.1":0,"10.5":0,"10.6":0.008349,"11":0,"11.1":0,"11.5":0.133584,"11.6":0.317262,"12":0,"12.1":0.258819,"15":0,"16":0,"17":0,"18":0,"19":0,"20":0,"21":0,"22":0,"23":0,"24":0,"25":0,"26":0,"27":0.008349,"28":0,"29":0.016698,"30":0.016698,"31":0.200376,"32":0,"33":0},"safari":{"3.1":0,"3.2":0,"4":0.050094,"5":0.066792,"5.1":0,"6":0,"6.1":0.367356,"7":0.016698,"7.1":0,"8":0.025047,"9":0},"android":{"2.1":0,"2.2":0,"2.3":0.076297347948,"3":0,"4":0.243197796584,"4.1":0.853576580168,"4.2-4.3":1.85617141805,"4.4":0.0119214606169,"4.4.3-4.4.4":1.63562439664,"44":null},"ios_saf":{"3.2":0,"4.0-4.1":0,"4.2-4.3":0,"5.0-5.1":0.00935990039239,"6.0-6.1":0.0155998339873,"7.0-7.1":0.257085264111,"8":0.0352556248113,"8.1-8.4":2.76335459251,"9":0.0202797841835},"op_mob":{"10":0,"11":0,"11.1":0,"11.5":0,"12":0.00593206610536,"12.1":0.0118641322107,"0":0.183894049266},"ie":{"5.5":0,"6":1.02083448649,"7":0.0440014864865,"8":2.45528294595,"9":0.563219027027,"10":0.299210108108,"11":1.76005945946},"bb":{"7":0.01444625,"10":null},"ie_mob":{"10":0.0286406525424,"11":0.118298347458},"and_uc":{"0":5.418582},"op_mini":{"5.0-8.0":2.06513275242},"and_chr":{"0":2.094584},"and_ff":{"0":0.401193},"edge":{"12":0,"13":null}},"total":97.9929177635}