{"id":"ET","name":"Ethiopia","month":"2015-08","access_date":"2015-09-03","data":{"chrome":{"4":0.004338,"5":0.00723,"6":0.002892,"7":0.004338,"8":0.005784,"9":0.00723,"10":0.017352,"11":0.024582,"12":0.005784,"13":0.002892,"14":0.004338,"15":0.002892,"16":0.005784,"17":0.001446,"18":0.001446,"19":0.001446,"20":0.001446,"21":0.001446,"22":0.002892,"23":0.005784,"24":0.004338,"25":0.008676,"26":0.011568,"27":0.01446,"28":0.004338,"29":0.00723,"30":0.010122,"31":0.030366,"32":0.00723,"33":0.062178,"34":0.013014,"35":0.01446,"36":0.02892,"37":0.008676,"38":0.01446,"39":0.04338,"40":0.13737,"41":0.054948,"42":0.107004,"43":0.362946,"44":2.874648,"45":0.02892,"46":0.083868,"47":0,"48":0},"firefox":{"2":0.001446,"3":0.013014,"3.5":0.004338,"3.6":0.024582,"4":0.047718,"5":0.027474,"6":0.008676,"7":0.010122,"8":0.020244,"9":0.010122,"10":0.040488,"11":0.05784,"12":0.089652,"13":0.080976,"14":0.049164,"15":0.031812,"16":0.066516,"17":0.040488,"18":0.046272,"19":0.034704,"20":0.078084,"21":0.046272,"22":0.024582,"23":0.034704,"24":0.044826,"25":0.049164,"26":0.053502,"27":0.04338,"28":0.09399,"29":0.208224,"30":0.18798,"31":0.146046,"32":0.143154,"33":0.112788,"34":0.185088,"35":0.17352,"36":0.20967,"37":0.23859,"38":0.443922,"39":2.585448,"40":1.159692,"41":0.206778,"42":0.004338,"43":0.004338},"opera":{"9":0,"9.5-9.6":0.001446,"10.0-10.1":0,"10.5":0,"10.6":0.001446,"11":0.002892,"11.1":0,"11.5":0.005784,"11.6":0.015906,"12":0.008676,"12.1":0.067962,"15":0.002892,"16":0.002892,"17":0.010122,"18":0.002892,"19":0.001446,"20":0.010122,"21":0.005784,"22":0.002892,"23":0.001446,"24":0.004338,"25":0.001446,"26":0.002892,"27":0.004338,"28":0.008676,"29":0.011568,"30":0.10845,"31":0.261726,"32":0,"33":0},"safari":{"3.1":0,"3.2":0,"4":0.001446,"5":0.004338,"5.1":0.011568,"6":0.005784,"6.1":0.008676,"7":0.011568,"7.1":0.01446,"8":0.053502,"9":0},"android":{"2.1":0,"2.2":0,"2.3":0.041301224573,"3":0,"4":0.131647653327,"4.1":0.462057449911,"4.2-4.3":1.00478135407,"4.4":0.00645331633954,"4.4.3-4.4.4":0.885395001784,"44":null},"ios_saf":{"3.2":0,"4.0-4.1":0,"4.2-4.3":0,"5.0-5.1":0.00266966495623,"6.0-6.1":0.00444944159372,"7.0-7.1":0.0733267974645,"8":0.0100557380018,"8.1-8.4":0.788174083912,"9":0.00578427407184},"op_mob":{"10":0,"11":0,"11.1":0,"11.5":0,"12":0.185101786096,"12.1":0.370203572193,"0":5.73815536898},"ie":{"5.5":0,"6":0.089975361587,"7":0.0232194481515,"8":0.416498851217,"9":0.0841704995491,"10":0.175597076646,"11":0.806875823264},"bb":{"7":0.0064155,"10":null},"ie_mob":{"10":0.0333461016949,"11":0.137733898305},"and_uc":{"0":7.279454},"op_mini":{"5.0-8.0":64.4395652727},"and_chr":{"0":2.155504},"and_ff":{"0":0.059878},"edge":{"12":0.037596,"13":null}},"total":97.3429525604}