{"id":"GE","name":"Georgia","month":"2015-08","access_date":"2015-09-03","data":{"chrome":{"4":0.050466,"5":0.033644,"6":0.008411,"7":0.008411,"8":0.033644,"9":0.025233,"10":0.025233,"11":0.042055,"12":0.100932,"13":0.008411,"14":0.016822,"15":0.058877,"16":0.025233,"17":0.033644,"18":0.033644,"19":0.008411,"20":0.008411,"21":0.008411,"22":0.067288,"23":0.016822,"24":0.08411,"25":0.025233,"26":0.033644,"27":0.050466,"28":0.050466,"29":0.033644,"30":0.185042,"31":0.100932,"32":0.033644,"33":0.319618,"34":0.08411,"35":0.058877,"36":1.942941,"37":0.092521,"38":0.151398,"39":0.462605,"40":0.243919,"41":0.656058,"42":0.454194,"43":2.212093,"44":46.798804,"45":0.235508,"46":0.748579,"47":0,"48":0},"firefox":{"2":0,"3":0.008411,"3.5":0.008411,"3.6":0.050466,"4":0.008411,"5":0,"6":0.008411,"7":0.008411,"8":0.008411,"9":0.008411,"10":0.008411,"11":0.016822,"12":0.016822,"13":0.008411,"14":0.008411,"15":0.008411,"16":0.016822,"17":0.008411,"18":0.008411,"19":0.008411,"20":0.016822,"21":0.058877,"22":0.016822,"23":0.008411,"24":0.016822,"25":0.016822,"26":0.008411,"27":0.008411,"28":0.016822,"29":0.033644,"30":0.008411,"31":0.033644,"32":0.016822,"33":0.025233,"34":0.025233,"35":0.067288,"36":0.033644,"37":0.117754,"38":0.277563,"39":2.035462,"40":1.976585,"41":0.042055,"42":0,"43":0},"opera":{"9":0,"9.5-9.6":0.008411,"10.0-10.1":0,"10.5":0,"10.6":0.016822,"11":0.025233,"11.1":0.016822,"11.5":0.025233,"11.6":0.092521,"12":0.109343,"12.1":1.900886,"15":0.100932,"16":0.042055,"17":0.058877,"18":0.109343,"19":0.067288,"20":0.092521,"21":0.025233,"22":0.025233,"23":0.016822,"24":0.025233,"25":0.025233,"26":0.050466,"27":0.058877,"28":0.185042,"29":0.176631,"30":2.195271,"31":9.243689,"32":0.092521,"33":0.008411},"safari":{"3.1":0,"3.2":0,"4":0,"5":0.016822,"5.1":0.058877,"6":0.008411,"6.1":0.025233,"7":0.016822,"7.1":0.075699,"8":0.285974,"9":0.008411},"android":{"2.1":0,"2.2":0,"2.3":0.0377493958705,"3":0,"4":0.120326199337,"4.1":0.422321366301,"4.2-4.3":0.918372021412,"4.4":0.00589834310477,"4.4.3-4.4.4":0.809252673974,"44":null},"ios_saf":{"3.2":0,"4.0-4.1":0,"4.2-4.3":0,"5.0-5.1":0.00967280410504,"6.0-6.1":0.0161213401751,"7.0-7.1":0.265679686085,"8":0.0364342287957,"8.1-8.4":2.85573419861,"9":0.0209577422276},"op_mob":{"10":0,"11":0,"11.1":0,"11.5":0,"12":0.0113978071453,"12.1":0.0227956142906,"0":0.353332021504},"ie":{"5.5":0,"6":0.0341616,"7":0.0256212,"8":1.1017116,"9":0.4099392,"10":0.256212,"11":2.0582364},"bb":{"7":0.0103285,"10":null},"ie_mob":{"10":0.0802175677966,"11":0.331333432203},"and_uc":{"0":0.251062},"op_mini":{"5.0-8.0":3.96792355706},"and_chr":{"0":6.732669},"and_ff":{"0":0.039725},"edge":{"12":0.185042,"13":null}},"total":97.4340795}