{"id":"GF","name":"French Guiana","month":"2015-08","access_date":"2015-09-03","data":{"chrome":{"4":0.007451,"5":0,"6":0,"7":0,"8":0,"9":0,"10":0,"11":0.022353,"12":0.059608,"13":0,"14":0,"15":0,"16":0,"17":0,"18":0.014902,"19":0,"20":0.007451,"21":0.044706,"22":0.029804,"23":0.059608,"24":0.007451,"25":0.007451,"26":0.044706,"27":0,"28":0.022353,"29":0.07451,"30":0.029804,"31":0.350197,"32":0.022353,"33":0.081961,"34":0.059608,"35":0.126667,"36":0.171373,"37":0.067059,"38":0.096863,"39":0.186275,"40":0.111765,"41":0.141569,"42":0.402354,"43":1.154905,"44":26.026343,"45":0.089412,"46":0.059608,"47":0,"48":0},"firefox":{"2":0.007451,"3":0.022353,"3.5":0,"3.6":0.007451,"4":0,"5":0.014902,"6":0.007451,"7":0,"8":0,"9":0,"10":0.029804,"11":0,"12":0.014902,"13":0,"14":0,"15":0,"16":0.014902,"17":0.007451,"18":0,"19":0.007451,"20":0.07451,"21":0,"22":0.007451,"23":0.022353,"24":0.022353,"25":0.029804,"26":0.096863,"27":0.007451,"28":0.007451,"29":0.014902,"30":0.037255,"31":0.067059,"32":0.044706,"33":0.067059,"34":0.134118,"35":0.052157,"36":0.067059,"37":0.178824,"38":1.072944,"39":6.504723,"40":6.087467,"41":0.037255,"42":0.014902,"43":0},"opera":{"9":0,"9.5-9.6":0,"10.0-10.1":0,"10.5":0,"10.6":0,"11":0,"11.1":0,"11.5":0,"11.6":0,"12":0,"12.1":0.052157,"15":0,"16":0,"17":0,"18":0,"19":0,"20":0,"21":0,"22":0,"23":0,"24":0,"25":0,"26":0,"27":0.044706,"28":0,"29":0.007451,"30":0.283138,"31":0.52157,"32":0,"33":0},"safari":{"3.1":0,"3.2":0,"4":0.067059,"5":0.089412,"5.1":0.283138,"6":0.022353,"6.1":0.312942,"7":0.081961,"7.1":0.588629,"8":2.078829,"9":0.052157},"android":{"2.1":0,"2.2":0,"2.3":0.11682076778,"3":0,"4":0.372366197298,"4.1":1.30693233954,"4.2-4.3":2.84203024114,"4.4":0.0182532449656,"4.4.3-4.4.4":2.50434520928,"44":null},"ios_saf":{"3.2":0,"4.0-4.1":0,"4.2-4.3":0,"5.0-5.1":0.0227025505584,"6.0-6.1":0.037837584264,"7.0-7.1":0.623563388671,"8":0.0855129404367,"8.1-8.4":6.70254967653,"9":0.0491888595432},"op_mob":{"10":0,"11":0,"11.1":0,"11.5":0,"12":0.00272823335988,"12.1":0.00545646671976,"0":0.0845752341563},"ie":{"5.5":0,"6":0.0391539674199,"7":0.00783079348397,"8":0.916202837625,"9":0.743925380977,"10":1.00234156595,"11":11.9341292696},"bb":{"7":0.2969585,"10":null},"ie_mob":{"10":0.0735321694915,"11":0.303719830508},"and_uc":{"0":1.14705},"op_mini":{"5.0-8.0":0.949781065764},"and_chr":{"0":15.047561},"and_ff":{"0":0.160587},"edge":{"12":0.871767,"13":null}},"total":97.118159315}