{"id":"GP","name":"Guadeloupe","month":"2015-08","access_date":"2015-09-03","data":{"chrome":{"4":0.01533,"5":0,"6":0,"7":0,"8":0,"9":0,"10":0.007665,"11":0.04599,"12":0.007665,"13":0,"14":0,"15":0,"16":0,"17":0,"18":0.007665,"19":0.007665,"20":0,"21":0.007665,"22":0.64386,"23":0.053655,"24":0.01533,"25":0.007665,"26":0.038325,"27":0,"28":0.04599,"29":0.007665,"30":0.022995,"31":0.07665,"32":0.022995,"33":0.06132,"34":0.13797,"35":0.13797,"36":0.1533,"37":0.06132,"38":0.053655,"39":0.145635,"40":0.084315,"41":0.084315,"42":0.29127,"43":1.25706,"44":28.14588,"45":0.130305,"46":0.099645,"47":0,"48":0},"firefox":{"2":0,"3":0.01533,"3.5":0.007665,"3.6":0.10731,"4":0,"5":0,"6":0.01533,"7":0,"8":0.007665,"9":0,"10":0.007665,"11":0.007665,"12":0.022995,"13":0.06132,"14":0.007665,"15":0.007665,"16":0.03066,"17":0.01533,"18":0,"19":0.007665,"20":0.007665,"21":0,"22":0.007665,"23":0.007665,"24":0.053655,"25":0,"26":0.007665,"27":0.007665,"28":0.007665,"29":0.007665,"30":0.01533,"31":0.053655,"32":0.01533,"33":0.022995,"34":0.038325,"35":0.09198,"36":0.06132,"37":0.390915,"38":0.298935,"39":5.25819,"40":5.19687,"41":0.053655,"42":0.01533,"43":0},"opera":{"9":0,"9.5-9.6":0,"10.0-10.1":0,"10.5":0,"10.6":0,"11":0,"11.1":0,"11.5":0,"11.6":0,"12":0.007665,"12.1":0.053655,"15":0,"16":0,"17":0,"18":0,"19":0,"20":0,"21":0,"22":0,"23":0,"24":0,"25":0,"26":0,"27":0.007665,"28":0.04599,"29":0.01533,"30":0.114975,"31":0.4599,"32":0.01533,"33":0},"safari":{"3.1":0,"3.2":0,"4":0.03066,"5":0.298935,"5.1":0.81249,"6":0.12264,"6.1":0.39858,"7":0.191625,"7.1":1.203405,"8":2.889705,"9":0.03066},"android":{"2.1":0,"2.2":0,"2.3":0.114653887331,"3":0,"4":0.365459265868,"4.1":1.28269036452,"4.2-4.3":2.78931410273,"4.4":0.0179146698955,"4.4.3-4.4.4":2.45789270966,"44":null},"ios_saf":{"3.2":0,"4.0-4.1":0,"4.2-4.3":0,"5.0-5.1":0.0306865529731,"6.0-6.1":0.0511442549552,"7.0-7.1":0.842857321662,"8":0.115586016199,"8.1-8.4":9.05969332277,"9":0.0664875314418},"op_mob":{"10":0,"11":0,"11.1":0,"11.5":0,"12":0.00122820628058,"12.1":0.00245641256116,"0":0.0380743946979},"ie":{"5.5":0,"6":0.00766930376193,"7":0.0306772150477,"8":0.789938287479,"9":0.743922464907,"10":0.958662970241,"11":11.112821151},"bb":{"7":0.021015,"10":null},"ie_mob":{"10":0.0919356779661,"11":0.379734322034},"and_uc":{"0":0.053705},"op_mini":{"5.0-8.0":0.42757598646},"and_chr":{"0":14.71501},"and_ff":{"0":0.161115},"edge":{"12":1.080765,"13":null}},"total":98.3307013925}