{"id":"GY","name":"Guyana","month":"2015-08","access_date":"2015-09-03","data":{"chrome":{"4":0.006688,"5":0.013376,"6":0.006688,"7":0,"8":0,"9":0.026752,"10":0.013376,"11":0.046816,"12":0.006688,"13":0.006688,"14":0,"15":0.006688,"16":0.020064,"17":0,"18":0.03344,"19":0,"20":0.026752,"21":0.006688,"22":0.1672,"23":0,"24":0.006688,"25":0.06688,"26":0.040128,"27":0.013376,"28":0.020064,"29":0.020064,"30":0.03344,"31":0.147136,"32":0.046816,"33":0.153824,"34":0.046816,"35":0.120384,"36":0.220704,"37":0.060192,"38":0.046816,"39":0.327712,"40":0.56848,"41":0.073568,"42":2.220416,"43":1.651936,"44":27.98928,"45":0.193952,"46":0.40128,"47":0.006688,"48":0},"firefox":{"2":0.006688,"3":0.020064,"3.5":0,"3.6":0.020064,"4":0,"5":0,"6":0.006688,"7":0,"8":0.006688,"9":0.006688,"10":0,"11":0.013376,"12":0.040128,"13":0.013376,"14":0.020064,"15":0.03344,"16":0.006688,"17":0,"18":0.013376,"19":0.013376,"20":0,"21":0.046816,"22":0.006688,"23":0.006688,"24":0.013376,"25":0.006688,"26":0.006688,"27":0.006688,"28":0.006688,"29":0.013376,"30":0.026752,"31":0.03344,"32":0.026752,"33":0.026752,"34":0.040128,"35":0.107008,"36":0.080256,"37":0.193952,"38":0.481536,"39":5.510912,"40":3.297184,"41":0.36784,"42":0.006688,"43":0},"opera":{"9":0,"9.5-9.6":0,"10.0-10.1":0,"10.5":0,"10.6":0,"11":0,"11.1":0,"11.5":0,"11.6":0,"12":0.006688,"12.1":0.13376,"15":0,"16":0.006688,"17":0,"18":0,"19":0,"20":0.013376,"21":0,"22":0,"23":0,"24":0,"25":0,"26":0,"27":0.120384,"28":0,"29":0.113696,"30":0.474848,"31":1.123584,"32":0.006688,"33":0},"safari":{"3.1":0,"3.2":0,"4":0.013376,"5":0.013376,"5.1":0.046816,"6":0.013376,"6.1":0.040128,"7":0.026752,"7.1":0.10032,"8":0.387904,"9":0},"android":{"2.1":0,"2.2":0,"2.3":0.157839563599,"3":0,"4":0.503113608973,"4.1":1.76583011777,"4.2-4.3":3.83994063319,"4.4":0.0246624318124,"4.4.3-4.4.4":3.38368564466,"44":null},"ios_saf":{"3.2":0,"4.0-4.1":0,"4.2-4.3":0,"5.0-5.1":0.0170988469665,"6.0-6.1":0.0284980782775,"7.0-7.1":0.469648330013,"8":0.0644056569071,"8.1-8.4":5.04814958608,"9":0.0370475017607},"op_mob":{"10":0,"11":0,"11.1":0,"11.5":0,"12":0.00382223415633,"12.1":0.00764446831266,"0":0.118489258846},"ie":{"5.5":0,"6":0.00670661656228,"7":0.0134132331246,"8":0.643835189979,"9":2.16623714962,"10":0.838327070285,"11":5.95547550731},"bb":{"7":1.12608,"10":null},"ie_mob":{"10":0.116846237288,"11":0.482625762712},"and_uc":{"0":1.52352},"op_mini":{"5.0-8.0":1.33063603868},"and_chr":{"0":16.000832},"and_ff":{"0":0.152352},"edge":{"12":0.956384,"13":null}},"total":94.8230507669}