{"id":"HN","name":"Honduras","month":"2015-08","access_date":"2015-09-03","data":{"chrome":{"4":0.006147,"5":0,"6":0,"7":0.006147,"8":0.006147,"9":0.006147,"10":0.006147,"11":0.055323,"12":0.006147,"13":0,"14":0.006147,"15":0,"16":0.006147,"17":0,"18":0.06147,"19":0,"20":0.006147,"21":0.012294,"22":0.067617,"23":0.012294,"24":0.006147,"25":0.012294,"26":0.024588,"27":0.024588,"28":0.018441,"29":0.024588,"30":0.018441,"31":0.049176,"32":0.030735,"33":0.030735,"34":0.06147,"35":0.110646,"36":0.202851,"37":0.165969,"38":0.147528,"39":0.387261,"40":0.172116,"41":0.18441,"42":0.215145,"43":1.518309,"44":29.634687,"45":0.147528,"46":0.067617,"47":0,"48":0},"firefox":{"2":0.006147,"3":0.012294,"3.5":0.006147,"3.6":0.030735,"4":0.006147,"5":0,"6":0.012294,"7":0,"8":0.006147,"9":0.012294,"10":0.012294,"11":0.018441,"12":0.018441,"13":0.012294,"14":0.006147,"15":0.006147,"16":0.086058,"17":0.006147,"18":0.006147,"19":0.006147,"20":0.012294,"21":0.043029,"22":0.018441,"23":0.018441,"24":0.012294,"25":0.012294,"26":0.012294,"27":0.012294,"28":0.018441,"29":0.024588,"30":0.018441,"31":0.06147,"32":0.043029,"33":0.036882,"34":0.030735,"35":0.092205,"36":0.110646,"37":4.751631,"38":0.688464,"39":4.007844,"40":3.085794,"41":0.073764,"42":0.006147,"43":0.006147},"opera":{"9":0,"9.5-9.6":0,"10.0-10.1":0.006147,"10.5":0,"10.6":0,"11":0.006147,"11.1":0,"11.5":0.006147,"11.6":0.006147,"12":0.012294,"12.1":0.043029,"15":0,"16":0,"17":0,"18":0,"19":0,"20":0.006147,"21":0,"22":0,"23":0,"24":0,"25":0.006147,"26":0.006147,"27":0.036882,"28":0.055323,"29":0.049176,"30":0.36882,"31":0.811404,"32":0.006147,"33":0},"safari":{"3.1":0,"3.2":0,"4":0.024588,"5":0.043029,"5.1":0.073764,"6":0.018441,"6.1":0.043029,"7":0.030735,"7.1":0.202851,"8":0.885168,"9":0.067617},"android":{"2.1":0,"2.2":0,"2.3":0.281841578384,"3":0,"4":0.898370031099,"4.1":3.15310265817,"4.2-4.3":6.85667714912,"4.4":0.0440377466225,"4.4.3-4.4.4":6.0419788366,"44":null},"ios_saf":{"3.2":0,"4.0-4.1":0,"4.2-4.3":0,"5.0-5.1":0.0178522487172,"6.0-6.1":0.029753747862,"7.0-7.1":0.490341764765,"8":0.067243470168,"8.1-8.4":5.27057889627,"9":0.0386798722205},"op_mob":{"10":0,"11":0,"11.1":0,"11.5":0,"12":0.00583802491751,"12.1":0.011676049835,"0":0.180978772443},"ie":{"5.5":0,"6":0.0439653823834,"7":0.0314038445596,"8":1.19962686218,"9":0.445934592746,"10":0.904430723316,"11":3.39789598135},"bb":{"7":0.3178725,"10":null},"ie_mob":{"10":0.113402279661,"11":0.468400720339},"and_uc":{"0":0.978662},"op_mini":{"5.0-8.0":2.0323941528},"and_chr":{"0":14.263677},"and_ff":{"0":0.111737},"edge":{"12":0.411849,"13":null}},"total":97.9131968865}