{"id":"HT","name":"Haiti","month":"2015-08","access_date":"2015-09-03","data":{"chrome":{"4":0.002917,"5":0.002917,"6":0,"7":0.002917,"8":0.002917,"9":0,"10":0.014585,"11":0.08751,"12":0.093344,"13":0.005834,"14":0.005834,"15":0.005834,"16":0.002917,"17":0.005834,"18":0.017502,"19":0.002917,"20":0.002917,"21":0.002917,"22":0.002917,"23":0,"24":0.008751,"25":0.005834,"26":0.017502,"27":0.055423,"28":0.017502,"29":0.023336,"30":0.011668,"31":0.032087,"32":0.026253,"33":0.043755,"34":0.032087,"35":0.055423,"36":0.081676,"37":0.035004,"38":0.052506,"39":0.102095,"40":0.049589,"41":0.163352,"42":0.306285,"43":0.393795,"44":8.812257,"45":0.046672,"46":0.081676,"47":0,"48":0},"firefox":{"2":0.023336,"3":0.014585,"3.5":0.002917,"3.6":0.040838,"4":0.005834,"5":0.002917,"6":0.008751,"7":0.005834,"8":0.005834,"9":0.020419,"10":0.035004,"11":0.011668,"12":0.011668,"13":0.014585,"14":0.008751,"15":0.017502,"16":0.014585,"17":0.005834,"18":0.008751,"19":0.017502,"20":0.052506,"21":0.090427,"22":0.023336,"23":0.026253,"24":0.017502,"25":0.023336,"26":0.017502,"27":0.011668,"28":0.02917,"29":0.037921,"30":0.05834,"31":0.032087,"32":0.017502,"33":0.049589,"34":0.026253,"35":0.052506,"36":0.020419,"37":0.151684,"38":0.673827,"39":1.95439,"40":1.335986,"41":0.032087,"42":0.002917,"43":0},"opera":{"9":0,"9.5-9.6":0,"10.0-10.1":0.040838,"10.5":0,"10.6":0,"11":0.198356,"11.1":0.002917,"11.5":0.005834,"11.6":0.061257,"12":0.107929,"12.1":0.128348,"15":0.002917,"16":0,"17":0.002917,"18":0.005834,"19":0,"20":0.011668,"21":0,"22":0.002917,"23":0,"24":0,"25":0.020419,"26":0.008751,"27":0.099178,"28":0.119597,"29":0.049589,"30":0.317953,"31":0.507558,"32":0,"33":0},"safari":{"3.1":0,"3.2":0,"4":0.011668,"5":0.070008,"5.1":0.093344,"6":0.049589,"6.1":0.075842,"7":0.037921,"7.1":0.169186,"8":0.627155,"9":0.011668},"android":{"2.1":0,"2.2":0,"2.3":0.25830964466,"3":0,"4":0.823361992353,"4.1":2.88983914963,"4.2-4.3":6.28418932399,"4.4":0.0403608819781,"4.4.3-4.4.4":5.53751300739,"44":null},"ios_saf":{"3.2":0,"4.0-4.1":0,"4.2-4.3":0,"5.0-5.1":0.013399172955,"6.0-6.1":0.022331954925,"7.0-7.1":0.368030617165,"8":0.0504702181306,"8.1-8.4":3.95588249542,"9":0.0290315414026},"op_mob":{"10":0,"11":0,"11.1":0,"11.5":0,"12":0.0890818812152,"12.1":0.17816376243,"0":2.76153831767},"ie":{"5.5":0,"6":0.0175255241935,"7":0.0204464448925,"8":0.59878874328,"9":0.683495443548,"10":1.0895034207,"11":4.10097266129},"bb":{"7":0.1381185,"10":null},"ie_mob":{"10":0.269214025424,"11":1.11197097458},"and_uc":{"0":5.390163},"op_mini":{"5.0-8.0":31.0121140387},"and_chr":{"0":10.84217},"and_ff":{"0":0.169992},"edge":{"12":0.172103,"13":null}},"total":97.4906207379}