{"id":"IL","name":"Israel","month":"2015-08","access_date":"2015-09-03","data":{"chrome":{"4":0,"5":0,"6":0,"7":0,"8":0,"9":0,"10":0,"11":0.03631,"12":0.007262,"13":0.007262,"14":0.007262,"15":0,"16":0,"17":0.007262,"18":0.014524,"19":0,"20":0,"21":0.014524,"22":0.043572,"23":0.007262,"24":0.007262,"25":0.007262,"26":0.03631,"27":0.007262,"28":0.007262,"29":0.007262,"30":0.014524,"31":0.116192,"32":0.029048,"33":0.03631,"34":0.021786,"35":0.152502,"36":0.079882,"37":0.079882,"38":0.188812,"39":0.384886,"40":0.188812,"41":0.101668,"42":0.232384,"43":1.568592,"44":39.839332,"45":0.18155,"46":0.159764,"47":0.007262,"48":0},"firefox":{"2":0,"3":0.029048,"3.5":0,"3.6":0.021786,"4":0,"5":0,"6":0.007262,"7":0.03631,"8":0,"9":0.007262,"10":0.007262,"11":0.014524,"12":0.007262,"13":0,"14":0,"15":0,"16":0.014524,"17":0,"18":0,"19":0.079882,"20":0.007262,"21":0.007262,"22":0,"23":0.007262,"24":0.021786,"25":0.021786,"26":0.03631,"27":0.014524,"28":0.007262,"29":0.014524,"30":0.014524,"31":0.021786,"32":0.014524,"33":0.021786,"34":0.079882,"35":0.043572,"36":0.03631,"37":0.07262,"38":0.167026,"39":2.643368,"40":2.185862,"41":0.03631,"42":0.007262,"43":0},"opera":{"9":0,"9.5-9.6":0,"10.0-10.1":0,"10.5":0,"10.6":0,"11":0.007262,"11.1":0,"11.5":0,"11.6":0.007262,"12":0.007262,"12.1":0.065358,"15":0,"16":0,"17":0,"18":0,"19":0,"20":0,"21":0,"22":0,"23":0,"24":0,"25":0,"26":0,"27":0,"28":0.007262,"29":0.007262,"30":0.087144,"31":0.25417,"32":0,"33":0},"safari":{"3.1":0,"3.2":0,"4":0.014524,"5":0.03631,"5.1":0.087144,"6":0.021786,"6.1":0.065358,"7":0.050834,"7.1":0.159764,"8":0.624532,"9":0.014524},"android":{"2.1":0,"2.2":0,"2.3":0.0458800550599,"3":0,"4":0.146242675503,"4.1":0.513283115983,"4.2-4.3":1.1161757145,"4.4":0.00716875860311,"4.4.3-4.4.4":0.983553680347,"44":null},"ios_saf":{"3.2":0,"4.0-4.1":0,"4.2-4.3":0,"5.0-5.1":0.0237112707516,"6.0-6.1":0.039518784586,"7.0-7.1":0.651269569977,"8":0.0893124531643,"8.1-8.4":7.00035750156,"9":0.0513744199618},"op_mob":{"10":0,"11":0,"11.1":0,"11.5":0,"12":0.00856228581181,"12.1":0.0171245716236,"0":0.265430860166},"ie":{"5.5":0,"6":0.021813449811,"7":0.050898049559,"8":2.0431931323,"9":1.51967033683,"10":1.27972238891,"11":12.3245991432},"bb":{"7":1.6051525,"10":null},"ie_mob":{"10":0.0213471186441,"11":0.0881728813559},"and_uc":{"0":0.312132},"op_mini":{"5.0-8.0":2.9807922824},"and_chr":{"0":9.775408},"and_ff":{"0":0.052022},"edge":{"12":0.660842,"13":null}},"total":94.5214690006}