{"id":"IM","name":"Isle of Man","month":"2015-08","access_date":"2015-09-03","data":{"chrome":{"4":0,"5":0,"6":0,"7":0,"8":0,"9":0,"10":0,"11":0.04923,"12":0,"13":0,"14":0,"15":0,"16":0,"17":0,"18":0,"19":0,"20":0,"21":0.008205,"22":0.01641,"23":0,"24":0,"25":0,"26":0.008205,"27":0,"28":0,"29":0.008205,"30":0.008205,"31":0.057435,"32":0.008205,"33":0.03282,"34":0.008205,"35":0.01641,"36":0.06564,"37":0.008205,"38":0.024615,"39":0.06564,"40":0.057435,"41":0.04923,"42":0.205125,"43":0.763065,"44":24.63141,"45":0.03282,"46":0.073845,"47":0,"48":0},"firefox":{"2":0,"3":0,"3.5":0,"3.6":0.008205,"4":0,"5":0.008205,"6":0,"7":0,"8":0.008205,"9":0,"10":0.024615,"11":0.01641,"12":0.008205,"13":0,"14":0,"15":0.008205,"16":0.008205,"17":0,"18":0,"19":0,"20":0,"21":0,"22":0.106665,"23":0,"24":0.01641,"25":0,"26":0,"27":0,"28":0,"29":0.008205,"30":0.008205,"31":0.19692,"32":0.01641,"33":0.024615,"34":0.139485,"35":0.03282,"36":0.01641,"37":0.024615,"38":0.123075,"39":4.537365,"40":3.06867,"41":0.057435,"42":0,"43":0},"opera":{"9":0,"9.5-9.6":0,"10.0-10.1":0.008205,"10.5":0,"10.6":0,"11":0.008205,"11.1":0,"11.5":0,"11.6":0,"12":0,"12.1":0.04923,"15":0,"16":0,"17":0,"18":0,"19":0,"20":0.008205,"21":0,"22":0,"23":0,"24":0,"25":0,"26":0,"27":0,"28":0,"29":0,"30":0.041025,"31":0.18051,"32":0,"33":0},"safari":{"3.1":0,"3.2":0,"4":0.27897,"5":0.08205,"5.1":0.533325,"6":0.3282,"6.1":0.155895,"7":0.155895,"7.1":0.894345,"8":2.371245,"9":0.03282},"android":{"2.1":0,"2.2":0,"2.3":0.0394396125414,"3":0,"4":0.125713764976,"4.1":0.441230665307,"4.2-4.3":0.959491823859,"4.4":0.0061624394596,"4.4.3-4.4.4":0.845486693857,"44":null},"ios_saf":{"3.2":0,"4.0-4.1":0,"4.2-4.3":0,"5.0-5.1":0.0778122245699,"6.0-6.1":0.12968704095,"7.0-7.1":2.13724243485,"8":0.293092712547,"8.1-8.4":22.9727624338,"9":0.168593153235},"op_mob":{"10":0,"11":0,"11.1":0,"11.5":0,"12":0.000112736375014,"12.1":0.000225472750028,"0":0.00349482762544},"ie":{"5.5":0,"6":0,"7":0.0246345589988,"8":1.89686104291,"9":1.57661177592,"10":1.13318971395,"11":16.0288863886},"bb":{"7":0.0188475,"10":null},"ie_mob":{"10":0.173886822034,"11":0.718228177966},"and_uc":{"0":0.01436},"op_mini":{"5.0-8.0":0.0392469632495},"and_chr":{"0":6.309845},"and_ff":{"0":0.098725},"edge":{"12":2.21535,"13":null}},"total":98.2434709803}