{"id":"IN","name":"India","month":"2015-08","access_date":"2015-09-03","data":{"chrome":{"4":0.01622,"5":0.019464,"6":0.025952,"7":0.019464,"8":0.022708,"9":0.012976,"10":0.029196,"11":0.035684,"12":0.038928,"13":0.012976,"14":0.019464,"15":0.012976,"16":0.01622,"17":0.012976,"18":0.029196,"19":0.009732,"20":0.009732,"21":0.009732,"22":0.022708,"23":0.01622,"24":0.01622,"25":0.019464,"26":0.022708,"27":0.025952,"28":0.045416,"29":0.022708,"30":0.035684,"31":0.168688,"32":0.019464,"33":0.152468,"34":0.035684,"35":0.061636,"36":0.055148,"37":0.055148,"38":0.100564,"39":0.149224,"40":0.142736,"41":0.149224,"42":0.152468,"43":0.872636,"44":17.17698,"45":0.201128,"46":0.379548,"47":0,"48":0},"firefox":{"2":0.003244,"3":0.029196,"3.5":0.012976,"3.6":0.04866,"4":0.022708,"5":0.012976,"6":0.019464,"7":0.009732,"8":0.012976,"9":0.019464,"10":0.029196,"11":0.04866,"12":0.077856,"13":0.035684,"14":0.042172,"15":0.042172,"16":0.042172,"17":0.035684,"18":0.03244,"19":0.03244,"20":0.038928,"21":0.035684,"22":0.022708,"23":0.029196,"24":0.029196,"25":0.025952,"26":0.029196,"27":0.029196,"28":0.042172,"29":0.071368,"30":0.058392,"31":0.100564,"32":0.04866,"33":0.074612,"34":0.058392,"35":0.094076,"36":0.077856,"37":0.136248,"38":0.37306,"39":2.41678,"40":2.102112,"41":0.386036,"42":0.006488,"43":0.003244},"opera":{"9":0,"9.5-9.6":0.003244,"10.0-10.1":0.006488,"10.5":0,"10.6":0.003244,"11":0.029196,"11.1":0.003244,"11.5":0.003244,"11.6":0.006488,"12":0.019464,"12.1":0.042172,"15":0.003244,"16":0.003244,"17":0.003244,"18":0.003244,"19":0.003244,"20":0.003244,"21":0.003244,"22":0.003244,"23":0,"24":0.003244,"25":0.003244,"26":0.009732,"27":0.006488,"28":0.01622,"29":0.019464,"30":0.158956,"31":0.334132,"32":0.003244,"33":0},"safari":{"3.1":0,"3.2":0,"4":0,"5":0.006488,"5.1":0.019464,"6":0.003244,"6.1":0.006488,"7":0.012976,"7.1":0.025952,"8":0.12976,"9":0.003244},"android":{"2.1":0,"2.2":0,"2.3":0.0844810440989,"3":0,"4":0.269283328065,"4.1":0.945131680856,"4.2-4.3":2.05526540097,"4.4":0.0132001631405,"4.4.3-4.4.4":1.81106238287,"44":null},"ios_saf":{"3.2":0,"4.0-4.1":0,"4.2-4.3":0,"5.0-5.1":0.00411717476607,"6.0-6.1":0.00686195794346,"7.0-7.1":0.113085066908,"8":0.0155080249522,"8.1-8.4":1.2155272301,"9":0.00892054532649},"op_mob":{"10":0,"11":0,"11.1":0,"11.5":0,"12":0.0396204924337,"12.1":0.0792409848674,"0":1.22823526545},"ie":{"5.5":0,"6":0.0325343023256,"7":0.0227740116279,"8":0.670206627907,"9":0.289555290698,"10":0.279795,"11":0.933734476744},"bb":{"7":0.037158,"10":null},"ie_mob":{"10":0.179091254237,"11":0.739724745763},"and_uc":{"0":33.1044},"op_mini":{"5.0-8.0":13.7930992573},"and_chr":{"0":9.80404},"and_ff":{"0":0.094584},"edge":{"12":0.107052,"13":null}},"total":96.2357737093}