{"id":"IQ","name":"Iraq","month":"2015-08","access_date":"2015-09-03","data":{"chrome":{"4":0.01823,"5":0.043752,"6":0.043752,"7":0,"8":0.021876,"9":0.003646,"10":0.029168,"11":0.05469,"12":0.021876,"13":0.083858,"14":0.047398,"15":0.032814,"16":0.014584,"17":0.010938,"18":0.014584,"19":0.010938,"20":0.007292,"21":0.007292,"22":0.01823,"23":0.01823,"24":0.014584,"25":0.032814,"26":0.032814,"27":0.021876,"28":0.01823,"29":0.021876,"30":0.047398,"31":0.051044,"32":0.014584,"33":0.251574,"34":0.040106,"35":0.065628,"36":0.058336,"37":0.025522,"38":0.160424,"39":0.10938,"40":0.969836,"41":0.069274,"42":0.594298,"43":1.305268,"44":16.111674,"45":0.120318,"46":0.207822,"47":0.003646,"48":0},"firefox":{"2":0.003646,"3":0.003646,"3.5":0.007292,"3.6":0.03646,"4":0.007292,"5":0.01823,"6":0.051044,"7":0.003646,"8":0.007292,"9":0.010938,"10":0.01823,"11":0.032814,"12":0.076566,"13":0.032814,"14":0.014584,"15":0.051044,"16":0.021876,"17":0.010938,"18":0.01823,"19":0.014584,"20":0.021876,"21":0.010938,"22":0.010938,"23":0.025522,"24":0.014584,"25":0.01823,"26":0.025522,"27":0.029168,"28":0.014584,"29":0.05469,"30":0.051044,"31":0.043752,"32":0.043752,"33":0.087504,"34":0.061982,"35":0.080212,"36":0.065628,"37":0.116672,"38":0.627112,"39":2.183954,"40":1.505798,"41":0.185946,"42":0.010938,"43":0.007292},"opera":{"9":0,"9.5-9.6":0,"10.0-10.1":0,"10.5":0,"10.6":0,"11":0,"11.1":0,"11.5":0.007292,"11.6":0.007292,"12":0.007292,"12.1":0.051044,"15":0.003646,"16":0,"17":0.003646,"18":0.007292,"19":0.003646,"20":0,"21":0.003646,"22":0,"23":0,"24":0.003646,"25":0,"26":0.003646,"27":0,"28":0.010938,"29":0.007292,"30":0.116672,"31":0.306264,"32":0.010938,"33":0},"safari":{"3.1":0,"3.2":0,"4":0.003646,"5":0.007292,"5.1":0.021876,"6":0.003646,"6.1":0.003646,"7":0.007292,"7.1":0.021876,"8":0.102088,"9":0.003646},"android":{"2.1":0,"2.2":0,"2.3":0.251554161611,"3":0,"4":0.801828890135,"4.1":2.81426218302,"4.2-4.3":6.11984108794,"4.4":0.0393053377517,"4.4.3-4.4.4":5.39269233954,"44":null},"ios_saf":{"3.2":0,"4.0-4.1":0,"4.2-4.3":0,"5.0-5.1":0.0490824992454,"6.0-6.1":0.081804165409,"7.0-7.1":1.34813264594,"8":0.184877413824,"8.1-8.4":14.4907898605,"9":0.106345415032},"op_mob":{"10":0,"11":0,"11.1":0,"11.5":0,"12":0.00518788303561,"12.1":0.0103757660712,"0":0.160824374104},"ie":{"5.5":0,"6":0.00739398601399,"7":0.00739398601399,"8":0.728307622378,"9":0.255092517483,"10":0.225516573427,"11":1.41594832168},"bb":{"7":0.0111195,"10":null},"ie_mob":{"10":0.0507781525424,"11":0.209735847458},"and_uc":{"0":0.527382},"op_mini":{"5.0-8.0":1.80605997679},"and_chr":{"0":33.943286},"and_ff":{"0":0.28593},"edge":{"12":0.087504,"13":null}},"total":98.737830507}