{"id":"IT","name":"Italy","month":"2015-08","access_date":"2015-09-03","data":{"chrome":{"4":0,"5":0,"6":0,"7":0,"8":0,"9":0,"10":0,"11":0.065421,"12":0.007269,"13":0,"14":0,"15":0,"16":0,"17":0.007269,"18":0.007269,"19":0,"20":0,"21":0.014538,"22":0.094497,"23":0.007269,"24":0.007269,"25":0.036345,"26":0.050883,"27":0.029076,"28":0.014538,"29":0.014538,"30":0.021807,"31":0.14538,"32":0.050883,"33":0.079959,"34":0.101766,"35":0.159918,"36":0.21807,"37":0.094497,"38":0.159918,"39":0.254415,"40":0.138111,"41":0.159918,"42":0.174456,"43":1.119426,"44":30.188157,"45":0.109035,"46":0.094497,"47":0.007269,"48":0},"firefox":{"2":0.007269,"3":0.007269,"3.5":0.007269,"3.6":0.050883,"4":0.007269,"5":0.007269,"6":0.007269,"7":0.007269,"8":0.007269,"9":0.007269,"10":0.007269,"11":0.021807,"12":0.029076,"13":0.007269,"14":0.014538,"15":0.007269,"16":0.043614,"17":0.014538,"18":0.007269,"19":0.014538,"20":0.029076,"21":0.050883,"22":0.014538,"23":0.014538,"24":0.021807,"25":0.014538,"26":0.021807,"27":0.014538,"28":0.029076,"29":0.029076,"30":0.036345,"31":0.07269,"32":0.029076,"33":0.050883,"34":0.087228,"35":0.094497,"36":0.079959,"37":0.174456,"38":0.465216,"39":6.069615,"40":5.059224,"41":0.050883,"42":0.007269,"43":0},"opera":{"9":0,"9.5-9.6":0,"10.0-10.1":0.007269,"10.5":0,"10.6":0,"11":0.050883,"11.1":0,"11.5":0,"11.6":0.007269,"12":0.029076,"12.1":0.109035,"15":0,"16":0,"17":0,"18":0,"19":0,"20":0,"21":0,"22":0.007269,"23":0,"24":0.007269,"25":0.007269,"26":0.007269,"27":0,"28":0.050883,"29":0.014538,"30":0.152649,"31":0.443409,"32":0.007269,"33":0},"safari":{"3.1":0,"3.2":0,"4":0.050883,"5":0.152649,"5.1":0.465216,"6":0.036345,"6.1":0.225339,"7":0.123573,"7.1":0.537906,"8":2.304273,"9":0.043614},"android":{"2.1":0,"2.2":0,"2.3":0.106992159062,"3":0,"4":0.34103750701,"4.1":1.19697477951,"4.2-4.3":2.60291861968,"4.4":0.0167175248534,"4.4.3-4.4.4":2.29364440989,"44":null},"ios_saf":{"3.2":0,"4.0-4.1":0,"4.2-4.3":0,"5.0-5.1":0.0370210051313,"6.0-6.1":0.0617016752188,"7.0-7.1":1.01684360761,"8":0.139445785995,"8.1-8.4":10.9298347483,"9":0.0802121777845},"op_mob":{"10":0,"11":0,"11.1":0,"11.5":0,"12":0.000786145181477,"12.1":0.00157229036295,"0":0.0243705006258},"ie":{"5.5":0,"6":0.0365006055046,"7":0.0730012110092,"8":1.51112506789,"9":1.13881889174,"10":0.934415500917,"11":8.19803599633},"bb":{"7":0.024579,"10":null},"ie_mob":{"10":0.401896737288,"11":1.66000826271},"and_uc":{"0":0.229404},"op_mini":{"5.0-8.0":0.27368106383},"and_chr":{"0":13.169503},"and_ff":{"0":0.147474},"edge":{"12":0.705093,"13":null}},"total":98.6291352734}