{"id":"JM","name":"Jamaica","month":"2015-08","access_date":"2015-09-03","data":{"chrome":{"4":0,"5":0,"6":0.013338,"7":0,"8":0,"9":0,"10":0.006669,"11":0.060021,"12":0.013338,"13":0,"14":0.006669,"15":0,"16":0.013338,"17":0.006669,"18":0.033345,"19":0,"20":0.020007,"21":0.013338,"22":0.126711,"23":0.006669,"24":0.006669,"25":0.020007,"26":0.040014,"27":0.020007,"28":0.013338,"29":0.006669,"30":0.013338,"31":0.120042,"32":0.033345,"33":0.120042,"34":0.073359,"35":0.080028,"36":0.13338,"37":0.100035,"38":0.086697,"39":0.360126,"40":0.146718,"41":0.120042,"42":1.520532,"43":1.580553,"44":30.203901,"45":0.293436,"46":0.726921,"47":0,"48":0},"firefox":{"2":0,"3":0.013338,"3.5":0.006669,"3.6":0.026676,"4":0.026676,"5":0.006669,"6":0.013338,"7":0.013338,"8":0.006669,"9":0.006669,"10":0.013338,"11":0.046683,"12":0.020007,"13":0.013338,"14":0.006669,"15":0.013338,"16":0.020007,"17":0.026676,"18":0.060021,"19":0.006669,"20":0.020007,"21":0.026676,"22":0.006669,"23":0.006669,"24":0.026676,"25":0.006669,"26":0.006669,"27":0.013338,"28":0.020007,"29":0.033345,"30":0.020007,"31":0.020007,"32":0.013338,"33":0.040014,"34":0.153387,"35":0.040014,"36":0.053352,"37":0.126711,"38":0.406809,"39":4.754997,"40":3.441204,"41":0.306774,"42":0.013338,"43":0},"opera":{"9":0,"9.5-9.6":0,"10.0-10.1":0,"10.5":0,"10.6":0,"11":0,"11.1":0,"11.5":0.006669,"11.6":0,"12":0.006669,"12.1":0.113373,"15":0,"16":0,"17":0,"18":0,"19":0,"20":0.006669,"21":0,"22":0,"23":0,"24":0,"25":0,"26":0,"27":0.073359,"28":0.013338,"29":0.040014,"30":0.33345,"31":0.746928,"32":0.006669,"33":0},"safari":{"3.1":0,"3.2":0,"4":0.026676,"5":0.046683,"5.1":0.140049,"6":0.026676,"6.1":0.06669,"7":0.080028,"7.1":0.186732,"8":0.793611,"9":0.026676},"android":{"2.1":0,"2.2":0,"2.3":0.190716296712,"3":0,"4":0.607908195769,"4.1":2.13363856946,"4.2-4.3":4.63976990594,"4.4":0.0297994213612,"4.4.3-4.4.4":4.08848061076,"44":null},"ios_saf":{"3.2":0,"4.0-4.1":0,"4.2-4.3":0,"5.0-5.1":0.0180565046785,"6.0-6.1":0.0300941744642,"7.0-7.1":0.495951995171,"8":0.0680128342892,"8.1-8.4":5.33088206459,"9":0.0391224268035},"op_mob":{"10":0,"11":0,"11.1":0,"11.5":0,"12":0.00477687154398,"12.1":0.00955374308795,"0":0.148083017863},"ie":{"5.5":0,"6":0.0134016354962,"7":0.0268032709924,"8":0.549467055344,"9":0.542766237595,"10":0.656680139313,"11":5.01221167557},"bb":{"7":0.25565425,"10":null},"ie_mob":{"10":0.159718627119,"11":0.659707372881},"and_uc":{"0":1.512274},"op_mini":{"5.0-8.0":1.6629743675},"and_chr":{"0":18.178045},"and_ff":{"0":0.173212},"edge":{"12":0.880308,"13":null}},"total":96.9018052643}