{"id":"JO","name":"Jordan","month":"2015-08","access_date":"2015-09-03","data":{"chrome":{"4":0.014706,"5":0.014706,"6":0.02451,"7":0.014706,"8":0.034314,"9":0.019608,"10":0.029412,"11":0.063726,"12":0.019608,"13":0.02451,"14":0.039216,"15":0.02451,"16":0.019608,"17":0.014706,"18":0.034314,"19":0.019608,"20":0.019608,"21":0.009804,"22":0.034314,"23":0.019608,"24":0.014706,"25":0.02451,"26":0.02451,"27":0.04902,"28":0.02451,"29":0.034314,"30":0.04902,"31":0.07353,"32":0.034314,"33":0.14706,"34":0.034314,"35":0.137256,"36":0.093138,"37":0.068628,"38":0.166668,"39":0.200982,"40":0.382356,"41":0.19608,"42":0.446082,"43":1.671582,"44":26.108052,"45":0.117648,"46":0.12255,"47":0.004902,"48":0},"firefox":{"2":0.004902,"3":0.009804,"3.5":0.004902,"3.6":0.039216,"4":0.019608,"5":0.004902,"6":0.02451,"7":0.004902,"8":0.009804,"9":0.009804,"10":0.02451,"11":0.04902,"12":0.044118,"13":0.014706,"14":0.014706,"15":0.014706,"16":0.02451,"17":0.009804,"18":0.009804,"19":0.014706,"20":0.034314,"21":0.034314,"22":0.009804,"23":0.019608,"24":0.019608,"25":0.019608,"26":0.014706,"27":0.019608,"28":0.014706,"29":0.034314,"30":0.029412,"31":0.053922,"32":0.029412,"33":0.053922,"34":0.053922,"35":0.058824,"36":0.161766,"37":0.14706,"38":0.39216,"39":2.701002,"40":1.970604,"41":0.132354,"42":0.009804,"43":0.004902},"opera":{"9":0,"9.5-9.6":0,"10.0-10.1":0.004902,"10.5":0,"10.6":0,"11":0.004902,"11.1":0,"11.5":0.004902,"11.6":0.009804,"12":0.014706,"12.1":0.083334,"15":0.004902,"16":0,"17":0.004902,"18":0.004902,"19":0,"20":0.004902,"21":0,"22":0,"23":0,"24":0,"25":0.004902,"26":0.004902,"27":0.004902,"28":0.044118,"29":0.02451,"30":0.186276,"31":0.544122,"32":0.004902,"33":0},"safari":{"3.1":0,"3.2":0,"4":0.019608,"5":0.019608,"5.1":0.058824,"6":0.019608,"6.1":0.034314,"7":0.04902,"7.1":0.132354,"8":0.593142,"9":0.009804},"android":{"2.1":0,"2.2":0,"2.3":0.210430564364,"3":0,"4":0.67074742391,"4.1":2.35419193882,"4.2-4.3":5.11938107367,"4.4":0.0328797756819,"4.4.3-4.4.4":4.51110522355,"44":null},"ios_saf":{"3.2":0,"4.0-4.1":0,"4.2-4.3":0,"5.0-5.1":0.0252610564443,"6.0-6.1":0.0421017607405,"7.0-7.1":0.693837017004,"8":0.0951499792736,"8.1-8.4":7.45790589758,"9":0.0547322889627},"op_mob":{"10":0,"11":0,"11.1":0,"11.5":0,"12":0.0122070098987,"12.1":0.0244140197975,"0":0.378417306861},"ie":{"5.5":0,"6":0.0444551002865,"7":0.0296367335244,"8":1.41268429799,"9":0.563097936963,"10":0.419853724928,"11":2.69200329513},"bb":{"7":0.0242155,"10":null},"ie_mob":{"10":0.32890740678,"11":1.35853059322},"and_uc":{"0":1.677242},"op_mini":{"5.0-8.0":4.24963166344},"and_chr":{"0":24.723356},"and_ff":{"0":0.168234},"edge":{"12":0.333336,"13":null}},"total":98.6984545888}