{"id":"KG","name":"Kyrgyzstan","month":"2015-08","access_date":"2015-09-03","data":{"chrome":{"4":0.025905,"5":0.005181,"6":0.056991,"7":0.005181,"8":0.082896,"9":0.010362,"10":0.031086,"11":0.046629,"12":0.062172,"13":0.062172,"14":0.005181,"15":0.025905,"16":0.020724,"17":0.082896,"18":0.020724,"19":0.010362,"20":0.010362,"21":0.015543,"22":0.05181,"23":0.015543,"24":0.020724,"25":0.010362,"26":0.015543,"27":0.025905,"28":0.046629,"29":0.020724,"30":0.010362,"31":0.264231,"32":0.010362,"33":0.05181,"34":0.010362,"35":0.015543,"36":0.077715,"37":0.036267,"38":0.056991,"39":0.383394,"40":0.067353,"41":0.15543,"42":0.134706,"43":1.714911,"44":23.609817,"45":0.20724,"46":0.683892,"47":0.005181,"48":0},"firefox":{"2":0,"3":0.020724,"3.5":0.025905,"3.6":0.088077,"4":0.005181,"5":0,"6":0.010362,"7":0.010362,"8":0,"9":0.010362,"10":0.010362,"11":0.020724,"12":0.010362,"13":0.010362,"14":0.005181,"15":0.005181,"16":0.005181,"17":0.005181,"18":0.005181,"19":0.005181,"20":0.010362,"21":0.005181,"22":0.010362,"23":0.005181,"24":0.010362,"25":0.010362,"26":0.031086,"27":0.005181,"28":0.005181,"29":0.010362,"30":0.015543,"31":0.072534,"32":0.010362,"33":0.031086,"34":0.056991,"35":0.072534,"36":0.025905,"37":0.139887,"38":0.253869,"39":1.632015,"40":1.725273,"41":0.025905,"42":0.010362,"43":0},"opera":{"9":0,"9.5-9.6":0,"10.0-10.1":0.005181,"10.5":0.005181,"10.6":0.010362,"11":0.005181,"11.1":0.010362,"11.5":0.015543,"11.6":0.10362,"12":0.067353,"12.1":1.65792,"15":0.005181,"16":0.031086,"17":0.005181,"18":0.025905,"19":0.046629,"20":0.025905,"21":0.05181,"22":0.025905,"23":0.005181,"24":0.036267,"25":0.088077,"26":0.077715,"27":0.020724,"28":0.036267,"29":0.10362,"30":1.181268,"31":2.476518,"32":0.025905,"33":0},"safari":{"3.1":0,"3.2":0,"4":0.015543,"5":0.020724,"5.1":0.041448,"6":0.005181,"6.1":0.098439,"7":0.020724,"7.1":0.139887,"8":0.347127,"9":0.010362},"android":{"2.1":0,"2.2":0,"2.3":0.0884888666837,"3":0,"4":0.282058262554,"4.1":0.989969196023,"4.2-4.3":2.15276820979,"4.4":0.0138263854193,"4.4.3-4.4.4":1.89698007953,"44":null},"ios_saf":{"3.2":0,"4.0-4.1":0,"4.2-4.3":0,"5.0-5.1":0.0160287865982,"6.0-6.1":0.0267146443304,"7.0-7.1":0.440257338565,"8":0.0603750961867,"8.1-8.4":4.73223209669,"9":0.0347290376295},"op_mob":{"10":0,"11":0,"11.1":0,"11.5":0,"12":0.0683005110934,"12.1":0.136601022187,"0":2.1173158439},"ie":{"5.5":0,"6":0.021216022792,"7":0.031824034188,"8":1.25704935043,"9":1.16688125356,"10":0.583440626781,"11":2.49288267806},"bb":{"7":0.009638,"10":null},"ie_mob":{"10":0.0911117711864,"11":0.376331228814},"and_uc":{"0":2.375767},"op_mini":{"5.0-8.0":23.7774866228},"and_chr":{"0":10.296508},"and_ff":{"0":0.043371},"edge":{"12":0.160611,"13":null}},"total":95.3028799658}