{"id":"KI","name":"Kiribati","month":"2015-08","access_date":"2015-09-03","data":{"chrome":{"4":0,"5":0,"6":0.016646,"7":0,"8":0,"9":0,"10":0,"11":0.049938,"12":0.033292,"13":0.016646,"14":0,"15":0,"16":0,"17":0.033292,"18":0,"19":0.066584,"20":0,"21":0,"22":0.016646,"23":0,"24":0.108199,"25":1.106959,"26":0.24969,"27":0.158137,"28":0,"29":0.016646,"30":0.158137,"31":0.399504,"32":0.24969,"33":0.033292,"34":0.066584,"35":0.049938,"36":0.108199,"37":0.24969,"38":0.141491,"39":0.208075,"40":0.823977,"41":0.174783,"42":0.557641,"43":3.786965,"44":18.052587,"45":0.174783,"46":0.124845,"47":0,"48":0},"firefox":{"2":0.091553,"3":0.066584,"3.5":0,"3.6":0.266336,"4":0.108199,"5":0,"6":0.016646,"7":0,"8":0.191429,"9":0,"10":2.122365,"11":0.016646,"12":0.016646,"13":0.898884,"14":0.016646,"15":0.016646,"16":0,"17":0.016646,"18":0,"19":0.141491,"20":0.349566,"21":0,"22":0.033292,"23":0.266336,"24":0,"25":0.174783,"26":0.266336,"27":0.091553,"28":0.016646,"29":0.33292,"30":0.158137,"31":0.049938,"32":0.857269,"33":0.174783,"34":0.266336,"35":0.399504,"36":0.016646,"37":1.315034,"38":1.506463,"39":4.319637,"40":6.283865,"41":1.772799,"42":0,"43":0},"opera":{"9":0,"9.5-9.6":0,"10.0-10.1":0,"10.5":0,"10.6":0.016646,"11":0,"11.1":0,"11.5":0,"11.6":0.016646,"12":0.016646,"12.1":0.457765,"15":0,"16":0,"17":0,"18":0.016646,"19":0,"20":0,"21":0,"22":0,"23":0,"24":0,"25":0,"26":0,"27":0,"28":0,"29":0,"30":0.91553,"31":1.564724,"32":0,"33":0},"safari":{"3.1":0,"3.2":0,"4":0,"5":0.066584,"5.1":0.898884,"6":0,"6.1":0.965468,"7":0.016646,"7.1":0.282982,"8":0.108199,"9":0},"android":{"2.1":0,"2.2":0,"2.3":0.116272452715,"3":0,"4":0.370618443028,"4.1":1.30079806475,"4.2-4.3":2.8286907637,"4.4":0.0181675707367,"4.4.3-4.4.4":2.49259070507,"44":null},"ios_saf":{"3.2":0,"4.0-4.1":0,"4.2-4.3":0,"5.0-5.1":0.0122031180199,"6.0-6.1":0.0203385300332,"7.0-7.1":0.335178974947,"8":0.045965077875,"8.1-8.4":3.60276721008,"9":0.0264400890432},"op_mob":{"10":0,"11":0,"11.1":0,"11.5":0,"12":0.000996201729435,"12.1":0.00199240345887,"0":0.0308822536125},"ie":{"5.5":0,"6":0.066584,"7":0.049938,"8":1.506463,"9":0.615902,"10":2.488577,"11":16.845752},"bb":{"7":0,"10":null},"ie_mob":{"10":0.190566889831,"11":0.787124110169},"and_uc":{"0":0.996138},"op_mini":{"5.0-8.0":0.346808141199},"and_chr":{"0":8.009202},"and_ff":{"0":0.199563},"edge":{"12":0.033292,"13":null}},"total":98.554594}