{"id":"KM","name":"Comoros","month":"2015-08","access_date":"2015-09-03","data":{"chrome":{"4":0.010028,"5":0.005014,"6":0,"7":0,"8":0,"9":0.030084,"10":0.521456,"11":0.035098,"12":0.010028,"13":0.015042,"14":0.005014,"15":0,"16":0.005014,"17":0,"18":0.020056,"19":0,"20":0,"21":0.005014,"22":0.030084,"23":0.05014,"24":0,"25":0.065182,"26":0,"27":0.010028,"28":0.095266,"29":0.07521,"30":0.040112,"31":0.030084,"32":0.035098,"33":0.972716,"34":0.055154,"35":0.095266,"36":0.140392,"37":0.05014,"38":0.040112,"39":0.120336,"40":0.361008,"41":0.085238,"42":1.52927,"43":1.474116,"44":18.02533,"45":0.07521,"46":0.105294,"47":0,"48":0},"firefox":{"2":0.020056,"3":0.065182,"3.5":0.030084,"3.6":0.195546,"4":0.020056,"5":0.005014,"6":0.020056,"7":0.005014,"8":0,"9":0,"10":0.135378,"11":0.070196,"12":0.220616,"13":0.070196,"14":0.155434,"15":0.060168,"16":0.060168,"17":0,"18":0,"19":0.065182,"20":0.446246,"21":0.07521,"22":0.095266,"23":0.060168,"24":0.15042,"25":0.015042,"26":0.015042,"27":0.05014,"28":0.040112,"29":0.060168,"30":0.240672,"31":0.611708,"32":0.180504,"33":0.060168,"34":0.035098,"35":0.080224,"36":0.080224,"37":0.42619,"38":0.371036,"39":4.11148,"40":3.078596,"41":0.120336,"42":0,"43":0},"opera":{"9":0,"9.5-9.6":0,"10.0-10.1":0,"10.5":0,"10.6":0.040112,"11":0.005014,"11.1":0.010028,"11.5":0.005014,"11.6":0.02507,"12":0.005014,"12.1":0.120336,"15":0.010028,"16":0.471316,"17":0.005014,"18":0.020056,"19":0.005014,"20":0,"21":0,"22":0.005014,"23":0,"24":0,"25":0,"26":0.005014,"27":0.005014,"28":0.020056,"29":0.095266,"30":0.421176,"31":2.622322,"32":0.015042,"33":0},"safari":{"3.1":0,"3.2":0,"4":0,"5":0.015042,"5.1":0.090252,"6":0.02507,"6.1":0.020056,"7":0.015042,"7.1":0.07521,"8":0.511428,"9":0},"android":{"2.1":0,"2.2":0,"2.3":0.109143802192,"3":0,"4":0.347895869488,"4.1":1.22104628703,"4.2-4.3":2.65526406271,"4.4":0.0170537190925,"4.4.3-4.4.4":2.3397702595,"44":null},"ios_saf":{"3.2":0,"4.0-4.1":0,"4.2-4.3":0,"5.0-5.1":0.0062877693933,"6.0-6.1":0.0104796156555,"7.0-7.1":0.172704066003,"8":0.0236839313814,"8.1-8.4":1.85635911722,"9":0.0136235003521},"op_mob":{"10":0,"11":0,"11.1":0,"11.5":0,"12":0.0862205283878,"12.1":0.172441056776,"0":2.67283638002},"ie":{"5.5":0,"6":0,"7":0.055154,"8":0.666862,"9":0.160448,"10":1.644592,"11":2.712574},"bb":{"7":0.112185,"10":null},"ie_mob":{"10":0.138002338983,"11":0.570009661017},"and_uc":{"0":1.555632},"op_mini":{"5.0-8.0":30.0159900348},"and_chr":{"0":7.111994},"and_ff":{"0":0.094734},"edge":{"12":0.155434,"13":null}},"total":97.186471}