{"id":"KN","name":"Saint Kitts and Nevis","month":"2015-08","access_date":"2015-09-03","data":{"chrome":{"4":0,"5":0,"6":0,"7":0,"8":0,"9":0,"10":0.008008,"11":0.072072,"12":0,"13":0,"14":0.008008,"15":0,"16":0,"17":0,"18":0,"19":0,"20":0.016016,"21":0.008008,"22":0.2002,"23":0,"24":0.008008,"25":0,"26":0.024024,"27":0.04004,"28":0.008008,"29":0.008008,"30":0.008008,"31":0.088088,"32":0.032032,"33":0.056056,"34":0.216216,"35":0.056056,"36":0.184184,"37":0.024024,"38":0.632632,"39":0.24024,"40":0.072072,"41":0.024024,"42":0.68068,"43":1.513512,"44":36.332296,"45":0.056056,"46":0.968968,"47":0,"48":0},"firefox":{"2":0,"3":0.008008,"3.5":0,"3.6":0.008008,"4":0,"5":0,"6":0.008008,"7":0,"8":0,"9":0,"10":0.008008,"11":0.008008,"12":0,"13":0,"14":0,"15":0,"16":0.008008,"17":0.008008,"18":0.008008,"19":0,"20":0.008008,"21":0.04004,"22":0,"23":0.008008,"24":0,"25":0,"26":0,"27":0,"28":0,"29":0,"30":0,"31":0.04004,"32":0,"33":0.008008,"34":0.12012,"35":0.032032,"36":0.024024,"37":0.104104,"38":0.24024,"39":5.101096,"40":2.650648,"41":0.176176,"42":0,"43":0},"opera":{"9":0,"9.5-9.6":0,"10.0-10.1":0,"10.5":0,"10.6":0,"11":0,"11.1":0.008008,"11.5":0.016016,"11.6":0.008008,"12":0.008008,"12.1":0.056056,"15":0,"16":0,"17":0,"18":0,"19":0,"20":0.008008,"21":0.024024,"22":0,"23":0,"24":0,"25":0,"26":0,"27":0.016016,"28":0,"29":0.024024,"30":0.184184,"31":0.728728,"32":0.008008,"33":0},"safari":{"3.1":0,"3.2":0,"4":0.008008,"5":0.056056,"5.1":0.112112,"6":0.016016,"6.1":0.168168,"7":0.112112,"7.1":0.376376,"8":2.72272,"9":0.024024},"android":{"2.1":0,"2.2":0,"2.3":0.117675427989,"3":0,"4":0.375090426714,"4.1":1.31649385062,"4.2-4.3":2.86282252154,"4.4":0.0183867856232,"4.4.3-4.4.4":2.52266698751,"44":null},"ios_saf":{"3.2":0,"4.0-4.1":0,"4.2-4.3":0,"5.0-5.1":0.0292736492605,"6.0-6.1":0.0487894154341,"7.0-7.1":0.804049566355,"8":0.110264078881,"8.1-8.4":8.64255705001,"9":0.0634262400644},"op_mob":{"10":0,"11":0,"11.1":0,"11.5":0,"12":0.00032841142337,"12.1":0.00065682284674,"0":0.0101807541245},"ie":{"5.5":0,"6":0,"7":0.00809084137931,"8":0.412632910345,"9":0.396451227586,"10":1.07608190345,"11":9.70900965517},"bb":{"7":0.117528,"10":null},"ie_mob":{"10":0.0896906440678,"11":0.370461355932},"and_uc":{"0":0.22908},"op_mini":{"5.0-8.0":0.114330011605},"and_chr":{"0":11.462272},"and_ff":{"0":0.071712},"edge":{"12":1.537536,"13":null}},"total":97.4043705379}