{"id":"KR","name":"South Korea","month":"2015-08","access_date":"2015-09-03","data":{"chrome":{"4":0,"5":0,"6":0,"7":0,"8":0,"9":0,"10":0,"11":0.022062,"12":0,"13":0,"14":0.007354,"15":0,"16":0,"17":0.007354,"18":0.095602,"19":0.029416,"20":0.007354,"21":0,"22":0.029416,"23":0.007354,"24":0.007354,"25":0.007354,"26":0.022062,"27":0.088248,"28":0.014708,"29":0.029416,"30":0.044124,"31":0.29416,"32":0.022062,"33":0.03677,"34":0.058832,"35":0.044124,"36":0.03677,"37":0.03677,"38":0.07354,"39":0.088248,"40":0.066186,"41":0.088248,"42":0.411824,"43":0.875126,"44":16.392066,"45":0.029416,"46":0.058832,"47":0.007354,"48":0},"firefox":{"2":0,"3":0,"3.5":0,"3.6":0.007354,"4":0,"5":0,"6":0,"7":0,"8":0,"9":0,"10":0.007354,"11":0,"12":0,"13":0,"14":0,"15":0,"16":0,"17":0,"18":0,"19":0,"20":0,"21":0.007354,"22":0,"23":0,"24":0,"25":0,"26":0,"27":0,"28":0,"29":0,"30":0,"31":0.007354,"32":0,"33":0.007354,"34":0.007354,"35":0.007354,"36":0.007354,"37":0.014708,"38":0.088248,"39":0.485364,"40":0.470656,"41":0.022062,"42":0,"43":0},"opera":{"9":0,"9.5-9.6":0,"10.0-10.1":0,"10.5":0,"10.6":0,"11":0.007354,"11.1":0,"11.5":0,"11.6":0,"12":0.007354,"12.1":0.014708,"15":0,"16":0,"17":0,"18":0,"19":0,"20":0,"21":0,"22":0,"23":0,"24":0,"25":0,"26":0,"27":0,"28":0.007354,"29":0,"30":0.044124,"31":0.095602,"32":0,"33":0},"safari":{"3.1":0,"3.2":0,"4":0.014708,"5":0.007354,"5.1":0.029416,"6":0.022062,"6.1":0.022062,"7":0.03677,"7.1":0.07354,"8":0.455948,"9":0.007354},"android":{"2.1":0,"2.2":0,"2.3":0.0613801274535,"3":0,"4":0.195649156258,"4.1":0.686690175886,"4.2-4.3":1.4932634132,"4.4":0.00959064491461,"4.4.3-4.4.4":1.31583648228,"44":null},"ios_saf":{"3.2":0,"4.0-4.1":0,"4.2-4.3":0,"5.0-5.1":0.0185098400241,"6.0-6.1":0.0308497333736,"7.0-7.1":0.508403605997,"8":0.0697203974243,"8.1-8.4":5.4647217698,"9":0.0401046533857},"op_mob":{"10":0,"11":0,"11.1":0,"11.5":0,"12":0.000221578791671,"12.1":0.000443157583343,"0":0.00686894254181},"ie":{"5.5":0,"6":0.0736485461255,"7":0.117837673801,"8":8.49904222288,"9":11.4670786317,"10":10.6422149151,"11":19.045514028},"bb":{"7":0.002646,"10":null},"ie_mob":{"10":0.00154723728814,"11":0.00639076271186},"and_uc":{"0":0.124362},"op_mini":{"5.0-8.0":0.0771383210832},"and_chr":{"0":17.727262},"and_ff":{"0":0.037044},"edge":{"12":0.279452,"13":null}},"total":99.0285180177}