{"id":"KW","name":"Kuwait","month":"2015-08","access_date":"2015-09-03","data":{"chrome":{"4":0,"5":0.010425,"6":0.003475,"7":0.003475,"8":0.003475,"9":0.003475,"10":0.010425,"11":0.017375,"12":0.00695,"13":0.0139,"14":0.00695,"15":0.010425,"16":0.010425,"17":0.003475,"18":0.003475,"19":0.003475,"20":0.003475,"21":0.003475,"22":0.02085,"23":0.003475,"24":0.00695,"25":0.003475,"26":0.017375,"27":0.010425,"28":0.010425,"29":0.010425,"30":0.010425,"31":0.059075,"32":0.0139,"33":0.07645,"34":0.038225,"35":0.0278,"36":0.0695,"37":0.0278,"38":0.03475,"39":0.079925,"40":0.156375,"41":0.072975,"42":0.163325,"43":0.6672,"44":12.715025,"45":0.079925,"46":0.149425,"47":0,"48":0},"firefox":{"2":0,"3":0.003475,"3.5":0.003475,"3.6":0.0278,"4":0.003475,"5":0.003475,"6":0.024325,"7":0,"8":0.003475,"9":0.003475,"10":0.00695,"11":0.0139,"12":0.010425,"13":0.00695,"14":0.010425,"15":0.003475,"16":0.00695,"17":0.003475,"18":0.003475,"19":0.003475,"20":0.00695,"21":0.010425,"22":0.003475,"23":0.003475,"24":0.010425,"25":0.003475,"26":0.003475,"27":0.003475,"28":0.045175,"29":0.00695,"30":0.010425,"31":0.02085,"32":0.02085,"33":0.010425,"34":0.02085,"35":0.0278,"36":0.09035,"37":0.114675,"38":0.198075,"39":1.73055,"40":1.06335,"41":0.072975,"42":0,"43":0},"opera":{"9":0,"9.5-9.6":0,"10.0-10.1":0,"10.5":0,"10.6":0,"11":0.00695,"11.1":0,"11.5":0,"11.6":0,"12":0.003475,"12.1":0.038225,"15":0,"16":0,"17":0,"18":0,"19":0,"20":0,"21":0,"22":0,"23":0,"24":0,"25":0,"26":0,"27":0.003475,"28":0.00695,"29":0.02085,"30":0.18765,"31":0.288425,"32":0.0139,"33":0},"safari":{"3.1":0,"3.2":0,"4":0.003475,"5":0.024325,"5.1":0.1529,"6":0.024325,"6.1":0.0417,"7":0.07645,"7.1":0.15985,"8":0.844425,"9":0.003475},"android":{"2.1":0,"2.2":0,"2.3":0.134070864135,"3":0,"4":0.427350879429,"4.1":1.49991779251,"4.2-4.3":3.26169274152,"4.4":0.020948572521,"4.4.3-4.4.4":2.87414414989,"44":null},"ios_saf":{"3.2":0,"4.0-4.1":0,"4.2-4.3":0,"5.0-5.1":0.0604712496227,"6.0-6.1":0.100785416038,"7.0-7.1":1.6609436563,"8":0.227775040245,"8.1-8.4":17.8531285969,"9":0.131021040849},"op_mob":{"10":0,"11":0,"11.1":0,"11.5":0,"12":0.0247421407441,"12.1":0.0494842814882,"0":0.767006363067},"ie":{"5.5":0,"6":0.0104474193548,"7":0.0348247311828,"8":1.18752333333,"9":0.842758494624,"10":0.644257526882,"11":3.73669365591},"bb":{"7":0.02446875,"10":null},"ie_mob":{"10":0.0826684322034,"11":0.341456567797},"and_uc":{"0":13.187025},"op_mini":{"5.0-8.0":8.6134922147},"and_chr":{"0":19.83935},"and_ff":{"0":0.1305},"edge":{"12":0.295375,"13":null}},"total":98.2297489113}