{"id":"KZ","name":"Kazakhstan","month":"2015-08","access_date":"2015-09-03","data":{"chrome":{"4":0.03232,"5":0.012928,"6":0.012928,"7":0.006464,"8":0.019392,"9":0.012928,"10":0.019392,"11":0.071104,"12":0.058176,"13":0.051712,"14":0.019392,"15":0.03232,"16":0.025856,"17":0.09696,"18":0.03232,"19":0.012928,"20":0.012928,"21":0.012928,"22":0.122816,"23":0.019392,"24":0.038784,"25":0.025856,"26":0.090496,"27":0.051712,"28":0.168064,"29":0.03232,"30":0.012928,"31":0.174528,"32":0.025856,"33":0.077568,"34":0.03232,"35":0.038784,"36":0.135744,"37":0.038784,"38":0.077568,"39":0.12928,"40":0.084032,"41":0.19392,"42":0.206848,"43":1.189376,"44":25.325952,"45":0.200384,"46":0.917888,"47":0.012928,"48":0},"firefox":{"2":0.006464,"3":0.019392,"3.5":0.025856,"3.6":0.103424,"4":0.012928,"5":0.006464,"6":0.012928,"7":0.006464,"8":0.006464,"9":0.019392,"10":0.012928,"11":0.012928,"12":0.03232,"13":0.012928,"14":0.012928,"15":0.025856,"16":0.012928,"17":0.019392,"18":0.012928,"19":0.006464,"20":0.012928,"21":0.025856,"22":0.012928,"23":0.012928,"24":0.03232,"25":0.019392,"26":0.012928,"27":0.012928,"28":0.025856,"29":0.019392,"30":0.019392,"31":0.06464,"32":0.025856,"33":0.051712,"34":0.058176,"35":0.103424,"36":0.058176,"37":0.077568,"38":0.303808,"39":3.516416,"40":2.921728,"41":0.03232,"42":0,"43":0},"opera":{"9":0,"9.5-9.6":0.006464,"10.0-10.1":0.012928,"10.5":0.006464,"10.6":0.012928,"11":0.019392,"11.1":0.012928,"11.5":0.025856,"11.6":0.06464,"12":0.103424,"12.1":1.603072,"15":0.019392,"16":0.019392,"17":0.006464,"18":0.051712,"19":0.012928,"20":0.051712,"21":0.038784,"22":0.038784,"23":0.006464,"24":0.025856,"25":0.019392,"26":0.058176,"27":0.038784,"28":0.084032,"29":0.071104,"30":1.03424,"31":3.471168,"32":0.019392,"33":0},"safari":{"3.1":0,"3.2":0,"4":0.019392,"5":0.03232,"5.1":0.051712,"6":0.019392,"6.1":0.084032,"7":0.077568,"7.1":0.116352,"8":0.607616,"9":0.012928},"android":{"2.1":0,"2.2":0,"2.3":0.105457382615,"3":0,"4":0.336145407086,"4.1":1.17980446801,"4.2-4.3":2.56558038644,"4.4":0.0164777160336,"4.4.3-4.4.4":2.26074263982,"44":null},"ios_saf":{"3.2":0,"4.0-4.1":0,"4.2-4.3":0,"5.0-5.1":0.0273924539692,"6.0-6.1":0.0456540899487,"7.0-7.1":0.752379402354,"8":0.103178243284,"8.1-8.4":8.08716549351,"9":0.0593503169333},"op_mob":{"10":0,"11":0,"11.1":0,"11.5":0,"12":0.0116870251451,"12.1":0.0233740502901,"0":0.362297779497},"ie":{"5.5":0,"6":0.0462404785643,"7":0.0330289132602,"8":1.36079122632,"9":0.693607178465,"10":0.779482352941,"11":3.58033419741},"bb":{"7":0.00442,"10":null},"ie_mob":{"10":0.0765034576271,"11":0.315992542373},"and_uc":{"0":2.567136},"op_mini":{"5.0-8.0":4.06860914507},"and_chr":{"0":16.338736},"and_ff":{"0":0.102544},"edge":{"12":0.213312,"13":null}},"total":91.843760347}