{"id":"LA","name":"Lao","month":"2015-08","access_date":"2015-09-03","data":{"chrome":{"4":0.009069,"5":0.006046,"6":0.003023,"7":0.003023,"8":0.009069,"9":0.024184,"10":0.009069,"11":0.081621,"12":0.036276,"13":0.021161,"14":0.009069,"15":0.027207,"16":0.012092,"17":0.009069,"18":0.015115,"19":0.006046,"20":0.039299,"21":0.003023,"22":0.006046,"23":0.006046,"24":0.003023,"25":0.006046,"26":0.009069,"27":0.024184,"28":0.015115,"29":0.006046,"30":0.021161,"31":0.172311,"32":0.012092,"33":0.160219,"34":0.015115,"35":0.018138,"36":0.09069,"37":0.012092,"38":0.051391,"39":0.084644,"40":1.426856,"41":0.048368,"42":0.202541,"43":1.641489,"44":9.123414,"45":0.072552,"46":0.166265,"47":0,"48":0},"firefox":{"2":0,"3":0.018138,"3.5":0.03023,"3.6":0.069529,"4":0.024184,"5":0.015115,"6":0.021161,"7":0.012092,"8":0.012092,"9":0.021161,"10":0.024184,"11":0.024184,"12":0.066506,"13":0.024184,"14":0.03023,"15":0.021161,"16":0.039299,"17":0.009069,"18":0.018138,"19":0.033253,"20":0.027207,"21":0.033253,"22":0.021161,"23":0.015115,"24":0.024184,"25":0.018138,"26":0.048368,"27":0.015115,"28":0.03023,"29":0.042322,"30":0.069529,"31":0.045345,"32":0.03023,"33":0.048368,"34":0.063483,"35":0.256955,"36":0.057437,"37":0.087667,"38":0.683198,"39":2.551412,"40":2.007272,"41":0.344622,"42":0.003023,"43":0.006046},"opera":{"9":0,"9.5-9.6":0,"10.0-10.1":0,"10.5":0,"10.6":0,"11":0.006046,"11.1":0,"11.5":0,"11.6":0.003023,"12":0.003023,"12.1":0.012092,"15":0,"16":0.003023,"17":0,"18":0.003023,"19":0.003023,"20":0,"21":0,"22":0,"23":0,"24":0,"25":0.003023,"26":0.003023,"27":0.003023,"28":0.006046,"29":0.027207,"30":0.341599,"31":0.145104,"32":0.003023,"33":0},"safari":{"3.1":0,"3.2":0,"4":0.003023,"5":0.021161,"5.1":0.048368,"6":0.024184,"6.1":0.027207,"7":0.036276,"7.1":0.12092,"8":0.450427,"9":0},"android":{"2.1":0,"2.2":0,"2.3":0.27183473872,"3":0,"4":0.866473229671,"4.1":3.04115113943,"4.2-4.3":6.61322950293,"4.4":0.0424741779251,"4.4.3-4.4.4":5.82745721132,"44":null},"ios_saf":{"3.2":0,"4.0-4.1":0,"4.2-4.3":0,"5.0-5.1":0.0576852369454,"6.0-6.1":0.0961420615756,"7.0-7.1":1.58442117477,"8":0.217281059161,"8.1-8.4":17.0306047875,"9":0.124984680048},"op_mob":{"10":0,"11":0,"11.1":0,"11.5":0,"12":0.0235712892252,"12.1":0.0471425784503,"0":0.73070996598},"ie":{"5.5":0,"6":0.018281952381,"7":0.0304699206349,"8":0.880580706349,"9":0.414390920635,"10":0.31384018254,"11":1.40466334127},"bb":{"7":0.00174425,"10":null},"ie_mob":{"10":0.703080567797,"11":2.9040284322},"and_uc":{"0":1.479124},"op_mini":{"5.0-8.0":8.20588316634},"and_chr":{"0":23.047407},"and_ff":{"0":0.383735},"edge":{"12":0.111851,"13":null}},"total":98.5330742738}