{"id":"LB","name":"Lebanon","month":"2015-08","access_date":"2015-09-03","data":{"chrome":{"4":0.02289,"5":0.02289,"6":0.018312,"7":0.009156,"8":0.036624,"9":0.027468,"10":0.02289,"11":0.064092,"12":0.02289,"13":0.018312,"14":0.032046,"15":0.032046,"16":0.009156,"17":0.009156,"18":0.013734,"19":0.009156,"20":0.009156,"21":0.004578,"22":0.02289,"23":0.009156,"24":0.004578,"25":0.018312,"26":0.02289,"27":0.013734,"28":0.018312,"29":0.013734,"30":0.032046,"31":0.054936,"32":0.013734,"33":0.11445,"34":0.041202,"35":0.054936,"36":0.096138,"37":0.036624,"38":0.073248,"39":0.128184,"40":0.119028,"41":0.059514,"42":0.233478,"43":0.988848,"44":19.149774,"45":0.13734,"46":0.128184,"47":0,"48":0},"firefox":{"2":0,"3":0.013734,"3.5":0.004578,"3.6":0.032046,"4":0.009156,"5":0.004578,"6":0.013734,"7":0.004578,"8":0.009156,"9":0.018312,"10":0.018312,"11":0.013734,"12":0.036624,"13":0.009156,"14":0.009156,"15":0.018312,"16":0.032046,"17":0.009156,"18":0.009156,"19":0.018312,"20":0.009156,"21":0.013734,"22":0.009156,"23":0.013734,"24":0.009156,"25":0.009156,"26":0.050358,"27":0.018312,"28":0.009156,"29":0.041202,"30":0.02289,"31":0.041202,"32":0.02289,"33":0.036624,"34":0.04578,"35":0.09156,"36":0.073248,"37":0.123606,"38":0.52647,"39":4.25754,"40":2.160816,"41":0.119028,"42":0.004578,"43":0.004578},"opera":{"9":0,"9.5-9.6":0,"10.0-10.1":0,"10.5":0,"10.6":0,"11":0,"11.1":0,"11.5":0.004578,"11.6":0.004578,"12":0.004578,"12.1":0.086982,"15":0,"16":0,"17":0,"18":0,"19":0,"20":0,"21":0,"22":0,"23":0,"24":0,"25":0,"26":0,"27":0,"28":0.018312,"29":0.004578,"30":0.09156,"31":0.260946,"32":0.004578,"33":0},"safari":{"3.1":0.004578,"3.2":0,"4":0.009156,"5":0.054936,"5.1":0.219744,"6":0.073248,"6.1":0.146496,"7":0.210588,"7.1":0.34335,"8":1.222326,"9":0.009156},"android":{"2.1":0,"2.2":0,"2.3":0.240977831252,"3":0,"4":0.768116837114,"4.1":2.69593948713,"4.2-4.3":5.86253880092,"4.4":0.0376527861331,"4.4.3-4.4.4":5.16596225746,"44":null},"ios_saf":{"3.2":0,"4.0-4.1":0,"4.2-4.3":0,"5.0-5.1":0.0514309930577,"6.0-6.1":0.0857183217628,"7.0-7.1":1.41263794265,"8":0.193723407184,"8.1-8.4":15.1841435171,"9":0.111433818292},"op_mob":{"10":0,"11":0,"11.1":0,"11.5":0,"12":0.00757685789054,"12.1":0.0151537157811,"0":0.234882594607},"ie":{"5.5":0,"6":0.0229207042254,"7":0.0366731267606,"8":1.24688630986,"9":0.94891715493,"10":0.614274873239,"11":3.94694526761},"bb":{"7":0.0935295,"10":null},"ie_mob":{"10":0.0443868813559,"11":0.183337118644},"and_uc":{"0":2.157956},"op_mini":{"5.0-8.0":2.63773483172},"and_chr":{"0":21.68718},"and_ff":{"0":0.16266},"edge":{"12":0.224322,"13":null}},"total":98.8174689366}