{"id":"LI","name":"Liechtenstein","month":"2015-08","access_date":"2015-09-03","data":{"chrome":{"4":0,"5":0,"6":0,"7":0,"8":0,"9":0,"10":0.015728,"11":0.07864,"12":0.007864,"13":0,"14":0,"15":0,"16":0,"17":0,"18":0,"19":0,"20":0,"21":0,"22":0.055048,"23":0,"24":0,"25":0,"26":0.031456,"27":0.015728,"28":0,"29":0.007864,"30":0.007864,"31":0.023592,"32":0,"33":0.031456,"34":0.007864,"35":0.023592,"36":0.047184,"37":0.03932,"38":0.015728,"39":0.07864,"40":0.023592,"41":0.023592,"42":0.125824,"43":0.692032,"44":13.793456,"45":0.055048,"46":0.070776,"47":0,"48":0},"firefox":{"2":0,"3":0,"3.5":0,"3.6":0.007864,"4":0,"5":0,"6":0,"7":0,"8":0,"9":0.007864,"10":0.007864,"11":0.007864,"12":0.07864,"13":0,"14":0,"15":0.007864,"16":0.007864,"17":0.031456,"18":0,"19":0,"20":0,"21":0.047184,"22":0,"23":0.015728,"24":0.047184,"25":0.03932,"26":0.031456,"27":0.007864,"28":0.047184,"29":0.007864,"30":0.055048,"31":0.47184,"32":0.023592,"33":0.07864,"34":0.094368,"35":0.102232,"36":0.1966,"37":0.173008,"38":0.43252,"39":7.54944,"40":7.061872,"41":0.015728,"42":0.007864,"43":0},"opera":{"9":0,"9.5-9.6":0,"10.0-10.1":0,"10.5":0,"10.6":0,"11":0.007864,"11.1":0,"11.5":0,"11.6":0,"12":0,"12.1":0.055048,"15":0,"16":0,"17":0,"18":0,"19":0,"20":0.007864,"21":0,"22":0,"23":0.015728,"24":0,"25":0.023592,"26":0,"27":0,"28":0.015728,"29":0,"30":0.133688,"31":0.1966,"32":0.023592,"33":0.015728},"safari":{"3.1":0,"3.2":0,"4":0.031456,"5":0.27524,"5.1":0.975136,"6":0.070776,"6.1":0.385336,"7":0.243784,"7.1":1.517752,"8":4.734128,"9":0.031456},"android":{"2.1":0,"2.2":0,"2.3":0.0524416946215,"3":0,"4":0.167157901606,"4.1":0.586691458578,"4.2-4.3":1.27580810196,"4.4":0.0081940147846,"4.4.3-4.4.4":1.12421882845,"44":null},"ios_saf":{"3.2":0,"4.0-4.1":0,"4.2-4.3":0,"5.0-5.1":0.0589336552973,"6.0-6.1":0.0982227588289,"7.0-7.1":1.6187110655,"8":0.221983434953,"8.1-8.4":17.3991794989,"9":0.127689586478},"op_mob":{"10":0,"11":0,"11.1":0,"11.5":0,"12":3.91280009102e-5,"12.1":7.82560018205e-5,"0":0.00121296802822},"ie":{"5.5":0,"6":0.0236569917355,"7":0.0551996473829,"8":0.51256815427,"9":1.45884782369,"10":2.98866662259,"11":20.7156390964},"bb":{"7":0.030972,"10":null},"ie_mob":{"10":0.0507933559322,"11":0.209798644068},"and_uc":{"0":0.014952},"op_mini":{"5.0-8.0":0.0136216479691},"and_chr":{"0":7.199928},"and_ff":{"0":0.111072},"edge":{"12":0.794264,"13":null}},"total":97.6167423361}