{"id":"LK","name":"Sri Lanka","month":"2015-08","access_date":"2015-09-03","data":{"chrome":{"4":0.01328,"5":0.03984,"6":0.0332,"7":0.03652,"8":0.00996,"9":0.02324,"10":0.02656,"11":0.08964,"12":0.0498,"13":0.02324,"14":0.01992,"15":0.00996,"16":0.02324,"17":0.00996,"18":0.0166,"19":0.00996,"20":0.01328,"21":0.00664,"22":0.02324,"23":0.01328,"24":0.00664,"25":0.01992,"26":0.02324,"27":0.02988,"28":0.02988,"29":0.02324,"30":0.0332,"31":0.05644,"32":0.0166,"33":0.08964,"34":0.02988,"35":0.05976,"36":0.07968,"37":0.04316,"38":0.05644,"39":0.15936,"40":0.10292,"41":0.09628,"42":0.40836,"43":0.90304,"44":15.05288,"45":0.08964,"46":0.1162,"47":0,"48":0},"firefox":{"2":0.00664,"3":0.02988,"3.5":0.0166,"3.6":0.083,"4":0.02988,"5":0.02324,"6":0.0332,"7":0.01328,"8":0.02324,"9":0.02656,"10":0.03652,"11":0.03984,"12":0.10292,"13":0.06308,"14":0.05644,"15":0.04648,"16":0.0664,"17":0.03652,"18":0.0498,"19":0.04316,"20":0.04316,"21":0.03652,"22":0.02324,"23":0.02656,"24":0.02656,"25":0.0332,"26":0.02988,"27":0.02988,"28":0.04648,"29":0.05644,"30":0.08964,"31":0.07968,"32":0.05976,"33":0.0996,"34":0.07636,"35":0.11288,"36":0.0996,"37":0.20916,"38":0.46148,"39":3.50924,"40":2.02852,"41":0.12616,"42":0.00996,"43":0.00332},"opera":{"9":0,"9.5-9.6":0.00332,"10.0-10.1":0,"10.5":0.00332,"10.6":0.00332,"11":0.00664,"11.1":0.00332,"11.5":0.00996,"11.6":0.0166,"12":0.00996,"12.1":0.07304,"15":0.01992,"16":0.01328,"17":0.00664,"18":0.00996,"19":0.00664,"20":0.01328,"21":0.00664,"22":0.00664,"23":0,"24":0.00332,"25":0.00664,"26":0.00996,"27":0.00664,"28":0.01992,"29":0.05312,"30":0.34528,"31":0.62084,"32":0.00664,"33":0},"safari":{"3.1":0,"3.2":0,"4":0.00332,"5":0.00996,"5.1":0.02988,"6":0.00996,"6.1":0.00996,"7":0.01328,"7.1":0.04316,"8":0.17264,"9":0.00332},"android":{"2.1":0,"2.2":0,"2.3":0.248203843997,"3":0,"4":0.79114975274,"4.1":2.77678050472,"4.2-4.3":6.03833414224,"4.4":0.0387818506245,"4.4.3-4.4.4":5.32086990568,"44":null},"ios_saf":{"3.2":0,"4.0-4.1":0,"4.2-4.3":0,"5.0-5.1":0.00936142469061,"6.0-6.1":0.0156023744844,"7.0-7.1":0.257127131502,"8":0.0352613663346,"8.1-8.4":2.76380461616,"9":0.0202830868297},"op_mob":{"10":0,"11":0,"11.1":0,"11.5":0,"12":0.0593128365002,"12.1":0.118625673,"0":1.83869793151},"ie":{"5.5":0,"6":0.0402568609865,"7":0.0201284304933,"8":0.536758146487,"9":0.171091659193,"10":0.362311748879,"11":1.11041841555},"bb":{"7":0.03674,"10":null},"ie_mob":{"10":0.605445762712,"11":2.50075423729},"and_uc":{"0":9.07812},"op_mini":{"5.0-8.0":20.648603559},"and_chr":{"0":12.4236},"and_ff":{"0":0.21376},"edge":{"12":0.15936,"13":null}},"total":95.9814652616}