{"id":"LT","name":"Lithuania","month":"2015-08","access_date":"2015-09-03","data":{"chrome":{"4":0,"5":0,"6":0,"7":0,"8":0,"9":0,"10":0,"11":0.035184,"12":0.008796,"13":0.008796,"14":0,"15":0,"16":0.008796,"17":0,"18":0.026388,"19":0,"20":0,"21":0.008796,"22":0.035184,"23":0,"24":0.017592,"25":0.008796,"26":0.035184,"27":0.026388,"28":0.017592,"29":0.026388,"30":0.017592,"31":0.105552,"32":0.035184,"33":0.070368,"34":0.08796,"35":0.08796,"36":0.096756,"37":0.070368,"38":0.140736,"39":0.545352,"40":0.105552,"41":0.140736,"42":0.202308,"43":1.80318,"44":36.925608,"45":0.140736,"46":0.193512,"47":0,"48":0},"firefox":{"2":0,"3":0.008796,"3.5":0.008796,"3.6":0.08796,"4":0.008796,"5":0,"6":0.017592,"7":0,"8":0,"9":0.008796,"10":0.017592,"11":0.035184,"12":0.026388,"13":0.017592,"14":0.017592,"15":0.008796,"16":0.017592,"17":0.026388,"18":0.008796,"19":0.026388,"20":0.035184,"21":0.052776,"22":0.008796,"23":0.017592,"24":0.387024,"25":0.008796,"26":0.017592,"27":0.017592,"28":0.026388,"29":0.026388,"30":0.04398,"31":0.290268,"32":0.035184,"33":0.04398,"34":0.070368,"35":0.096756,"36":0.123144,"37":0.598128,"38":0.958764,"39":9.464496,"40":8.980716,"41":0.149532,"42":0.026388,"43":0.017592},"opera":{"9":0,"9.5-9.6":0,"10.0-10.1":0,"10.5":0,"10.6":0.008796,"11":0.026388,"11.1":0,"11.5":0.008796,"11.6":0.017592,"12":0.035184,"12.1":0.57174,"15":0.008796,"16":0.008796,"17":0.061572,"18":0.008796,"19":0.008796,"20":0.017592,"21":0.008796,"22":0.008796,"23":0,"24":0.008796,"25":0.008796,"26":0.017592,"27":0.008796,"28":0.08796,"29":0.061572,"30":0.826824,"31":3.439236,"32":0.026388,"33":0},"safari":{"3.1":0,"3.2":0,"4":0.017592,"5":0.052776,"5.1":0.08796,"6":0.017592,"6.1":0.052776,"7":0.052776,"7.1":0.30786,"8":1.117092,"9":0.026388},"android":{"2.1":0,"2.2":0,"2.3":0.0496444884017,"3":0,"4":0.158241806781,"4.1":0.555397713994,"4.2-4.3":1.2077573194,"4.4":0.00775695131277,"4.4.3-4.4.4":1.06425372011,"44":null},"ios_saf":{"3.2":0,"4.0-4.1":0,"4.2-4.3":0,"5.0-5.1":0.00986227588289,"6.0-6.1":0.0164371264715,"7.0-7.1":0.27088384425,"8":0.0371479058255,"8.1-8.4":2.91167258316,"9":0.0213682644129},"op_mob":{"10":0,"11":0,"11.1":0,"11.5":0,"12":0.0017234638753,"12.1":0.0034469277506,"0":0.0534273801343},"ie":{"5.5":0,"6":0.150704033965,"7":0.115244261267,"8":2.1807760209,"9":1.18790238537,"10":1.0371983514,"11":8.81175351535},"bb":{"7":0.006622,"10":null},"ie_mob":{"10":0.107013152542,"11":0.442010847458},"and_uc":{"0":0.130032},"op_mini":{"5.0-8.0":0.59999022824},"and_chr":{"0":7.040836},"and_ff":{"0":0.092708},"edge":{"12":0.686088,"13":null}},"total":98.8509165683}