{"id":"MA","name":"Morocco","month":"2015-08","access_date":"2015-09-03","data":{"chrome":{"4":0.031115,"5":0.043561,"6":0.093345,"7":0.043561,"8":0.031115,"9":0.012446,"10":0.037338,"11":0.080899,"12":0.099568,"13":0.037338,"14":0.031115,"15":0.012446,"16":0.024892,"17":0.024892,"18":0.006223,"19":0.012446,"20":0.006223,"21":0.018669,"22":0.080899,"23":0.043561,"24":0.037338,"25":0.06223,"26":0.080899,"27":0.068453,"28":0.068453,"29":0.06223,"30":0.087122,"31":0.136906,"32":0.06223,"33":0.192913,"34":0.099568,"35":0.180467,"36":0.323596,"37":0.199136,"38":0.280035,"39":0.416941,"40":0.678307,"41":0.304927,"42":0.56007,"43":2.414524,"44":28.109291,"45":0.217805,"46":0.105791,"47":0.006223,"48":0},"firefox":{"2":0.012446,"3":0.118237,"3.5":0.056007,"3.6":0.180467,"4":0.037338,"5":0.031115,"6":0.056007,"7":0.012446,"8":0.018669,"9":0.018669,"10":0.043561,"11":0.043561,"12":0.099568,"13":0.031115,"14":0.049784,"15":0.056007,"16":0.074676,"17":0.049784,"18":0.037338,"19":0.043561,"20":0.080899,"21":0.037338,"22":0.037338,"23":0.056007,"24":0.056007,"25":0.06223,"26":0.068453,"27":0.074676,"28":0.056007,"29":0.105791,"30":0.161798,"31":0.174244,"32":0.199136,"33":0.24892,"34":0.217805,"35":0.280035,"36":0.255143,"37":0.479171,"38":0.802767,"39":6.142101,"40":3.833368,"41":0.099568,"42":0.012446,"43":0},"opera":{"9":0,"9.5-9.6":0.006223,"10.0-10.1":0,"10.5":0,"10.6":0,"11":0,"11.1":0,"11.5":0.006223,"11.6":0.024892,"12":0.006223,"12.1":0.118237,"15":0.006223,"16":0,"17":0,"18":0.006223,"19":0.006223,"20":0.006223,"21":0.006223,"22":0.006223,"23":0.006223,"24":0.006223,"25":0.018669,"26":0.012446,"27":0.018669,"28":0.037338,"29":0.049784,"30":0.416941,"31":1.250823,"32":0.006223,"33":0},"safari":{"3.1":0,"3.2":0,"4":0.037338,"5":0.043561,"5.1":0.087122,"6":0.031115,"6.1":0.056007,"7":0.06223,"7.1":0.130683,"8":0.466725,"9":0.006223},"android":{"2.1":0,"2.2":0,"2.3":0.192168621973,"3":0,"4":0.612537482539,"4.1":2.14988645832,"4.2-4.3":4.67510225644,"4.4":0.0300263471833,"4.4.3-4.4.4":4.11961483355,"44":null},"ios_saf":{"3.2":0,"4.0-4.1":0,"4.2-4.3":0,"5.0-5.1":0.01699382131,"6.0-6.1":0.0283230355167,"7.0-7.1":0.466763625314,"8":0.0640100602676,"8.1-8.4":5.01714251142,"9":0.0368199461716},"op_mob":{"10":0,"11":0,"11.1":0,"11.5":0,"12":0.017919800091,"12.1":0.035839600182,"0":0.555513802822},"ie":{"5.5":0,"6":0.106231250478,"7":0.172625782027,"8":0.989278520076,"9":0.305414845124,"10":0.312054298279,"11":1.54699258509},"bb":{"7":0.0434355,"10":null},"ie_mob":{"10":0.20171740678,"11":0.83318059322},"and_uc":{"0":0.725184},"op_mini":{"5.0-8.0":6.23842779691},"and_chr":{"0":14.569996},"and_ff":{"0":0.154857},"edge":{"12":0.192913,"13":null}},"total":97.4931607811}