{"id":"MC","name":"Monaco","month":"2015-08","access_date":"2015-09-03","data":{"chrome":{"4":0,"5":0,"6":0,"7":0,"8":0,"9":0,"10":0,"11":0.016648,"12":0.008324,"13":0.024972,"14":0,"15":0,"16":0,"17":0,"18":0.008324,"19":0,"20":0,"21":0.008324,"22":0.016648,"23":0.024972,"24":0,"25":0.024972,"26":0.033296,"27":0,"28":0.016648,"29":0,"30":0.016648,"31":0.116536,"32":0.033296,"33":0.016648,"34":0.04162,"35":0.008324,"36":0.058268,"37":0.033296,"38":0.016648,"39":0.066592,"40":0.091564,"41":0.141508,"42":0.074916,"43":0.732512,"44":25.088536,"45":0.058268,"46":0.16648,"47":0,"48":0},"firefox":{"2":0,"3":0,"3.5":0.008324,"3.6":0.016648,"4":0,"5":0,"6":0.008324,"7":0.008324,"8":0,"9":0,"10":0,"11":0,"12":0.008324,"13":0,"14":0,"15":0.008324,"16":0.08324,"17":0,"18":0,"19":0,"20":0,"21":0.016648,"22":0.008324,"23":0,"24":0.008324,"25":0,"26":0.008324,"27":0,"28":0.008324,"29":0.008324,"30":0.008324,"31":0.08324,"32":0.008324,"33":0.074916,"34":0.016648,"35":0.024972,"36":0.174804,"37":0.216424,"38":0.391228,"39":6.817356,"40":5.527136,"41":0.116536,"42":0,"43":0},"opera":{"9":0,"9.5-9.6":0,"10.0-10.1":0,"10.5":0,"10.6":0,"11":0,"11.1":0,"11.5":0,"11.6":0,"12":0,"12.1":0.024972,"15":0,"16":0,"17":0,"18":0,"19":0,"20":0,"21":0,"22":0,"23":0,"24":0,"25":0,"26":0,"27":0,"28":0,"29":0.008324,"30":0.033296,"31":0.099888,"32":0,"33":0},"safari":{"3.1":0,"3.2":0,"4":0.066592,"5":0.099888,"5.1":1.323516,"6":0.274692,"6.1":0.765808,"7":0.566032,"7.1":2.130944,"8":9.464388,"9":0.08324},"android":{"2.1":0,"2.2":0,"2.3":0.0229126851899,"3":0,"4":0.0730341840428,"4.1":0.256335665562,"4.2-4.3":0.557422669386,"4.4":0.00358010706092,"4.4.3-4.4.4":0.491190688759,"44":null},"ios_saf":{"3.2":0,"4.0-4.1":0,"4.2-4.3":0,"5.0-5.1":0.0635695140356,"6.0-6.1":0.105949190059,"7.0-7.1":1.74604265218,"8":0.239445169534,"8.1-8.4":18.7678395271,"9":0.137733947077},"op_mob":{"10":0,"11":0,"11.1":0,"11.5":0,"12":0.00250875594493,"12.1":0.00501751188986,"0":0.0777714342929},"ie":{"5.5":0,"6":0,"7":0.0338493961219,"8":0.846234903047,"9":1.29473940166,"10":1.54014752355,"11":11.5511064266},"bb":{"7":0.026816,"10":null},"ie_mob":{"10":0.0277676271186,"11":0.114692372881},"and_uc":{"0":0.028492},"op_mini":{"5.0-8.0":0.873374297872},"and_chr":{"0":3.292552},"and_ff":{"0":0.063688},"edge":{"12":0.807428,"13":null}},"total":98.597293651}