{"id":"MD","name":"Moldova","month":"2015-08","access_date":"2015-09-03","data":{"chrome":{"4":0.025848,"5":0.017232,"6":0.025848,"7":0.017232,"8":0.051696,"9":0.017232,"10":0.025848,"11":0.034464,"12":0.08616,"13":0.051696,"14":0.025848,"15":0.04308,"16":0.034464,"17":0.04308,"18":0.077544,"19":0.008616,"20":0.025848,"21":0.04308,"22":0.068928,"23":0.025848,"24":0.051696,"25":0.017232,"26":0.034464,"27":0.051696,"28":0.060312,"29":0.025848,"30":0.034464,"31":0.051696,"32":0.060312,"33":0.068928,"34":0.077544,"35":0.094776,"36":0.08616,"37":0.034464,"38":0.103392,"39":0.241248,"40":0.120624,"41":0.224016,"42":0.249864,"43":1.705968,"44":51.058416,"45":0.25848,"46":0.913296,"47":0.008616,"48":0},"firefox":{"2":0.008616,"3":0.017232,"3.5":0.025848,"3.6":0.137856,"4":0.017232,"5":0.008616,"6":0.008616,"7":0,"8":0.008616,"9":0.008616,"10":0.025848,"11":0.008616,"12":0.025848,"13":0.008616,"14":0.008616,"15":0.017232,"16":0.025848,"17":0.025848,"18":0.008616,"19":0.008616,"20":0.025848,"21":0.025848,"22":0.008616,"23":0.017232,"24":0.060312,"25":0.017232,"26":0.146472,"27":0.060312,"28":0.008616,"29":0.034464,"30":0.034464,"31":0.155088,"32":0.04308,"33":0.068928,"34":0.051696,"35":0.155088,"36":0.103392,"37":0.120624,"38":0.896064,"39":4.764648,"40":4.368312,"41":0.068928,"42":0.008616,"43":0},"opera":{"9":0,"9.5-9.6":0.008616,"10.0-10.1":0.008616,"10.5":0,"10.6":0.017232,"11":0.025848,"11.1":0.017232,"11.5":0.017232,"11.6":0.04308,"12":0.198168,"12.1":0.60312,"15":0.008616,"16":0.017232,"17":0,"18":0.017232,"19":0.017232,"20":0.017232,"21":0.017232,"22":0.008616,"23":0,"24":0.008616,"25":0.025848,"26":0.017232,"27":0.017232,"28":0.04308,"29":0.051696,"30":0.740976,"31":2.558952,"32":0.017232,"33":0},"safari":{"3.1":0,"3.2":0,"4":0.008616,"5":0.034464,"5.1":0.051696,"6":0.008616,"6.1":0.034464,"7":0.017232,"7.1":0.077544,"8":0.577272,"9":0.025848},"android":{"2.1":0,"2.2":0,"2.3":0.0562069762937,"3":0,"4":0.179159736936,"4.1":0.628815547285,"4.2-4.3":1.36741034514,"4.4":0.00878234004588,"4.4.3-4.4.4":1.2049370543,"44":null},"ios_saf":{"3.2":0,"4.0-4.1":0,"4.2-4.3":0,"5.0-5.1":0.00890197404165,"6.0-6.1":0.0148366234028,"7.0-7.1":0.244507553677,"8":0.0335307688902,"8.1-8.4":2.62815946956,"9":0.0192876104236},"op_mob":{"10":0,"11":0,"11.1":0,"11.5":0,"12":0.00476628877005,"12.1":0.00953257754011,"0":0.147754951872},"ie":{"5.5":0,"6":0.0174327054908,"7":0.0261490582363,"8":1.2464384426,"9":0.793188099834,"10":0.479399400998,"11":2.62362217637},"bb":{"7":0.007266,"10":null},"ie_mob":{"10":0.104937694915,"11":0.433438305085},"and_uc":{"0":0.35292},"op_mini":{"5.0-8.0":1.65929018182},"and_chr":{"0":7.870904},"and_ff":{"0":0.056744},"edge":{"12":0.275712,"13":null}},"total":95.8951198835}