{"id":"MK","name":"Macedonia","month":"2015-08","access_date":"2015-09-03","data":{"chrome":{"4":0.007833,"5":0,"6":0,"7":0.007833,"8":0.007833,"9":0.015666,"10":0.007833,"11":0.062664,"12":0.015666,"13":0.015666,"14":0.007833,"15":0.007833,"16":0.015666,"17":0.015666,"18":0.321153,"19":0,"20":0,"21":0.007833,"22":0.109662,"23":0.015666,"24":0.015666,"25":0.007833,"26":0.07833,"27":0.015666,"28":0.015666,"29":0.023499,"30":0.054831,"31":0.07833,"32":0.109662,"33":0.125328,"34":0.093996,"35":0.086163,"36":0.195825,"37":0.140994,"38":0.250656,"39":0.430815,"40":0.180159,"41":0.125328,"42":0.274155,"43":1.903419,"44":45.58806,"45":0.281988,"46":0.328986,"47":0,"48":0},"firefox":{"2":0.023499,"3":0.046998,"3.5":0.015666,"3.6":0.125328,"4":0.007833,"5":0.015666,"6":0.172326,"7":0.023499,"8":0.046998,"9":0.007833,"10":0.007833,"11":0.015666,"12":0.023499,"13":0.031332,"14":0.023499,"15":0.015666,"16":0.023499,"17":0.054831,"18":0.015666,"19":0.023499,"20":0.023499,"21":0.023499,"22":0.015666,"23":0.023499,"24":0.015666,"25":0.015666,"26":0.023499,"27":0.015666,"28":0.023499,"29":0.046998,"30":0.039165,"31":0.062664,"32":0.039165,"33":0.054831,"34":0.086163,"35":0.963459,"36":0.148827,"37":0.297654,"38":1.425606,"39":6.81471,"40":6.297732,"41":0.164493,"42":0.007833,"43":0},"opera":{"9":0,"9.5-9.6":0,"10.0-10.1":0,"10.5":0,"10.6":0,"11":0,"11.1":0,"11.5":0,"11.6":0.015666,"12":0.023499,"12.1":0.219324,"15":0,"16":0,"17":0,"18":0.007833,"19":0.054831,"20":0,"21":0,"22":0.007833,"23":0,"24":0,"25":0,"26":0.007833,"27":0.007833,"28":0.031332,"29":0.031332,"30":0.328986,"31":1.370775,"32":0.007833,"33":0},"safari":{"3.1":0,"3.2":0,"4":0,"5":0.015666,"5.1":0.039165,"6":0,"6.1":0.015666,"7":0.015666,"7.1":0.054831,"8":0.250656,"9":0},"android":{"2.1":0,"2.2":0,"2.3":0.0925613581443,"3":0,"4":0.295039329085,"4.1":1.03553019424,"4.2-4.3":2.2518442911,"4.4":0.01446271221,"4.4.3-4.4.4":1.98428411522,"44":null},"ios_saf":{"3.2":0,"4.0-4.1":0,"4.2-4.3":0,"5.0-5.1":0.0134349441594,"6.0-6.1":0.022391573599,"7.0-7.1":0.369013132911,"8":0.0506049563336,"8.1-8.4":3.96644334732,"9":0.0291090456786},"op_mob":{"10":0,"11":0,"11.1":0,"11.5":0,"12":0.00193375594493,"12.1":0.00386751188986,"0":0.0599464342929},"ie":{"5.5":0,"6":0.0314176065574,"7":0.0314176065574,"8":0.581225721311,"9":0.251340852459,"10":0.282758459016,"11":1.68084195082},"bb":{"7":0.00595925,"10":null},"ie_mob":{"10":0.0848986525424,"11":0.350668347458},"and_uc":{"0":0.091014},"op_mini":{"5.0-8.0":0.673199297872},"and_chr":{"0":13.47339},"and_ff":{"0":0.101849},"edge":{"12":0.321153,"13":null}},"total":99.0559164467}