{"id":"ML","name":"Mali","month":"2015-08","access_date":"2015-09-03","data":{"chrome":{"4":0.003404,"5":0.002553,"6":0,"7":0,"8":0.001702,"9":0.002553,"10":0.000851,"11":0.048507,"12":0.000851,"13":0.002553,"14":0.003404,"15":0.00851,"16":0.002553,"17":0.000851,"18":0.000851,"19":0.000851,"20":0.000851,"21":0.000851,"22":0,"23":0,"24":0.001702,"25":0.011063,"26":0.000851,"27":0.002553,"28":0.011063,"29":0.000851,"30":0.005957,"31":0.131905,"32":0.002553,"33":0.005957,"34":0.004255,"35":0.005957,"36":0.011063,"37":0.009361,"38":0.004255,"39":0.011063,"40":0.012765,"41":0.028934,"42":0.05957,"43":0.099567,"44":2.022827,"45":0.010212,"46":0.007659,"47":0,"48":0},"firefox":{"2":0.005957,"3":0.064676,"3.5":0.006808,"3.6":0.015318,"4":0.011063,"5":0.009361,"6":0.005106,"7":0.005957,"8":0.006808,"9":0.002553,"10":0.013616,"11":0.007659,"12":0.015318,"13":0.011914,"14":0.012765,"15":0.005957,"16":0.018722,"17":0.006808,"18":0.011914,"19":0.010212,"20":0.00851,"21":0.012765,"22":0.068931,"23":0.012765,"24":0.017871,"25":0.015318,"26":0.011063,"27":0.012765,"28":0.004255,"29":0.01702,"30":0.034891,"31":0.035742,"32":0.038295,"33":0.039997,"34":0.027232,"35":0.032338,"36":0.019573,"37":0.045103,"38":0.124246,"39":1.166721,"40":0.674843,"41":0.049358,"42":0.005957,"43":0.000851},"opera":{"9":0,"9.5-9.6":0,"10.0-10.1":0.057868,"10.5":0,"10.6":0,"11":0.000851,"11.1":0.000851,"11.5":0.002553,"11.6":0.003404,"12":0.001702,"12.1":0.022126,"15":0,"16":0.002553,"17":0.000851,"18":0.002553,"19":0.005106,"20":0.001702,"21":0.000851,"22":0.000851,"23":0,"24":0,"25":0,"26":0.001702,"27":0.005957,"28":0.010212,"29":0.003404,"30":0.065527,"31":0.086802,"32":0,"33":0},"safari":{"3.1":0,"3.2":0,"4":0.002553,"5":0.004255,"5.1":0.017871,"6":0.005957,"6.1":0.012765,"7":0.010212,"7.1":0.012765,"8":0.114034,"9":0},"android":{"2.1":0,"2.2":0,"2.3":0.134449219475,"3":0,"4":0.428556887076,"4.1":1.50415064288,"4.2-4.3":3.27089741754,"4.4":0.021007690543,"4.4.3-4.4.4":2.88225514249,"44":null},"ios_saf":{"3.2":0,"4.0-4.1":0,"4.2-4.3":0,"5.0-5.1":0.00297021128886,"6.0-6.1":0.0049503521481,"7.0-7.1":0.0815818034007,"8":0.0111877958547,"8.1-8.4":0.876905379515,"9":0.00643545779253},"op_mob":{"10":0,"11":0,"11.1":0,"11.5":0,"12":0.0965823777449,"12.1":0.19316475549,"0":2.99405371009},"ie":{"5.5":0,"6":0.0068340095511,"7":0.0128137679083,"8":0.239190334288,"9":0.0965303849093,"10":0.221251059217,"11":1.13444558548},"bb":{"7":0.0228725,"10":null},"ie_mob":{"10":0.0766810254237,"11":0.316725974576},"and_uc":{"0":37.044301},"op_mini":{"5.0-8.0":33.6232651567},"and_chr":{"0":4.627247},"and_ff":{"0":0.256172},"edge":{"12":0.045103,"13":null}},"total":95.9589606414}