{"id":"MQ","name":"Martinique","month":"2015-08","access_date":"2015-09-03","data":{"chrome":{"4":0.007957,"5":0,"6":0,"7":0,"8":0,"9":0,"10":0,"11":0.07957,"12":0.023871,"13":0,"14":0.007957,"15":0.007957,"16":0,"17":0,"18":0.015914,"19":0,"20":0.015914,"21":0.007957,"22":0.047742,"23":0.047742,"24":0.023871,"25":0.023871,"26":0.015914,"27":0.007957,"28":0.015914,"29":0.007957,"30":0.055699,"31":0.167097,"32":0.039785,"33":0.119355,"34":0.055699,"35":0.206882,"36":0.198925,"37":0.087527,"38":0.151183,"39":0.214839,"40":0.135269,"41":0.07957,"42":0.214839,"43":1.336776,"44":29.385201,"45":0.350108,"46":0.119355,"47":0,"48":0},"firefox":{"2":0,"3":0.007957,"3.5":0.015914,"3.6":0.023871,"4":0,"5":0.007957,"6":0.015914,"7":0.015914,"8":0,"9":0,"10":0.007957,"11":0.031828,"12":0.007957,"13":0.007957,"14":0,"15":0.007957,"16":0.039785,"17":0,"18":0,"19":0,"20":0.007957,"21":0.007957,"22":0,"23":0.007957,"24":0.023871,"25":0.031828,"26":0.007957,"27":0.007957,"28":0.015914,"29":0.023871,"30":0.015914,"31":0.047742,"32":0.031828,"33":0.047742,"34":0.055699,"35":0.023871,"36":0.031828,"37":0.175054,"38":0.413764,"39":6.636138,"40":5.41076,"41":0.151183,"42":0.007957,"43":0},"opera":{"9":0,"9.5-9.6":0,"10.0-10.1":0,"10.5":0,"10.6":0,"11":0.007957,"11.1":0,"11.5":0,"11.6":0,"12":0.039785,"12.1":0.127312,"15":0,"16":0,"17":0,"18":0,"19":0,"20":0,"21":0,"22":0,"23":0,"24":0,"25":0,"26":0,"27":0,"28":0,"29":0.007957,"30":0.15914,"31":0.740001,"32":0.007957,"33":0},"safari":{"3.1":0,"3.2":0,"4":0.039785,"5":0.095484,"5.1":0.47742,"6":0.047742,"6.1":0.23871,"7":0.175054,"7.1":0.724087,"8":2.737208,"9":0.015914},"android":{"2.1":0,"2.2":0,"2.3":0.114113810859,"3":0,"4":0.363737772113,"4.1":1.27664825899,"4.2-4.3":2.7761750548,"4.4":0.0178302829467,"4.4.3-4.4.4":2.44631482029,"44":null},"ios_saf":{"3.2":0,"4.0-4.1":0,"4.2-4.3":0,"5.0-5.1":0.0229467069122,"6.0-6.1":0.0382445115203,"7.0-7.1":0.630269549854,"8":0.0864325960358,"8.1-8.4":6.7746327707,"9":0.0497178649764},"op_mob":{"10":0,"11":0,"11.1":0,"11.5":0,"12":0.000625522016157,"12.1":0.00125104403231,"0":0.0193911825009},"ie":{"5.5":0,"6":0.007957,"7":0.063656,"8":0.732044,"9":0.628603,"10":1.296991,"11":11.919586},"bb":{"7":0.010215,"10":null},"ie_mob":{"10":0.0625192627119,"11":0.258231737288},"and_uc":{"0":0.075591},"op_mini":{"5.0-8.0":0.217763251451},"and_chr":{"0":14.903171},"and_ff":{"0":0.126666},"edge":{"12":1.265163,"13":null}},"total":98.479893}