{"id":"MS","name":"Montserrat","month":"2015-08","access_date":"2015-09-03","data":{"chrome":{"4":0,"5":0,"6":0,"7":0,"8":0,"9":0,"10":0,"11":0.033216,"12":0.024912,"13":0,"14":0,"15":0,"16":0,"17":0,"18":0.008304,"19":0,"20":0,"21":0,"22":0.008304,"23":0,"24":0.016608,"25":0.033216,"26":0,"27":0.016608,"28":0.016608,"29":0,"30":0,"31":0.132864,"32":0.132864,"33":0.049824,"34":0.066432,"35":0.107952,"36":0.116256,"37":0.049824,"38":0.091344,"39":0.680928,"40":0.066432,"41":0.157776,"42":0.921744,"43":1.885008,"44":40.423872,"45":0,"46":0.323856,"47":0,"48":0},"firefox":{"2":0,"3":0,"3.5":0,"3.6":0.024912,"4":0,"5":0.016608,"6":0,"7":0,"8":0,"9":0,"10":0.008304,"11":0,"12":0.008304,"13":0,"14":0.016608,"15":0,"16":0.049824,"17":0,"18":0.016608,"19":0,"20":0,"21":0.04152,"22":0,"23":0.008304,"24":0.016608,"25":0.033216,"26":0.008304,"27":0.016608,"28":0.008304,"29":0.024912,"30":0,"31":0.274032,"32":0.016608,"33":0.016608,"34":0.033216,"35":0.033216,"36":0.008304,"37":0.008304,"38":0.074736,"39":4.309776,"40":3.180432,"41":0.033216,"42":0,"43":0.282336},"opera":{"9":0,"9.5-9.6":0,"10.0-10.1":0,"10.5":0,"10.6":0.008304,"11":0.016608,"11.1":0.008304,"11.5":0.049824,"11.6":0.016608,"12":0.024912,"12.1":0.008304,"15":0,"16":0,"17":0,"18":0,"19":0,"20":0,"21":0,"22":0,"23":0,"24":0,"25":0,"26":0,"27":0,"28":0,"29":0.049824,"30":0.274032,"31":0.863616,"32":0,"33":0},"safari":{"3.1":0,"3.2":0,"4":0.008304,"5":0.016608,"5.1":0.058128,"6":0,"6.1":0.199296,"7":0.107952,"7.1":0.298944,"8":1.361856,"9":0},"android":{"2.1":0,"2.2":0,"2.3":0.070091142493,"3":0,"4":0.223415516696,"4.1":0.78414465664,"4.2-4.3":1.70518607596,"4.4":0.0109517410145,"4.4.3-4.4.4":1.50257886719,"44":null},"ios_saf":{"3.2":0,"4.0-4.1":0,"4.2-4.3":0,"5.0-5.1":0.0232335647449,"6.0-6.1":0.0387226079082,"7.0-7.1":0.638148578328,"8":0.0875130938726,"8.1-8.4":6.85932276487,"9":0.0503393902807},"op_mob":{"10":0,"11":0,"11.1":0,"11.5":0,"12":0.000279611332347,"12.1":0.000559222664695,"0":0.00866795130276},"ie":{"5.5":0,"6":0,"7":0,"8":0.473453438066,"9":0.591816797583,"10":1.81772302115,"11":11.0923376918},"bb":{"7":0.147128,"10":null},"ie_mob":{"10":0.0621483389831,"11":0.256699661017},"and_uc":{"0":0.303584},"op_mini":{"5.0-8.0":0.0973412147002},"and_chr":{"0":12.750384},"and_ff":{"0":0.023744},"edge":{"12":0.606192,"13":null}},"total":97.5316109486}