{"id":"MT","name":"Malta","month":"2015-08","access_date":"2015-09-03","data":{"chrome":{"4":0,"5":0,"6":0,"7":0,"8":0,"9":0,"10":0,"11":0.040695,"12":0.008139,"13":0,"14":0,"15":0,"16":0,"17":0,"18":0.032556,"19":0,"20":0,"21":0.008139,"22":0.056973,"23":0.016278,"24":0.008139,"25":0.008139,"26":0.048834,"27":0.008139,"28":0.016278,"29":0.008139,"30":0.008139,"31":0.179058,"32":0.032556,"33":0.056973,"34":0.073251,"35":0.08139,"36":0.154641,"37":0.056973,"38":3.084681,"39":0.341838,"40":0.105807,"41":0.146502,"42":0.284865,"43":1.782441,"44":37.610319,"45":0.179058,"46":0.113946,"47":0.008139,"48":0},"firefox":{"2":0,"3":0,"3.5":0.008139,"3.6":0.008139,"4":0,"5":0,"6":0.008139,"7":0,"8":0,"9":0,"10":0,"11":0.008139,"12":0.008139,"13":0.032556,"14":0.008139,"15":0.008139,"16":0.016278,"17":0.008139,"18":0.008139,"19":0.008139,"20":0.024417,"21":0.008139,"22":0.008139,"23":0.016278,"24":0.016278,"25":0.008139,"26":0.016278,"27":0.016278,"28":0.032556,"29":0.040695,"30":0.056973,"31":0.048834,"32":0.065112,"33":0.056973,"34":0.08139,"35":0.130224,"36":0.097668,"37":0.170919,"38":0.642981,"39":5.689161,"40":4.411338,"41":0.170919,"42":0.008139,"43":0},"opera":{"9":0,"9.5-9.6":0,"10.0-10.1":0,"10.5":0,"10.6":0,"11":0,"11.1":0,"11.5":0,"11.6":0,"12":0,"12.1":0.065112,"15":0,"16":0,"17":0,"18":0,"19":0,"20":0,"21":0,"22":0,"23":0,"24":0,"25":0,"26":0,"27":0,"28":0.008139,"29":0.016278,"30":0.130224,"31":0.529035,"32":0.008139,"33":0},"safari":{"3.1":0,"3.2":0,"4":0.024417,"5":0.065112,"5.1":0.16278,"6":0.024417,"6.1":0.146502,"7":0.154641,"7.1":0.415089,"8":2.002194,"9":0.024417},"android":{"2.1":0,"2.2":0,"2.3":0.0730532021412,"3":0,"4":0.232857081825,"4.1":0.817282698955,"4.2-4.3":1.77724743334,"4.4":0.0114145628346,"4.4.3-4.4.4":1.5660780209,"44":null},"ios_saf":{"3.2":0,"4.0-4.1":0,"4.2-4.3":0,"5.0-5.1":0.0362982583761,"6.0-6.1":0.0604970972935,"7.0-7.1":0.996992163397,"8":0.136723439883,"8.1-8.4":10.7164558146,"9":0.0786462264815},"op_mob":{"10":0,"11":0,"11.1":0,"11.5":0,"12":0.000433435771988,"12.1":0.000866871543975,"0":0.0134365089316},"ie":{"5.5":0,"6":0.00816610741049,"7":0.016332214821,"8":0.743115774355,"9":0.881939600333,"10":0.83294295587,"11":7.3168322398},"bb":{"7":0.01256175,"10":null},"ie_mob":{"10":0.121516991525,"11":0.501918008475},"and_uc":{"0":0.083745},"op_mini":{"5.0-8.0":0.150892183752},"and_chr":{"0":10.659233},"and_ff":{"0":0.076301},"edge":{"12":0.773205,"13":null}},"total":98.9825576426}