{"id":"MW","name":"Malawi","month":"2015-08","access_date":"2015-09-03","data":{"chrome":{"4":0,"5":0.00174,"6":0,"7":0,"8":0,"9":0,"10":0.01827,"11":0.01218,"12":0.00087,"13":0.00087,"14":0.00261,"15":0.00087,"16":0.00087,"17":0.00087,"18":0.00435,"19":0.00087,"20":0.00087,"21":0.00609,"22":0.00348,"23":0.00174,"24":0,"25":0.00261,"26":0.0087,"27":0.00261,"28":0.00348,"29":0.00348,"30":0.00348,"31":0.04524,"32":0.00087,"33":0.01566,"34":0.00522,"35":0.01479,"36":0.01392,"37":0.00435,"38":0.01044,"39":0.05394,"40":0.01566,"41":0.01653,"42":0.03654,"43":0.08526,"44":1.80177,"45":0.01653,"46":0.02784,"47":0,"48":0},"firefox":{"2":0.02001,"3":0.00348,"3.5":0.00522,"3.6":0.02001,"4":0.00957,"5":0.00957,"6":0.00348,"7":0.00435,"8":0.00696,"9":0.00957,"10":0.01131,"11":0.00957,"12":0.02175,"13":0.01827,"14":0.01566,"15":0.01653,"16":0.02436,"17":0.01305,"18":0.00957,"19":0.0087,"20":0.01653,"21":0.04002,"22":0.01566,"23":0.00609,"24":0.00609,"25":0.00609,"26":0.01653,"27":0.00783,"28":0.00609,"29":0.02958,"30":0.03741,"31":0.02349,"32":0.02001,"33":0.02523,"34":0.03828,"35":0.0522,"36":0.03915,"37":0.07308,"38":0.18618,"39":0.83868,"40":0.54636,"41":0.05916,"42":0.00957,"43":0.00435},"opera":{"9":0.00261,"9.5-9.6":0,"10.0-10.1":0.00174,"10.5":0,"10.6":0.00087,"11":0.00783,"11.1":0.00174,"11.5":0.00261,"11.6":0.0087,"12":0.0087,"12.1":0.07221,"15":0.00174,"16":0,"17":0.00174,"18":0.00261,"19":0.00174,"20":0.00435,"21":0.00087,"22":0.00348,"23":0.00087,"24":0.00174,"25":0.00174,"26":0.00261,"27":0.00261,"28":0.03741,"29":0.01566,"30":0.10788,"31":0.18792,"32":0.00174,"33":0},"safari":{"3.1":0,"3.2":0,"4":0,"5":0.00957,"5.1":0.02088,"6":0.0087,"6.1":0.0087,"7":0.03654,"7.1":0.0174,"8":0.04785,"9":0.00087},"android":{"2.1":0,"2.2":0,"2.3":0.027003334183,"3":0,"4":0.0860731277084,"4.1":0.302099801173,"4.2-4.3":0.656940489421,"4.4":0.0042192709661,"4.4.3-4.4.4":0.578883976549,"44":null},"ios_saf":{"3.2":0,"4.0-4.1":0,"4.2-4.3":0,"5.0-5.1":0.00165113190462,"6.0-6.1":0.0027518865077,"7.0-7.1":0.0453510896468,"8":0.0062192635074,"8.1-8.4":0.487469175973,"9":0.00357745246001},"op_mob":{"10":0,"11":0,"11.1":0,"11.5":0,"12":0.201388748436,"12.1":0.402777496871,"0":6.2430512015},"ie":{"5.5":0,"6":0.00870392599278,"7":0.00522235559567,"8":0.387324706679,"9":0.123595749097,"10":0.248061890794,"11":1.15065901625},"bb":{"7":0.23738,"10":null},"ie_mob":{"10":0.318544152542,"11":1.31572584746},"and_uc":{"0":7.18531},"op_mini":{"5.0-8.0":70.1095525532},"and_chr":{"0":1.81739},"and_ff":{"0":0.04565},"edge":{"12":0.04089,"13":null}},"total":97.2678176444}