{"id":"MY","name":"Malaysia","month":"2015-08","access_date":"2015-09-03","data":{"chrome":{"4":0.010598,"5":0.010598,"6":0.015897,"7":0.010598,"8":0.010598,"9":0.010598,"10":0.021196,"11":0.058289,"12":0.037093,"13":0.010598,"14":0.021196,"15":0.015897,"16":0.010598,"17":0.005299,"18":0.021196,"19":0.005299,"20":0.010598,"21":0.015897,"22":0.031794,"23":0.015897,"24":0.010598,"25":0.026495,"26":0.026495,"27":0.026495,"28":0.021196,"29":0.021196,"30":0.031794,"31":0.21196,"32":0.037093,"33":0.196063,"34":0.05299,"35":0.063588,"36":0.121877,"37":0.095382,"38":0.153671,"39":0.222558,"40":0.153671,"41":0.15897,"42":0.413322,"43":1.64269,"44":23.988573,"45":0.185465,"46":0.312641,"47":0.005299,"48":0},"firefox":{"2":0,"3":0.021196,"3.5":0.010598,"3.6":0.05299,"4":0.015897,"5":0.010598,"6":0.026495,"7":0.010598,"8":0.010598,"9":0.005299,"10":0.015897,"11":0.037093,"12":0.042392,"13":0.037093,"14":0.015897,"15":0.015897,"16":0.031794,"17":0.021196,"18":0.010598,"19":0.015897,"20":0.015897,"21":0.015897,"22":0.015897,"23":0.015897,"24":0.021196,"25":0.015897,"26":0.015897,"27":0.031794,"28":0.021196,"29":0.037093,"30":0.047691,"31":0.079485,"32":0.047691,"33":0.058289,"34":0.100681,"35":0.095382,"36":0.121877,"37":0.429219,"38":0.651777,"39":4.223303,"40":3.174101,"41":0.286146,"42":0.005299,"43":0},"opera":{"9":0,"9.5-9.6":0,"10.0-10.1":0,"10.5":0,"10.6":0,"11":0.010598,"11.1":0,"11.5":0,"11.6":0.005299,"12":0.005299,"12.1":0.037093,"15":0,"16":0,"17":0,"18":0,"19":0,"20":0,"21":0,"22":0,"23":0,"24":0,"25":0.005299,"26":0.005299,"27":0,"28":0.010598,"29":0.021196,"30":0.190764,"31":0.243754,"32":0.005299,"33":0},"safari":{"3.1":0,"3.2":0,"4":0.010598,"5":0.037093,"5.1":0.095382,"6":0.026495,"6.1":0.058289,"7":0.063588,"7.1":0.15897,"8":0.725963,"9":0.010598},"android":{"2.1":0,"2.2":0,"2.3":0.184930651032,"3":0,"4":0.589466450166,"4.1":2.06891165842,"4.2-4.3":4.49901599465,"4.4":0.0288954142238,"4.4.3-4.4.4":3.96445083151,"44":null},"ios_saf":{"3.2":0,"4.0-4.1":0,"4.2-4.3":0,"5.0-5.1":0.024851515243,"6.0-6.1":0.0414191920716,"7.0-7.1":0.682588285341,"8":0.0936073740819,"8.1-8.4":7.33699568357,"9":0.0538449496931},"op_mob":{"10":0,"11":0,"11.1":0,"11.5":0,"12":0.0134830820344,"12.1":0.0269661640687,"0":0.417975543065},"ie":{"5.5":0,"6":0.0483147253521,"7":0.0697879366197,"8":1.08976547183,"9":0.654932943662,"10":0.509988767606,"11":2.90425182394},"bb":{"7":0.04701,"10":null},"ie_mob":{"10":0.0522289067797,"11":0.21572809322},"and_uc":{"0":6.195918},"op_mini":{"5.0-8.0":4.69387121083},"and_chr":{"0":21.401989},"and_ff":{"0":0.239751},"edge":{"12":0.174867,"13":null}},"total":98.518722669}