{"id":"NC","name":"New Caledonia","month":"2015-08","access_date":"2015-09-03","data":{"chrome":{"4":0,"5":0,"6":0,"7":0,"8":0.017502,"9":0,"10":0.008751,"11":0.017502,"12":0.008751,"13":0,"14":0,"15":0,"16":0,"17":0,"18":0.008751,"19":0,"20":0,"21":0.008751,"22":0.026253,"23":0.026253,"24":0.008751,"25":0.096261,"26":0.008751,"27":0.052506,"28":0.008751,"29":0.017502,"30":0.008751,"31":0.017502,"32":0.026253,"33":0.026253,"34":0.035004,"35":0.052506,"36":0.122514,"37":0.070008,"38":0.035004,"39":0.140016,"40":0.131265,"41":0.096261,"42":0.148767,"43":0.936357,"44":30.864777,"45":0.070008,"46":0.140016,"47":0.008751,"48":0},"firefox":{"2":0,"3":0,"3.5":0.008751,"3.6":0.035004,"4":0.008751,"5":0,"6":0.008751,"7":0.008751,"8":0,"9":0,"10":0.026253,"11":0.026253,"12":0.017502,"13":0,"14":0.008751,"15":0.008751,"16":0.078759,"17":0.043755,"18":0.008751,"19":0.008751,"20":0.026253,"21":0.070008,"22":0.017502,"23":0.017502,"24":0.148767,"25":0.017502,"26":0.017502,"27":0.008751,"28":0.008751,"29":0.035004,"30":0.026253,"31":0.140016,"32":0.245028,"33":0.096261,"34":0.070008,"35":0.507558,"36":0.105012,"37":0.253779,"38":0.726333,"39":8.891016,"40":7.534611,"41":0.035004,"42":0.008751,"43":0},"opera":{"9":0,"9.5-9.6":0,"10.0-10.1":0,"10.5":0,"10.6":0,"11":0.026253,"11.1":0.008751,"11.5":0.026253,"11.6":0.008751,"12":0.026253,"12.1":0.052506,"15":0,"16":0,"17":0,"18":0,"19":0,"20":0,"21":0,"22":0,"23":0,"24":0,"25":0,"26":0,"27":0,"28":0.008751,"29":0.017502,"30":0.201273,"31":0.621321,"32":0,"33":0},"safari":{"3.1":0,"3.2":0,"4":0.035004,"5":0.271281,"5.1":1.347654,"6":0.131265,"6.1":0.481305,"7":0.306285,"7.1":1.207638,"8":3.754179,"9":0.026253},"android":{"2.1":0,"2.2":0,"2.3":0.077557575325,"3":0,"4":0.247214771348,"4.1":0.867675373949,"4.2-4.3":1.8868303872,"4.4":0.0121183711445,"4.4.3-4.4.4":1.66264052103,"44":null},"ios_saf":{"3.2":0,"4.0-4.1":0,"4.2-4.3":0,"5.0-5.1":0.0345429670993,"6.0-6.1":0.0575716118322,"7.0-7.1":0.948780162994,"8":0.130111842741,"8.1-8.4":10.19823532,"9":0.0748430953818},"op_mob":{"10":0,"11":0,"11.1":0,"11.5":0,"12":0.000303972124246,"12.1":0.000607944248492,"0":0.00942313585163},"ie":{"5.5":0,"6":0,"7":0.0263047810651,"8":1.25386123077,"9":0.806679952663,"10":1.35908035503,"11":9.87306115976},"bb":{"7":0.0006245,"10":null},"ie_mob":{"10":0.0469856864407,"11":0.194071313559},"and_uc":{"0":0.057454},"op_mini":{"5.0-8.0":0.105821947776},"and_chr":{"0":6.542557},"and_ff":{"0":0.168615},"edge":{"12":0.813843,"13":null}},"total":98.5656499793}