{"id":"NL","name":"Netherlands","month":"2015-08","access_date":"2015-09-03","data":{"chrome":{"4":0,"5":0,"6":0,"7":0,"8":0,"9":0,"10":0,"11":0.045626,"12":0,"13":0,"14":0,"15":0,"16":0,"17":0,"18":0.006518,"19":0,"20":0,"21":0.006518,"22":0.019554,"23":0.006518,"24":0.019554,"25":0.006518,"26":0.013036,"27":0.006518,"28":0.006518,"29":0.013036,"30":0.006518,"31":0.078216,"32":0.019554,"33":0.052144,"34":0.045626,"35":0.078216,"36":0.045626,"37":0.06518,"38":0.084734,"39":0.143396,"40":0.104288,"41":0.169468,"42":0.13036,"43":0.932074,"44":21.54199,"45":0.104288,"46":0.06518,"47":0.006518,"48":0},"firefox":{"2":0,"3":0.006518,"3.5":0,"3.6":0.019554,"4":0.006518,"5":0,"6":0.006518,"7":0,"8":0,"9":0,"10":0.013036,"11":0.006518,"12":0.013036,"13":0.006518,"14":0.006518,"15":0.006518,"16":0.019554,"17":0.026072,"18":0.006518,"19":0.006518,"20":0.026072,"21":0.006518,"22":0.006518,"23":0.013036,"24":0.039108,"25":0.006518,"26":0.013036,"27":0.006518,"28":0.013036,"29":0.019554,"30":0.026072,"31":0.16295,"32":0.03259,"33":0.039108,"34":0.06518,"35":0.06518,"36":0.071698,"37":0.091252,"38":0.410634,"39":4.080268,"40":3.708742,"41":0.06518,"42":0.006518,"43":0},"opera":{"9":0,"9.5-9.6":0,"10.0-10.1":0,"10.5":0,"10.6":0,"11":0.006518,"11.1":0,"11.5":0,"11.6":0,"12":0.006518,"12.1":0.06518,"15":0,"16":0,"17":0,"18":0,"19":0,"20":0,"21":0,"22":0,"23":0,"24":0,"25":0,"26":0,"27":0,"28":0.006518,"29":0.006518,"30":0.091252,"31":0.29331,"32":0.006518,"33":0},"safari":{"3.1":0,"3.2":0,"4":0.013036,"5":0.084734,"5.1":0.267238,"6":0.026072,"6.1":0.175986,"7":0.104288,"7.1":0.527958,"8":2.372552,"9":0.039108},"android":{"2.1":0,"2.2":0,"2.3":0.0964751955136,"3":0,"4":0.3075146857,"4.1":1.07931624981,"4.2-4.3":2.34706061586,"4.4":0.015074249299,"4.4.3-4.4.4":2.06818700382,"44":null},"ios_saf":{"3.2":0,"4.0-4.1":0,"4.2-4.3":0,"5.0-5.1":0.0667465439179,"6.0-6.1":0.111244239863,"7.0-7.1":1.83330507294,"8":0.251411982091,"8.1-8.4":19.7058046494,"9":0.144617511822},"op_mob":{"10":0,"11":0,"11.1":0,"11.5":0,"12":0.00112078484469,"12.1":0.00224156968938,"0":0.0347443301855},"ie":{"5.5":0,"6":0.0130839705612,"7":0.0457938969641,"8":0.745786321987,"9":1.33456499724,"10":0.948587865685,"11":11.1148329917},"bb":{"7":0.01741,"10":null},"ie_mob":{"10":0.111984661017,"11":0.462545338983},"and_uc":{"0":0.55712},"op_mini":{"5.0-8.0":0.39017931528},"and_chr":{"0":16.886442},"and_ff":{"0":0.13928},"edge":{"12":1.212348,"13":null}},"total":99.0866180442}