{"id":"PE","name":"Peru","month":"2015-08","access_date":"2015-09-03","data":{"chrome":{"4":0.008222,"5":0.008222,"6":0,"7":0,"8":0.008222,"9":0.008222,"10":0.008222,"11":0.057554,"12":0.016444,"13":0.024666,"14":0.008222,"15":0.016444,"16":0.008222,"17":0.008222,"18":0.04111,"19":0.008222,"20":0.032888,"21":0.024666,"22":0.147996,"23":0.049332,"24":0.032888,"25":0.073998,"26":0.131552,"27":0.049332,"28":0.032888,"29":0.098664,"30":0.065776,"31":0.16444,"32":0.065776,"33":0.16444,"34":0.147996,"35":0.180884,"36":0.238438,"37":0.24666,"38":0.28777,"39":0.57554,"40":0.386434,"41":0.419322,"42":0.542652,"43":3.708122,"44":51.46972,"45":0.230216,"46":0.131552,"47":0.008222,"48":0},"firefox":{"2":0,"3":0.04111,"3.5":0.008222,"3.6":0.032888,"4":0.008222,"5":0.008222,"6":0.008222,"7":0,"8":0.016444,"9":0.008222,"10":0.008222,"11":0.008222,"12":0.024666,"13":0.016444,"14":0.024666,"15":0.008222,"16":0.024666,"17":0.016444,"18":0.008222,"19":0.008222,"20":0.024666,"21":0.016444,"22":0.008222,"23":0.016444,"24":0.016444,"25":0.008222,"26":0.024666,"27":0.016444,"28":0.016444,"29":0.04111,"30":0.065776,"31":0.049332,"32":0.04111,"33":0.057554,"34":0.065776,"35":0.08222,"36":0.090442,"37":0.279548,"38":0.45221,"39":2.885922,"40":2.244606,"41":0.024666,"42":0.008222,"43":0},"opera":{"9":0,"9.5-9.6":0,"10.0-10.1":0,"10.5":0,"10.6":0,"11":0,"11.1":0,"11.5":0,"11.6":0,"12":0.008222,"12.1":0.024666,"15":0,"16":0,"17":0,"18":0,"19":0,"20":0,"21":0,"22":0,"23":0,"24":0,"25":0,"26":0,"27":0,"28":0.008222,"29":0.016444,"30":0.156218,"31":0.468654,"32":0.008222,"33":0},"safari":{"3.1":0,"3.2":0,"4":0.016444,"5":0.016444,"5.1":0.032888,"6":0.016444,"6.1":0.024666,"7":0.04111,"7.1":0.106886,"8":0.394656,"9":0.008222},"android":{"2.1":0,"2.2":0,"2.3":0.0578773061433,"3":0,"4":0.184483913332,"4.1":0.647502362478,"4.2-4.3":1.40804633852,"4.4":0.00904332908488,"4.4.3-4.4.4":1.24074475045,"44":null},"ios_saf":{"3.2":0,"4.0-4.1":0,"4.2-4.3":0,"5.0-5.1":0.00700791427709,"6.0-6.1":0.0116798571285,"7.0-7.1":0.192484045477,"8":0.0263964771104,"8.1-8.4":2.06896989174,"9":0.015183814267},"op_mob":{"10":0,"11":0,"11.1":0,"11.5":0,"12":0.00664893912846,"12.1":0.0132978782569,"0":0.206117112982},"ie":{"5.5":0,"6":0.0419233882935,"7":0.0251540329761,"8":2.32255571146,"9":0.855237121187,"10":1.70208956472,"11":5.04757595054},"bb":{"7":0.046228,"10":null},"ie_mob":{"10":0.212440864407,"11":0.877473135593},"and_uc":{"0":0.209804},"op_mini":{"5.0-8.0":2.31469806963},"and_chr":{"0":10.75328},"and_ff":{"0":0.136906},"edge":{"12":0.271326,"13":null}},"total":99.0150017692}