{"id":"PL","name":"Poland","month":"2015-08","access_date":"2015-09-03","data":{"chrome":{"4":0,"5":0,"6":0,"7":0,"8":0,"9":0,"10":0.004717,"11":0.04717,"12":0.004717,"13":0,"14":0.004717,"15":0,"16":0,"17":0,"18":0.014151,"19":0,"20":0,"21":0.028302,"22":0.023585,"23":0.004717,"24":0.004717,"25":0.004717,"26":0.023585,"27":0.004717,"28":0.009434,"29":0.004717,"30":0.009434,"31":0.075472,"32":0.018868,"33":0.042453,"34":0.084906,"35":0.113208,"36":0.04717,"37":0.04717,"38":0.084906,"39":0.160378,"40":0.070755,"41":0.056604,"42":0.136793,"43":0.811324,"44":18.707622,"45":0.051887,"46":0.028302,"47":0.004717,"48":0},"firefox":{"2":0,"3":0.004717,"3.5":0.004717,"3.6":0.018868,"4":0.004717,"5":0.004717,"6":0.004717,"7":0.004717,"8":0.004717,"9":0.004717,"10":0.009434,"11":0.009434,"12":0.028302,"13":0.004717,"14":0.009434,"15":0.009434,"16":0.014151,"17":0.023585,"18":0.009434,"19":0.004717,"20":0.009434,"21":0.009434,"22":0.004717,"23":0.009434,"24":0.018868,"25":0.004717,"26":0.014151,"27":0.014151,"28":0.023585,"29":0.014151,"30":0.023585,"31":0.056604,"32":0.033019,"33":0.042453,"34":0.061321,"35":0.084906,"36":0.075472,"37":0.127359,"38":0.367926,"39":6.433988,"40":5.542475,"41":0.042453,"42":0.009434,"43":0.004717},"opera":{"9":0,"9.5-9.6":0,"10.0-10.1":0,"10.5":0,"10.6":0,"11":0.004717,"11.1":0,"11.5":0.004717,"11.6":0.009434,"12":0.014151,"12.1":0.367926,"15":0.004717,"16":0.004717,"17":0.004717,"18":0.014151,"19":0.004717,"20":0.018868,"21":0.009434,"22":0.004717,"23":0.004717,"24":0.004717,"25":0.009434,"26":0.023585,"27":0.009434,"28":0.042453,"29":0.070755,"30":0.820758,"31":2.287745,"32":0.023585,"33":0},"safari":{"3.1":0,"3.2":0,"4":0,"5":0.009434,"5.1":0.037736,"6":0.004717,"6.1":0.018868,"7":0.014151,"7.1":0.066038,"8":0.316039,"9":0.014151},"android":{"2.1":0,"2.2":0,"2.3":0.246048872801,"3":0,"4":0.784280782055,"4.1":2.75267176447,"4.2-4.3":5.98590773362,"4.4":0.0384451363752,"4.4.3-4.4.4":5.27467271068,"44":null},"ios_saf":{"3.2":0,"4.0-4.1":0,"4.2-4.3":0,"5.0-5.1":0.00319495925143,"6.0-6.1":0.00532493208572,"7.0-7.1":0.0877548807727,"8":0.0120343465137,"8.1-8.4":0.943258469665,"9":0.00692241171144},"op_mob":{"10":0,"11":0,"11.1":0,"11.5":0,"12":0.00836419899875,"12.1":0.0167283979975,"0":0.259290168961},"ie":{"5.5":0,"6":0.0189078479409,"7":0.0330887338965,"8":0.633412906019,"9":0.425426578669,"10":0.5436006283,"11":2.80781541922},"bb":{"7":0.0132075,"10":null},"ie_mob":{"10":0.707429516949,"11":2.92199148305},"and_uc":{"0":0.084528},"op_mini":{"5.0-8.0":2.91183223404},"and_chr":{"0":32.452546},"and_ff":{"0":0.258867},"edge":{"12":0.221699,"13":null}},"total":98.648084614}