{"id":"PR","name":"Puerto Rico","month":"2015-08","access_date":"2015-09-03","data":{"chrome":{"4":0,"5":0,"6":0,"7":0,"8":0,"9":0,"10":0,"11":0.069108,"12":0,"13":0,"14":0,"15":0,"16":0,"17":0,"18":0.011518,"19":0,"20":0.011518,"21":0.017277,"22":0.017277,"23":0,"24":0,"25":0.017277,"26":0.011518,"27":0.005759,"28":0.011518,"29":0.011518,"30":0.005759,"31":0.046072,"32":0.028795,"33":0.063349,"34":0.069108,"35":0.069108,"36":0.120939,"37":0.069108,"38":0.080626,"39":0.184288,"40":0.086385,"41":0.051831,"42":0.207324,"43":1.146041,"44":21.377408,"45":0.086385,"46":0.080626,"47":0,"48":0},"firefox":{"2":0,"3":0.005759,"3.5":0.005759,"3.6":0.023036,"4":0.005759,"5":0,"6":0.011518,"7":0,"8":0.005759,"9":0,"10":0.005759,"11":0.005759,"12":0.011518,"13":0.005759,"14":0.005759,"15":0.011518,"16":0.011518,"17":0.005759,"18":0.005759,"19":0.005759,"20":0.005759,"21":0.005759,"22":0.005759,"23":0.005759,"24":0.011518,"25":0.005759,"26":0.017277,"27":0.005759,"28":0.011518,"29":0.017277,"30":0.017277,"31":0.040313,"32":0.109421,"33":0.028795,"34":0.023036,"35":0.034554,"36":0.080626,"37":0.080626,"38":0.305227,"39":3.34022,"40":2.850705,"41":0.046072,"42":0.005759,"43":0.005759},"opera":{"9":0,"9.5-9.6":0,"10.0-10.1":0,"10.5":0,"10.6":0,"11":0.005759,"11.1":0,"11.5":0,"11.6":0.005759,"12":0.005759,"12.1":0.034554,"15":0,"16":0,"17":0,"18":0,"19":0,"20":0.005759,"21":0,"22":0,"23":0,"24":0,"25":0,"26":0.005759,"27":0.005759,"28":0.005759,"29":0.005759,"30":0.161252,"31":0.443443,"32":0.005759,"33":0},"safari":{"3.1":0,"3.2":0,"4":0.051831,"5":0.097903,"5.1":0.351299,"6":0.034554,"6.1":0.201565,"7":0.103662,"7.1":0.443443,"8":2.171143,"9":0.046072},"android":{"2.1":0,"2.2":0,"2.3":0.151401959725,"3":0,"4":0.482593746622,"4.1":1.69380942442,"4.2-4.3":3.68332580143,"4.4":0.023656556207,"4.4.3-4.4.4":3.2456795116,"44":null},"ios_saf":{"3.2":0,"4.0-4.1":0,"4.2-4.3":0,"5.0-5.1":0.0502436613341,"6.0-6.1":0.0837394355569,"7.0-7.1":1.38002589798,"8":0.189251124359,"8.1-8.4":14.8336036145,"9":0.108861266224},"op_mob":{"10":0,"11":0,"11.1":0,"11.5":0,"12":0.000432833883263,"12.1":0.000865667766526,"0":0.0134178503812},"ie":{"5.5":0,"6":0.00576513312034,"7":0.0403559318424,"8":0.651460042599,"9":0.749467305644,"10":1.02619369542,"11":8.33638249201},"bb":{"7":0.008482,"10":null},"ie_mob":{"10":0.211618711864,"11":0.874077288136},"and_uc":{"0":0.067856},"op_mini":{"5.0-8.0":0.150682647969},"and_chr":{"0":23.857567},"and_ff":{"0":0.152676},"edge":{"12":1.082692,"13":null}},"total":98.4991676006}