{"id":"PS","name":"Palestinian Territory","month":"2015-08","access_date":"2015-09-03","data":{"chrome":{"4":0.014786,"5":0.014786,"6":0.014786,"7":0.007393,"8":0.007393,"9":0.007393,"10":0.029572,"11":0.088716,"12":0.029572,"13":0.029572,"14":0.022179,"15":0.059144,"16":0.014786,"17":0.014786,"18":0.014786,"19":0.007393,"20":0.014786,"21":0.007393,"22":0.051751,"23":0.014786,"24":0.022179,"25":0.022179,"26":0.044358,"27":0.044358,"28":0.044358,"29":0.022179,"30":0.059144,"31":0.036965,"32":0.051751,"33":0.155253,"34":0.036965,"35":0.07393,"36":0.140467,"37":0.317899,"38":0.317899,"39":0.22179,"40":0.680156,"41":0.170039,"42":0.554475,"43":2.521013,"44":35.035427,"45":0.103502,"46":0.155253,"47":0.007393,"48":0},"firefox":{"2":0,"3":0.007393,"3.5":0.029572,"3.6":0.133074,"4":0.014786,"5":0.007393,"6":0.014786,"7":0.014786,"8":0.007393,"9":0.014786,"10":0.014786,"11":0.022179,"12":0.199611,"13":0.029572,"14":0.07393,"15":0.051751,"16":0.029572,"17":0.036965,"18":0.036965,"19":0.044358,"20":0.022179,"21":0.029572,"22":0.059144,"23":0.022179,"24":0.014786,"25":0.029572,"26":0.044358,"27":0.044358,"28":0.022179,"29":0.081323,"30":0.103502,"31":0.044358,"32":0.118288,"33":0.125681,"34":0.133074,"35":0.207004,"36":0.207004,"37":0.258755,"38":0.791051,"39":6.084439,"40":4.576267,"41":0.184825,"42":0.007393,"43":0},"opera":{"9":0,"9.5-9.6":0,"10.0-10.1":0,"10.5":0,"10.6":0,"11":0,"11.1":0.007393,"11.5":0.007393,"11.6":0.007393,"12":0.007393,"12.1":8.464985,"15":0,"16":0,"17":0,"18":0.014786,"19":0,"20":0,"21":0,"22":0,"23":0,"24":0,"25":0,"26":0,"27":0,"28":0.007393,"29":0.029572,"30":0.214397,"31":0.776265,"32":0.007393,"33":0},"safari":{"3.1":0,"3.2":0,"4":0.007393,"5":0.022179,"5.1":0.022179,"6":0.007393,"6.1":0.007393,"7":0.022179,"7.1":0.07393,"8":0.310506,"9":0.007393},"android":{"2.1":0,"2.2":0,"2.3":0.121067199592,"3":0,"4":0.3859016987,"4.1":1.35443929544,"4.2-4.3":2.94533796508,"4.4":0.0189167499363,"4.4.3-4.4.4":2.59537809126,"44":null},"ios_saf":{"3.2":0,"4.0-4.1":0,"4.2-4.3":0,"5.0-5.1":0.0118722155146,"6.0-6.1":0.0197870258577,"7.0-7.1":0.326090186135,"8":0.0447186784385,"8.1-8.4":3.50507376044,"9":0.0257231336151},"op_mob":{"10":0,"11":0,"11.1":0,"11.5":0,"12":0.00638565206508,"12.1":0.0127713041302,"0":0.197955214018},"ie":{"5.5":0,"6":0.0224503027523,"7":0.0374171712538,"8":1.56403775841,"9":0.381655146789,"10":0.344237975535,"11":2.52940077676},"bb":{"7":0.0039105,"10":null},"ie_mob":{"10":0.0472573983051,"11":0.195193601695},"and_uc":{"0":0.268521},"op_mini":{"5.0-8.0":2.22303982979},"and_chr":{"0":13.541615},"and_ff":{"0":0.127743},"edge":{"12":0.266148,"13":null}},"total":98.4485936315}