{"id":"PW","name":"Palau","month":"2015-08","access_date":"2015-09-03","data":{"chrome":{"4":0,"5":0,"6":0,"7":0.007766,"8":0.823196,"9":0,"10":0.085426,"11":0.023298,"12":0.007766,"13":0,"14":0.007766,"15":0,"16":0,"17":0,"18":0.023298,"19":0.007766,"20":0.007766,"21":0.015532,"22":0,"23":0,"24":0.015532,"25":0.054362,"26":0.015532,"27":0.046596,"28":0.023298,"29":0,"30":0.031064,"31":0.100958,"32":0.139788,"33":1.529902,"34":0.023298,"35":0.054362,"36":0.023298,"37":0.062128,"38":0.574684,"39":0.139788,"40":0.085426,"41":0.147554,"42":0.900856,"43":1.040644,"44":20.781816,"45":0.062128,"46":0.007766,"47":0,"48":0},"firefox":{"2":0,"3":0,"3.5":0,"3.6":0.015532,"4":0.007766,"5":0,"6":0.015532,"7":0.007766,"8":0.015532,"9":0,"10":0.046596,"11":0,"12":0.023298,"13":0.007766,"14":0.170852,"15":0.023298,"16":0,"17":0.015532,"18":0,"19":0,"20":0,"21":0.023298,"22":0.023298,"23":0.03883,"24":1.327986,"25":0,"26":0.069894,"27":0,"28":0.023298,"29":1.032878,"30":0.163086,"31":0.683408,"32":0.031064,"33":0.07766,"34":0.108724,"35":0.093192,"36":0.007766,"37":0.256278,"38":0.163086,"39":4.317896,"40":5.24205,"41":0.885324,"42":0.007766,"43":0},"opera":{"9":0,"9.5-9.6":0,"10.0-10.1":0,"10.5":0,"10.6":0,"11":0,"11.1":0,"11.5":0,"11.6":0,"12":0,"12.1":0.031064,"15":0,"16":0.007766,"17":0,"18":0,"19":0,"20":0,"21":0,"22":0,"23":0,"24":0,"25":0,"26":0,"27":0.007766,"28":0,"29":0,"30":0.046596,"31":0.054362,"32":0,"33":0},"safari":{"3.1":0,"3.2":0,"4":0.015532,"5":0.100958,"5.1":0.163086,"6":0.062128,"6.1":0.287342,"7":0.178618,"7.1":0.15532,"8":0.768834,"9":0},"android":{"2.1":0,"2.2":0,"2.3":0.335296212083,"3":0,"4":1.06875667601,"4.1":3.75112637267,"4.2-4.3":8.15712815957,"4.4":0.0523900331379,"4.4.3-4.4.4":7.18791254652,"44":null},"ios_saf":{"3.2":0,"4.0-4.1":0,"4.2-4.3":0,"5.0-5.1":0.0158982130999,"6.0-6.1":0.0264970218332,"7.0-7.1":0.436670919811,"8":0.059883269343,"8.1-8.4":4.69368244753,"9":0.0344461283831},"op_mob":{"10":0,"11":0,"11.1":0,"11.5":0,"12":0.00616186460348,"12.1":0.012323729207,"0":0.191017802708},"ie":{"5.5":0,"6":0.015532,"7":0.023298,"8":1.219262,"9":8.030044,"10":1.00958,"11":5.917692},"bb":{"7":0.010053,"10":null},"ie_mob":{"10":0.118875305085,"11":0.491006694915},"and_uc":{"0":1.673266},"op_mini":{"5.0-8.0":2.14513260348},"and_chr":{"0":8.559224},"and_ff":{"0":0.113934},"edge":{"12":0.178618,"13":null}},"total":99.210693}