{"id":"QA","name":"Qatar","month":"2015-08","access_date":"2015-09-03","data":{"chrome":{"4":0,"5":0.004263,"6":0.004263,"7":0.004263,"8":0,"9":0.004263,"10":0.008526,"11":0.029841,"12":0.059682,"13":0,"14":0.012789,"15":0.004263,"16":0,"17":0,"18":0.008526,"19":0.008526,"20":0,"21":0.004263,"22":0.080997,"23":0.008526,"24":0.004263,"25":0.008526,"26":0.029841,"27":0.021315,"28":0.012789,"29":0.012789,"30":0.025578,"31":0.063945,"32":0.017052,"33":0.102312,"34":0.034104,"35":0.051156,"36":0.072471,"37":0.04263,"38":0.063945,"39":0.149205,"40":0.161994,"41":0.072471,"42":0.358092,"43":0.908019,"44":20.8887,"45":0.123627,"46":0.289884,"47":0,"48":0},"firefox":{"2":0,"3":0.004263,"3.5":0,"3.6":0.012789,"4":0,"5":0,"6":0.008526,"7":0.004263,"8":0,"9":0.004263,"10":0.004263,"11":0.008526,"12":0.004263,"13":0.004263,"14":0.004263,"15":0.008526,"16":0.008526,"17":0.029841,"18":0.004263,"19":0.004263,"20":0.004263,"21":0.004263,"22":0.004263,"23":0.008526,"24":0.008526,"25":0.004263,"26":0.008526,"27":0.004263,"28":0.004263,"29":0.012789,"30":0.008526,"31":0.021315,"32":0.012789,"33":0.021315,"34":0.025578,"35":0.038367,"36":0.04263,"37":0.04263,"38":0.140679,"39":1.538943,"40":1.270374,"41":0.106575,"42":0,"43":0},"opera":{"9":0,"9.5-9.6":0,"10.0-10.1":0,"10.5":0,"10.6":0,"11":0,"11.1":0,"11.5":0,"11.6":0.004263,"12":0,"12.1":0.059682,"15":0.004263,"16":0,"17":0.004263,"18":0,"19":0,"20":0.004263,"21":0,"22":0.004263,"23":0,"24":0,"25":0.004263,"26":0.004263,"27":0,"28":0.004263,"29":0.008526,"30":0.179046,"31":0.38367,"32":0.004263,"33":0},"safari":{"3.1":0,"3.2":0,"4":0.004263,"5":0.021315,"5.1":0.093786,"6":0.025578,"6.1":0.059682,"7":0.068208,"7.1":0.21315,"8":0.844074,"9":0.004263},"android":{"2.1":0,"2.2":0,"2.3":0.121873553913,"3":0,"4":0.388471953097,"4.1":1.3634603844,"4.2-4.3":2.96495505379,"4.4":0.0190427427989,"4.4.3-4.4.4":2.61266431201,"44":null},"ios_saf":{"3.2":0,"4.0-4.1":0,"4.2-4.3":0,"5.0-5.1":0.0262489405373,"6.0-6.1":0.0437482342288,"7.0-7.1":0.720970900091,"8":0.0988710093571,"8.1-8.4":7.74956221129,"9":0.0568727044974},"op_mob":{"10":0,"11":0,"11.1":0,"11.5":0,"12":0.0378632861531,"12.1":0.0757265723063,"0":1.17376187075},"ie":{"5.5":0,"6":0.0128431047065,"7":0.0214051745108,"8":0.941827678477,"9":0.86905008514,"10":0.732056968271,"11":5.49684881438},"bb":{"7":0.06740975,"10":null},"ie_mob":{"10":0.128596313559,"11":0.531158686441},"and_uc":{"0":13.935173},"op_mini":{"5.0-8.0":13.1813622708},"and_chr":{"0":15.413222},"and_ff":{"0":0.063107},"edge":{"12":0.34104,"13":null}},"total":98.3992705755}