{"id":"RE","name":"Reunion","month":"2015-08","access_date":"2015-09-03","data":{"chrome":{"4":0.008058,"5":0.008058,"6":0,"7":0.008058,"8":0,"9":0,"10":0,"11":0.032232,"12":0.008058,"13":0,"14":0.008058,"15":0,"16":0.016116,"17":0,"18":0.008058,"19":0,"20":0.008058,"21":0.008058,"22":0.096696,"23":0.08058,"24":0.024174,"25":0.016116,"26":0.04029,"27":0.016116,"28":0.072522,"29":0.056406,"30":0.177276,"31":0.128928,"32":0.04029,"33":0.096696,"34":0.08058,"35":0.209508,"36":0.217566,"37":0.096696,"38":0.153102,"39":0.257856,"40":0.16116,"41":0.088638,"42":0.298146,"43":1.24899,"44":25.696962,"45":0.136986,"46":0.056406,"47":0,"48":0},"firefox":{"2":0,"3":0.016116,"3.5":0.016116,"3.6":0.128928,"4":0.072522,"5":0.008058,"6":0.04029,"7":0.04029,"8":0.008058,"9":0.008058,"10":0.016116,"11":0.072522,"12":0.04029,"13":0.016116,"14":0.056406,"15":0.16116,"16":0.193392,"17":0.032232,"18":0.04029,"19":0.016116,"20":0.088638,"21":0.032232,"22":0.024174,"23":0.394842,"24":0.338436,"25":0.072522,"26":0.064464,"27":0.024174,"28":0.08058,"29":0.072522,"30":0.112812,"31":0.177276,"32":0.556002,"33":0.193392,"34":0.290088,"35":0.193392,"36":0.169218,"37":0.427074,"38":0.76551,"39":10.402878,"40":11.055576,"41":0.16116,"42":0.008058,"43":0},"opera":{"9":0,"9.5-9.6":0,"10.0-10.1":0,"10.5":0,"10.6":0,"11":0.008058,"11.1":0,"11.5":0,"11.6":0,"12":0.008058,"12.1":0.056406,"15":0,"16":0,"17":0,"18":0,"19":0,"20":0.008058,"21":0,"22":0,"23":0,"24":0,"25":0,"26":0,"27":0,"28":0.024174,"29":0.016116,"30":0.185334,"31":0.56406,"32":0.016116,"33":0},"safari":{"3.1":0,"3.2":0,"4":0.04029,"5":0.507654,"5.1":0.64464,"6":0.088638,"6.1":0.435132,"7":0.24174,"7.1":0.854148,"8":2.634966,"9":0.032232},"android":{"2.1":0,"2.2":0,"2.3":0.084190556207,"3":0,"4":0.26835739791,"4.1":0.941881847566,"4.2-4.3":2.04819837522,"4.4":0.0131547744073,"4.4.3-4.4.4":1.80483504869,"44":null},"ios_saf":{"3.2":0,"4.0-4.1":0,"4.2-4.3":0,"5.0-5.1":0.0218424932086,"6.0-6.1":0.0364041553476,"7.0-7.1":0.599940480129,"8":0.0822733910856,"8.1-8.4":6.44863207828,"9":0.0473254019519},"op_mob":{"10":0,"11":0,"11.1":0,"11.5":0,"12":0.00150936420526,"12.1":0.00301872841051,"0":0.046790290363},"ie":{"5.5":0,"6":0.00807321813031,"7":0.0161464362606,"8":0.597418141643,"9":0.331001943343,"10":0.645857450425,"11":6.92682115581},"bb":{"7":0.0053405,"10":null},"ie_mob":{"10":0.118478457627,"11":0.489367542373},"and_uc":{"0":0.064086},"op_mini":{"5.0-8.0":0.525455617021},"and_chr":{"0":12.073946},"and_ff":{"0":0.196142},"edge":{"12":0.789684,"13":null}},"total":97.9515868456}