{"id":"SE","name":"Sweden","month":"2015-08","access_date":"2015-09-03","data":{"chrome":{"4":0,"5":0,"6":0,"7":0,"8":0,"9":0,"10":0,"11":0.021642,"12":0.007214,"13":0,"14":0,"15":0,"16":0,"17":0,"18":0.007214,"19":0,"20":0,"21":0.007214,"22":0.028856,"23":0,"24":0.007214,"25":0.007214,"26":0.014428,"27":0.007214,"28":0.007214,"29":0.014428,"30":0.007214,"31":0.10821,"32":0.021642,"33":0.050498,"34":0.050498,"35":0.086568,"36":0.043284,"37":0.064926,"38":0.093782,"39":0.187564,"40":0.10821,"41":0.129852,"42":0.158708,"43":1.284092,"44":27.391558,"45":0.129852,"46":0.064926,"47":0,"48":0},"firefox":{"2":0,"3":0,"3.5":0,"3.6":0.014428,"4":0,"5":0,"6":0.007214,"7":0,"8":0,"9":0,"10":0.007214,"11":0.007214,"12":0.007214,"13":0,"14":0.007214,"15":0.007214,"16":0.028856,"17":0.03607,"18":0.007214,"19":0.007214,"20":0.014428,"21":0.014428,"22":0.007214,"23":0.007214,"24":0.03607,"25":0.007214,"26":0.014428,"27":0.007214,"28":0.014428,"29":0.014428,"30":0.043284,"31":0.14428,"32":0.014428,"33":0.03607,"34":0.064926,"35":0.079354,"36":0.043284,"37":0.100996,"38":0.490552,"39":5.020944,"40":4.414968,"41":0.03607,"42":0.007214,"43":0.007214},"opera":{"9":0,"9.5-9.6":0,"10.0-10.1":0.007214,"10.5":0,"10.6":0,"11":0.028856,"11.1":0,"11.5":0,"11.6":0.007214,"12":0.014428,"12.1":0.079354,"15":0,"16":0,"17":0,"18":0,"19":0,"20":0,"21":0,"22":0,"23":0,"24":0,"25":0,"26":0,"27":0,"28":0.014428,"29":0.007214,"30":0.129852,"31":0.39677,"32":0.007214,"33":0},"safari":{"3.1":0,"3.2":0,"4":0.021642,"5":0.086568,"5.1":0.339058,"6":0.079354,"6.1":0.302988,"7":0.223634,"7.1":0.872894,"8":3.181374,"9":0.043284},"android":{"2.1":0,"2.2":0,"2.3":0.048341583482,"3":0,"4":0.154088797349,"4.1":0.540821465205,"4.2-4.3":1.17606008565,"4.4":0.00755337241907,"4.4.3-4.4.4":1.0363226959,"44":null},"ios_saf":{"3.2":0,"4.0-4.1":0,"4.2-4.3":0,"5.0-5.1":0.0684484998491,"6.0-6.1":0.114080833082,"7.0-7.1":1.88005212919,"8":0.257822682765,"8.1-8.4":20.2082787721,"9":0.148305083006},"op_mob":{"10":0,"11":0,"11.1":0,"11.5":0,"12":0.000364535214473,"12.1":0.000729070428945,"0":0.0113005916487},"ie":{"5.5":0,"6":0.00722576195652,"7":0.0216772858696,"8":0.447997241304,"9":1.163347675,"10":1.163347675,"11":10.470129075},"bb":{"7":0.002786,"10":null},"ie_mob":{"10":0.0651640677966,"11":0.269155932203},"and_uc":{"0":0.050148},"op_mini":{"5.0-8.0":0.126905802708},"and_chr":{"0":11.78248},"and_ff":{"0":0.150444},"edge":{"12":0.959462,"13":null}},"total":99.0651327141}