{"id":"SH","name":"Saint Helena","month":"2015-08","access_date":"2015-09-03","data":{"chrome":{"4":0,"5":0,"6":0,"7":0,"8":0,"9":0,"10":0,"11":0,"12":0,"13":0,"14":0,"15":0,"16":0,"17":0,"18":0,"19":0,"20":0,"21":0.07672,"22":0,"23":0,"24":0,"25":0,"26":0,"27":0.07672,"28":0,"29":0,"30":0,"31":0,"32":0.04795,"33":0.15344,"34":0.68089,"35":0.02877,"36":0.42196,"37":0.07672,"38":0,"39":0.04795,"40":0.97818,"41":0.04795,"42":0.07672,"43":8.77485,"44":25.6053,"45":0,"46":0,"47":0,"48":0},"firefox":{"2":0,"3":0.13426,"3.5":0,"3.6":0,"4":0,"5":0,"6":0,"7":0,"8":0,"9":0,"10":0,"11":0.07672,"12":0.2877,"13":0,"14":0.07672,"15":0,"16":0,"17":0,"18":0,"19":0.13426,"20":0,"21":0.07672,"22":0,"23":0,"24":0,"25":0.04795,"26":0,"27":0.02877,"28":0.02877,"29":0.02877,"30":0.2877,"31":0,"32":0.49868,"33":0,"34":0.07672,"35":0.39319,"36":0.04795,"37":0.18221,"38":0.2877,"39":2.9729,"40":3.87436,"41":0.02877,"42":0,"43":0},"opera":{"9":0,"9.5-9.6":0,"10.0-10.1":0.02877,"10.5":0,"10.6":0,"11":0,"11.1":0,"11.5":0,"11.6":0,"12":0.02877,"12.1":0.04795,"15":0,"16":0,"17":0,"18":0,"19":0,"20":0,"21":0,"22":0,"23":0,"24":0,"25":0,"26":0,"27":0,"28":0,"29":0,"30":0,"31":0.15344,"32":0,"33":0},"safari":{"3.1":0,"3.2":0,"4":0,"5":0.04795,"5.1":0.02877,"6":0.21098,"6.1":1.92759,"7":0,"7.1":0.10549,"8":0.02877,"9":0},"android":{"2.1":0,"2.2":0,"2.3":0.0183484068315,"3":0,"4":0.0584855467754,"4.1":0.205272801427,"4.2-4.3":0.446382334948,"4.4":0.00286693856742,"4.4.3-4.4.4":0.39334397145,"44":null},"ios_saf":{"3.2":0,"4.0-4.1":0,"4.2-4.3":0,"5.0-5.1":0.0223613945065,"6.0-6.1":0.0372689908441,"7.0-7.1":0.614192969112,"8":0.0842279193078,"8.1-8.4":6.60182903813,"9":0.0484496880974},"op_mob":{"10":0,"11":0,"11.1":0,"11.5":0,"12":0,"12.1":0,"0":0},"ie":{"5.5":0,"6":4.14179908904,"7":0.259463051981,"8":4.09375037571,"9":10.5322779619,"10":4.56462776634,"11":13.751541755},"bb":{"7":0,"10":null},"ie_mob":{"10":0.0970171186441,"11":0.400722881356},"and_uc":{"0":0},"op_mini":{"5.0-8.0":0},"and_chr":{"0":2.88324},"and_ff":{"0":0.08774},"edge":{"12":0,"13":null}},"total":98.61863}