{"id":"SI","name":"Slovenia","month":"2015-08","access_date":"2015-09-03","data":{"chrome":{"4":0,"5":0,"6":0,"7":0,"8":0,"9":0,"10":0,"11":0.060067,"12":0.008581,"13":0,"14":0,"15":0,"16":0,"17":0,"18":0.017162,"19":0,"20":0,"21":0.008581,"22":0.025743,"23":0.008581,"24":0,"25":0,"26":0.025743,"27":0.008581,"28":0.008581,"29":0.017162,"30":0.017162,"31":0.077229,"32":0.025743,"33":0.060067,"34":0.094391,"35":0.08581,"36":0.094391,"37":0.077229,"38":0.128715,"39":0.266011,"40":0.094391,"41":0.094391,"42":0.163039,"43":1.278569,"44":35.310815,"45":0.17162,"46":0.17162,"47":0.025743,"48":0},"firefox":{"2":0,"3":0.008581,"3.5":0.025743,"3.6":0.034324,"4":0.017162,"5":0.008581,"6":0.008581,"7":0.008581,"8":0.008581,"9":0.008581,"10":0.017162,"11":0.017162,"12":0.025743,"13":0.008581,"14":0.008581,"15":0.008581,"16":0.025743,"17":0.111553,"18":0.008581,"19":0.008581,"20":0.025743,"21":0.017162,"22":0.008581,"23":0.008581,"24":0.025743,"25":0.017162,"26":0.042905,"27":0.017162,"28":0.025743,"29":0.025743,"30":0.034324,"31":0.111553,"32":0.060067,"33":0.060067,"34":0.068648,"35":0.120134,"36":0.111553,"37":0.223106,"38":0.712223,"39":11.507121,"40":10.769155,"41":0.077229,"42":0.017162,"43":0.008581},"opera":{"9":0,"9.5-9.6":0,"10.0-10.1":0,"10.5":0,"10.6":0,"11":0,"11.1":0,"11.5":0.008581,"11.6":0.008581,"12":0.017162,"12.1":0.360402,"15":0,"16":0,"17":0,"18":0,"19":0,"20":0,"21":0,"22":0,"23":0,"24":0,"25":0,"26":0,"27":0,"28":0.008581,"29":0.017162,"30":0.214525,"31":0.763709,"32":0.017162,"33":0},"safari":{"3.1":0,"3.2":0,"4":0.017162,"5":0.060067,"5.1":0.163039,"6":0.034324,"6.1":0.137296,"7":0.060067,"7.1":0.283173,"8":1.278569,"9":0.042905},"android":{"2.1":0,"2.2":0,"2.3":0.0590083262809,"3":0,"4":0.18808904002,"4.1":0.660155650268,"4.2-4.3":1.4355619378,"4.4":0.00922005098139,"4.4.3-4.4.4":1.26499099465,"44":null},"ios_saf":{"3.2":0,"4.0-4.1":0,"4.2-4.3":0,"5.0-5.1":0.014821171144,"6.0-6.1":0.0247019519066,"7.0-7.1":0.407088167421,"8":0.055826411309,"8.1-8.4":4.37570376074,"9":0.0321125374786},"op_mob":{"10":0,"11":0,"11.1":0,"11.5":0,"12":0.00045674718398,"12.1":0.00091349436796,"0":0.0141591627034},"ie":{"5.5":0,"6":0.0515195851272,"7":0.0515195851272,"8":1.07332469015,"9":1.15919066536,"10":1.07332469015,"11":9.73720158904},"bb":{"7":0.00815925,"10":null},"ie_mob":{"10":0.105931957627,"11":0.437545042373},"and_uc":{"0":0.032637},"op_mini":{"5.0-8.0":0.159007595745},"and_chr":{"0":9.368903},"and_ff":{"0":0.124872},"edge":{"12":0.806614,"13":null}},"total":99.115176055}