{"id":"SK","name":"Slovakia (Slovak Republic)","month":"2015-08","access_date":"2015-09-03","data":{"chrome":{"4":0.017186,"5":0,"6":0,"7":0.008593,"8":0.008593,"9":0,"10":0,"11":0.068744,"12":0.017186,"13":0.008593,"14":0,"15":0.008593,"16":0.008593,"17":0,"18":0.025779,"19":0,"20":0,"21":0,"22":0.051558,"23":0.008593,"24":0.008593,"25":0.008593,"26":0.034372,"27":0.017186,"28":0.008593,"29":0.008593,"30":0.034372,"31":0.08593,"32":0.017186,"33":0.051558,"34":0.094523,"35":0.068744,"36":0.08593,"37":0.094523,"38":0.103116,"39":0.197639,"40":0.111709,"41":0.094523,"42":0.146081,"43":1.692821,"44":35.463311,"45":0.128895,"46":0.154674,"47":0.008593,"48":0},"firefox":{"2":0.008593,"3":0.025779,"3.5":0.008593,"3.6":0.060151,"4":0.008593,"5":0.008593,"6":0.017186,"7":0.008593,"8":0.008593,"9":0.017186,"10":0.008593,"11":0.017186,"12":0.060151,"13":0.008593,"14":0.008593,"15":0.008593,"16":0.017186,"17":0.017186,"18":0.017186,"19":0.008593,"20":0.017186,"21":0.025779,"22":0.008593,"23":0.017186,"24":0.034372,"25":0.025779,"26":0.025779,"27":0.017186,"28":0.034372,"29":0.042965,"30":0.111709,"31":0.094523,"32":0.060151,"33":0.17186,"34":0.128895,"35":0.137488,"36":0.146081,"37":0.850707,"38":0.962416,"39":11.918491,"40":11.102156,"41":0.120302,"42":0.017186,"43":0.008593},"opera":{"9":0,"9.5-9.6":0,"10.0-10.1":0,"10.5":0,"10.6":0.008593,"11":0.008593,"11.1":0.008593,"11.5":0.017186,"11.6":0.025779,"12":0.034372,"12.1":1.039753,"15":0,"16":0.008593,"17":0.008593,"18":0.017186,"19":0.017186,"20":0.034372,"21":0,"22":0,"23":0,"24":0.008593,"25":0.008593,"26":0.025779,"27":0.008593,"28":0.042965,"29":0.060151,"30":0.842114,"31":2.964585,"32":0.034372,"33":0.008593},"safari":{"3.1":0,"3.2":0,"4":0.008593,"5":0.060151,"5.1":0.137488,"6":0.017186,"6.1":0.068744,"7":0.17186,"7.1":0.197639,"8":1.048346,"9":0.051558},"android":{"2.1":0,"2.2":0,"2.3":0.0597895569717,"3":0,"4":0.190579212847,"4.1":0.668895668621,"4.2-4.3":1.4545678157,"4.4":0.00934211827683,"4.4.3-4.4.4":1.28173862758,"44":null},"ios_saf":{"3.2":0,"4.0-4.1":0,"4.2-4.3":0,"5.0-5.1":0.0107649773619,"6.0-6.1":0.0179416289365,"7.0-7.1":0.295678044874,"8":0.0405480813965,"8.1-8.4":3.17818014981,"9":0.0233241176175},"op_mob":{"10":0,"11":0,"11.1":0,"11.5":0,"12":0.00193672613494,"12.1":0.00387345226988,"0":0.0600385101832},"ie":{"5.5":0,"6":0.0517856291391,"7":0.0431546909492,"8":1.05297445916,"9":0.57827285872,"10":0.630058487859,"11":5.4374910596},"bb":{"7":0.015477,"10":null},"ie_mob":{"10":0.11929690678,"11":0.49274809322},"and_uc":{"0":0.088641},"op_mini":{"5.0-8.0":0.674233311412},"and_chr":{"0":8.752783},"and_ff":{"0":0.113967},"edge":{"12":1.013974,"13":null}},"total":98.7323021854}