{"id":"SO","name":"Somalia","month":"2015-08","access_date":"2015-09-03","data":{"chrome":{"4":0,"5":0.002253,"6":0.002253,"7":0.002253,"8":0.013518,"9":0.110397,"10":0.011265,"11":0.038301,"12":0.011265,"13":0.002253,"14":0.004506,"15":0.004506,"16":0.011265,"17":0,"18":0.006759,"19":0.002253,"20":0.013518,"21":0.002253,"22":0.002253,"23":0.013518,"24":0.002253,"25":0.018024,"26":0.038301,"27":0,"28":0.006759,"29":0.011265,"30":0.081108,"31":0.029289,"32":0.015771,"33":0.173481,"34":0.009012,"35":0.018024,"36":0.040554,"37":0.011265,"38":0.042807,"39":0.078855,"40":0.610563,"41":0.06759,"42":0.272613,"43":1.146777,"44":8.595195,"45":0.164469,"46":0.319926,"47":0,"48":0},"firefox":{"2":0,"3":0.002253,"3.5":0.004506,"3.6":0.038301,"4":0.033795,"5":0.009012,"6":0.002253,"7":0.002253,"8":0.006759,"9":0.009012,"10":0.013518,"11":0.058578,"12":0.042807,"13":0.024783,"14":0.011265,"15":0.027036,"16":0.02253,"17":0.006759,"18":0.004506,"19":0.042807,"20":0.006759,"21":0.009012,"22":0.011265,"23":0.020277,"24":0.006759,"25":0.006759,"26":0.020277,"27":0.009012,"28":0.018024,"29":0.063084,"30":0.038301,"31":0.036048,"32":0.020277,"33":0.056325,"34":0.087867,"35":0.081108,"36":0.130674,"37":0.446094,"38":0.446094,"39":1.978134,"40":1.320258,"41":0.164469,"42":0,"43":0},"opera":{"9":0,"9.5-9.6":0,"10.0-10.1":0,"10.5":0,"10.6":0.006759,"11":0.002253,"11.1":0,"11.5":0.004506,"11.6":0.002253,"12":0.002253,"12.1":0.060831,"15":0,"16":0,"17":0,"18":0.002253,"19":0.006759,"20":0.006759,"21":0.002253,"22":0,"23":0,"24":0,"25":0,"26":0,"27":0.002253,"28":0.004506,"29":0.006759,"30":0.200517,"31":0.295143,"32":0.002253,"33":0},"safari":{"3.1":0,"3.2":0,"4":0,"5":0.002253,"5.1":0.042807,"6":0,"6.1":0.009012,"7":0.011265,"7.1":0.04506,"8":0.13518,"9":0},"android":{"2.1":0,"2.2":0,"2.3":0.195219038491,"3":0,"4":0.62226068519,"4.1":2.18401299312,"4.2-4.3":4.74931317079,"4.4":0.0305029747642,"4.4.3-4.4.4":4.18500813765,"44":null},"ios_saf":{"3.2":0,"4.0-4.1":0,"4.2-4.3":0,"5.0-5.1":0.00517235436161,"6.0-6.1":0.00862059060268,"7.0-7.1":0.142067333132,"8":0.019482534762,"8.1-8.4":1.52705141936,"9":0.0112067677835},"op_mob":{"10":0,"11":0,"11.1":0,"11.5":0,"12":0.111867420412,"12.1":0.223734840824,"0":3.46789003277},"ie":{"5.5":0,"6":0.00451086609071,"7":0.00225543304536,"8":0.270651965443,"9":0.184945509719,"10":0.552581096112,"11":1.06456439741},"bb":{"7":0.03292475,"10":null},"ie_mob":{"10":0.128350720339,"11":0.530144279661},"and_uc":{"0":11.612753},"op_mini":{"5.0-8.0":38.944453706},"and_chr":{"0":8.976409},"and_ff":{"0":0.085217},"edge":{"12":0.042807,"13":null}},"total":98.1179660178}