{"id":"SR","name":"Suriname","month":"2015-08","access_date":"2015-09-03","data":{"chrome":{"4":0,"5":0,"6":0,"7":0,"8":0,"9":0,"10":0,"11":0.10058,"12":0.005029,"13":0,"14":0,"15":0,"16":0.005029,"17":0,"18":0.060348,"19":0,"20":0.010058,"21":0.005029,"22":0.145841,"23":0,"24":0,"25":0,"26":0.045261,"27":0.015087,"28":0.010058,"29":0.005029,"30":0.010058,"31":0.181044,"32":0.015087,"33":0.060348,"34":0.05029,"35":0.045261,"36":0.105609,"37":0.05029,"38":0.120696,"39":0.110638,"40":0.155899,"41":0.065377,"42":0.447581,"43":1.086264,"44":19.804202,"45":0.110638,"46":0.15087,"47":0,"48":0},"firefox":{"2":0,"3":0.020116,"3.5":0.005029,"3.6":0.005029,"4":0,"5":0.005029,"6":0.005029,"7":0,"8":0,"9":0,"10":0.005029,"11":0.015087,"12":0.010058,"13":0,"14":0.010058,"15":0.020116,"16":0.005029,"17":0,"18":0.005029,"19":0.010058,"20":0,"21":0.005029,"22":0,"23":0.010058,"24":0,"25":0.010058,"26":0,"27":0.005029,"28":0.010058,"29":0.015087,"30":0.010058,"31":0.010058,"32":0.010058,"33":0.015087,"34":0.015087,"35":0.030174,"36":0.055319,"37":0.055319,"38":0.165957,"39":2.776008,"40":2.268079,"41":0.105609,"42":0.010058,"43":0.010058},"opera":{"9":0,"9.5-9.6":0,"10.0-10.1":0,"10.5":0,"10.6":0,"11":0,"11.1":0,"11.5":0,"11.6":0,"12":0,"12.1":0.040232,"15":0,"16":0,"17":0,"18":0,"19":0,"20":0.030174,"21":0,"22":0,"23":0,"24":0,"25":0,"26":0.020116,"27":0.105609,"28":0.005029,"29":0.060348,"30":0.276595,"31":0.512958,"32":0.005029,"33":0},"safari":{"3.1":0,"3.2":0,"4":0,"5":0.010058,"5.1":0.055319,"6":0.005029,"6.1":0.055319,"7":0.020116,"7.1":0.090522,"8":0.55319,"9":0.025145},"android":{"2.1":0,"2.2":0,"2.3":0.329552526128,"3":0,"4":1.05044867703,"4.1":3.68686888606,"4.2-4.3":8.01739504971,"4.4":0.0514925822075,"4.4.3-4.4.4":7.06478227887,"44":null},"ios_saf":{"3.2":0,"4.0-4.1":0,"4.2-4.3":0,"5.0-5.1":0.0232976637489,"6.0-6.1":0.0388294395814,"7.0-7.1":0.639909164302,"8":0.0877545334541,"8.1-8.4":6.87824692746,"9":0.0504782714559},"op_mob":{"10":0,"11":0,"11.1":0,"11.5":0,"12":0.00522947616339,"12.1":0.0104589523268,"0":0.162113761065},"ie":{"5.5":0,"6":0.030234438658,"7":0.0957423890836,"8":1.10355701102,"9":0.574454334502,"10":0.821368916875,"11":7.41751561743},"bb":{"7":0.7431645,"10":null},"ie_mob":{"10":0.0862342118644,"11":0.356184788136},"and_uc":{"0":1.560894},"op_mini":{"5.0-8.0":1.82053981044},"and_chr":{"0":22.55241},"and_ff":{"0":0.09942},"edge":{"12":0.668857,"13":null}},"total":96.5886682076}