{"id":"SZ","name":"Swaziland","month":"2015-08","access_date":"2015-09-03","data":{"chrome":{"4":0.001317,"5":0,"6":0,"7":0.002634,"8":0,"9":0.001317,"10":0,"11":0.030291,"12":0.010536,"13":0,"14":0.001317,"15":0,"16":0,"17":0,"18":0.01317,"19":0,"20":0.002634,"21":0,"22":0.002634,"23":0,"24":0,"25":0.003951,"26":0.002634,"27":0,"28":0.001317,"29":0.001317,"30":0.001317,"31":0.01317,"32":0.003951,"33":0.014487,"34":0.003951,"35":0.02634,"36":0.032925,"37":0.006585,"38":0.006585,"39":0.043461,"40":0.044778,"41":0.010536,"42":0.047412,"43":0.242328,"44":3.050172,"45":0.023706,"46":0.003951,"47":0,"48":0},"firefox":{"2":0.005268,"3":0.002634,"3.5":0.001317,"3.6":0.009219,"4":0.002634,"5":0.006585,"6":0.001317,"7":0,"8":0.003951,"9":0.005268,"10":0.010536,"11":0.003951,"12":0.01317,"13":0.002634,"14":0.007902,"15":0.015804,"16":0.005268,"17":0.002634,"18":0.002634,"19":0.017121,"20":0.003951,"21":0.067167,"22":0.009219,"23":0.007902,"24":0.001317,"25":0.003951,"26":0.005268,"27":0.005268,"28":0.005268,"29":0.006585,"30":0.006585,"31":0.109311,"32":0.009219,"33":0.023706,"34":0.010536,"35":0.055314,"36":0.025023,"37":0.225207,"38":0.152772,"39":0.996969,"40":0.517581,"41":0.088239,"42":0,"43":0},"opera":{"9":0,"9.5-9.6":0,"10.0-10.1":0,"10.5":0,"10.6":0,"11":0,"11.1":0,"11.5":0,"11.6":0.005268,"12":0.001317,"12.1":0.139602,"15":0.006585,"16":0.001317,"17":0.002634,"18":0.007902,"19":0.001317,"20":0.001317,"21":0.017121,"22":0.001317,"23":0,"24":0.001317,"25":0.002634,"26":0.001317,"27":0.002634,"28":0.003951,"29":0.027657,"30":0.067167,"31":0.18438,"32":0,"33":0},"safari":{"3.1":0,"3.2":0,"4":0,"5":0.002634,"5.1":0.040827,"6":0.005268,"6.1":0.023706,"7":0.010536,"7.1":0.028974,"8":0.086922,"9":0.001317},"android":{"2.1":0,"2.2":0,"2.3":0.0427110680602,"3":0,"4":0.136141529442,"4.1":0.477830073923,"4.2-4.3":1.03908020265,"4.4":0.0066736043844,"4.4.3-4.4.4":0.91561852154,"44":null},"ios_saf":{"3.2":0,"4.0-4.1":0,"4.2-4.3":0,"5.0-5.1":0.00278484455177,"6.0-6.1":0.00464140758628,"7.0-7.1":0.0764903970218,"8":0.010489581145,"8.1-8.4":0.822178939833,"9":0.00603382986216},"op_mob":{"10":0,"11":0,"11.1":0,"11.5":0,"12":0.198822818296,"12.1":0.397645636591,"0":6.16350736716},"ie":{"5.5":0,"6":0.0105630351906,"7":0.0132037939883,"8":0.604733764663,"9":0.328774470308,"10":0.5624816239,"11":2.06903451796},"bb":{"7":0.095513,"10":null},"ie_mob":{"10":0.221710838983,"11":0.915762161017},"and_uc":{"0":2.413874},"op_mini":{"5.0-8.0":69.2162741779},"and_chr":{"0":3.451868},"and_ff":{"0":0.060781},"edge":{"12":0.096141,"13":null}},"total":97.145232206}