{"id":"TD","name":"Chad","month":"2015-08","access_date":"2015-09-03","data":{"chrome":{"4":0.000394,"5":0.000788,"6":0,"7":0,"8":0.002167,"9":0,"10":0,"11":0.012017,"12":0,"13":0,"14":0,"15":0,"16":0,"17":0,"18":0,"19":0,"20":0,"21":0.213351,"22":0.000197,"23":0.000394,"24":0.000591,"25":0.000788,"26":0.008471,"27":0,"28":0.000985,"29":0.002561,"30":0.002561,"31":0.018321,"32":0,"33":0.000788,"34":0.007092,"35":0.000788,"36":0.001773,"37":0.000197,"38":0.000788,"39":0.000788,"40":0.002167,"41":0.001576,"42":0.002167,"43":0.003349,"44":0.38218,"45":0.000197,"46":0.000394,"47":0,"48":0},"firefox":{"2":0.000394,"3":0.006501,"3.5":0.000394,"3.6":0.002364,"4":0.000788,"5":0.000197,"6":0.000394,"7":0.001576,"8":0,"9":0.003743,"10":0.002167,"11":0.000197,"12":0.00197,"13":0,"14":0.000985,"15":0.003152,"16":0.003743,"17":0.001576,"18":0.000197,"19":0.002561,"20":0.000788,"21":0.003349,"22":0.000788,"23":0.000788,"24":0.000591,"25":0.004137,"26":0,"27":0.002167,"28":0,"29":0.00394,"30":0.011032,"31":0.011623,"32":0.002561,"33":0.006698,"34":0.002561,"35":0.005516,"36":0.009259,"37":0.005713,"38":0.013396,"39":0.169223,"40":0.105592,"41":0.006501,"42":0,"43":0},"opera":{"9":0,"9.5-9.6":0,"10.0-10.1":0,"10.5":0,"10.6":0.000197,"11":0,"11.1":0,"11.5":0.000788,"11.6":0.006304,"12":0.001773,"12.1":0.006501,"15":0,"16":0,"17":0,"18":0.000394,"19":0.010047,"20":0.000394,"21":0.001379,"22":0,"23":0,"24":0,"25":0.000788,"26":0.000394,"27":0.000788,"28":0.000394,"29":0.013199,"30":0.039794,"31":0.024034,"32":0,"33":0},"safari":{"3.1":0,"3.2":0,"4":0,"5":0.000394,"5.1":0.012608,"6":0,"6.1":0.00591,"7":0.001773,"7.1":0.003743,"8":0.025019,"9":0},"android":{"2.1":0,"2.2":0,"2.3":0.0316772592404,"3":0,"4":0.100971263829,"4.1":0.354389337752,"4.2-4.3":0.770648322457,"4.4":0.00494957175631,"4.4.3-4.4.4":0.679081244966,"44":null},"ios_saf":{"3.2":0,"4.0-4.1":0,"4.2-4.3":0,"5.0-5.1":0.00226163296106,"6.0-6.1":0.00376938826844,"7.0-7.1":0.0621195186638,"8":0.00851881748667,"8.1-8.4":0.667709437871,"9":0.00490020474897},"op_mob":{"10":0,"11":0,"11.1":0,"11.5":0,"12":0.22998402378,"12.1":0.459968047559,"0":7.12950473717},"ie":{"5.5":0,"6":0,"7":0.000591,"8":0.035657,"9":0.015169,"10":0.017533,"11":0.09259},"bb":{"7":0.029409,"10":null},"ie_mob":{"10":0.0382150847458,"11":0.157844915254},"and_uc":{"0":3.656519},"op_mini":{"5.0-8.0":80.0644381915},"and_chr":{"0":2.44409},"and_ff":{"0":0.078424},"edge":{"12":0.000394,"13":null}},"total":98.364894}