{"id":"TG","name":"Togo","month":"2015-08","access_date":"2015-09-03","data":{"chrome":{"4":0.003084,"5":0.006168,"6":0.009252,"7":0,"8":0.006168,"9":0,"10":0.027756,"11":0.021588,"12":0.003084,"13":0.06168,"14":0.024672,"15":0.006168,"16":0.027756,"17":0.003084,"18":0.003084,"19":0.021588,"20":0.009252,"21":0.003084,"22":0.003084,"23":0.018504,"24":0.003084,"25":0.018504,"26":0.03084,"27":0.037008,"28":0.024672,"29":0.027756,"30":0.027756,"31":0.135696,"32":0.037008,"33":0.06168,"34":0.06168,"35":0.037008,"36":0.049344,"37":0.018504,"38":0.033924,"39":0.178872,"40":0.104856,"41":0.074016,"42":0.141864,"43":0.428676,"44":6.06006,"45":0.021588,"46":0.040092,"47":0,"48":0},"firefox":{"2":0.043176,"3":0.067848,"3.5":0.006168,"3.6":0.024672,"4":0.01542,"5":0.021588,"6":0.01542,"7":0.003084,"8":0.009252,"9":0.018504,"10":0.018504,"11":0.04626,"12":0.058596,"13":0.049344,"14":0.024672,"15":0.06168,"16":0.09252,"17":0.049344,"18":0.049344,"19":0.10794,"20":0.067848,"21":0.055512,"22":0.055512,"23":0.12336,"24":0.055512,"25":0.095604,"26":0.074016,"27":0.089436,"28":0.178872,"29":0.160368,"30":0.64764,"31":0.268308,"32":0.595212,"33":0.357744,"34":0.191208,"35":0.471852,"36":0.854268,"37":1.643772,"38":1.11024,"39":5.039256,"40":3.235116,"41":0.249804,"42":0.033924,"43":0.003084},"opera":{"9":0,"9.5-9.6":0,"10.0-10.1":0,"10.5":0,"10.6":0,"11":0.006168,"11.1":0,"11.5":0.003084,"11.6":0.01542,"12":0.003084,"12.1":0.049344,"15":0.003084,"16":0.055512,"17":0.012336,"18":0.003084,"19":0.009252,"20":0.003084,"21":0.006168,"22":0.006168,"23":0.01542,"24":0.003084,"25":0.003084,"26":0.012336,"27":0.003084,"28":0.01542,"29":0.037008,"30":0.743244,"31":0.792588,"32":0,"33":0},"safari":{"3.1":0,"3.2":0,"4":0.006168,"5":0.003084,"5.1":0.01542,"6":0.006168,"6.1":0.009252,"7":0.01542,"7.1":0.018504,"8":0.141864,"9":0},"android":{"2.1":0,"2.2":0,"2.3":0.0691723354576,"3":0,"4":0.220486819271,"4.1":0.773865502931,"4.2-4.3":1.68283322355,"4.4":0.0108081774152,"4.4.3-4.4.4":1.48288194137,"44":null},"ios_saf":{"3.2":0,"4.0-4.1":0,"4.2-4.3":0,"5.0-5.1":0.00287311801992,"6.0-6.1":0.0047885300332,"7.0-7.1":0.0789149749472,"8":0.010822077875,"8.1-8.4":0.848240210081,"9":0.00622508904316},"op_mob":{"10":0,"11":0,"11.1":0,"11.5":0,"12":0.13845377176,"12.1":0.27690754352,"0":4.29206692456},"ie":{"5.5":0,"6":0.0222245692308,"7":0.0444491384615,"8":0.473065830769,"9":0.130172476923,"10":0.507990153846,"11":1.238226},"bb":{"7":0.03458,"10":null},"ie_mob":{"10":0.109190745763,"11":0.451005254237},"and_uc":{"0":7.358624},"op_mini":{"5.0-8.0":48.1999717602},"and_chr":{"0":3.235272},"and_ff":{"0":0.10374},"edge":{"12":0.141864,"13":null}},"total":98.3210001692}