{"id":"TH","name":"Thailand","month":"2015-08","access_date":"2015-09-03","data":{"chrome":{"4":0.005073,"5":0.005073,"6":0.005073,"7":0.005073,"8":0.010146,"9":0.005073,"10":0.055803,"11":0.065949,"12":0.10146,"13":0.05073,"14":0.005073,"15":0.020292,"16":0.010146,"17":0.010146,"18":0.010146,"19":0.005073,"20":0.010146,"21":0.025365,"22":0.030438,"23":0.010146,"24":0.010146,"25":0.015219,"26":0.030438,"27":0.015219,"28":0.015219,"29":0.015219,"30":0.025365,"31":0.071022,"32":0.020292,"33":0.197847,"34":0.045657,"35":0.081168,"36":0.096387,"37":0.086241,"38":0.182628,"39":0.20292,"40":1.618287,"41":0.121752,"42":0.207993,"43":2.754639,"44":23.214048,"45":0.116679,"46":0.218139,"47":0.005073,"48":0},"firefox":{"2":0,"3":0.010146,"3.5":0.005073,"3.6":0.030438,"4":0.010146,"5":0.005073,"6":0.015219,"7":0.015219,"8":0.010146,"9":0.010146,"10":0.005073,"11":0.010146,"12":0.025365,"13":0.005073,"14":0.015219,"15":0.010146,"16":0.030438,"17":0.010146,"18":0.010146,"19":0.005073,"20":0.010146,"21":0.015219,"22":0.005073,"23":0.010146,"24":0.015219,"25":0.010146,"26":0.025365,"27":0.025365,"28":0.010146,"29":0.025365,"30":0.035511,"31":0.030438,"32":0.020292,"33":0.035511,"34":0.081168,"35":0.05073,"36":0.055803,"37":0.116679,"38":0.319599,"39":2.521281,"40":1.897302,"41":0.091314,"42":0.005073,"43":0.005073},"opera":{"9":0,"9.5-9.6":0,"10.0-10.1":0,"10.5":0,"10.6":0,"11":0.005073,"11.1":0,"11.5":0,"11.6":0,"12":0.005073,"12.1":0.020292,"15":0,"16":0,"17":0,"18":0,"19":0,"20":0.005073,"21":0,"22":0,"23":0,"24":0,"25":0.005073,"26":0,"27":0,"28":0.010146,"29":0.005073,"30":0.071022,"31":0.177555,"32":0,"33":0},"safari":{"3.1":0,"3.2":0,"4":0.005073,"5":0.020292,"5.1":0.065949,"6":0.020292,"6.1":0.040584,"7":0.045657,"7.1":0.116679,"8":0.55803,"9":0.005073},"android":{"2.1":0,"2.2":0,"2.3":0.199946832526,"3":0,"4":0.637330528677,"4.1":2.23690518889,"4.2-4.3":4.86433153505,"4.4":0.0312416925822,"4.4.3-4.4.4":4.28636022228,"44":null},"ios_saf":{"3.2":0,"4.0-4.1":0,"4.2-4.3":0,"5.0-5.1":0.0461687865982,"6.0-6.1":0.0769479776637,"7.0-7.1":1.2681026719,"8":0.17390242952,"8.1-8.4":13.6305647634,"9":0.100032370963},"op_mob":{"10":0,"11":0,"11.1":0,"11.5":0,"12":0.00277210319718,"12.1":0.00554420639436,"0":0.0859351991125},"ie":{"5.5":0,"6":0.0255453733333,"7":0.045981672,"8":1.62979481867,"9":0.970724186667,"10":0.638634333333,"11":2.43191954133},"bb":{"7":0.004927,"10":null},"ie_mob":{"10":0.174783237288,"11":0.721930762712},"and_uc":{"0":1.443611},"op_mini":{"5.0-8.0":0.965053491296},"and_chr":{"0":25.732744},"and_ff":{"0":0.113321},"edge":{"12":0.121752,"13":null}},"total":99.3192339253}