{"id":"TJ","name":"Tajikistan","month":"2015-08","access_date":"2015-09-03","data":{"chrome":{"4":0.004644,"5":0.025542,"6":0.009288,"7":0.002322,"8":0.051084,"9":0.002322,"10":0.020898,"11":0.03483,"12":0.083592,"13":0.004644,"14":0.002322,"15":0.018576,"16":0.032508,"17":0.10449,"18":0.006966,"19":0,"20":0.006966,"21":0.002322,"22":0,"23":0.006966,"24":0.016254,"25":0.004644,"26":0.004644,"27":0.025542,"28":0.044118,"29":0.006966,"30":0.006966,"31":0.22059,"32":0.013932,"33":0.030186,"34":0.009288,"35":0.020898,"36":0.030186,"37":0.013932,"38":0.03483,"39":0.067338,"40":0.053406,"41":0.099846,"42":0.065016,"43":0.575856,"44":8.029476,"45":0.05805,"46":0.218268,"47":0,"48":0},"firefox":{"2":0.002322,"3":0.009288,"3.5":0.006966,"3.6":0.027864,"4":0.004644,"5":0.01161,"6":0.004644,"7":0.004644,"8":0.002322,"9":0.027864,"10":0.002322,"11":0.002322,"12":0.004644,"13":0.02322,"14":0.006966,"15":0.004644,"16":0.009288,"17":0.004644,"18":0.004644,"19":0.002322,"20":0.006966,"21":0.01161,"22":0.016254,"23":0.006966,"24":0.016254,"25":0.009288,"26":0.013932,"27":0.004644,"28":0.002322,"29":0.006966,"30":0.027864,"31":0.016254,"32":0.01161,"33":0.039474,"34":0.013932,"35":0.025542,"36":0.037152,"37":0.02322,"38":0.078948,"39":0.784836,"40":0.633906,"41":0.002322,"42":0.002322,"43":0},"opera":{"9":0,"9.5-9.6":0.002322,"10.0-10.1":0.004644,"10.5":0.01161,"10.6":0.002322,"11":0.02322,"11.1":0.013932,"11.5":0.025542,"11.6":0.099846,"12":0.027864,"12.1":0.701244,"15":0.006966,"16":0.051084,"17":0.002322,"18":0.02322,"19":0.090558,"20":0.02322,"21":0.065016,"22":0.053406,"23":0.01161,"24":0.009288,"25":0.039474,"26":0.05805,"27":0.044118,"28":0.09288,"29":0.125388,"30":0.554958,"31":0.868428,"32":0.01161,"33":0},"safari":{"3.1":0,"3.2":0,"4":0.002322,"5":0.002322,"5.1":0.009288,"6":0.002322,"6.1":0.032508,"7":0.01161,"7.1":0.074304,"8":0.16254,"9":0},"android":{"2.1":0,"2.2":0,"2.3":0.092304542442,"3":0,"4":0.294220729034,"4.1":1.03265706857,"4.2-4.3":2.2455964466,"4.4":0.0144225847566,"4.4.3-4.4.4":1.9787786286,"44":null},"ios_saf":{"3.2":0,"4.0-4.1":0,"4.2-4.3":0,"5.0-5.1":0.0121765348627,"6.0-6.1":0.0202942247711,"7.0-7.1":0.334448824228,"8":0.0458649479827,"8.1-8.4":3.59491897595,"9":0.0263824922024},"op_mob":{"10":0,"11":0,"11.1":0,"11.5":0,"12":0.138659141427,"12.1":0.277318282854,"0":4.29843338423},"ie":{"5.5":0,"6":0.0214178507463,"7":0.0142785671642,"8":0.51402841791,"9":0.247495164179,"10":0.226077313433,"11":1.36122340299},"bb":{"7":0.0057585,"10":null},"ie_mob":{"10":0.0957797966102,"11":0.39561220339},"and_uc":{"0":4.675902},"op_mini":{"5.0-8.0":48.2714671915},"and_chr":{"0":9.203112},"and_ff":{"0":0.03839},"edge":{"12":0.097524,"13":null}},"total":94.9461832164}