{"id":"TN","name":"Tunisia","month":"2015-08","access_date":"2015-09-03","data":{"chrome":{"4":0.043086,"5":0.028724,"6":0.035905,"7":0.035905,"8":0.064629,"9":0.035905,"10":0.086172,"11":0.150801,"12":0.064629,"13":0.057448,"14":0.035905,"15":0.057448,"16":0.035905,"17":0.007181,"18":0.035905,"19":0.007181,"20":0.014362,"21":0.043086,"22":0.021543,"23":0.050267,"24":0.028724,"25":0.028724,"26":0.057448,"27":0.035905,"28":0.035905,"29":0.050267,"30":0.14362,"31":0.136439,"32":0.07181,"33":0.14362,"34":0.093353,"35":0.122077,"36":0.251335,"37":0.129258,"38":0.236973,"39":0.28724,"40":0.488308,"41":0.236973,"42":0.667833,"43":2.520531,"44":41.836506,"45":0.330326,"46":0.150801,"47":0.007181,"48":0},"firefox":{"2":0.007181,"3":0.078991,"3.5":0.035905,"3.6":0.114896,"4":0.021543,"5":0.014362,"6":0.014362,"7":0.007181,"8":0.014362,"9":0.014362,"10":0.014362,"11":0.021543,"12":0.064629,"13":0.028724,"14":0.021543,"15":0.086172,"16":0.035905,"17":0.028724,"18":0.021543,"19":0.014362,"20":0.021543,"21":0.078991,"22":0.007181,"23":0.007181,"24":0.014362,"25":0.014362,"26":0.028724,"27":0.014362,"28":0.021543,"29":0.035905,"30":0.035905,"31":0.057448,"32":0.043086,"33":0.064629,"34":0.07181,"35":0.416498,"36":0.07181,"37":0.172344,"38":0.438041,"39":4.832813,"40":3.245812,"41":0.086172,"42":0.014362,"43":0.007181},"opera":{"9":0,"9.5-9.6":0,"10.0-10.1":0,"10.5":0,"10.6":0,"11":0,"11.1":0,"11.5":0,"11.6":0.007181,"12":0.007181,"12.1":0.050267,"15":0,"16":0,"17":0,"18":0,"19":0,"20":0.014362,"21":0,"22":0,"23":0,"24":0.007181,"25":0.007181,"26":0.014362,"27":0.014362,"28":0.035905,"29":0.043086,"30":0.351869,"31":1.134598,"32":0.014362,"33":0},"safari":{"3.1":0,"3.2":0,"4":0.014362,"5":0.028724,"5.1":0.057448,"6":0.021543,"6.1":0.028724,"7":0.035905,"7.1":0.100534,"8":0.244154,"9":0},"android":{"2.1":0,"2.2":0,"2.3":0.13103114963,"3":0,"4":0.417661789447,"4.1":1.46591098649,"4.2-4.3":3.1877421871,"4.4":0.0204736171297,"4.4.3-4.4.4":2.8089802702,"44":null},"ios_saf":{"3.2":0,"4.0-4.1":0,"4.2-4.3":0,"5.0-5.1":0.0148205161485,"6.0-6.1":0.0247008602475,"7.0-7.1":0.407070176879,"8":0.0558239441594,"8.1-8.4":4.37551038424,"9":0.0321111183218},"op_mob":{"10":0,"11":0,"11.1":0,"11.5":0,"12":0.0123049398111,"12.1":0.0246098796223,"0":0.381453134145},"ie":{"5.5":0,"6":0.0299251854545,"7":0.0748129636364,"8":1.22693260364,"9":0.546134634545,"10":0.4114713,"11":1.81047372},"bb":{"7":0.045104,"10":null},"ie_mob":{"10":0.236270423729,"11":0.975899576271},"and_uc":{"0":0.772406},"op_mini":{"5.0-8.0":4.28372404642},"and_chr":{"0":11.986677},"and_ff":{"0":0.270624},"edge":{"12":0.186706,"13":null}},"total":97.9165184073}