{"id":"TW","name":"Taiwan","month":"2015-08","access_date":"2015-09-03","data":{"chrome":{"4":0,"5":0,"6":0,"7":0,"8":0,"9":0,"10":0,"11":0.225918,"12":0,"13":0,"14":0,"15":0,"16":0,"17":0.005379,"18":0.010758,"19":0,"20":0.005379,"21":0.005379,"22":0.010758,"23":0.010758,"24":0.010758,"25":0.005379,"26":0.010758,"27":0.026895,"28":0.016137,"29":0.026895,"30":0.032274,"31":0.285087,"32":0.021516,"33":0.338877,"34":0.037653,"35":0.048411,"36":0.059169,"37":0.037653,"38":0.075306,"39":0.150612,"40":0.091443,"41":0.091443,"42":0.247434,"43":1.565289,"44":21.736539,"45":0.064548,"46":0.096822,"47":0.016137,"48":0},"firefox":{"2":0,"3":0.010758,"3.5":0,"3.6":0.010758,"4":0.005379,"5":0.005379,"6":0.010758,"7":0,"8":0,"9":0,"10":0,"11":0.005379,"12":0.010758,"13":0,"14":0.005379,"15":0.005379,"16":0.005379,"17":0.005379,"18":0.005379,"19":0.005379,"20":0.005379,"21":0.010758,"22":0.005379,"23":0.005379,"24":0.005379,"25":0.005379,"26":0.010758,"27":0.005379,"28":0.010758,"29":0.005379,"30":0.016137,"31":0.016137,"32":0.016137,"33":0.021516,"34":0.026895,"35":0.032274,"36":0.064548,"37":0.043032,"38":0.150612,"39":2.04402,"40":1.522257,"41":0.021516,"42":0,"43":0},"opera":{"9":0,"9.5-9.6":0,"10.0-10.1":0.005379,"10.5":0,"10.6":0,"11":0.016137,"11.1":0,"11.5":0,"11.6":0.005379,"12":0.010758,"12.1":0.026895,"15":0,"16":0,"17":0,"18":0,"19":0,"20":0,"21":0,"22":0,"23":0,"24":0,"25":0.005379,"26":0,"27":0,"28":0.016137,"29":0.005379,"30":0.048411,"31":0.123717,"32":0,"33":0},"safari":{"3.1":0,"3.2":0,"4":0.021516,"5":0.037653,"5.1":0.05379,"6":0.016137,"6.1":0.043032,"7":0.048411,"7.1":0.177507,"8":0.715407,"9":0.010758},"android":{"2.1":0,"2.2":0,"2.3":0.19346627377,"3":0,"4":0.616673747642,"4.1":2.1644039378,"4.2-4.3":4.70667169156,"4.4":0.0302291052766,"4.4.3-4.4.4":4.14743324395,"44":null},"ios_saf":{"3.2":0,"4.0-4.1":0,"4.2-4.3":0,"5.0-5.1":0.0322242227588,"6.0-6.1":0.0537070379314,"7.0-7.1":0.885091985109,"8":0.121377905725,"8.1-8.4":9.51366469916,"9":0.0698191493108},"op_mob":{"10":0,"11":0,"11.1":0,"11.5":0,"12":0.000350689156901,"12.1":0.000701378313801,"0":0.0108713638639},"ie":{"5.5":0,"6":0.0820217928994,"7":0.0656174343195,"8":3.3683616284,"9":1.20845441538,"10":0.95692091716,"11":8.13656185562},"bb":{"7":0.0023105,"10":null},"ie_mob":{"10":0.0351274322034,"11":0.145091567797},"and_uc":{"0":0.249534},"op_mini":{"5.0-8.0":0.122085568665},"and_chr":{"0":31.144012},"and_ff":{"0":0.120146},"edge":{"12":0.306603,"13":null}},"total":99.3811315438}