{"id":"VE","name":"Venezuela","month":"2015-08","access_date":"2015-09-03","data":{"chrome":{"4":0.007821,"5":0.007821,"6":0.258093,"7":0.007821,"8":0.023463,"9":0.007821,"10":0.007821,"11":0.086031,"12":0.054747,"13":0.039105,"14":0.007821,"15":0.007821,"16":0.007821,"17":0.007821,"18":0.031284,"19":0,"20":0.101673,"21":0.031284,"22":0.023463,"23":0.015642,"24":0.046926,"25":0.023463,"26":0.031284,"27":0.046926,"28":0.023463,"29":0.031284,"30":0.046926,"31":0.125136,"32":0.054747,"33":0.086031,"34":0.125136,"35":0.140778,"36":0.148599,"37":0.187704,"38":0.195525,"39":0.359766,"40":0.195525,"41":0.132957,"42":0.273735,"43":2.142954,"44":43.062426,"45":0.211167,"46":0.15642,"47":0,"48":0},"firefox":{"2":0.062568,"3":0.054747,"3.5":0.023463,"3.6":0.711711,"4":0.023463,"5":0.015642,"6":0.023463,"7":0.007821,"8":1.767546,"9":0.015642,"10":0.023463,"11":0.031284,"12":0.062568,"13":0.023463,"14":0.054747,"15":0.015642,"16":0.031284,"17":0.023463,"18":0.023463,"19":0.015642,"20":0.039105,"21":0.023463,"22":0.015642,"23":0.140778,"24":0.023463,"25":0.039105,"26":0.109494,"27":0.164241,"28":0.039105,"29":0.070389,"30":0.086031,"31":0.086031,"32":0.070389,"33":0.093852,"34":0.086031,"35":0.140778,"36":0.140778,"37":0.336303,"38":0.602217,"39":6.671313,"40":4.935051,"41":0.054747,"42":0.007821,"43":0},"opera":{"9":0,"9.5-9.6":0,"10.0-10.1":0,"10.5":0,"10.6":0,"11":0,"11.1":0,"11.5":0,"11.6":0,"12":0.007821,"12.1":0.039105,"15":0,"16":0,"17":0,"18":0,"19":0,"20":0,"21":0,"22":0,"23":0,"24":0,"25":0,"26":0,"27":0.007821,"28":0.015642,"29":0.023463,"30":0.211167,"31":0.680427,"32":0.007821,"33":0},"safari":{"3.1":0,"3.2":0,"4":0.023463,"5":0.039105,"5.1":0.062568,"6":0.007821,"6.1":0.031284,"7":0.015642,"7.1":0.101673,"8":0.305019,"9":0.007821},"android":{"2.1":0,"2.2":0,"2.3":0.140271604384,"3":0,"4":0.447115738975,"4.1":1.56928857405,"4.2-4.3":3.41254512541,"4.4":0.0219174381851,"4.4.3-4.4.4":3.00707251899,"44":null},"ios_saf":{"3.2":0,"4.0-4.1":0,"4.2-4.3":0,"5.0-5.1":0.00755415333535,"6.0-6.1":0.0125902555589,"7.0-7.1":0.207487411611,"8":0.0284539775631,"8.1-8.4":2.23023786971,"9":0.0163673322266},"op_mob":{"10":0,"11":0,"11.1":0,"11.5":0,"12":0.00601016247582,"12.1":0.0120203249516,"0":0.18631503675},"ie":{"5.5":0,"6":0.0485189618105,"7":0.0404324681754,"8":1.27766599434,"9":0.574141048091,"10":0.55796806082,"11":3.16181901132},"bb":{"7":0.32739475,"10":null},"ie_mob":{"10":0.109577847458,"11":0.452604152542},"and_uc":{"0":0.289807},"op_mini":{"5.0-8.0":2.09232047582},"and_chr":{"0":10.061633},"and_ff":{"0":0.213542},"edge":{"12":0.297198,"13":null}},"total":97.9687972946}