{"id":"VI","name":"Virgin Islands (US)","month":"2015-08","access_date":"2015-09-03","data":{"chrome":{"4":0,"5":0,"6":0,"7":0,"8":0,"9":0,"10":0,"11":0.03534,"12":0.007068,"13":0,"14":0,"15":0,"16":0.007068,"17":0,"18":0,"19":0,"20":0.007068,"21":0.007068,"22":0.042408,"23":0.014136,"24":0.007068,"25":0,"26":0,"27":0.007068,"28":0.014136,"29":0.028272,"30":0.007068,"31":0.028272,"32":0.127224,"33":0.07068,"34":0.042408,"35":0.134292,"36":0.03534,"37":0.07068,"38":0.042408,"39":0.091884,"40":0.190836,"41":0.03534,"42":0.409944,"43":1.081404,"44":21.868392,"45":0.03534,"46":0.063612,"47":0.007068,"48":0},"firefox":{"2":0,"3":0.077748,"3.5":0.007068,"3.6":0.014136,"4":0,"5":0,"6":0.007068,"7":0,"8":0,"9":0,"10":0.007068,"11":0.007068,"12":0.014136,"13":0,"14":0,"15":0,"16":0.007068,"17":0.021204,"18":0,"19":0,"20":0.007068,"21":0.028272,"22":0.007068,"23":0.007068,"24":0.014136,"25":0,"26":0.007068,"27":0.007068,"28":0.007068,"29":0.014136,"30":0.007068,"31":0.014136,"32":0.007068,"33":0.007068,"34":0.07068,"35":0.056544,"36":0.028272,"37":0.07068,"38":0.332196,"39":4.693152,"40":3.07458,"41":0.03534,"42":0.007068,"43":0},"opera":{"9":0,"9.5-9.6":0,"10.0-10.1":0.007068,"10.5":0,"10.6":0,"11":0.021204,"11.1":0,"11.5":0.007068,"11.6":0,"12":0.014136,"12.1":0.014136,"15":0,"16":0,"17":0,"18":0,"19":0,"20":0,"21":0,"22":0,"23":0,"24":0,"25":0,"26":0,"27":0.007068,"28":0.007068,"29":0.007068,"30":0.091884,"31":0.219108,"32":0,"33":0},"safari":{"3.1":0,"3.2":0,"4":0.028272,"5":0.077748,"5.1":0.480624,"6":0.028272,"6.1":0.409944,"7":0.1767,"7.1":0.572508,"8":2.396052,"9":0.042408},"android":{"2.1":0,"2.2":0,"2.3":0.067411071119,"3":0,"4":0.214872789192,"4.1":0.754161358144,"4.2-4.3":1.63998496457,"4.4":0.0105329798624,"4.4.3-4.4.4":1.44512483711,"44":null},"ios_saf":{"3.2":0,"4.0-4.1":0,"4.2-4.3":0,"5.0-5.1":0.0641491820103,"6.0-6.1":0.10691530335,"7.0-7.1":1.76196419922,"8":0.241628585572,"8.1-8.4":18.9389768355,"9":0.138989894356},"op_mob":{"10":0,"11":0,"11.1":0,"11.5":0,"12":0.000122764364547,"12.1":0.000245528729093,"0":0.00380569530094},"ie":{"5.5":0,"6":0,"7":0.149329955184,"8":1.03819873604,"9":0.988422084314,"10":1.02397683555,"11":15.5160934387},"bb":{"7":0.010995,"10":null},"ie_mob":{"10":0.371469491525,"11":1.53433050847},"and_uc":{"0":0.0733},"op_mini":{"5.0-8.0":0.0427380116054},"and_chr":{"0":11.960172},"and_ff":{"0":0.099688},"edge":{"12":1.37826,"13":null}},"total":97.3684560498}