{"id":"VN","name":"Viet Nam","month":"2015-08","access_date":"2015-09-03","data":{"chrome":{"4":0,"5":0.006492,"6":0,"7":0.006492,"8":0,"9":0.006492,"10":0.03246,"11":0.038952,"12":0.03246,"13":0.012984,"14":0.012984,"15":0.012984,"16":0.006492,"17":0.019476,"18":0.012984,"19":0.006492,"20":0.006492,"21":0.03246,"22":0.051936,"23":0.03246,"24":0.019476,"25":0.058428,"26":0.03246,"27":0.03246,"28":0.045444,"29":0.09738,"30":0.051936,"31":0.149316,"32":0.09738,"33":0.06492,"34":0.084396,"35":0.214236,"36":0.090888,"37":0.116856,"38":0.155808,"39":0.207744,"40":0.116856,"41":0.207744,"42":0.201252,"43":2.609784,"44":22.936236,"45":0.123348,"46":0.09738,"47":0.006492,"48":0},"firefox":{"2":0,"3":0.038952,"3.5":0.019476,"3.6":0.06492,"4":0.03246,"5":0.03246,"6":0.019476,"7":0.012984,"8":0.006492,"9":0.019476,"10":0.019476,"11":0.025968,"12":0.077904,"13":0.019476,"14":0.025968,"15":0.025968,"16":0.019476,"17":0.03246,"18":0.019476,"19":0.019476,"20":0.025968,"21":0.019476,"22":0.019476,"23":0.019476,"24":0.025968,"25":0.03246,"26":0.038952,"27":0.025968,"28":0.051936,"29":0.045444,"30":0.051936,"31":0.058428,"32":0.058428,"33":0.103872,"34":0.084396,"35":0.123348,"36":0.123348,"37":0.168792,"38":0.707628,"39":3.8952,"40":2.525388,"41":0.09738,"42":0.006492,"43":0},"opera":{"9":0,"9.5-9.6":0.006492,"10.0-10.1":0,"10.5":0,"10.6":0,"11":0,"11.1":0,"11.5":0,"11.6":0.006492,"12":0.006492,"12.1":0.045444,"15":0,"16":0,"17":0,"18":0,"19":0,"20":0,"21":0,"22":0,"23":0,"24":0,"25":0.006492,"26":0,"27":0,"28":0.006492,"29":0.012984,"30":0.084396,"31":0.233712,"32":0.006492,"33":0},"safari":{"3.1":0,"3.2":0,"4":0.045444,"5":0.03246,"5.1":0.025968,"6":0.012984,"6.1":0.012984,"7":0.045444,"7.1":0.142824,"8":0.55182,"9":0.012984},"android":{"2.1":0,"2.2":0,"2.3":0.107791987764,"3":0,"4":0.343586960999,"4.1":1.20592286311,"4.2-4.3":2.62237695233,"4.4":0.0168424980882,"4.4.3-4.4.4":2.3107907377,"44":null},"ios_saf":{"3.2":0,"4.0-4.1":0,"4.2-4.3":0,"5.0-5.1":0.0362879565349,"6.0-6.1":0.0604799275581,"7.0-7.1":0.996709206158,"8":0.136684636281,"8.1-8.4":10.7134143676,"9":0.0786239058255},"op_mob":{"10":0,"11":0,"11.1":0,"11.5":0,"12":0.00856504403231,"12.1":0.0171300880646,"0":0.265516365002},"ie":{"5.5":0,"6":0.0418204317992,"7":0.0487905037657,"8":4.41902562678,"9":1.02460057908,"10":0.759737844351,"11":1.99344058243},"bb":{"7":0.038588,"10":null},"ie_mob":{"10":0.899831728814,"11":3.71669627119},"and_uc":{"0":2.820432},"op_mini":{"5.0-8.0":2.9817525029},"and_chr":{"0":10.145184},"and_ff":{"0":0.045604},"edge":{"12":0.240204,"13":null}},"total":86.3862475682}