{"id":"VU","name":"Vanuatu","month":"2015-08","access_date":"2015-09-03","data":{"chrome":{"4":0.007099,"5":0,"6":0,"7":0,"8":0,"9":0,"10":0.007099,"11":0.007099,"12":0.028396,"13":0,"14":0.028396,"15":0.007099,"16":0,"17":0,"18":0.007099,"19":0,"20":0.007099,"21":0.007099,"22":0,"23":0.014198,"24":0.049693,"25":0.049693,"26":0.007099,"27":0.028396,"28":0,"29":0.021297,"30":0.007099,"31":0.120683,"32":0.021297,"33":0.056792,"34":0.007099,"35":0.049693,"36":0.35495,"37":0.035495,"38":0.035495,"39":0.134881,"40":0.227168,"41":0.14198,"42":0.433039,"43":1.504988,"44":24.356669,"45":0.170376,"46":0.369148,"47":0.007099,"48":0},"firefox":{"2":0,"3":0,"3.5":0.007099,"3.6":0.078089,"4":0.042594,"5":0.007099,"6":0.035495,"7":0.049693,"8":0.007099,"9":0,"10":0.021297,"11":0,"12":0.035495,"13":0,"14":0.042594,"15":0.021297,"16":0.07099,"17":0.028396,"18":0.049693,"19":0.198772,"20":0.042594,"21":0.035495,"22":0.028396,"23":0.035495,"24":0,"25":0.042594,"26":0.021297,"27":0.191673,"28":0.007099,"29":0.035495,"30":0.085188,"31":0.035495,"32":0.255564,"33":0.078089,"34":0.227168,"35":0.248465,"36":0.092287,"37":0.28396,"38":0.816385,"39":6.708555,"40":5.856675,"41":0.333653,"42":0.007099,"43":0},"opera":{"9":0,"9.5-9.6":0,"10.0-10.1":0,"10.5":0,"10.6":0,"11":0,"11.1":0,"11.5":0,"11.6":0,"12":0,"12.1":0,"15":0,"16":0,"17":0,"18":0,"19":0,"20":0,"21":0,"22":0,"23":0,"24":0,"25":0,"26":0,"27":0,"28":0,"29":0,"30":0.184574,"31":0.589217,"32":0,"33":0},"safari":{"3.1":0,"3.2":0,"4":0.035495,"5":0.134881,"5.1":0.347851,"6":0.021297,"6.1":0.177475,"7":0.042594,"7.1":0.35495,"8":1.228127,"9":0},"android":{"2.1":0,"2.2":0,"2.3":0.226092047923,"3":0,"4":0.720668402753,"4.1":2.52940478613,"4.2-4.3":5.50039560336,"4.4":0.0353268824879,"4.4.3-4.4.4":4.84684827734,"44":null},"ios_saf":{"3.2":0,"4.0-4.1":0,"4.2-4.3":0,"5.0-5.1":0.0266225837609,"6.0-6.1":0.0443709729349,"7.0-7.1":0.731233633967,"8":0.100278398833,"8.1-8.4":7.85987414569,"9":0.0576822648154},"op_mob":{"10":0,"11":0,"11.1":0,"11.5":0,"12":0.00100209762203,"12.1":0.00200419524406,"0":0.0310650262829},"ie":{"5.5":0.0142640372093,"6":0.128376334884,"7":0.10698027907,"8":1.97556915349,"9":2.13247356279,"10":2.01122924651,"11":7.43156338605},"bb":{"7":0.002901,"10":null},"ie_mob":{"10":0.266326550847,"11":1.10004444915},"and_uc":{"0":2.410731},"op_mini":{"5.0-8.0":0.348860680851},"and_chr":{"0":7.231255},"and_ff":{"0":2.944515},"edge":{"12":0.149079,"13":null}},"total":98.558734}