{"id":"WF","name":"Wallis and Futuna","month":"2015-08","access_date":"2015-09-03","data":{"chrome":{"4":0,"5":0,"6":0,"7":0,"8":0,"9":0,"10":0,"11":0.054234,"12":0,"13":0,"14":0,"15":0,"16":0,"17":0,"18":0,"19":0,"20":0,"21":0,"22":0,"23":0.036156,"24":0,"25":0.225975,"26":0,"27":0,"28":0.036156,"29":0,"30":0,"31":0,"32":0,"33":0,"34":0.072312,"35":0.018078,"36":0.72312,"37":0,"38":0.244053,"39":0,"40":0.189819,"41":0.054234,"42":0,"43":0.442911,"44":33.417183,"45":0.244053,"46":0.099429,"47":0,"48":0},"firefox":{"2":0,"3":0.153663,"3.5":0.072312,"3.6":0.343482,"4":0.018078,"5":0.018078,"6":0,"7":0,"8":0,"9":0,"10":0,"11":0,"12":0.018078,"13":0,"14":0.117507,"15":0,"16":0,"17":0.189819,"18":0,"19":0,"20":0,"21":0.189819,"22":0,"23":1.238343,"24":0,"25":0,"26":0,"27":0,"28":0,"29":0,"30":0,"31":0.99429,"32":0,"33":0,"34":0.054234,"35":0.018078,"36":0.036156,"37":0.054234,"38":1.735488,"39":11.280672,"40":13.730241,"41":0.099429,"42":0,"43":0},"opera":{"9":0,"9.5-9.6":0,"10.0-10.1":0,"10.5":0,"10.6":0,"11":0,"11.1":0,"11.5":0,"11.6":0,"12":0,"12.1":0,"15":0,"16":0,"17":0,"18":0,"19":0,"20":0,"21":0,"22":0,"23":0,"24":0,"25":0,"26":0,"27":0,"28":0,"29":0,"30":0,"31":0.135585,"32":0,"33":0},"safari":{"3.1":0,"3.2":0,"4":0.072312,"5":0,"5.1":0.171741,"6":0.018078,"6.1":0.072312,"7":0,"7.1":1.012368,"8":1.527591,"9":0},"android":{"2.1":0,"2.2":0,"2.3":0.0674978292123,"3":0,"4":0.215149330614,"4.1":0.755131964313,"4.2-4.3":1.64209562631,"4.4":0.0105465358144,"4.4.3-4.4.4":1.44698471374,"44":null},"ios_saf":{"3.2":0,"4.0-4.1":0,"4.2-4.3":0,"5.0-5.1":0.0177063477211,"6.0-6.1":0.0295105795352,"7.0-7.1":0.48633435074,"8":0.0666939097495,"8.1-8.4":5.22750405886,"9":0.0383637533957},"op_mob":{"10":0,"11":0,"11.1":0,"11.5":0,"12":0,"12.1":0,"0":0},"ie":{"5.5":0,"6":0,"7":0.018078,"8":0.225975,"9":0.569457,"10":0.840627,"11":6.3273},"bb":{"7":0,"10":null},"ie_mob":{"10":0.00917836440678,"11":0.0379106355932},"and_uc":{"0":0},"op_mini":{"5.0-8.0":0},"and_chr":{"0":11.692921},"and_ff":{"0":0.188356},"edge":{"12":0,"13":null}},"total":99.143023}