{"id":"YT","name":"Mayotte","month":"2015-08","access_date":"2015-09-03","data":{"chrome":{"4":0,"5":0,"6":0,"7":0,"8":0,"9":0,"10":0.03098,"11":0.131665,"12":0,"13":0,"14":0.007745,"15":0,"16":0,"17":0,"18":0.01549,"19":0,"20":0,"21":0,"22":0.007745,"23":0.007745,"24":0.06196,"25":0.007745,"26":0.007745,"27":0,"28":0.023235,"29":0,"30":0.038725,"31":0.116175,"32":0.01549,"33":0.054215,"34":0.09294,"35":0.12392,"36":0.518915,"37":0.18588,"38":0.085195,"39":0.37176,"40":0.085195,"41":0.09294,"42":0.66607,"43":1.11528,"44":30.94902,"45":0.255585,"46":0.04647,"47":0,"48":0},"firefox":{"2":0.007745,"3":0.069705,"3.5":0.023235,"3.6":0.07745,"4":0,"5":0.054215,"6":0.007745,"7":0,"8":0,"9":0,"10":0,"11":0,"12":0.03098,"13":0.023235,"14":0,"15":0.023235,"16":0.04647,"17":0.03098,"18":0.007745,"19":0.023235,"20":0.007745,"21":0.023235,"22":0,"23":0.03098,"24":0.04647,"25":0.054215,"26":0.04647,"27":0,"28":0.023235,"29":0.069705,"30":0.100685,"31":0.147155,"32":0.054215,"33":0.038725,"34":0.054215,"35":0.054215,"36":0.06196,"37":0.147155,"38":0.565385,"39":8.17872,"40":7.69853,"41":0.069705,"42":0.007745,"43":0},"opera":{"9":0,"9.5-9.6":0,"10.0-10.1":0,"10.5":0,"10.6":0,"11":0,"11.1":0,"11.5":0.007745,"11.6":0,"12":0,"12.1":0.23235,"15":0,"16":0,"17":0,"18":0,"19":0,"20":0,"21":0,"22":0,"23":0,"24":0.023235,"25":0.007745,"26":0.01549,"27":0,"28":0.255585,"29":0.03098,"30":0.333035,"31":1.20822,"32":0.007745,"33":0},"safari":{"3.1":0,"3.2":0,"4":0,"5":0.07745,"5.1":0.410485,"6":0.085195,"6.1":0.4647,"7":0.26333,"7.1":0.472445,"8":1.913015,"9":0.01549},"android":{"2.1":0,"2.2":0,"2.3":0.107050400204,"3":0,"4":0.34122315065,"4.1":1.19762635228,"4.2-4.3":2.60433551746,"4.4":0.0167266250319,"4.4.3-4.4.4":2.29489295437,"44":null},"ios_saf":{"3.2":0,"4.0-4.1":0,"4.2-4.3":0,"5.0-5.1":0.0104649109568,"6.0-6.1":0.0174415182614,"7.0-7.1":0.287436220948,"8":0.0394178312708,"8.1-8.4":3.08959054482,"9":0.0226739737398},"op_mob":{"10":0,"11":0,"11.1":0,"11.5":0,"12":0.00661516270338,"12.1":0.0132303254068,"0":0.205070043805},"ie":{"5.5":0.007745,"6":0.023235,"7":0.038725,"8":0.60411,"9":0.580875,"10":0.88293,"11":7.086675},"bb":{"7":0.03157,"10":null},"ie_mob":{"10":0.373603813559,"11":1.54314618644},"and_uc":{"0":0.462275},"op_mini":{"5.0-8.0":2.30293946809},"and_chr":{"0":12.55803},"and_ff":{"0":0.18491},"edge":{"12":1.30116,"13":null}},"total":97.082235}