{"id":"ZM","name":"Zambia","month":"2015-08","access_date":"2015-09-03","data":{"chrome":{"4":0.002964,"5":0.002964,"6":0.002964,"7":0.00741,"8":0.001482,"9":0,"10":0.004446,"11":0.026676,"12":0.002964,"13":0.002964,"14":0.001482,"15":0.001482,"16":0.001482,"17":0.001482,"18":0.001482,"19":0.001482,"20":0.002964,"21":0.00741,"22":0.005928,"23":0.001482,"24":0.001482,"25":0.00741,"26":0.031122,"27":0.001482,"28":0.002964,"29":0.00741,"30":0.004446,"31":0.056316,"32":0.019266,"33":0.02223,"34":0.008892,"35":0.02223,"36":0.032604,"37":0.008892,"38":0.00741,"39":0.040014,"40":0.023712,"41":0.04446,"42":0.134862,"43":0.217854,"44":3.622008,"45":0.023712,"46":0.031122,"47":0,"48":0},"firefox":{"2":0.001482,"3":0.005928,"3.5":0.004446,"3.6":0.026676,"4":0.013338,"5":0.008892,"6":0.008892,"7":0.004446,"8":0.010374,"9":0.00741,"10":0.011856,"11":0.019266,"12":0.028158,"13":0.020748,"14":0.016302,"15":0.019266,"16":0.019266,"17":0.011856,"18":0.026676,"19":0.01482,"20":0.020748,"21":0.035568,"22":0.016302,"23":0.011856,"24":0.008892,"25":0.008892,"26":0.017784,"27":0.013338,"28":0.011856,"29":0.02964,"30":0.08892,"31":0.026676,"32":0.020748,"33":0.031122,"34":0.031122,"35":0.042978,"36":0.035568,"37":0.085956,"38":0.246012,"39":1.790256,"40":1.258218,"41":0.094848,"42":0.004446,"43":0.001482},"opera":{"9":0,"9.5-9.6":0.001482,"10.0-10.1":0.001482,"10.5":0,"10.6":0.002964,"11":0.00741,"11.1":0.004446,"11.5":0.004446,"11.6":0.016302,"12":0.010374,"12.1":0.120042,"15":0.004446,"16":0,"17":0.004446,"18":0.004446,"19":0.002964,"20":0.004446,"21":0.001482,"22":0.002964,"23":0.001482,"24":0.002964,"25":0.001482,"26":0.00741,"27":0.002964,"28":0.013338,"29":0.040014,"30":0.168948,"31":0.294918,"32":0.001482,"33":0},"safari":{"3.1":0,"3.2":0,"4":0.001482,"5":0.01482,"5.1":0.054834,"6":0.010374,"6.1":0.013338,"7":0.016302,"7.1":0.057798,"8":0.182286,"9":0.001482},"android":{"2.1":0,"2.2":0,"2.3":0.0660400061178,"3":0,"4":0.2105025195,"4.1":0.738822568443,"4.2-4.3":1.60662952383,"4.4":0.0103187509559,"4.4.3-4.4.4":1.41573263115,"44":null},"ios_saf":{"3.2":0,"4.0-4.1":0,"4.2-4.3":0,"5.0-5.1":0.00489476607305,"6.0-6.1":0.00815794345508,"7.0-7.1":0.13444290814,"8":0.0184369522085,"8.1-8.4":1.44509810363,"9":0.0106053264916},"op_mob":{"10":0,"11":0,"11.1":0,"11.5":0,"12":0.167448625327,"12.1":0.334897250654,"0":5.19090738514},"ie":{"5.5":0.00149939631079,"6":0.020991548351,"7":0.00749698155394,"8":0.415332778088,"9":0.280387110117,"10":0.451318289547,"11":1.49639751817},"bb":{"7":0.293871,"10":null},"ie_mob":{"10":0.30881359322,"11":1.27553440678},"and_uc":{"0":7.299926},"op_mini":{"5.0-8.0":58.2939627389},"and_chr":{"0":4.569458},"and_ff":{"0":0.110734},"edge":{"12":0.128934,"13":null}},"total":96.0661886221}